peth_time,r_squared,r_squared_adj,n_trials,Intercept_beta,Intercept_se,Intercept_tstat,Intercept_pvalue,C(Q_diff_bin)[T.1]_beta,C(Q_diff_bin)[T.1]_se,C(Q_diff_bin)[T.1]_tstat,C(Q_diff_bin)[T.1]_pvalue,C(Q_diff_bin)[T.2]_beta,C(Q_diff_bin)[T.2]_se,C(Q_diff_bin)[T.2]_tstat,C(Q_diff_bin)[T.2]_pvalue,C(Q_diff_bin)[T.3]_beta,C(Q_diff_bin)[T.3]_se,C(Q_diff_bin)[T.3]_tstat,C(Q_diff_bin)[T.3]_pvalue,C(Q_diff_bin)[T.4]_beta,C(Q_diff_bin)[T.4]_se,C(Q_diff_bin)[T.4]_tstat,C(Q_diff_bin)[T.4]_pvalue,Reward_beta,Reward_se,Reward_tstat,Reward_pvalue,Q_chosen_beta,Q_chosen_se,Q_chosen_tstat,Q_chosen_pvalue,RPE_abs_beta,RPE_abs_se,RPE_abs_tstat,RPE_abs_pvalue,Port_beta,Port_se,Port_tstat,Port_pvalue
-2.16,0.03854780531080748,0.03783732890608604,10835,0.34395209741633176,0.0447366034982466,7.688382007583848,1.6191863023179e-14,0.15862280267566478,0.05440901979429587,2.915376959102918,0.003559876162471678,-0.006149933450293355,0.07314395425818906,-0.08407986022446715,0.9329944917647084,0.08018314730184287,0.06790270861955401,1.1808534435804885,0.23768689089828332,0.04136868418392549,0.06913076950890315,0.5984120309639795,0.5495775592816813,-7.871832851272408e-05,0.019649289027302785,-0.004006166757654415,0.9968036237603735,0.32908410867496796,0.026491289531293948,12.42235144069614,3.4321683733305795e-35,-0.019163734440808183,0.018438694673055603,-1.0393216429149987,0.29867838350671244,-0.007435768997621004,0.02520558230926192,-0.2950048487825926,0.7679958325728655
-2.106,0.035684117503731794,0.03497152494323208,10835,0.31673709507778525,0.04135699057038719,7.658610810637131,2.03984550352e-14,0.10072268145900838,0.0502987071574376,2.0024904644912858,0.045256900985813586,-0.03836493547112353,0.06761831676951781,-0.5673748963892926,0.5704712662665944,0.027919824959274756,0.06277301941781768,0.44477428707770444,0.6564917697085579,0.0035622502499398838,0.06390830682564838,0.05574001920686533,0.9555499469268397,0.005364245712810588,0.018164889541711055,0.29530846859778365,0.7677639109951869,0.2891523091918827,0.024490013225658972,11.806947857787538,5.643554194440702e-32,-0.016459680438461584,0.017045749164969513,-0.9656178956503507,0.334256986489989,-0.0014225975047185465,0.023301434359587002,-0.06105192851071169,0.9513189801511492
-2.052,0.03163663752405843,0.0309210540306345,10835,0.24999483286128057,0.037984896455651236,6.581427256308537,4.874920485459668e-11,0.08955353515957956,0.04619753896204502,1.93849146884545,0.05258925072750524,0.005027219496219219,0.062104972474343004,0.08094713347302551,0.9354854921440701,0.005991994113382374,0.05765474252136972,0.10392890248640765,0.9172276955792359,-0.010146622783070037,0.058697462846013744,-0.1728630555921739,0.8627623033174658,-0.008772868811882249,0.016683792482335272,-0.5258318107930751,0.5990158406298247,0.2686839884593876,0.022493189270891292,11.945126376858209,1.1043748218939474e-32,-0.013546221694509477,0.015655902620341666,-0.8652469310143072,0.38692244411989773,0.002221058857681112,0.02140152267391587,0.10378041280156826,0.9173455332088838
-1.998,0.027469129609128284,0.026750466486725966,10835,0.19915035267335113,0.03446677527570645,5.778038446599911,7.766100116133215e-09,0.06636480113575269,0.04191877146629963,1.5831761956360364,0.11341052069772252,0.009947482030834474,0.0563528752086055,0.17652128651841034,0.859887728924726,-0.012560435888803118,0.05231482087578849,-0.2400932599697792,0.8102625049742893,-0.036313663204019485,0.05326096554007308,-0.681806325435415,0.4953760094362937,-0.014288585486598808,0.015138557160647964,-0.9438538517885561,0.3452654000595685,0.23406302073521237,0.020409893725494163,11.468115605268554,2.852308109858374e-30,-0.016147551419301222,0.01420586937715291,-1.1366816764675514,0.25569654136630376,0.007630018637799193,0.019419336141169113,0.3929083148019415,0.6943949362481074
-1.944,0.02580034774794293,0.025080451459561615,10835,0.15721827816811115,0.03137614055541001,5.010758983899404,5.507235427304151e-07,0.03554603967187995,0.03815991646783874,0.9315020304574887,0.3516147066008948,0.009392588049897146,0.05129971455417642,0.1830924037594372,0.8547289445584936,-0.034998405854382006,0.04762375243403718,-0.7348939146040137,0.46242002300839236,-0.056432975492687755,0.04848505633423896,-1.1639251299134032,0.24448000481762133,-0.004328309573455704,0.013781083187477379,-0.31407615167643427,0.7534692536468708,0.20984877823845194,0.018579739158349793,11.294495388227517,2.0402063334572798e-29,-0.008174354233416434,0.012932029489962454,-0.6321014222679573,0.5273339539926352,0.012146572286370592,0.017678004843334937,0.687100857478844,0.49203389188151014
-1.89,0.023750842902900415,0.02302943210881425,10835,0.10699492533289888,0.02862109735488837,3.738323657063574,0.00018620539721207128,0.03603824155004179,0.03480921059591896,1.0353076364870775,0.3005483895609954,0.009372569681397233,0.0467952430905306,0.20028894097771766,0.8412583732735034,-0.03833956009222866,0.04344205599195845,-0.8825447879199291,0.3775018661996695,-0.07256270821354277,0.04422773142378176,-1.6406608676863985,0.10089688268577968,0.0025168398501285907,0.012571008307030168,0.2002098629368562,0.8413202144266918,0.18202706608687444,0.016948308933677016,10.740131466755297,8.995220977173348e-27,-0.011796834930804946,0.011796507424960637,-1.0000277629498724,0.31731942340059566,0.01861650802501101,0.01612575315844692,1.1544582037248534,0.24833784730238215
-1.836,0.021967660825823132,0.0212449323283731,10835,0.06764510801343232,0.026587072782527893,2.5442856596791787,0.010963919008447093,0.02525765877266996,0.03233541342390112,0.7811144531091861,0.434752262182586,-0.046420178466939695,0.0434696307586378,-1.067876070185289,0.28560022946935876,-0.06318519934050489,0.04035474566748512,-1.565743961345663,0.11743779765616368,-0.08184435239570707,0.041084585255056434,-1.992093917648449,0.046385828260199165,0.011784497092062276,0.01167762048619318,1.0091522588865993,0.31292417252928484,0.14549483660208357,0.015743838105616057,9.24138292238812,2.888428063239278e-20,-0.004547443120202547,0.0109581613031162,-0.4149823126722344,0.678163074518251,0.011142130830770652,0.014979739161660085,0.743813407598471,0.4570055102624385
-1.782,0.018295248060074654,0.017569805790028536,10835,0.009175878489344619,0.024707242644408895,0.3713841573260732,0.7103586914474829,0.016005840521350054,0.03004914877265555,0.5326553721187345,0.5942830965963859,-0.04981553465952664,0.040396124974026094,-1.2331760705156012,0.2175368562437907,-0.044518476933111596,0.03750147679721979,-1.1871126348926082,0.23520924240546345,-0.06982136671208058,0.038179713319499514,-1.8287556569059082,0.06746371735746008,0.021318375411583847,0.010851958213741441,1.9644726778056665,0.04950084229173442,0.11460009845081075,0.01463067526882371,7.832864604343341,5.214770982358137e-15,0.0015781623144273547,0.010183368152908838,0.15497449279358116,0.8768443152149951,0.001403932621819471,0.013920601686557697,0.10085286925314196,0.9196691247458834
-1.728,0.01466600118121264,0.01393787703651006,10835,-0.03277189038060966,0.023425911792687597,-1.3989590104594951,0.16185392320476222,-0.01161360392758633,0.02849078380475899,-0.4076266910440856,0.683555825824485,-0.03510716116366811,0.03830116027221134,-0.9166082936954636,0.35936835434036085,-0.06551265996403113,0.03555663010198316,-1.8424878785230323,0.06543114517404387,-0.09265228358201665,0.036199692914542676,-2.559477059674034,0.010496441021387,0.01932343803564024,0.01028916984188709,1.8780366475218193,0.060403008682655024,0.10169194911433145,0.01387192060432043,7.330776466717907,2.451515603374148e-13,0.007501334294072401,0.009655253220111553,0.7769174068316909,0.4372244755371598,-0.004079405165940705,0.01319867181877675,-0.3090769451618037,0.7572689440042698
-1.674,0.00926735052552341,0.008535236984437478,10835,-0.054187862367694066,0.02239853755521659,-2.4192589464428575,0.01556853743861181,-0.04160277099116796,0.02724128292959978,-1.527195730784151,0.1267415614382795,-0.044128400559684984,0.03662141240680697,-1.2049890394583105,0.2282338726486854,-0.07447775190492063,0.033997247224537744,-2.190699482608869,0.02849479252475882,-0.11827867721822335,0.034612107669883305,-3.4172630671994595,0.0006348685372584555,0.01951230177077231,0.009837924737147213,1.9833757923655817,0.047350692529455764,0.07305121788266802,0.013263549242759567,5.507667408295402,3.719273629607036e-08,0.007671638000463383,0.009231809364333952,0.8310004786387689,0.4059916855728579,0.0007775504697175287,0.012619826670060763,0.0616134032618837,0.9508718403380125
-1.6199999999999999,0.0061492417133862665,0.005414824009128627,10835,-0.09074492782292942,0.02142053073381007,-4.236352915369087,2.2905974049286885e-05,-0.049421014804856146,0.026051823106013724,-1.8970271141388162,0.05785094738344369,-0.05282555491413295,0.0350223798335818,-1.508337102308515,0.1314974527358615,-0.08017041783566303,0.032512795857448464,-2.465811251273751,0.013685723666286181,-0.10945719806037692,0.03310080911653115,-3.3067831567208428,0.0009468123715420746,0.022380172832394376,0.009408362875008,2.3787531507574156,0.017388542500379682,0.05153092487476196,0.012684411359158812,4.0625397123812075,4.888414024986627e-05,0.01431211949469349,0.008828712844751565,1.6210878920138019,0.10502791262933876,0.008358075548419384,0.012068796204885912,0.6925359751319452,0.4886156559594328
-1.566,0.003775903977443429,0.003039732467358336,10835,-0.13280383671838067,0.020770202953916257,-6.3939595107971865,1.6830253673092938e-10,-0.04927703673637653,0.025260889188770546,-1.9507245516235472,0.05111558610007076,-0.07024976333039683,0.03395909961859527,-2.068658006819756,0.0386018746515708,-0.054255084905763556,0.031525706666668436,-1.7209791830971544,0.08528317313716353,-0.08207011486209365,0.03209586783039086,-2.557030559067273,0.010570506989699704,0.025133205724721695,0.00912272477308731,2.75501084926583,0.005878825916912665,0.02215323386745635,0.012299312353864727,1.8011766211055933,0.07170286202196842,0.016092332285341113,0.008560672930381711,1.8797975832284919,0.060162502345337314,-0.000933647022763363,0.011702387289091587,-0.07978261184653021,0.9364116286196209
-1.512,0.0015222654948614522,0.0007844286321198046,10835,-0.13952663715509378,0.020430508596965234,-6.829327644629424,8.988681999291931e-12,-0.05624715564462749,0.024847750158399518,-2.2636719737627327,0.023614004432166866,-0.06530143383648823,0.03340370232502192,-1.9549160509544021,0.050618676812397206,-0.056265944493647586,0.03101010724391262,-1.8144388876530817,0.0696378494420191,-0.09512544451971966,0.03157094348527877,-3.013069424550956,0.002592177438650267,0.009385477394619481,0.008973523625062383,1.0459076932061049,0.29562700352128085,0.0060100758525543216,0.012098158469607758,0.4967760893240455,0.6193570456192647,0.004373784000935455,0.008420664077670633,0.5194108161295223,0.6034849088428482,0.005025859982919654,0.011510996047812926,0.43661382230033524,0.6624001440283989
-1.458,0.0016654863137264275,0.0009277552856929994,10835,-0.15599278295514593,0.019790759064936596,-7.882102068107092,3.5281157122318806e-15,-0.06548476982740983,0.024069681591953655,-2.720632991227478,0.006526112648399732,-0.08195969326171437,0.032357717452495,-2.5329256732042675,0.011325493862091243,-0.051990668162040815,0.03003907407049481,-1.730768000372803,0.08352164522897833,-0.06699241597451477,0.030582348599128468,-2.1905582482446726,0.028505024205562196,0.007955509824590496,0.008692531719621793,0.9152120557273774,0.36010070105682523,-0.029432801798121553,0.011719323494325275,-2.511476179693605,0.012037179457752904,0.00039964536885005885,0.008156984107223871,0.04899425616094197,0.960924777163504,-0.004694385552986428,0.011150547148568895,-0.42100046665323715,0.6737630984198955
-1.404,0.0027774138822231897,0.0020405045261413512,10835,-0.17906907901792463,0.019601750761472626,-9.135361488724064,7.67930820661423e-20,-0.0324073103204786,0.023839808161243602,-1.35937798246058,0.17405515826949744,-0.07432238136275372,0.032048690534447276,-2.319045805720796,0.02041107331808135,-0.03176627429932333,0.02975219096464407,-1.0676952946783882,0.28568178920896925,-0.017587879028426887,0.03029027704160514,-0.5806443765525517,0.5614922433667795,0.007181921757119421,0.008609515162867116,0.8341842277129713,0.40419558323365146,-0.053439473811167204,0.01160740007369548,-4.6039141816323665,4.1934467812488715e-06,0.005610264534395472,0.008079082207532694,0.6944185478351278,0.48743466657008494,-0.01093236490784374,0.011044055730411017,-0.9898867929233891,0.32225157877164823
-1.35,0.006891731759496866,0.006157862726989594,10835,-0.1850572104970847,0.019453172184115398,-9.512958027904276,2.245902475870275e-21,-0.030285608431646426,0.023659105691134205,-1.2800825537118834,0.2005435317735302,-0.04984370659662112,0.03180576586390562,-1.5671280109995915,0.11711399976287153,-0.0325127536220335,0.029526673445286766,-1.10113161519126,0.27086386029766035,0.003182006942984769,0.03006068090372118,0.10585279000087026,0.9157011128330057,0.0046847376194652695,0.008544256220938901,0.5482908632801369,0.5835035055009499,-0.07685951708290058,0.011519417576073093,-6.672170409252719,2.6435452638329818e-11,-0.003112400281807128,0.008017843874520793,-0.388184196464308,0.6978873601362965,-0.01150891579123374,0.010960343305503356,-1.0500506663376992,0.293718257957291
-1.296,0.010037624025727054,0.009306079687301572,10835,-0.16856428165609477,0.01961863467288196,-8.592049572598153,9.716151103494286e-18,-0.03942570276591743,0.02386034251115489,-1.6523527584520472,0.09849165887847028,-0.03417540632784426,0.0320762955814838,-1.0654411835377953,0.2867000893893423,-0.02642799145424202,0.029777817928408345,-0.8875059790405073,0.3748262646914797,0.00792809707834806,0.030316367484257836,0.2615121050523228,0.793702590570001,-0.0004189536036357456,0.00861693094388872,-0.04861981677280063,0.9612231740153376,-0.08569065166866277,0.011617398074227257,-7.376062274973957,1.7496874926997622e-13,-0.0030978848682791087,0.00808604110166009,-0.38311515231391824,0.7016419074372444,-0.011110549182184515,0.011053568495919621,-1.0051549584449517,0.31484470509463997
-1.242,0.015503365986784479,0.014775860622651238,10835,-0.15427852904257322,0.01963448525082363,-7.857528581560422,4.2890441227607576e-15,-0.046088291884186734,0.023879620112526957,-1.9300261757518236,0.05362968706965825,-0.015118886815807116,0.03210221113736584,-0.4709609176487306,0.6376781336088525,-0.018958596949447803,0.029801876464176865,-0.6361544707507546,0.5246891935494131,0.006874747807755812,0.030340861132961215,0.22658380649214122,0.8207516632674667,-0.006250781132736104,0.008623892862382106,-0.7248212880754067,0.46857733902564913,-0.09697484549863977,0.011626784174571409,-8.340642093514607,8.284858095304745e-17,-0.0017588958731712292,0.008092574095767911,-0.21734689758244669,0.8279421074138562,-0.009843558447491909,0.01106249905871869,-0.889813268705673,0.3735859327923353
-1.188,0.01974717226261502,0.019022802909031133,10835,-0.1261941138517729,0.01990727856086595,-6.339094189390976,2.4031893377492185e-10,-0.04381805220564071,0.024211393547370435,-1.809811241137738,0.07035278327566863,-0.012986848848644506,0.03254822580614724,-0.39900327980985484,0.6898986575378137,-0.014981372949873385,0.03021593124698784,-0.49581039973298335,0.6200382514490437,-0.0009181622192535071,0.030762404342893224,-0.02984689392347911,0.9761897096394888,-0.016246711383914408,0.0087437096158812,-1.8581028073491261,0.06318154232103418,-0.10656820829231194,0.011788321841569627,-9.040150898876567,1.8308899329906843e-19,-0.009627357330957483,0.00820500892897825,-1.173351231460068,0.2406807995353701,-0.001451889676802462,0.011216196784786721,-0.1294458098998189,0.8970073062794665
-1.134,0.02273287888343667,0.02201071585286829,10835,-0.08424892197503177,0.020330863839577246,-4.143892883244238,3.44057046992548e-05,-0.06287865107707345,0.024726561396777657,-2.5429597778714084,0.011005584710001586,-0.0254313893762756,0.03324078402084755,-0.7650658708990092,0.44424899850797284,-0.02573498898546956,0.030858863108298974,-0.8339577804649766,0.4043231754537484,-0.015606738513401105,0.03141696400947817,-0.4967615110324701,0.6193673268449922,-0.015308408086183672,0.00892975748090151,-1.7143139798504585,0.08649969937276357,-0.11912625695758873,0.012039152691076891,-9.894903737360357,5.482960783001232e-23,-0.014315898639032742,0.008379594369342871,-1.7084238219702033,0.08758639568356452,-0.0028678065192208804,0.011454854008908971,-0.25035731725523996,0.8023157853118369
-1.08,0.026158963772594968,0.025439332487741884,10835,-0.06372153967170062,0.02058123126490948,-3.0960994923731486,0.0019658542342646385,-0.06435773436974158,0.025031060288860117,-2.571114991816128,0.010150396988289656,-0.04022627982581789,0.03365013256486385,-1.1954270833340073,0.23194639397458225,-0.012953206793121801,0.03123887913546181,-0.414650177970616,0.67840622551674,0.01004924357807759,0.03180385285261215,0.31597566573611585,0.7520270698402686,-0.01387896330203819,0.009039724298198392,-1.5353303755961067,0.12473191916487182,-0.1351413942189225,0.012187410614902977,-11.088605979490774,2.0263498395246873e-28,-0.004104366378707416,0.008482786121751188,-0.48384650040665056,0.6285045977045978,-0.0021774991078078116,0.011595916500320885,-0.187781544283072,0.8510514231976856
-1.026,0.02937723655861424,0.028659983454279225,10835,-0.030358616908758563,0.02101521360286523,-1.4446018718848257,0.14859868754481784,-0.056962213157903084,0.025558873125995477,-2.2286668460342964,0.02585652988409012,-0.03596592526179818,0.03435968988021841,-1.0467476681884873,0.2952393414638513,-0.009519856300717082,0.03189759200000454,-0.2984506260132654,0.7653649824585456,-0.00330464093530662,0.032474478931262256,-0.1017611688951639,0.9189481329059335,-0.009098875297514606,0.009230338777716745,-0.9857574588140244,0.32427417580273343,-0.1454293694382395,0.012444398201515454,-11.686332041394287,2.309251160946282e-31,0.0009077358288262619,0.008661656827109464,0.10479932961384572,0.9165369834538453,0.003177896467745576,0.011840431655355806,0.26839363295578095,0.7884014537783333
-0.972,0.029029701516305018,0.028312191596863823,10835,-0.038638708182554674,0.02174050367930659,-1.7772683076948403,0.0755521742100357,-0.0290365613317977,0.02644097679591872,-1.0981652287626384,0.2721567693332753,0.028243940878774635,0.03554553279243736,0.7945848229002714,0.4268724676016462,0.04282122218610416,0.032998461464249444,1.2976732940260474,0.19442727312178515,0.04723754729067521,0.03359525827481541,1.4060778132516012,0.15972972011730857,-0.015657767595895294,0.009548901950291733,-1.6397453526493617,0.10108717895170594,-0.13476316073267572,0.012873886984899186,-10.467946540990319,1.6049229793489544e-25,0.006446965947123761,0.008960593295753615,0.7194798083491803,0.47186086944503625,-0.0029127405198675254,0.012249075970978697,-0.23779267324070638,0.8120464016309561
-0.918,0.024905965927493723,0.024185408725149293,10835,-0.031080399153114027,0.022270901540436514,-1.3955608890229436,0.1628753892946752,-0.009241214276205069,0.027086050973850025,-0.3411798303535245,0.7329748275372522,0.055938478099783896,0.036412728642355854,1.5362341737475664,0.12451018092609373,0.07373038835387717,0.033803517025030934,2.181145479604417,0.02919410196257997,0.07161246472122113,0.03441487374444366,2.0808579817260866,0.03747035836151312,-0.008438186714077383,0.00978186422408647,-0.862635845353438,0.388356823993259,-0.12616315536391987,0.013187968122205969,-9.566534753104664,1.345556370498359e-21,0.003911333038408831,0.00917920274421118,0.42610814331075697,0.6700375180978275,-0.0019773376828195106,0.012547913743629246,-0.15758298337231025,0.8747883521689576
-0.864,0.021126790302885445,0.020403440434275,10835,-0.02194859520834977,0.023025501207608993,-0.9532298563427861,0.3404949043465274,0.011186558630899818,0.02800380120559405,0.39946572069884523,0.6895579571643765,0.06847251938146895,0.03764649247829551,1.8188286577015293,0.06896518981352957,0.10862462046432787,0.034948873563473405,3.1081007594435377,0.0018878170788426546,0.10210435703337283,0.03558094473740226,2.8696359185213525,0.004117403003947863,-0.003283894101031315,0.010113300806230208,-0.3247104149229203,0.7454065254322192,-0.12076773728905672,0.013634812913721437,-8.85730798458714,9.476361136782727e-19,0.007284079210989671,0.00949021949057477,0.7675353787363789,0.44278000593191924,-0.007742216301588611,0.012973071724659321,-0.5967912970736254,0.5506592087125475
-0.8099999999999999,0.01799817021219796,0.01727250841298289,10835,0.002681176955041193,0.02392624805159047,0.11206006680445516,0.9107778575557124,0.05374536505933713,0.029099296818392607,1.8469643921212089,0.0647795715906007,0.10639660330720616,0.039119205666210445,2.719804799081264,0.006542468041648737,0.13941098458932527,0.03631605716044125,3.8388249025333177,0.00012432821019490696,0.12551358124635686,0.03697285466323281,3.394749536912882,0.0006893800205124698,-0.008121307328968777,0.010508928406312018,-0.7728007095462602,0.43965720484746695,-0.1059244183209368,0.014168200421319051,-7.476208351877288,8.241032510590393e-14,0.006596575979754733,0.00986147244084722,0.6689240394194123,0.5035581979483318,-0.010283776649688046,0.013480572226271447,-0.7628590594727599,0.4455640761898011
-0.756,0.009879027289149356,0.009147365753800485,10835,0.06452959064524078,0.025101448480195875,2.570751671806998,0.010161044474037085,0.06399981022235948,0.03052858510543842,2.096389662387545,0.0360707893345078,0.10810459267313055,0.04104064805728261,2.634085907275227,0.008448415899191727,0.11375888596995751,0.03809981556034516,2.985811986144085,0.002834590936491045,0.12840427835970575,0.0387888733951839,3.3103379170493943,0.0009348805699715143,-0.012326950058297401,0.011025101988590852,-1.1180803652477542,0.26355748110451865,-0.07470268343514978,0.014864108746427077,-5.025708887733094,5.095930639945491e-07,0.002034399658015329,0.010345844525186356,0.19663930315816186,0.8441135026835513,-0.007920338137823326,0.01414270588901709,-0.5600298980956738,0.575470632036329
-0.702,0.002960462354301474,0.002223688264040402,10835,0.1440937786988346,0.026141363276061928,5.512098859464748,3.6270649020870804e-08,0.08181873045184236,0.03179333790936719,2.5734551900489917,0.0100820527307,0.10219044867358786,0.042740899625648136,2.3909288192021347,0.016822788029231216,0.09849972477224862,0.039678232915512125,2.482462487227861,0.013062821101881474,0.13121691264688823,0.04039583736742046,3.2482780701735283,0.0011645965654467397,-0.015270172783694018,0.011481855179264828,-1.3299395041378455,0.1835662223525738,-0.02670805798685365,0.015479906142540167,-1.7253372043036823,0.08449525841992384,-0.0032333301879701633,0.010774457113259089,-0.3000921674272771,0.7641126152792257,-0.010093300715808263,0.014728616663017812,-0.6852850438528693,0.4931787401582226
-0.648,0.0016205188523511493,0.0008827545950833571,10835,0.2585079834673117,0.02758707948556996,9.370617995374612,8.642629462341782e-21,0.0763784723311725,0.03355162968185591,2.2764459746191266,0.022838764795395494,0.06618984011392526,0.04510463294533841,1.467473201569774,0.14227642378729038,0.0654753522489833,0.041872589188550094,1.5636805250841117,0.11792184218741973,0.09171050048021279,0.042629879879358186,2.1513197020435406,0.03147303013485325,-0.006576631819238091,0.012116845174721084,-0.54276766967021,0.5873009491555023,0.03592399170899102,0.01633600346981409,2.199068565048478,0.027894118968891535,0.0014638612547557366,0.011370325321538482,0.12874400805250366,0.89756260328681,0.0019312058294649504,0.015543164842027805,0.12424791534366818,0.9011212919050022
-0.594,0.008016933095192469,0.0072838955434431085,10835,0.3199743897175882,0.029569339549060096,10.821154432167864,3.762861829985867e-27,0.10214417335277874,0.03596247043860009,2.840299125922755,0.004515532257341123,0.07511531885317169,0.04834561075934345,1.553715377122516,0.12028155450187779,0.06319263865436228,0.044881329615270804,1.4079939074011096,0.15916158804349437,0.10225032363096574,0.04569303516697879,2.2377660677892433,0.025256571968593062,-0.00022868775022718407,0.01298749689767372,-0.01760830066247376,0.9859516592161156,0.10114797828947465,0.01750982135409528,5.776642505025769,7.830578266913302e-09,-0.0006296310453476938,0.012187336118406845,-0.05166272918302023,0.9587983885154798,0.008403226662032304,0.016660013580681417,0.504394946698993,0.6139941336985766
-0.54,0.014661042109053168,0.013932914299785826,10835,0.359216470403658,0.03249604268152489,11.054160468834098,2.963448305044215e-28,0.1196620000525315,0.0395219505111663,3.027735182723912,0.002469738364721819,0.09451416286493657,0.05313074470579278,1.7788977622711883,0.07528457735963914,0.04361582949013928,0.04932357722639045,0.8842795259951816,0.37656497538871536,0.09088456011480615,0.05021562346940408,1.8098861237913593,0.07034116675645437,-0.001453291295591491,0.01427296855287363,-0.10182123573017293,0.9189004552807918,0.1601485601914762,0.01924290196351858,8.322474463315974,9.649806034348337e-17,-0.005638282902055018,0.013393609756509675,-0.4209681336515462,0.6737867080016738,0.02191675401980074,0.018308982231218494,1.1970492812227795,0.23131355808210463
-0.486,0.020177786728672986,0.01945373558271224,10835,0.3607034770278914,0.03617831975895854,9.970155591279868,2.5950148466161256e-23,0.13175294202856974,0.04400036574002966,2.9943601561635775,0.0027564271092399184,0.0716970986569236,0.05915123542383179,1.2120980761128302,0.2255012924002882,0.032260604216647865,0.05491266016728112,0.5874893716380154,0.5568873390798807,0.11610675463593909,0.05590578830093763,2.0768288609212187,0.037840885946605896,0.0021470531991138984,0.015890304714210542,0.13511718231518935,0.8925217371809162,0.1977335694183908,0.02142340429415629,9.22979217977635,3.2160062726889047e-20,-0.005662851318152553,0.014911301700536042,-0.3797690793117666,0.7041242862556785,0.004181163291259315,0.020383657792236443,0.20512330681158716,0.8374796438014895
-0.432,0.024962647590265674,0.02424213227350247,10835,0.35207848755780075,0.039405901432621175,8.934663965492781,4.74556822861585e-19,0.13387303894278543,0.04792577673322005,2.793341038330851,0.005225828130601763,0.046943420484204794,0.0644283031456181,0.7286148818494457,0.46625303295690446,-0.0003849243263130455,0.059811591261616795,-0.006435614204433732,0.9948652768106119,0.1074814962672617,0.06089331947911204,1.7650786192421417,0.07757874236378544,0.00756801518123826,0.017307928767129725,0.4372571255094961,0.6619336069831911,0.2343632062953944,0.023334653560235383,10.043569135938366,1.2442794096963665e-23,-0.005534719511872323,0.01624158581598856,-0.34077457549889173,0.7332799044459981,0.0041832458987624615,0.02220214800324581,0.1884162693695627,0.8505538785460777
-0.378,0.02595003003300833,0.025230244354111586,10835,0.31782040620982654,0.04188961444534946,7.587093135566223,3.540138904774184e-14,0.14656486070501754,0.05094648863143511,2.876839300257168,0.004024648912016446,0.04690130690259904,0.068489152132524,0.6847990585698408,0.4934853898408983,0.00454456620748379,0.0635814536966247,0.0714762866097389,0.943020017122355,0.11791240742232573,0.06473136211942808,1.821565367414634,0.0685485426331327,0.0023445918358562324,0.018398829529184306,0.12743157558676382,0.8986011930031981,0.25132526518554,0.024805412522421817,10.131872024235236,5.1046616216523016e-24,-0.012532972668602012,0.01726527609008339,-0.7259062990484433,0.46791190687033235,-0.015982446965882167,0.023601526317188693,-0.6771785329087955,0.4983071560175538
-0.324,0.02738602954504632,0.026667305014874576,10835,0.35756678671783904,0.043976816196160944,8.130802037211907,4.729822819423552e-16,0.12924531236683956,0.05348496031892123,2.4164795410929156,0.015687838779684486,-0.0008182746742864483,0.071901708684676,-0.01138046215111495,0.990920110654997,-0.07128074105053067,0.06674947811584844,-1.0678846196642602,0.285596372626084,0.06750481373060954,0.06795668214533446,0.9933506404306418,0.3205613082483535,0.005235640103471517,0.01931557392310314,0.2710579620525397,0.7863516207922073,0.2632848654231964,0.026041372822651985,10.110252912403263,6.35338545336064e-24,-0.007829501246186074,0.018125539784572146,-0.4319596182647363,0.665779365537936,-0.027026646759439485,0.024777501501093223,-1.090773690730965,0.27539675191997165
-0.27,0.036139595183298234,0.03542733920338559,10835,0.43125592821651737,0.04632451546863775,9.309453619832954,1.5329389027188266e-20,0.1054800419832105,0.056340251203761224,1.8721968704351242,0.061206309021622836,-0.020442482082673078,0.07574017639948044,-0.2699027524685473,0.7872402139590309,-0.1408069203087157,0.07031289436025732,-2.002576079250457,0.04524770138970299,-0.005559969038815508,0.07158454489285337,-0.07766996419600883,0.9380920223712748,0.009801248321026981,0.020346734492901277,0.48171112295422713,0.6300209105560378,0.32878481222103517,0.027431589698683458,11.985627367298175,6.822903295762117e-33,-0.010662095995071556,0.0190931704646941,-0.5584245955792014,0.5765660302491088,-0.020616234551884247,0.02610024669457059,-0.789886578205135,0.429611310659229
-0.216,0.04747279582198294,0.04676891464394628,10835,0.39484606339132106,0.04862584652715998,8.120086159750034,5.163965603684953e-16,0.09486328559854935,0.059139148690944665,1.604069177496881,0.10872797522742053,-0.025944624594671423,0.07950283249124426,-0.326335852216696,0.7441765735482766,-0.12738020487985066,0.0738059313832868,-1.7258803255031567,0.08439747818244707,0.011662977661985537,0.07514075556889668,0.15521507035275595,0.8766546615129887,0.01273703028923011,0.021357529134881294,0.5963719027978703,0.5509392756689989,0.3984880787740772,0.028794349108459866,13.839107016209656,3.4493996115739016e-43,-0.00041638693431801497,0.02004168996352853,-0.020776039100282844,0.9834246945220453,-0.04934849398964352,0.027396867020669253,-1.8012458852471385,0.07169194825406627
-0.162,0.05090964752065408,0.050208306044593254,10835,0.3147004114320941,0.05021138437121024,6.267511150569556,3.808215981715373e-10,0.09545155484401231,0.06106749266871036,1.563050170764905,0.11807002357333396,-0.048946079204455206,0.08209517295679582,-0.5962114146493611,0.5510464664535253,-0.16460937425539068,0.07621251359586001,-2.1598733133023518,0.03080435974781457,-0.01013407470429466,0.07759086225276636,-0.13060912599838195,0.8960869498067647,0.02011531893427011,0.022053931832566893,0.9120967221167318,0.3617381133080787,0.4172562864912904,0.02973324340988365,14.033325619383652,2.3827754571910524e-44,0.0026608989110041502,0.0206951872322732,0.1285757350798257,0.8976957558566385,-0.06274883382171584,0.028290193771195248,-2.2180418532730584,0.026572652921047997
-0.108,0.05069419928703034,0.04999269860296385,10835,0.2537551365090941,0.0512194159683163,4.954276258559135,7.369765741593958e-07,0.06665578447675291,0.06229346886787284,1.0700284586516242,0.2846303547501138,-0.059018320891703384,0.08374329577489095,-0.7047527846330482,0.4809792568028757,-0.19044223712668945,0.07774253756874115,-2.4496529581157227,0.014315124848573923,-0.006946763597925315,0.07914855761960309,-0.087768669535486,0.9300621630555759,0.029729108241899525,0.022496681229064258,1.3214886204411094,0.18636642025718797,0.42131031537868335,0.03033016080654466,13.890803878882593,1.6994513834502893e-43,0.0129786844628832,0.021110658801109662,0.614792962415791,0.5387043786066077,-0.06594991376448894,0.028858140852653705,-2.2853140159382233,0.022313666037172282
-0.054,0.05011226849704764,0.04941033778838111,10835,0.1287315192645266,0.0518553718795208,2.4825107717599155,0.013061051916778912,0.04839996788477807,0.06306692360192258,0.7674382246750754,0.4428377457109166,-0.06787160240983191,0.08478307811065075,-0.8005324166368718,0.4234199564637775,-0.19733319491586918,0.07870781265796636,-2.507161465322416,0.012185038600912329,-0.0140237071725328,0.08013129028318194,-0.17500912718331846,0.8610757346097154,0.04084349474385091,0.022776006893748854,1.7932684572141087,0.07295791060854122,0.4253162518139572,0.030706749346028142,13.850904471233815,2.935498937605459e-43,0.018906848330798524,0.021372775188033946,0.8846229918416945,0.3763796479460675,-0.048253328420931996,0.029216452342830986,-1.651580686618586,0.09864906230315097
0.0,0.048053847580006526,0.047350395776998955,10835,0.01811627648572817,0.052240246752303744,0.3467877280830275,0.7287575374988091,0.022154336067890357,0.06353501154186633,0.34869492473912245,0.7273251357158022,-0.114152612850332,0.08541234515125354,-1.3364884507992771,0.18141776027044923,-0.21630020010672368,0.07929198857428492,-2.727894759557988,0.0063842725745741164,-0.03937935756051944,0.08072603136854772,-0.48781485839104843,0.6256908645746112,0.05031711174437165,0.022945052306750646,2.1929395092103534,0.02833293702028974,0.4141954786538693,0.030934657387563135,13.38936693122682,1.4657360781795902e-40,0.02432912964065186,0.02153140569888294,1.129936892225948,0.2585278510889163,-0.015471417613486268,0.029433299276351035,-0.5256433357410663,0.5991468069513521
0.054,0.04449382316837436,0.043787740643466466,10835,-0.010453307049063453,0.05287483665491632,-0.19769908921489787,0.843284214073667,-0.023156391364986133,0.06430680492519415,-0.3600923944506829,0.718785064659766,-0.12333318256250822,0.08644989407494914,-1.4266435359143703,0.1537115061890923,-0.22592848559422926,0.08025519029011703,-2.8151261591619585,0.004884615845012175,-0.04655925570128667,0.08170665316054197,-0.5698343268302073,0.5688018950157709,0.050774154556761125,0.02322377799075862,2.1863003761474795,0.028814973947957734,0.40991234436527546,0.031310437029493356,13.091875529528767,7.227022069093765e-39,0.0249130179080352,0.021792959069990694,1.1431682052916294,0.25299403896053907,0.03833508576327983,0.02979084112736694,1.2868077675075729,0.19818881293449814
0.108,0.04400214504190747,0.04329569918566645,10835,0.003118480964875493,0.05337857825500543,0.05842195627574749,0.9534136043160037,-0.09074898124678041,0.06491945954238103,-1.397870251639067,0.16218067324714427,-0.1748750639592601,0.08727350717191368,-2.0037588682529575,0.0451207679693269,-0.22550303904566882,0.08101978608898541,-2.7833082501352817,0.005390094096455591,-0.058116470243522365,0.08248507712938825,-0.7045695084016148,0.4810933355672593,0.04334642089191811,0.023445032255079667,1.8488531139694446,0.06450627170536812,0.40498778605613445,0.03160873335807898,12.812528153793364,2.6028117922410035e-37,0.019878822734341734,0.02200058184042573,0.9035589548733981,0.36624941834987923,0.06629475398894252,0.030074660178675633,2.204339254212045,0.02752145579313183
0.162,0.04007411460920207,0.03936476608868422,10835,0.09173132377971499,0.05339882325592372,1.7178529073585702,0.08585204406819105,-0.16272214186895956,0.06494408167659696,-2.50557306636915,0.012239874791857766,-0.20298752241671153,0.08730660757081148,-2.3249961035546494,0.02009056120314009,-0.24768268400666843,0.0810505146264885,-3.0559051370381067,0.002249285693391384,-0.0888471593786723,0.08251636141077641,-1.0767217296019684,0.28162859433586324,0.036085204034408395,0.023453924299698503,1.5385571972223115,0.1239416601882607,0.38544210112597527,0.03162072166606282,12.18954156696727,5.896995916120531e-34,0.024652030018736774,0.02200892604542562,1.1200923647003895,0.26269925199691163,0.05541853046475306,0.030086066655633972,1.8419998565806304,0.06550250420608063
0.216,0.03236651595043183,0.03165147180925343,10835,0.1462993283506192,0.05377066371432889,2.7208019809439907,0.0065227799090052975,-0.24641991453500398,0.06539631705612192,-3.768100798757993,0.00016536712445981022,-0.2508037823732152,0.08791456345825378,-2.8528126911795377,0.004341628598896651,-0.28471273082506665,0.08161490647400632,-3.488489335165082,0.00048768830498587695,-0.13109832249533374,0.08309096062068513,-1.5777687670961573,0.11464795870887538,0.004965398442730398,0.023617244714479974,0.21024461162847083,0.833480719101061,0.35263112872869506,0.031840911230597964,11.07478131435602,2.3606392175783273e-28,0.04987053610678383,0.022162184275677514,2.2502536521869643,0.02445284093447102,0.05019855709629892,0.03029556971459133,1.6569603268467885,0.09755647317009195
0.27,0.026807893866023003,0.02608874211569301,10835,0.1467953771029533,0.054568750498531694,2.6900996589046544,0.007154024652705595,-0.3027919524429903,0.06636695667209004,-4.562390195757257,5.113069506499286e-06,-0.2616339122399724,0.08921942834903798,-2.9324768952388554,0.00336974287020545,-0.33276161281215483,0.08282626920884077,-4.0175854350401705,5.919515603503171e-05,-0.16867716514521952,0.08432423157137295,-2.000340376685785,0.045488452811944885,-0.05053872988723741,0.023967781784024967,-2.108611065581486,0.0350010781164751,0.34174405574180133,0.03231350741399496,10.575888632683439,5.1625100214332346e-26,0.09107245523648637,0.022491124726802578,4.049261935218193,5.173740442463098e-05,0.05448829075587522,0.030745229289886232,1.772251891248681,0.07638087222498703
0.324,0.026652577346577333,0.025933310823278988,10835,0.1085345933532571,0.055790482400393686,1.9453962160486935,0.05175316030881366,-0.36016263382856123,0.06785283691407884,-5.307996691201438,1.1302836180566587e-07,-0.2655612519152159,0.09121694929067732,-2.9113147718738404,0.003606455000362031,-0.3643644949206598,0.0846806546305369,-4.302806780490634,1.7012918746422903e-05,-0.1959784133935662,0.08621215465683037,-2.273210943093386,0.023032974460385734,-0.14428111458975726,0.02450439300115734,-5.887969336067328,4.025845743781634e-09,0.3486014014261175,0.033036969881214066,10.551857591042088,6.651924585935385e-26,0.1425731215706313,0.02299467528158816,6.200266793277555,5.842209258763759e-10,0.06972538081623317,0.031433579803877315,2.218181360547187,0.02656314025294844
0.378,0.034199881137222055,0.03348619178280654,10835,0.03422055650975767,0.05737425088687671,0.5964445022076094,0.5508907895540158,-0.41584807776726374,0.06977902898482946,-5.959499348402692,2.608954321503895e-09,-0.26249381662958887,0.09380639687212852,-2.7982507097826743,0.005147102659433422,-0.3810892835101213,0.08708455125319185,-4.37608367989556,1.2196280301314401e-05,-0.21294319298460118,0.08865952718029013,-2.401808353337807,0.016330997665554077,-0.266412691827799,0.025200018558525786,-10.571924429701065,5.383163315552547e-26,0.3718705592790234,0.03397481643739273,10.94547662867553,9.759649128456967e-28,0.18753661776003092,0.02364744328969616,7.930524051272205,2.396992861343412e-15,0.09254811726776412,0.03232590965959441,2.862970237878383,0.004204957217398159
0.432,0.05326185044829712,0.0525622471602486,10835,-0.06790401862960388,0.0585979053106754,-1.158813071381804,0.24655794836318792,-0.4536973903050951,0.071267247413581,-6.366141625649997,2.0168960164763576e-10,-0.2851119110132597,0.09580706112026864,-2.9758966372567537,0.002927788616107526,-0.4273564347904655,0.08894185474279377,-4.804896817435558,1.5691049415894074e-06,-0.2193568474773806,0.09055042110864775,-2.4224829083255535,0.015431155051444805,-0.422727293889265,0.025737474189096856,-16.42458349966387,6.745061314003069e-60,0.4107551732639557,0.03469941734788363,11.837523643289888,3.9397982790542375e-32,0.24246764572238033,0.024151786233537264,10.039325595954837,1.2984683260721097e-23,0.10775262334071925,0.03301534336455503,3.263713545272453,0.0011030339736549587
0.486,0.07696385343438461,0.07628176502014805,10835,-0.1976030024756004,0.06029946600387863,-3.277027402910832,0.0010523655799606147,-0.4724668771644212,0.07333669932092837,-6.442434436500355,1.225630333740737e-10,-0.26901612146490295,0.09858909792634997,-2.7286599342441376,0.00636948959577218,-0.4436625606988926,0.09152454030482114,-4.847471063184594,1.2678274733138951e-06,-0.2205243393476223,0.09317981607583278,-2.3666535161236246,0.017967225858835822,-0.577714704806831,0.026484836644978388,-21.813036363068058,2.8656254909886907e-103,0.4608657167342115,0.03570701590150387,12.906867322810955,7.823388894233056e-38,0.2946565411591496,0.024853103625477328,11.855925344353865,3.1721433752955396e-32,0.12702486285680134,0.033974039929626616,3.738880130826919,0.00018579429110900317
0.54,0.10544675228891842,0.10478571164771311,10835,-0.3349834190738592,0.06208172000677455,-5.395846298029513,6.963929454561036e-08,-0.47744929114729623,0.0755042910855966,-6.32347227266896,2.6583002857913023e-10,-0.28565343333450127,0.10150306758587953,-2.8142344869805647,0.004898176256229822,-0.46620840240541395,0.094229704863177,-4.9475736242871164,7.627446014974218e-07,-0.21841704151265678,0.09593390514487324,-2.2767450275563927,0.02282088371049353,-0.7492025089694755,0.027267641357105046,-27.475882462942035,1.02428763271225e-160,0.5073698211809967,0.036762397917952085,13.801325536853355,5.777404622164561e-43,0.33633680362472734,0.025587679673265962,13.144482341481414,3.649599407849346e-39,0.1408103017460178,0.034978200872863296,4.025658788392999,5.7203200598030734e-05
0.594,0.13819459873135365,0.13755775749635002,10835,-0.47983155715264136,0.06365773182091419,-7.5376791385299855,5.1664155615900704e-14,-0.49127058902383214,0.07742104942857024,-6.3454395497065095,2.3065420365274528e-10,-0.2784133028044536,0.10407983307609636,-2.674997591520886,0.007484212186652328,-0.48081734831438355,0.09662182814988769,-4.976280800322887,6.581459024089313e-07,-0.17140545663640228,0.09836929140460272,-1.7424691607403626,0.08145477861691096,-0.9301302712183572,0.02795986001531604,-33.26662832749678,3.940601555879255e-231,0.554293727278654,0.03769565127221599,14.704447557514479,1.769140601675246e-48,0.3720894465153694,0.026237250681560954,14.181723955432071,3.018876913015798e-45,0.1389266693702543,0.03586616044948209,3.8734748194174324,0.00010792630646148997
0.648,0.16800520541231956,0.16739039307565762,10835,-0.6040737810713231,0.06562386613413515,-9.205092851990717,4.041562098095097e-20,-0.49536604073061674,0.0798122779171272,-6.2066395504333105,5.611060964360864e-10,-0.2860472177899045,0.1072944454298779,-2.666002108905537,0.007687321428625559,-0.4745054656842665,0.09960609237510502,-4.763819705900456,1.924298871696874e-06,-0.14091829567323327,0.10140752782405175,-1.3896236176641157,0.16467177603882655,-1.1059398179719122,0.02882342895810559,-38.36947434600438,4.0295812625131453e-302,0.6039560660872629,0.038859920109723736,15.541876163974353,6.888654268872763e-54,0.39755647108906983,0.02704761506894946,14.698392818576558,1.9312451014921877e-48,0.1331230255581317,0.036973923587220014,3.600457096312751,0.0003190787652819069
0.702,0.19593340446618324,0.19533923000061237,10835,-0.7146573297868462,0.06754173513086435,-10.580973799417114,4.892544886237782e-26,-0.48976770397429986,0.08214480573654458,-5.962248003179732,2.5655734223429045e-09,-0.25851235735333694,0.11043014441461324,-2.340958247620728,0.01925236752972595,-0.49475479416155754,0.10251709789344939,-4.826071009889281,1.4115492075423775e-06,-0.11467505904810864,0.10437118060932309,-1.0987234060075886,0.2719131638494835,-1.2712542142130632,0.029665798724391318,-42.85251936155805,0.0,0.6645754207441211,0.039995608090091686,16.616209941029993,3.0412494803124794e-61,0.42487268181371585,0.02783808636288654,15.262280469829703,4.741379952300296e-52,0.12916337764407754,0.038054492988456166,3.394168927260685,0.0006908417487526836
0.756,0.22301760027952144,0.22244343999892247,10835,-0.7750959247258649,0.06966468472825266,-11.126095348731594,1.338080172601934e-28,-0.5117058099809094,0.08472675424479734,-6.0394832133243295,1.5968678541659817e-09,-0.27150095650347544,0.11390114838231269,-2.3836542507207583,0.017158831958463145,-0.519709862224873,0.10573938158628958,-4.915007582116027,9.008050956109328e-07,-0.10627839828083094,0.10765174122009502,-0.9872427243284781,0.3235457249973982,-1.444983284191708,0.030598244349842384,-47.224385414751794,0.0,0.7339190942107047,0.041252736885015996,17.79079764468384,8.172589566242198e-70,0.44468212302785676,0.02871308393470854,15.487090276998162,1.5875694826883418e-53,0.1191044849425873,0.03925060929213315,3.0344620654451586,0.002415368356608944
0.8099999999999999,0.2443227040959257,0.24376428747231282,10835,-0.8549460904543978,0.07172607525742518,-11.919599495525063,1.494817188014921e-32,-0.5050146374460645,0.08723383411530913,-5.789206018143329,7.268531597398947e-09,-0.21612326056789505,0.11727150381351946,-1.842930750777834,0.06536644347059702,-0.5042504489431804,0.10886822887258381,-4.631750274300323,3.6681311900737176e-06,-0.0580266093859332,0.1108371755713114,-0.5235302062402297,0.6006160522158321,-1.5960414615525984,0.0315036518939677,-50.66210948890682,0.0,0.8109041431326046,0.04247341277623596,19.09204111769207,6.010727820699162e-80,0.46284207424454854,0.029562709243675735,15.656280702471916,1.1940932555599614e-54,0.10173439926323512,0.04041204186840433,2.5174278398136307,0.01183583538783006
0.864,0.2579945144541763,0.25744620077559077,10835,-0.9256514010557972,0.07381868039443631,-12.539527882505514,8.04388355446269e-36,-0.47202522199408325,0.08977887744488927,-5.257642280990155,1.4869395316831623e-07,-0.15463764413990477,0.12069289485470552,-1.2812489444889292,0.20013368267754372,-0.4485290190597594,0.1120444547315679,-4.003134471351832,6.292573846918783e-05,-0.007865090951739337,0.11407084536489627,-0.06894917738691284,0.945031347130424,-1.7176841176038196,0.03242276957259885,-52.97771104216433,0.0,0.8833135247087593,0.04371257275317538,20.207310370323455,3.6797220676864574e-89,0.47683201967503813,0.030425200004605506,15.672272313833906,9.337482900715816e-55,0.08303886682094636,0.04159106143844804,1.9965556047142068,0.04589847648570208
0.918,0.2702781235660917,0.2697388870048991,10835,-0.9497609264786049,0.0755588528662102,-12.569816645579813,5.5165641923127775e-36,-0.48024800162156983,0.09189528931030827,-5.226035036462946,1.7640636210927153e-07,-0.12904188809858877,0.12353806158001977,-1.0445516664919012,0.29625355083668475,-0.4257380008183716,0.11468574653869543,-3.7122137115332454,0.0002064849211670508,0.03539114149588407,0.1167599065059964,0.3031103959822587,0.7618115558893055,-1.827911582516769,0.033187091161218804,-55.07899362547322,0.0,0.9525574061618278,0.044743035711454195,21.28951223392233,1.4644312819325628e-98,0.4821773454820573,0.0311424316756856,15.482970324970367,1.6902517516108496e-53,0.05811191730822579,0.042571512725308194,1.3650423390681872,0.17226810943426207
0.972,0.2788989683352546,0.2783661022486743,10835,-0.9538924800633889,0.07710881674693033,-12.370731653087686,6.476602198740849e-35,-0.492312024205493,0.0937803679455214,-5.249627773816002,1.5529328660702899e-07,-0.11683424450875163,0.1260722389276068,-0.926724594586126,0.3540902030591594,-0.4188200403068294,0.1170383334034425,-3.578486023575849,0.0003471007330966122,0.08774387036692481,0.11915504130404579,0.7363840371892478,0.4615129720808583,-1.9142312475158743,0.033867869000675115,-56.52056961356843,0.0,1.0064998767175473,0.045660864485129744,22.042943953576074,2.2726512270320766e-105,0.48787540145662617,0.03178126673503433,15.351036996861202,1.2472164793266742e-52,0.03033036677117163,0.04344479632569161,0.6981357800320817,0.4851072783361591
1.026,0.28321354679496613,0.2826838690168726,10835,-0.9424511115490366,0.0787009331940015,-11.97509449126671,7.734396746018395e-33,-0.4944501537686747,0.09571671287360504,-5.16576613346095,2.437151838796033e-07,-0.08807314204978968,0.1286753353513853,-0.6844601710909121,0.4936992833467848,-0.42035849764904154,0.11945490083905726,-3.5189723878754426,0.0004350000141602708,0.09951692509916314,0.12161531379965722,0.8182927132277287,0.4132080762887572,-1.980029684312787,0.03456716116385531,-57.28065648570466,0.0,1.0587931150068686,0.046603654381294976,22.719100659879366,1.154871518017867e-111,0.49396468729262305,0.032437475449060775,15.228209977941603,7.901033810747747e-52,0.020870310234502983,0.04434182960525551,0.47066867606268953,0.6378868390681423
1.08,0.28642261814952863,0.2858953117524472,10835,-0.9233615441639548,0.08015525632259367,-11.519663045524855,1.581581976727184e-30,-0.49786057524436617,0.09748547245084865,-5.107023259238788,3.328411335023793e-07,-0.0712978552190206,0.13105314090827214,-0.5440377447261948,0.5864267030606373,-0.39962773928829287,0.12166232098089577,-3.284728879626134,0.001024048268611006,0.11941110069364325,0.12386265644823609,0.9640605499491026,0.335037103078378,-2.039628751696273,0.035205931505325666,-57.93423620641125,0.0,1.1077169972912908,0.047464848393779686,23.33762847194637,1.4269710963863549e-117,0.4943710516374406,0.03303689109591749,14.964212286262377,3.9828369909749804e-50,6.503927968325854e-05,0.04516122711100112,0.0014401574944675317,0.9988509475021494
1.134,0.28919793957803963,0.288672684037362,10835,-0.8788358746332057,0.08150910077947078,-10.78205827605637,5.734495031181794e-27,-0.48960075275990084,0.09913202905310639,-4.9388755323228075,7.974806891327265e-07,-0.058748891232735266,0.13326666471837548,-0.44083710924172825,0.6593397287325855,-0.4156570540163476,0.12371723124414648,-3.3597345320158376,0.0007828688260517583,0.11925350252265347,0.12595473098632537,0.9467965322842901,0.34376360105520254,-2.0937402656608834,0.03580056942932972,-58.48343473401796,0.0,1.1487328140197368,0.048266542815862366,23.79977406714566,4.434317741450122e-122,0.4946173000549621,0.03359489332727026,14.722990641362218,1.3522652053498722e-48,0.0005508935720492836,0.045924012732245056,0.011995762984850833,0.9904292164994122
1.188,0.2892652512013366,0.28874004540137455,10835,-0.8384450832448721,0.08277545032288706,-10.12915157784464,5.247311766955073e-24,-0.4885454501041242,0.10067217363240899,-4.852835023588373,1.2340731514285786e-06,-0.051340719831107835,0.1353371351125383,-0.37935426805374556,0.7044322461185125,-0.39011309226631563,0.12563933881005662,-3.10502344218871,0.0019075510654446115,0.13293211442568362,0.12791160101127144,1.0392498676798656,0.2987117530855792,-2.1306797018657324,0.03635677768481686,-58.60474545728337,0.0,1.1862808394200914,0.049016426127942096,24.201699983668234,4.5938984832036927e-126,0.4942842238358145,0.034116833545224705,14.487986500288768,3.978276568732579e-47,-0.015540621841626096,0.04663750180278048,-0.33322157578988465,0.7389734857066513
1.242,0.28802226016645893,0.28749613584365563,10835,-0.7961419201873303,0.0839657909140051,-9.481741451143021,3.0232215932103344e-21,-0.5020208452346219,0.10211987550782368,-4.915995468444932,8.962838897893661e-07,-0.06429448581555745,0.1372833315364983,-0.46833424783593663,0.6395550095369946,-0.3889207295616218,0.12744607745350064,-3.0516492726386306,0.002281391727400641,0.11680986683680399,0.12975101559814095,0.9002616765527469,0.368001035505628,-2.156690941967682,0.03687960115568508,-58.479237149646416,0.0,1.2118999117604887,0.04972129987280285,24.373858182725996,8.653176180032139e-128,0.49495372829185424,0.03460744581795637,14.301943312876423,5.576768016469903e-46,-0.017352924991046178,0.047308165764711724,-0.36680612555031955,0.713770806974151
1.296,0.28318986383698797,0.28266016855809417,10835,-0.7514082260266051,0.08500520718228265,-8.839555257071575,1.109727923118324e-18,-0.519476135735464,0.10338402199845842,-5.02472360519317,5.122100139392983e-07,-0.07666778824935044,0.13898276801663004,-0.5516352087632672,0.5812096943161229,-0.39328559182099837,0.1290237381268694,-3.0481646054486466,0.00230799193277609,0.10609379346867455,0.13135720920353872,0.8076739305893873,0.41929606011783316,-2.159250740810084,0.037336135382202,-57.83273278571277,0.0,1.227959942453687,0.050336802060123725,24.39487397286336,5.319269350946937e-128,0.48738101977099685,0.035035852932272224,13.910922069262954,1.2893550573033488e-43,-0.011648642479054115,0.04789379565734947,-0.24321819390538513,0.8078409813218537
1.35,0.2782352832871057,0.2777019267626549,10835,-0.719393204068739,0.08588685731544138,-8.376056902706127,6.14858296505303e-17,-0.528244068117212,0.10445629203676289,-5.057082324263425,4.3269039640562576e-07,-0.07366516688743614,0.14042425824987978,-0.5245900374018833,0.5998789548711063,-0.4059028438985131,0.13036193609933314,-3.113660751319491,0.001852637217371234,0.13331162694248214,0.1327196092825988,1.0044606645776266,0.3151790718321494,-2.1533135528641574,0.037723375291643824,-57.08167777184938,0.0,1.2491128869196835,0.050858881232802244,24.56036893933971,1.1377504122021845e-129,0.4814511535261376,0.03539923495823246,13.600608998872477,8.747388581923598e-42,-0.020537345908423408,0.04839053665379492,-0.42440831056195394,0.6712764943586658
1.404,0.2693418446396112,0.26880191620409644,10835,-0.6812765723731453,0.08717027071498402,-7.815469273930316,5.983330244086199e-15,-0.542549634325877,0.1060171898162002,-5.1175628713276025,3.148167539874308e-07,-0.0550350516770578,0.14252262789911282,-0.3861495713930797,0.6993934871552439,-0.4326181043017853,0.13230994375509966,-3.269732357399712,0.0010798550975946379,0.1088738335714019,0.13470284781593755,0.8082519065979268,0.41896334202518926,-2.134941628361314,0.038287078363785074,-55.76141402266697,0.0,1.2717667205939576,0.051618869101728394,24.637632376013716,1.8751335392500546e-130,0.4745269657796048,0.03592820823655483,13.20764349436167,1.601391372916836e-39,-0.008282278783525873,0.04911363987463398,-0.16863500250983174,0.866086897153671
1.458,0.2593466747642985,0.2587993602804739,10835,-0.626993797822642,0.08812091560267969,-7.1151530091861135,1.1885739915275286e-12,-0.5754927343548127,0.10717337183422056,-5.369736199445182,8.048320449483411e-08,-0.08820911187146242,0.1440769239507592,-0.6122362239050122,0.5403943365140664,-0.4757144901336125,0.13375286426676516,-3.556667685148166,0.00037719310986577816,0.09695288495761405,0.13617186440363363,0.7119891130390291,0.4764868600440967,-2.099001937920763,0.03870462226966949,-54.231298869066244,0.0,1.2689900144061563,0.05218180430449535,24.31863043679453,3.1027096924012427e-127,0.4647028299744177,0.0363200272271809,12.794671850538895,3.264688307905244e-37,-0.007246989407660368,0.04964925402702781,-0.14596371183573653,0.8839527528906269
1.512,0.2504805113322057,0.24992664509265805,10835,-0.5949883238586686,0.08919240525147128,-6.670840663856343,2.6675125602083945e-11,-0.5737968011255664,0.10847652623021241,-5.289594173654088,1.249794858654325e-07,-0.09095157775290302,0.1458288001266608,-0.6236873489592336,0.5328460732381349,-0.4911498314329465,0.135379206986628,-3.627956185926392,0.0002869881930555819,0.1288388200199683,0.13782762049930347,0.9347822994638393,0.34992135277635883,-2.074548980610829,0.039175243822324776,-52.95561120231259,0.0,1.2768520699874184,0.052816299109561066,24.175341542555685,8.420257448137667e-126,0.447043757148436,0.036761653746283575,12.160599744336311,8.367592624650069e-34,-0.003177761250446655,0.050252954764773726,-0.06323531154180409,0.9495802939222091
1.566,0.2414764894944108,0.2409159696270503,10835,-0.5329626916535096,0.09006512069503467,-5.9175259805419005,3.3672324284158495e-09,-0.5986073043881118,0.10953792982660948,-5.464840401271626,4.735904117726805e-08,-0.13727631133593599,0.14725568222080362,-0.9322309962212256,0.3512379489939239,-0.5280848275371253,0.13670384358927917,-3.862984490207411,0.00011266297087189483,0.09216285374355208,0.1391762139431085,0.6622026216435647,0.5078554700077607,-2.0366419887116525,0.03955855942181681,-51.484230428988546,0.0,1.2901304594943495,0.05333308750398568,24.19005761475811,6.004020358035224e-126,0.4393311490134211,0.03712135323936101,11.834998206573557,4.0586364490271244e-32,0.006721574613231392,0.05074466176139816,0.13245875289969009,0.8946239075902737
1.6199999999999999,0.2323536077413546,0.23178634641324913,10835,-0.5366424129959227,0.09085693356038332,-5.906455258467108,3.600608026412644e-09,-0.569322796247681,0.11050093905161293,-5.152198715539973,2.6198255479177476e-07,-0.12010157297033797,0.1485502893093006,-0.8084910068419404,0.41882574684130547,-0.5107468058559334,0.13790568356086064,-3.7035950416831818,0.00021362240480864712,0.14303217247615813,0.14039978990570362,1.018749191663481,0.30834481780601875,-1.997998593590156,0.03990634084977842,-50.0671961158085,0.0,1.2987242337036347,0.05380196851484242,24.138972412233468,1.940832069170569e-125,0.42518629413002856,0.03744770782421307,11.354134040084293,1.0412947509294019e-29,0.015387962569530945,0.051190786473388435,0.30060023745738673,0.7637251226068373
1.674,0.2244577169764117,0.2238846208869799,10835,-0.4938247662745109,0.09172591075553431,-5.38369978784556,7.449519999897613e-08,-0.5612158787783429,0.11155779615998984,-5.030718587999704,4.964853241136369e-07,-0.13558187706308716,0.14997105940008373,-0.9040536061120301,0.36598709358808046,-0.5190279917317993,0.13922464612541222,-3.7279893048840207,0.00019399726953830382,0.14262805051450728,0.14174260669305383,1.0062468430778255,0.3143193334961675,-1.9675593463307506,0.040288014529281733,-48.83733709192119,0.0,1.3138769696975345,0.0543165432628726,24.189259676169762,6.115170130596308e-126,0.4085170076384024,0.037805866556130774,10.8056512084407,4.447872620073034e-27,0.029910704101209853,0.051680387258975745,0.5787631573139,0.5627610342840517
1.728,0.21737699527861398,0.2167986668066233,10835,-0.45296992980934564,0.09248078479684882,-4.89798968298526,9.822256193177142e-07,-0.5432902591553911,0.1124758800877894,-4.830282356815911,1.3820811927627113e-06,-0.1634303233112397,0.1512052718353386,-1.0808506960604791,0.2797876098489269,-0.5334592231531539,0.14037041911807702,-3.8003678161309598,0.00014527317512316842,0.1705020911569459,0.14290910167205717,1.1930807006834887,0.2328639151875449,-1.9362661549275029,0.040619571622514755,-47.66830563654351,0.0,1.322153942593419,0.054763550528162744,24.142955119637232,1.7713213093673342e-125,0.39122930472527745,0.03811699638888527,10.263906965118531,1.328302695863329e-24,0.040984724992053065,0.052105699828407265,0.7865689382739811,0.43155146546649104
1.782,0.21029579650330532,0.20971223529621374,10835,-0.4216744998884369,0.09319602753316412,-4.524597357310992,6.115505465531855e-06,-0.5483187360282271,0.11334576410121101,-4.837575893340056,1.332440482302011e-06,-0.15439730386111036,0.1523746874345939,-1.013273966041011,0.3109519640963848,-0.5362865517175027,0.14145603839443033,-3.7911888230754975,0.00015074199739449645,0.21082663924095152,0.1440143550189964,1.4639279481072713,0.1432426706522484,-1.9049262148903852,0.04093372178483294,-46.53684375204339,0.0,1.3281902286973546,0.05518708966460224,24.067046056775016,1.0087388591943808e-124,0.3712483684656385,0.038411791733206746,9.664958381639268,5.212460989942745e-22,0.04640322424216664,0.052508683252528936,0.88372477403405,0.3768644275748908
1.836,0.2046162826446406,0.20402852449399922,10835,-0.4041572285176183,0.09401313870594963,-4.298944105905499,1.731158918548763e-05,-0.5368117216241087,0.11433954133277865,-4.694891333014439,2.7002395096413052e-06,-0.1106453982545066,0.15371065703381528,-0.7198290631869811,0.471645787644399,-0.5146046856291109,0.14269627698066117,-3.6062937065895024,0.0003119989935925364,0.1890453529281185,0.14527702405803505,1.3012749548930664,0.19319204906568385,-1.8882248939015387,0.041292614779517484,-45.72790810133345,0.0,1.3629577181887618,0.05567095135647978,24.482385965730785,6.984431245535135e-129,0.34867821035437174,0.038748573300218754,8.998478670501225,2.6706787016630063e-19,0.0569247338760924,0.05296906158505635,1.0746789195931692,0.28254245586539123
1.89,0.20057615675197937,0.19998541310280293,10835,-0.3899534789885954,0.09443415770356203,-4.129368953686198,3.664909199666439e-05,-0.5121914072628699,0.114851588050312,-4.45959360212328,8.29424681037761e-06,-0.07793519878595621,0.15439901940143214,-0.5047648559433359,0.6137342764229552,-0.4651646262739357,0.14333531365494273,-3.245289764347581,0.0011768760011183718,0.18771880800962476,0.14592761809081525,1.2863830059420387,0.19833693497447577,-1.875176397683899,0.0414775354780769,-45.209445934294486,0.0,1.3858613381955986,0.055920262553391775,24.782811720034402,6.249026552515744e-132,0.32533820238890887,0.0389221010189432,8.358700940387784,7.117225098911354e-17,0.05471087518667647,0.05320627291019636,1.0282786632888126,0.3038417378878217
1.944,0.1955260509641521,0.1949315754799209,10835,-0.36035376167718514,0.09507328262424672,-3.7902736892065976,0.0001512977319689153,-0.49305504671982764,0.11562889695937846,-4.264116148172222,2.0239794288815473e-05,-0.0793940213079884,0.15544398303989124,-0.5107564780272884,0.6095320024582309,-0.49191072808671643,0.1443053987724338,-3.408817218699128,0.0006548303189940602,0.16638562940637835,0.14691524777488324,1.132527984170366,0.25743760840214774,-1.8582402301822223,0.04175825304063343,-44.499951383838706,0.0,1.3938350832473334,0.05629872765794955,24.75784340484149,1.1230996125478107e-131,0.30375015527200194,0.03918552354879413,7.751591091893153,9.88796587607678e-15,0.0648755064980775,0.05356636988972789,1.2111238195089693,0.22587439062308765
1.998,0.1906499944502732,0.19005191574674485,10835,-0.35540431458775346,0.09600586089603129,-3.7019022721189434,0.00021505121039301904,-0.4686918410963736,0.11676310621268587,-4.01404053299716,6.00903971550158e-05,-0.040359675267262834,0.15696874033301622,-0.2571191893471144,0.7970916508431849,-0.4921814229880452,0.14572089717200265,-3.3775623986660985,0.0007338898114053954,0.17214079325431883,0.14835634630526848,1.160319713590882,0.24594424795212405,-1.840437352686242,0.042167861695961845,-43.64549869652246,0.0,1.4214340942462727,0.056850964508237185,25.00281405147172,3.487837361884021e-134,0.29115210052108614,0.039569896180320245,7.35791924230239,2.0033026474914686e-13,0.0772741992807949,0.05409180491499118,1.4285749828876366,0.15315527827151773
2.052,0.18789766586008183,0.18729755329097786,10835,-0.3509245469022639,0.09686536283220652,-3.6228073342392504,0.00029275668569900287,-0.430831603574293,0.11780843943429327,-3.6570521232868547,0.00025634218945737585,-0.010857928582053486,0.15837401845849775,-0.06855877427204911,0.9453421011325494,-0.4835832609448103,0.14702547787250972,-3.2891119821024497,0.0010082487823439843,0.15832079618713396,0.14968452112400535,1.0576965139633505,0.2902174249226477,-1.840709854938569,0.04254537363568913,-43.264630149927555,0.0,1.4459052681013647,0.05735992837369511,25.207584965612465,2.6879618302392314e-136,0.2769437275810478,0.03992414957760054,6.936747069408516,4.241324746291469e-12,0.09166781387997658,0.05457606713212808,1.6796339255822479,0.09305741708680326
2.106,0.18568528557282526,0.18508353813929324,10835,-0.35246040588003613,0.09775898448630925,-3.605401669545747,0.0003130714218697809,-0.4153661849632249,0.11889526933340691,-3.493546776856632,0.0004785536563207245,0.032378250148465716,0.1598350820234682,0.2025728628444142,0.8394727091777976,-0.4699661620003708,0.14838184661867615,-3.1672753285523423,0.0015430186531382156,0.15835452832402178,0.1510654206060226,1.0482513316995894,0.29454622722009755,-1.8414366926336865,0.042937871697443175,-42.886072826551825,0.0,1.4793616866199435,0.05788909661891509,25.555100580660408,6.431703378234545e-140,0.26647571563939904,0.04029246580066555,6.613537055729099,3.9293040203781835e-11,0.08760340048257786,0.0550795531456943,1.590488583864374,0.11175391547620342
2.16,0.18188818195722978,0.1812836286093319,10835,-0.3436350590078539,0.09855980904409824,-3.4865637661098003,0.000491208778770854,-0.4006630482743731,0.119869238651802,-3.34250098507946,0.0008330842300182838,0.03707483946521834,0.16114442315004807,0.2300721225127131,0.818040073742186,-0.4816634438013792,0.14959736483755615,-3.2197321411670914,0.0012868899349848053,0.13183192145190595,0.15230292219515754,0.865590229995584,0.3867340961811533,-1.8311638482085575,0.043289611256678476,-42.30030704944378,0.0,1.4939419970531127,0.05836331400613783,25.597278401565767,2.32195317032038e-140,0.2512395508627742,0.04062253465598968,6.184733498054377,6.445244580396151e-10,0.0965603937042142,0.055530755242595105,1.7388633250596803,0.08208723296820014
2.214,0.17923669009186705,0.17863017739287712,10835,-0.3281745785821851,0.09937591018420901,-3.302355449865681,0.0009618715766797891,-0.3810860135051442,0.12086178747344366,-3.1530727905946145,0.0016200280581500524,0.03546327611329695,0.16247874135470697,0.21826409915299105,0.8272274587604067,-0.48400762119210905,0.15083607036251176,-3.2088320786193227,0.0013366362894637286,0.1054995957777125,0.15356403044659558,0.6870072078135623,0.49209290195296795,-1.8328404574629873,0.04364806062304971,-41.9913377891319,0.0,1.5077216955420498,0.058846577595657784,25.62122993628949,1.3010669158542508e-140,0.23095143657652384,0.04095889992666618,5.638614244767925,1.7571896851246132e-08,0.0968268233023937,0.05599056450059008,1.729341794747814,0.08377644605320622
2.268,0.1756711084587883,0.17506196093132387,10835,-0.3147528660564383,0.10035890755979923,-3.1362723420329344,0.0017156850117657247,-0.37116515323827404,0.12205731684947968,-3.0409086715874034,0.002364294036208609,0.0015386467386564377,0.1640859334402418,0.009377078865915066,0.992518455971776,-0.5023877260202969,0.1523280965591609,-3.2980634391711217,0.0009766807562220981,0.05059132393313826,0.15508304082480742,0.3262208663440494,0.744263560783793,-1.8288900401838935,0.04407981444510305,-41.490420574741556,0.0,1.5140531288124637,0.05942867069278536,25.476812978693626,4.2452649718197545e-139,0.2169805377375366,0.04136405335932751,5.245630447592678,1.5868978644925216e-07,0.1029123176911994,0.05654440675330377,1.8200264818444922,0.06878257310544511
2.322,0.1726330579738401,0.17202166544324615,10835,-0.3264507522576489,0.1016419906092605,-3.2117705517261514,0.0013230536502262219,-0.3450983099382659,0.12361781285447031,-2.7916551989520686,0.005253110096748409,0.01657207557911169,0.16618376296998988,0.099721388437355,0.9205673660957543,-0.5065638602752105,0.15427560279855776,-3.283499471634838,0.0010285208145884108,0.04053150761186732,0.1570657688733631,0.2580543673048615,0.7963698538516775,-1.8357557133558218,0.04464337242030529,-41.12045335806349,0.0,1.525418021056069,0.06018846294114651,25.344026853579123,1.0302318868581015e-137,0.20597950232254592,0.041892890480145516,4.916812852055809,8.925595429850951e-07,0.10709278448267058,0.05726732384767108,1.8700504456526263,0.061503779306302284
2.376,0.17080859144167126,0.17019585070008003,10835,-0.3200596499614133,0.10256555725210219,-3.1205373278937976,0.0018099603960578152,-0.3328959760182338,0.1247410620916122,-2.6686960206715944,0.007625983313623036,0.003443128243187347,0.16769378632884968,0.020532235084938257,0.9836191759986734,-0.5303518555152475,0.15567742304720664,-3.4067358332005986,0.0006598385466231585,0.016668503530465808,0.1584929418753301,0.10516874337266818,0.9162438606835615,-1.844334987809049,0.045049022972249476,-40.94062126375466,0.0,1.5298545827009815,0.060735363452668875,25.188860257553223,4.200368559999231e-136,0.19383868521105718,0.04227354886737074,4.585342144308909,4.583249649715903e-06,0.11007706472652408,0.0577876815237997,1.9048534536065294,0.056825596633301764
2.43,0.16889844547815702,0.1682842932117451,10835,-0.3164174776977701,0.10374751550227337,-3.0498800493283773,0.00229486178935893,-0.33228380001631674,0.12617856929602292,-2.6334408598084345,0.00846446969314525,0.02182417772018974,0.16962627769889746,0.12866035862043557,0.8976287938106217,-0.5530184532311061,0.1574714386940359,-3.5118651218117765,0.0004467864752400163,-0.016470913423965918,0.16031940336262054,-0.10273811577698407,0.9181727245338211,-1.8535293500798233,0.04556816473670482,-40.67597105983114,0.0,1.5511994431252212,0.06143527349882188,25.249329168445357,9.925890540427378e-137,0.18617995742525922,0.042760706263932136,4.353996313253099,1.3490644691051731e-05,0.11991581158046623,0.058453622691236974,2.0514692855545342,0.04024527522669371
2.484,0.16559405335573152,0.16497745926990537,10835,-0.31873208573307443,0.10516859439667155,-3.030677433330438,0.0024458212848635337,-0.32002198259450737,0.1279068969661733,-2.5019916062786005,0.01236432042565673,0.028322173573607837,0.17194972922451923,0.16471194052668056,0.8691737933228143,-0.5512046998371174,0.15962839962862047,-3.453049088504985,0.0005564082036824022,-0.031086862621605694,0.1625153742191577,-0.1912856723308157,0.8483053728184423,-1.8650547200140262,0.04619233348764104,-40.37584982609787,0.0,1.5523544582354338,0.06227678155921338,24.92669690644562,2.109341813046079e-133,0.1680749633147228,0.04334641992547907,3.87748200667267,0.0001061670618602713,0.12800309229120369,0.05925428966726505,2.1602333436108814,0.030776484315564092
2.538,0.16460325549739818,0.163985929249844,10835,-0.32693281318350426,0.106197687917185,-3.0785304237362756,0.002085446738390184,-0.3211749433538046,0.12915848884730466,-2.4866731271028417,0.012909334188083262,0.033556778895791645,0.17363228810261522,0.19326347226363724,0.8467562574340505,-0.5497736870871026,0.16119039209120056,-3.410710030260637,0.000650306555052283,-0.043483129562910915,0.1641056162448517,-0.2649703925917591,0.7910373147228168,-1.8801977152912772,0.04664433373887795,-40.309241542968735,0.0,1.5637540972968518,0.06288617101381891,24.8664224914127,8.740947522609462e-133,0.160061345939577,0.04377057240311433,3.656825514308066,0.00025656853784282896,0.1313811164256506,0.059834103497705855,2.195756412238849,0.02813052373099292
2.592,0.16339807310035692,0.16277985626909908,10835,-0.33583636677613055,0.10739091469117917,-3.127232575883026,0.0017692788772843756,-0.3186038047801601,0.13060970092172772,-2.4393578924975428,0.014729334599948048,0.06427726728536698,0.17558320341025804,0.36607867971960995,0.7143135192332674,-0.5438948473079975,0.16300151147925945,-3.336747263090278,0.0008505041228482093,-0.03928382871929545,0.16594949080470905,-0.23672159841409235,0.8128772567571441,-1.9007366207978222,0.0471684248840237,-40.296800782966486,0.0,1.5742183121861317,0.06359275384475757,24.754680635927617,1.2096319448215135e-131,0.14944739773409732,0.044262374248604366,3.3763981320728527,0.0007369994596237157,0.12800164087245205,0.060506393598287675,2.115506035978229,0.03440961599248473
2.646,0.1620794820813264,0.16146029086173008,10835,-0.32132864268794925,0.10883926473160642,-2.952322798948833,0.0031607007351177304,-0.3625095911029771,0.13237119598072933,-2.738583635338246,0.006180537562388518,0.050327515905449226,0.1779512430203954,0.2828163212081698,0.7773230494352694,-0.5528434537884359,0.16519986546869686,-3.3465127360723685,0.0008211348021531624,-0.042088092733143366,0.16818760333412608,-0.2502449163838194,0.8024027001803864,-1.9205448129841913,0.04780457171529076,-40.17491934500244,0.0,1.578566906155672,0.06445041082502259,24.492736135404126,5.491138721323336e-129,0.14602248653091432,0.04485932801994269,3.2551197928332423,0.0011369274170025731,0.12532679969695837,0.06132242573532826,2.0437351946558233,0.041003865261938686
2.7,0.16079679604970876,0.1601766569741866,10835,-0.32746541162752246,0.11005120384019429,-2.9755731895766995,0.0029308753845835155,-0.35948673500991457,0.13384516614816108,-2.6858402537449697,0.007245801053668426,0.08506726431343822,0.1799327528309409,0.47277253849033657,0.6363849990745234,-0.5641783145252987,0.1670393870622016,-3.377516671054425,0.0007340117153006838,-0.04434366571312731,0.17006039377021487,-0.26075245817109155,0.7942883687300967,-1.9353422389095793,0.04833688172467867,-40.038624128322276,0.0,1.5942350640377874,0.06516807437811636,24.463436724979193,1.0846551596396807e-128,0.14602624707230077,0.045358842364755715,3.2193556858885946,0.001288579133910557,0.12203757548598378,0.062005258775090034,1.9681810526530872,0.04907268863760904
2.754,0.16145922502387655,0.16083957545803418,10835,-0.32275175819671625,0.11112134285840364,-2.9044983609312807,0.0036858621144425113,-0.3638099284225915,0.1351466778962911,-2.6919635324056737,0.0071141935060439546,0.10484927812424273,0.18168242073768928,0.5771019435921253,0.5638825915156518,-0.5722687078993118,0.1686636797499273,-3.392957563524037,0.000693900728291743,-0.0412736768406616,0.17171406275769657,-0.24036282281028046,0.8100535477118379,-1.9615544263493947,0.04880691005101359,-40.19009653139594,0.0,1.613458078445736,0.0658017693918925,24.51998013665164,2.9139963874805336e-129,0.14591436411248915,0.04579991220626166,3.1859092536107543,0.0014470932568429358,0.1249290761654588,0.0626081985379821,1.995410810130065,0.04602310958297896
2.808,0.1603686475237175,0.15974819206280755,10835,-0.3188265571519761,0.11232251261667911,-2.8384920326705068,0.00454116077765667,-0.37008084956018866,0.13660755029258018,-2.7090804920194045,0.006757609914152582,0.12603061035410829,0.18364632275495046,0.686268085652213,0.49255876722937264,-0.5852125481679746,0.17048685526440271,-3.432596297587793,0.0006000680924495486,-0.07028534330924963,0.17357021148619045,-0.40493897372961174,0.6855303702292121,-1.9819171244748592,0.04933448992757116,-40.17305393011151,0.0,1.6262015422431488,0.06651305575148296,24.449358458574373,1.5039322779051678e-128,0.1370708108215057,0.04629498784212699,2.9608131940532787,0.0030749356117565595,0.12500389041320906,0.06328496388988895,1.975254195146676,0.04826466934321696
2.862,0.1590102774221004,0.15838881817763117,10835,-0.298496920677874,0.11362586427499416,-2.6270156234452045,0.00862587513165162,-0.39552117060216796,0.13819269714394927,-2.862098929802136,0.0042165258888266785,0.0991284784892358,0.18577729128236375,0.5335877049610438,0.5936377710850596,-0.6233332856808715,0.1724651258742144,-3.614256983962619,0.0003025766151535448,-0.08923806908589553,0.17558426029710558,-0.5082350145445615,0.6112988933579293,-1.9951875798722392,0.04990695031651085,-39.978150682795096,0.0,1.624092398050178,0.06728485028753596,24.137564267584164,2.0045632152877035e-125,0.14540569656540714,0.046832178898221215,3.1048245028575843,0.0019088333059516295,0.13079106869347154,0.06401930076244255,2.042994333518263,0.04107716365861351
2.916,0.15731257600362658,0.1566898622227314,10835,-0.2857211634749885,0.11504242492740421,-2.4836156196749894,0.013020627247842566,-0.4147005625452367,0.13991552969157037,-2.963935193322729,0.0030439364720812275,0.06752919242852574,0.1880933555219722,0.3590195530359247,0.7195874633582773,-0.6293037261909333,0.17461522887043973,-3.603945258737206,0.0003148297747901899,-0.09519456801700837,0.17777324918538762,-0.5354830856341971,0.5923268502814494,-2.010043994646911,0.0505291345573194,-39.7799014817234,0.0,1.6196110908858192,0.06812368281944921,23.774567431686513,7.847459987088634e-122,0.14781609844567864,0.04741603031547682,3.1174287991255722,0.0018291391132433034,0.12225214350539283,0.0648174220619682,1.8861000579213814,0.059308216560991875
2.9699999999999998,0.15557815459807867,0.15495415914609123,10835,-0.2759284154138354,0.11605303088885126,-2.377606283097452,0.017442683049592286,-0.4166017889251755,0.14114463685351128,-2.951594890265302,0.003168154215672943,0.03922605758264009,0.1897456874031807,0.20672963965336766,0.8362248960950511,-0.6465545954284442,0.1761491602993649,-3.670494905168023,0.00024324501952371807,-0.10055580285784999,0.17933492267693593,-0.5607151209415965,0.5750033613355134,-2.0131934365377115,0.050973014670613354,-39.495279012766446,0.0,1.6151607071001386,0.0687221246552894,23.502776073961545,3.570708982653171e-119,0.15382040245764722,0.04783256293755266,3.2158093359635767,0.001304592785734916,0.11622876408024455,0.06538681959668453,1.7775564677584956,0.0755047947495932
3.024,0.15387652916488515,0.15325127627677493,10835,-0.2781004457416947,0.11717113151419928,-2.373455322550959,0.017639876494270193,-0.4172900551053253,0.14250447989700382,-2.928259205653919,0.003415759872001596,0.018108675407585737,0.1915737721168473,0.09452585918985112,0.9246931911110933,-0.6460139160960713,0.17784625071377966,-3.6324292106429974,0.0002820634839567387,-0.09284169223040215,0.1810627059813105,-0.5127598846334781,0.6081297557578932,-2.0180626826435804,0.05146410877770024,-39.213011369935955,0.0,1.616481213627308,0.06938422068125115,23.297533614355487,3.481250939105144e-117,0.15401755161262498,0.0482934006952817,3.1892049305956744,0.0014307108186032197,0.10919300790898316,0.06601678197957647,1.654018942376865,0.09815265501880327
3.078,0.15320761184149456,0.15258186464906265,10835,-0.2562896310234554,0.11829249988930249,-2.166575490950736,0.030288982184636475,-0.44499863877550794,0.14386829720423588,-3.0930972801032492,0.001985833567051663,0.002418617909690241,0.1934071995726966,0.012505314771289822,0.9900226928975826,-0.6580945198333925,0.17954830102774233,-3.6652784574759587,0.00024825098556361964,-0.1207047093820891,0.1827955388879676,-0.6603263412028182,0.5090584787012503,-2.0320075289289203,0.05195663815153487,-39.10968071110452,0.0,1.6283045080458727,0.07004825174246615,23.245469623315767,1.1060708971559004e-116,0.15466428981431588,0.0487555852928531,3.1722373731197426,0.0015169181074873549,0.11086250321608661,0.06664858548425635,1.6633886887558087,0.09626360033855573
3.132,0.1527452902809322,0.1521192014505468,10835,-0.24577616326355753,0.11911072000015417,-2.0634260565567852,0.03909594967234306,-0.46713574435118416,0.14486342313526832,-3.224663163695845,0.0012649518035531685,-0.0051392043452532015,0.1947449822759278,-0.02638940569966332,0.9789472306291167,-0.678639155975156,0.1807902227971498,-3.7537381473145404,0.00017512808000825095,-0.13043873014450952,0.1840599215515521,-0.7086753544441549,0.47854122142312217,-2.045108496340962,0.05231601821593128,-39.09144017612154,0.0,1.6330964256032403,0.07053277010465583,23.153725894787172,8.433230188458792e-116,0.14664163501813304,0.049092823921170946,2.9870279056180924,0.0028233505419951736,0.11320767798948692,0.06710958861678014,1.6869076434955284,0.09164992225511986
3.186,0.15178211512217576,0.151155314542181,10835,-0.21488748033417018,0.12028200723070415,-1.786530548347187,0.07404136912867353,-0.5001643036858376,0.14628795215912005,-3.4190396153867813,0.0006307423822617201,-0.053908357364259404,0.1966600266225087,-0.2741195467634973,0.7839979827461582,-0.7195950365497449,0.1825680416145519,-3.9415169828517693,8.147717197155525e-05,-0.1487267066680637,0.18586989328011763,-0.8001656645055646,0.42363237793634667,-2.054226009818752,0.05283047303653401,-38.88335446851266,1.056581204331957e-309,1.630389070312351,0.07122636118494477,22.890247981065876,2.7675562431116036e-113,0.15501313891824695,0.049575583136885794,3.1268041465136553,0.001771856699234668,0.12369211606668466,0.06776951749802772,1.8251880879967082,0.0680001904660308
3.2399999999999998,0.15018819886944612,0.14956022044629402,10835,-0.1934434300163928,0.1216589779877296,-1.5900464825202076,0.11185352723085996,-0.5156046523458888,0.14796263515507213,-3.4846949826590325,0.0004946480838587418,-0.06508490978962085,0.19891136173047413,-0.3272055915931601,0.7435187183093439,-0.7425012695082147,0.18465805374735966,-4.0209525359997,5.8356526805244374e-05,-0.16900785154445705,0.18799770452596146,-0.8989889103732008,0.3686785617982199,-2.0576528597156694,0.05343526853443087,-38.50739251716919,3.784662710378475e-304,1.6495415013147559,0.07204175010918253,22.897021502320545,2.3863711039881884e-113,0.1614113121877645,0.050143117133147126,3.2190123274379263,0.0012901216081219412,0.13183497760343368,0.06854533298332739,1.9233253653534739,0.05446539679654298
3.294,0.148315577935899,0.1476862157174884,10835,-0.14885495734973572,0.12278168189334127,-1.2123547670494035,0.22540306414706895,-0.5690833093883857,0.14932807674533397,-3.810959879694344,0.00013919477719764683,-0.10986057559666661,0.20074697276698852,-0.5472589403586385,0.5842121289812681,-0.8019443393282878,0.186362131174064,-4.303150722070591,1.6986563877859546e-05,-0.20431728522106102,0.1897326012069003,-1.0768696782808367,0.28156248671681783,-2.0550157373228126,0.053928384502305145,-38.10638416648605,2.8644232586893525e-298,1.6526521258417157,0.07270657202000637,22.73043660189291,9.027017610292866e-112,0.16239053007696222,0.0506058521846499,3.2089278821831515,0.001336191430681509,0.13586912409994675,0.06917788895514886,1.9640542108481633,0.049549352952990386
3.348,0.14707912979577364,0.14644885388947082,10835,-0.10205981568090092,0.12383669366595956,-0.8241484220840054,0.4098733857143082,-0.6155386221448336,0.15061119061475978,-4.086938159325004,4.402582927627693e-05,-0.1617618630680235,0.20247190775990254,-0.798934849074696,0.4243457173326646,-0.8628951428838536,0.18796346322398386,-4.590759970492763,4.466087716323437e-06,-0.2334428858382552,0.19136289429977923,-1.2198962954257768,0.22253076413903586,-2.0530221798187305,0.0543917686134435,-37.74508960003379,5.171501661792815e-293,1.6601509498136118,0.07333130926293208,22.639046902341267,6.557085245752017e-111,0.16527131574133813,0.051040687161617936,3.2380307737239957,0.0012072044166452007,0.1457903422588028,0.06977230569653185,2.0895159018092984,0.03668459224092145
3.402,0.14602231956338418,0.14539126271473346,10835,-0.05650004022013654,0.12500177152325564,-0.45199391601922323,0.6512824208183982,-0.6627305145906986,0.1520281677485291,-4.359261342193679,1.317070593257422e-05,-0.17258002683417778,0.20437679983568638,-0.8444208294333193,0.39845294616546045,-0.9143297289404276,0.18973185724759745,-4.8190627668143255,1.4619321476837559e-06,-0.27993832512862504,0.1931632707815526,-1.449231647382933,0.14730186720594574,-2.057577178911921,0.05490349614229398,-37.47625057572429,3.9822682685209137e-289,1.681307314133531,0.07402122339209345,22.713854717417696,1.294281897790718e-111,0.16518078382203685,0.05152088711425543,3.2060935491216065,0.0013494104396033618,0.1524220515254782,0.0704287360808798,2.1642025685430153,0.030470599208440634
3.456,0.14387189916048604,0.14323925323339237,10835,-0.02495143253825429,0.1258219712248921,-0.19830743625575944,0.8428082574950055,-0.7151019728589383,0.15302570127391982,-4.673084108785673,3.0028869719586045e-06,-0.2019751736194794,0.20571781915248427,-0.9818068967072283,0.32621692999638263,-0.9407834404389558,0.19097678370591134,-4.9261665328267625,8.509874191802573e-07,-0.2774443221861632,0.19443071247563032,-1.4269572880413002,0.15362104591458225,-2.0395485420595705,0.05526374568600809,-36.90572393785375,5.985073521909986e-281,1.6879030171152665,0.0745069139915236,22.65431389773161,4.7105136492885804e-111,0.1683272894686757,0.05185894165319688,3.245868197510719,0.0011744898261147742,0.15253635970709545,0.07089085455821212,2.1517071652992983,0.031442473479753125
3.51,0.14226039783839228,0.1416265610734474,10835,0.008530082404495511,0.12648689244598066,0.06743846923220517,0.9462338902307368,-0.7300074001567841,0.1538343838526335,-4.745411148499146,2.1074613639001244e-06,-0.2229586689334576,0.2068049595158001,-1.0781108415169478,0.2810083149128554,-0.9861946053320624,0.1919860233083837,-5.136804171145082,2.8431275266894285e-07,-0.323093739400691,0.1954582047768385,-1.6530067886870161,0.09835847775053057,-2.0252692913413695,0.05555579354462722,-36.45469107941907,1.4877094240943077e-274,1.7039710679772742,0.07490065466931217,22.749748657075685,5.931500662632565e-112,0.16897954398838502,0.05213299641861436,3.2413165479981885,0.0011933879332259205,0.17400732895016632,0.07126548573842631,2.4416774424136376,0.014635099212297838
3.564,0.14082634363591418,0.14019144715975373,10835,0.02305296692019218,0.12718454203763388,0.1812560437837706,0.8561699996185003,-0.7437830260432301,0.15468287094091304,-4.808438203395812,1.5416253718346531e-06,-0.21589398590947864,0.20794561047787255,-1.0382233383688177,0.29918927714058174,-1.0016838923230624,0.19304493912309095,-5.188863778937816,2.1541040976045543e-07,-0.31176315532577453,0.1965362717141385,-1.5862881319903799,0.11270316883221809,-2.01589959823785,0.055862216415257335,-36.08699632059817,2.1920743829287138e-269,1.7147623734611934,0.07531377582466763,22.768243321822073,3.96618336190395e-112,0.17009835851585545,0.05242054055034041,3.244879902611971,0.001178569489834423,0.17957387707515085,0.07165855679948993,2.505965583114131,0.012226303658591878
3.618,0.13958631956189227,0.13895050675536125,10835,0.04304979751764975,0.12785874319594828,0.3366981126325818,0.7363510126008721,-0.7507921497152843,0.15550283985450084,-4.828157160459431,1.3968770692564037e-06,-0.20717164006840708,0.2090479234571424,-0.9910246255609423,0.3216957047154379,-0.999712631529011,0.19406826412374242,-5.151345254943751,2.63174849200562e-07,-0.3247685651887879,0.1975781041563331,-1.6437477552260331,0.1002573544928373,-2.0096604176668666,0.05615834022409278,-35.78560921935317,3.5198591054846917e-265,1.7305621024296265,0.07571301172302858,22.85686519458934,5.741572403703455e-113,0.17203393989692936,0.052698420146337605,3.2644990005243115,0.0010999832396022243,0.18265156653518527,0.07203841649960238,2.5354744789010377,0.011243459540060338
3.672,0.13877278099899681,0.13813636701857857,10835,0.08431611658838846,0.12846836722771038,0.6563181147849261,0.5116334136543526,-0.7694206352616774,0.15624426954333545,-4.924472670329027,8.583748055495652e-07,-0.23634517583275066,0.2100446534010159,-1.12521395810786,0.260523324834148,-1.0281380676033134,0.19499357180826168,-5.272676725027057,1.370384799216174e-07,-0.3492488779148485,0.1985201465809102,-1.7592616363120923,0.07856132356210994,-2.001936717244856,0.05642610035475518,-35.478913209641064,6.277093710484158e-261,1.7401356606600507,0.07607400754005071,22.874247287996766,3.926977016119645e-113,0.17991143271855745,0.05294968355276628,3.3977810752970634,0.0006817944802807395,0.1946244512854943,0.07238189203213549,2.6888555386074544,0.0071807229226384175
3.726,0.13698779661758942,0.13635006360197333,10835,0.12387827854244603,0.12923673641567637,0.9585376571565888,0.3378131176621023,-0.7947683666336764,0.15717876637787961,-5.056461409825184,4.340975373144918e-07,-0.2588209161371512,0.21130093028265692,-1.2248924592566954,0.22064239230401483,-1.0574762329490728,0.19615982818453628,-5.390890901241297,7.158213760596367e-08,-0.36291652709357747,0.19970749539770408,-1.817240391357638,0.06920794633669038,-1.986105410435668,0.05676358480984149,-34.98907648431893,3.3689265236074786e-254,1.7517996791944317,0.07652900611020658,22.89066287718058,2.742551700886548e-113,0.17580899826878624,0.05326637556211035,3.3005624357487426,0.0009680327245538571,0.20254360972615065,0.07281480806278447,2.781626637695834,0.005418078806304531
3.78,0.13571825269306648,0.13507958153303912,10835,0.13584784607207248,0.12998567152135795,1.0450986211180309,0.29600072554180956,-0.7746031449791055,0.15808962732402337,-4.899772098212774,9.733764382961512e-07,-0.24329380374630266,0.2125254326102525,-1.1447750076692038,0.25232767863064626,-1.0722696706167187,0.19729658686265192,-5.434811051055736,5.6044125889530475e-08,-0.36395452001615414,0.20086481303291587,-1.8119376635494273,0.07002352386643047,-1.9780049450352104,0.0570925333934059,-34.645597724757245,1.5924104085795823e-249,1.7731250759524957,0.076972496567088,23.035826496897734,1.135265034285887e-114,0.16689850244433155,0.053575057595696925,3.1152276812062003,0.0018428321224120126,0.2170548345285094,0.07323677450579555,2.9637410439386964,0.0030458558875117972
3.834,0.13443310444648748,0.1337934836110517,10835,0.17316727130900594,0.13058421376729573,1.3260965189681677,0.1848357056054136,-0.7943995251916474,0.15881757925511328,-5.001962181501208,5.764023584738627e-07,-0.24940686790483263,0.21350404393152064,-1.1681599248060495,0.24276798641611544,-1.1045251101147646,0.19820507424310313,-5.5726379071407575,2.5691321191949542e-08,-0.3639535013880904,0.20178973094821734,-1.8036274674526775,0.07131751592183017,-1.962449691515212,0.057355426162767426,-34.215589052481775,1.0051794859588062e-243,1.7852569577616855,0.07732693017835826,23.087130882396405,3.6677758542902584e-115,0.1682030238367166,0.05382175351936499,3.1251866176414596,0.0017816203898909967,0.22617391066896148,0.07357400631746286,3.0741007862620484,0.002116634842918152
3.888,0.133277760323407,0.13263728573284606,10835,0.19175326014164618,0.13130130479902172,1.4604063564726653,0.14420744563260857,-0.7887200652585072,0.15968971118039502,-4.939078788661106,7.966518620991705e-07,-0.23500421734135313,0.21467648147755786,-1.0946900923840617,0.2736767846701022,-1.0925800151219625,0.19929349892386583,-5.482266210496662,4.293334432135089e-08,-0.35387216790736686,0.20289784043697398,-1.7440903616580874,0.08117171576252306,-1.9587547500899793,0.057670388136620065,-33.96465349686439,2.2914617216075867e-240,1.8014243335190332,0.07775156380398636,23.168978800998385,6.019209928450887e-116,0.1549047880047476,0.05411731065944381,2.862388875521769,0.004212672973431882,0.22198014488248458,0.07397803111170348,3.0006225030145046,0.0027004199146230144
3.942,0.1312766289798314,0.1306346756297333,10835,0.22682840064258272,0.1320457219408348,1.7178019651724636,0.08586133906401011,-0.8174490907129331,0.16059507734226086,-5.090125452418335,3.6383616001583555e-07,-0.2555275322512618,0.2158935969738633,-1.1835808742498126,0.23660500301952692,-1.1197440204138622,0.2004234000857615,-5.586892647937924,2.3675444221480307e-08,-0.3664565621143224,0.20404817653370458,-1.7959315703749565,0.07253327413921895,-1.9402958848063663,0.057997352332212995,-33.45490452205839,1.3176847112587284e-233,1.809534036094062,0.07819237889708126,23.142076780600515,1.0909055469433751e-115,0.14530447296179744,0.0544241305633692,2.66985382141495,0.007599756245563642,0.2202885601603271,0.07439745203491081,2.960969147934761,0.00307338029879164
3.996,0.13016025899290629,0.12951748068807933,10835,0.2498677297041604,0.13273623598631912,1.8824379631339991,0.059803371054428706,-0.8227009472473238,0.16143488612145143,-5.096178199230033,3.5242643708982846e-07,-0.2554113310158989,0.21702258138054767,-1.1768882730596446,0.23926597790474044,-1.12430784796344,0.20147148533054476,-5.5804812582725605,2.4562373159766367e-08,-0.3712922956253179,0.20511521702377908,-1.8101645553790087,0.07029798756911607,-1.9355287775858485,0.05830064111580752,-33.19909936738334,3.0253318030757843e-230,1.821236650477486,0.07860127465746386,23.170573994050923,5.810557920339579e-116,0.13337464719066988,0.054708733699426255,2.437904118260895,0.014788668782902118,0.2219212320681194,0.07478650277296782,2.967396840868652,0.003009898347006266
4.05,0.12950689027904339,0.1288636291597225,10835,0.26626318985921366,0.13309926318758866,2.0004858290157865,0.04547275702101106,-0.8322547074254824,0.16187640274621076,-5.141297269437648,2.7761212683825085e-07,-0.2580713487557729,0.21761612766988941,-1.185901759759514,0.23568712509870185,-1.140532471010024,0.20202250012248674,-5.645571509700733,1.687782136589993e-08,-0.35968924832057475,0.20567619724610217,-1.7488131983021256,0.08035165423246206,-1.923088342336105,0.058460090556415975,-32.895746893861876,2.7493090743406355e-226,1.8332804293275204,0.07881624535135981,23.2601847646361,7.979744706351152e-117,0.12631982932936717,0.054858359446550424,2.302654155242157,0.021317182110962334,0.22683738143868448,0.07499104024981178,3.024859779022119,0.002493318663209391
4.104,0.12878470838251954,0.1281409135983943,10835,0.2987275714751615,0.13369677225396306,2.2343663683048005,0.02547930636107531,-0.8634449693848372,0.16260309811594106,-5.31013848683974,1.1171148774559238e-07,-0.2859197752023928,0.21859304975163518,-1.3080003025130673,0.19090097871305403,-1.1546323888027068,0.20292941930854327,-5.6898225636133635,1.3047287772219392e-08,-0.38476485216672635,0.20659951860528017,-1.8623705164668893,0.06257795161224701,-1.916612169152834,0.05872252953084738,-32.63844702306333,5.935646592435328e-223,1.841638934688392,0.07917006715357862,23.261808419536585,7.697303845581028e-117,0.12256525573637664,0.055104629533632286,2.224227923745876,0.02615365701569744,0.23947298590690533,0.07532768994548258,3.1790830978650844,0.0014815766927490464
4.158,0.12758826808083723,0.12694358917308246,10835,0.32120724328257266,0.1341464176979769,2.3944526346260897,0.01666209507803381,-0.8592036858034992,0.16314996054962405,-5.26634320295874,1.4183659784617993e-07,-0.29567951221363614,0.21932821610798675,-1.3481143350386695,0.17764981693125792,-1.1732649762705876,0.20361190615777797,-5.762261148723934,8.52589856885859e-09,-0.4003180532630274,0.20729434863528157,-1.931157582917787,0.05348964270963201,-1.903455288751412,0.05892002358713138,-32.305745532103664,1.1297614198857827e-218,1.8508179381019159,0.07943632982692314,23.299388858152195,3.340617368950018e-117,0.10909068850886997,0.05528995596445143,1.9730652087878242,0.04851353107244038,0.24874362539785577,0.07558103003755103,3.291085412229393,0.0010012092249604598
4.212,0.12687568686470985,0.12623048138668636,10835,0.36719838975111196,0.13460351288879718,2.7280000489621195,0.00638223657986077,-0.8804244924293624,0.1637058834257582,-5.378087054694288,7.684834515122197e-08,-0.339677557427165,0.22007556273501236,-1.5434587702777454,0.12274873211059066,-1.2113623828996924,0.20430570048114197,-5.929165853164752,3.1377528133186235e-09,-0.46031821934406425,0.20800069064181015,-2.213061013998075,0.02691421819227706,-1.8922773769277323,0.059120789734203094,-32.006970567123446,7.334372445899184e-215,1.8617330131731433,0.07970700395272835,23.35720728227694,9.227075020713272e-118,0.09811522771633503,0.055478352892268885,1.7685317353754342,0.07700020710135685,0.2676826119381561,0.07583856748014745,3.529636975384964,0.00041785772742870543
4.266,0.12540189884101183,0.12475560428999832,10835,0.39391391702478484,0.13545736383942025,2.908028813344953,0.0036445381183393727,-0.8809453438135049,0.1647443438729321,-5.347348036986212,9.106885231610665e-08,-0.3536682509158542,0.2214716015486906,-1.5969011306314147,0.11031693402070139,-1.2129474887952496,0.20560170392733476,-5.899501150165264,3.755178139489083e-09,-0.4743724234491807,0.20932013308148478,-2.266253209692522,0.023455536348986804,-1.8831602922758135,0.059495819638198555,-31.651976621677697,2.2753873893476496e-210,1.8698822215821627,0.08021262152269906,23.311570998250094,2.5480098811026225e-117,0.09331906394475058,0.05583027717224814,1.6714777119383029,0.09465625857435551,0.2739352188757408,0.07631964580824661,3.589314598812526,0.0003330140453123552
4.32,0.1241617257850981,0.12351451479362208,10835,0.418062927405517,0.13583652862654863,3.0776914842610936,0.002091320970114366,-0.8846872258455093,0.16520548716041872,-5.35507168104202,8.727300070079111e-08,-0.3763041091569853,0.22209153264934112,-1.6943649524501658,0.0902247173938924,-1.219835549226853,0.20617721288523277,-5.916442133233544,3.389413745283259e-09,-0.4873784502642977,0.2099060504613299,-2.3218885267630025,0.020257398197119712,-1.8652722107217687,0.05966235705741843,-31.26380355584427,1.6633874742383722e-205,1.8738626751773302,0.08043714827194776,23.295985939755585,3.603080692097205e-117,0.08900986843995513,0.05598655420702365,1.5898436633699566,0.11189924871936595,0.27919467796869757,0.07653327555443672,3.6480168390298613,0.00026551374548079167
4.374,0.12463476979166965,0.12398790836162465,10835,0.4456653880218906,0.1361009191583187,3.27452151519618,0.0010617345130114013,-0.8795452430857862,0.16552704106821745,-5.313604577292635,1.0961177831922982e-07,-0.37050339144874117,0.22252380884936257,-1.665005616093662,0.09594057143874819,-1.2447109005110955,0.20657851365097502,-6.025364780260246,1.7421952282951287e-09,-0.5350945045860043,0.2103146089902055,-2.5442574206099207,0.010964804955201713,-1.8630409883115278,0.059778483127986934,-31.16574544594448,2.7656369799497016e-204,1.9041338170404787,0.08059371013804313,23.62633279667887,2.227491224187144e-120,0.07251810070964211,0.05609552574059004,1.2927608708936458,0.19612136601230354,0.29235228358917975,0.076682238971174,3.812516268585733,0.00013832207692825868
4.428,0.12387345702303088,0.12322603301196344,10835,0.4658300167143701,0.1367851194570867,3.405560623577288,0.0006626820465412628,-0.8541663608951102,0.16635917101747455,-5.134471130571982,2.878533956571259e-07,-0.38396664542817566,0.22364247033555448,-1.7168771425752445,0.0860302251798208,-1.2486005387402077,0.20761701568044796,-6.013960535209605,1.868923022012947e-09,-0.5643114978278205,0.2113718929468185,-2.6697565601581768,0.007601956339477051,-1.8583343377176265,0.060078998776734976,-30.931513100335636,2.213037598201014e-201,1.9178798023851873,0.08099886714136305,23.677859580900222,6.976604883201808e-121,0.06268365089237447,0.0563775265948724,1.1118552848694079,0.26622506712169597,0.3058520238764505,0.07706773240603647,3.9686132487335786,7.275876460710232e-05
4.482,0.1233290620196601,0.12268123572150358,10835,0.48241959859589817,0.13721680148596474,3.5157472945850774,0.0004403119606362065,-0.8362202834256354,0.16688418620006407,-5.010782042722478,5.506577038273653e-07,-0.40748749734372786,0.22434826666574695,-1.8163166731786577,0.0693494534030537,-1.2432327459667478,0.2082722370591642,-5.969267740729077,2.4579476767870045e-09,-0.5834244166250262,0.21203896439404343,-2.751496255852378,0.0059422372030095184,-1.8523138832498307,0.060268602910487544,-30.73430930531,5.9571313976904195e-199,1.9245170110289969,0.08125449257374333,23.68505358989698,5.931639521022785e-121,0.05994911765970632,0.05655544920195273,1.0600060384214296,0.28916550030301036,0.3101843544574434,0.07731095151655165,4.012165784701737,6.056902080569065e-05
4.536,0.1235035758988634,0.12285587855978997,10835,0.4837848885662842,0.13759514964932884,3.516002488454316,0.0004398894428166176,-0.8319865542978692,0.16734433630310933,-4.971704287564888,6.738406354460545e-07,-0.38411913730841263,0.22496686259370688,-1.7074476341972944,0.08776755559327129,-1.23970335852027,0.20884650651828088,-5.935954492069779,3.0110236526429874e-09,-0.5666478507545444,0.21262361985803427,-2.665027766590029,0.007709615052876397,-1.8448177935562704,0.060434781650793155,-30.525762535489505,2.141370835223329e-196,1.94953926668214,0.08147853574992465,23.92702874123438,2.4643705089398152e-123,0.061199719998841856,0.05671138965605215,1.0791433673202313,0.28054786311008245,0.30936275118506834,0.07752412115902586,3.9905354173634553,6.635884834950217e-05
4.59,0.12249112921467142,0.12184268371621554,10835,0.496220247405395,0.13827772214740858,3.58857695729474,0.00033395638596155373,-0.8127148890797843,0.16817448650797498,-4.83256946969328,1.3663264608704155e-06,-0.3933173144105226,0.2260828626400537,-1.7397042386035366,0.08193938388841616,-1.2329336132036726,0.20988253781758698,-5.874398251631773,4.368753248092019e-09,-0.5837146861021342,0.2136783883998552,-2.7317441434920973,0.0063102153182292755,-1.8413438616744273,0.060734582334083353,-30.31788136033813,7.305445359583641e-194,1.9561264554000735,0.08188272883251836,23.889365722057256,5.805021664120534e-123,0.053714970388288374,0.05699271959395882,0.9424882822047699,0.3459637384625057,0.3114753573456044,0.07790869745532565,3.997953598495346,6.431660269658447e-05
4.644,0.12148041691975497,0.1208312245435641,10835,0.4993987714757707,0.1387139485935921,3.6002058663827876,0.0003193868561416113,-0.7858733928653114,0.1687050286477269,-4.658268927515458,3.226785487682963e-06,-0.3851028743053953,0.22679608905267373,-1.6980137352190168,0.08953390754171739,-1.230071419350067,0.210544656864432,-5.842330257481196,5.295864177627261e-09,-0.600608733533434,0.2143524822636413,-2.801967708471506,0.005088216124242081,-1.833465842219657,0.06092618247473214,-30.09323361069026,3.8416219072376705e-191,1.9633738121007298,0.08214104529338934,23.902469284241516,4.3092798000085225e-123,0.042652538231599396,0.057172515233782153,0.7460322159553481,0.45566415267779703,0.32717074248716105,0.07815447699009043,4.186206025390517,2.858991156871993e-05
4.6979999999999995,0.1205003010485769,0.11985038440423812,10835,0.5091529035660123,0.13941685456078637,3.652018295564252,0.0002614146193592476,-0.76844669080944,0.16955990858254585,-4.532006989348791,5.905210204577006e-06,-0.383618516338994,0.2279453341426431,-1.682940858525905,0.09241537546949226,-1.2171921884003596,0.2116115509812196,-5.752012036943979,9.057694601240405e-09,-0.5940221424459127,0.2154386717953621,-2.757267938460715,0.005838425210815131,-1.8233444775428669,0.06123491405979665,-29.77622334477923,2.483037802709117e-187,1.9756548220376964,0.08255727907141738,23.93071627673954,2.265928339021969e-123,0.02747564685900826,0.05746222583985156,0.4781514544108241,0.6325520666423956,0.32741872260767974,0.0785505096082681,4.168257141048722,3.0932544410163924e-05
4.752,0.11942946007222388,0.11877875211735389,10835,0.5172977126894789,0.1399798646891759,3.695515164542658,0.00022052355728434145,-0.7597395104398316,0.17024464606426226,-4.462633792037446,8.177609123949317e-06,-0.3458758676794039,0.2288658507634329,-1.5112602711398757,0.13075133888571347,-1.2115972160681234,0.2124661065287678,-5.702543506176002,1.2112398793122983e-08,-0.6271249713419007,0.2163086824884716,-2.899213125091842,0.0037485226098471196,-1.819684976509642,0.06148220035050618,-29.596939701828035,3.426534322015327e-185,1.992772465780597,0.08289067193439595,24.04097372208277,1.8313493572416315e-124,0.02056762694609742,0.057694276801333676,0.3564933661777345,0.7214780665797854,0.32787423348996314,0.0788677218466229,4.157267711213883,3.2455706196666385e-05
4.806,0.1184206205707028,0.11776916712202046,10835,0.5226899519874659,0.14065383676988877,3.7161442872162276,0.0002033047776785511,-0.7601460339054872,0.17106433637181426,-4.443626591186625,8.933401824616242e-06,-0.34639269765570674,0.2299677892028339,-1.5062661551709091,0.13202803885507877,-1.2045991535823344,0.21348908382779666,-5.642439097982083,1.718695911472515e-08,-0.6300635628104092,0.21735016094065276,-2.898841022631897,0.003752970447728773,-1.81162776280609,0.061778223543477874,-29.324698233368824,5.797836912108701e-182,2.0003767709854277,0.08328977218184484,24.017075789546478,3.161864322395331e-124,0.017506398646172792,0.05797206198041898,0.30197992012231456,0.7626731709659852,0.33008989202416683,0.07924745247939699,4.165306034411449,3.133476483418729e-05
4.86,0.11773191737685762,0.11707995500285195,10835,0.5504385947293351,0.14093926155352413,3.905502190532597,9.460112804581776e-05,-0.7538653639524461,0.17141147230722803,-4.397986633014045,1.1030322839777404e-05,-0.3935937994761659,0.23043445622012762,-1.7080509830534054,0.0876555510990584,-1.2240247892870633,0.21392231108244847,-5.7218192113458795,1.0818639662240737e-08,-0.654275861537855,0.217791223367987,-3.0041424600125857,0.0026693977260858603,-1.803271022102796,0.06190358831484293,-29.130314916985462,1.129419217710191e-179,1.9923182231251981,0.08345878971986576,23.871880119667793,8.637281326125667e-123,0.013564112495245664,0.05808970301764662,0.23350287212047077,0.8153753544097251,0.338823715229441,0.07940826705436368,4.266856938175957,1.9993246400628596e-05
4.914,0.11702740820144053,0.11637492522209558,10835,0.5688605553325604,0.1415693003848481,4.018247980219901,5.902924199299791e-05,-0.7622476287092186,0.17217773064076525,-4.427097661657453,9.644506664211406e-06,-0.4112286101089175,0.23146456418219163,-1.776637437189863,0.07565598706806285,-1.2349196873063908,0.21487860503051434,-5.747057447301573,9.326203151574022e-09,-0.6710372507738243,0.21876481246112464,-3.067391155024395,0.002164691322666997,-1.79627037643275,0.06218031506938061,-28.888087402395385,7.723464995596328e-177,1.9978372608889285,0.08383187439307337,23.831475502043652,2.1612992680883527e-122,0.01923317446358132,0.05834938061349735,0.32962088476963736,0.7416928171051984,0.35089120258262646,0.07976324473213017,4.399159083372655,1.0971010790082666e-05
4.968,0.11589582985471558,0.11524251068224534,10835,0.5952276196938058,0.14212721882166354,4.187991748721105,2.8366301352593808e-05,-0.7478203493791054,0.17285627556591773,-4.326255132657469,1.530258489563049e-05,-0.45741536437871877,0.2323767559319258,-1.968421336051001,0.04904505406986719,-1.2472517207294498,0.21572543223879895,-5.781662865548438,7.601090422026755e-09,-0.6823650477580163,0.2196269550433564,-3.1069275974040216,0.001895318017528773,-1.7813555947237962,0.062425364978435004,-28.535765795509082,9.443381332438045e-173,1.9922586766398562,0.08416225215286696,23.671641688262383,8.026688447500605e-121,0.01812227055688089,0.05857933297698671,0.3093628697342858,0.7570514653042782,0.358501157722931,0.08007758819992512,4.476922517045365,7.650106544214228e-06
5.022,0.1145643693998335,0.11391006632900391,10835,0.5994078401774486,0.14250378810012718,4.206258992612097,2.617236943267524e-05,-0.7406594938402218,0.17331426217472798,-4.273505737765082,1.9406983775430185e-05,-0.49631695942545356,0.23299244339867908,-2.1301847913418954,0.033178842681105346,-1.228694361107209,0.21629700164709328,-5.680588966794495,1.376942439089819e-08,-0.6679460836851684,0.2202088616244991,-3.0332388931020966,0.002425172401819175,-1.7694969134153242,0.06259076239381152,-28.270895667988828,1.0460995350979815e-169,1.9751367414922147,0.08438524194208422,23.40618686437852,3.0956029866184215e-118,0.013404703418190361,0.05873454024365181,0.2282252208425038,0.8194754657154731,0.3584248748571566,0.0802897555796822,4.464142059835316,8.120327588138556e-06
5.076,0.11507412554756147,0.11442019916703128,10835,0.6147832824339589,0.1428395324345009,4.304013545520865,1.692062030463076e-05,-0.7466795001772006,0.17372259715562294,-4.298113845882211,1.7376435953103245e-05,-0.5060415350890002,0.23354138243999098,-2.1668174171189074,0.030270518175058485,-1.2544099174991021,0.21680660559386,-5.785847317996233,7.41482274981953e-09,-0.6815810815680398,0.22072768206187138,-3.087882204901641,0.0020209828784025995,-1.7716293698416605,0.06273822860602961,-28.238434670617938,2.4603933736219443e-169,1.9889519396860134,0.08458405677546185,23.51450161542755,2.7456783254441503e-119,0.008966809472079966,0.058872921050097435,0.15230787452264738,0.8789469526663256,0.3598908831074689,0.08047892129172059,4.471865145942175,7.83297801333264e-06
5.13,0.11409962980779953,0.11344498331218367,10835,0.6168006814835615,0.1436079262244917,4.295032298700298,1.7619147492167827e-05,-0.7455347339147218,0.1746571239113491,-4.268561838297152,1.984132787710996e-05,-0.5020249760186808,0.2347976995457267,-2.138117098208246,0.03252956368291434,-1.2304963451654716,0.21797289931190827,-5.64518042862151,1.6916120068710994e-08,-0.6828606095854932,0.22191506889578713,-3.077125915708632,0.0020952896272041044,-1.773569031273332,0.06307572386686017,-28.11809239029853,5.818397816411017e-168,1.9929803067420147,0.08503906991398706,23.4360548481753,1.5887825105787688e-118,0.004113729841985042,0.059189623199442945,0.0695008621380066,0.9445922300613174,0.3487097704094966,0.08091185118368922,4.309749008434403,1.6488434368849055e-05
5.184,0.11295962953999905,0.11230414062778027,10835,0.616356091867363,0.14423713683188458,4.273213580118108,1.9432397331753832e-05,-0.7287180867558394,0.175422374952228,-4.1540771920018065,3.2911100084087255e-05,-0.4957860658432019,0.2358264533689291,-2.1023344021019965,0.035547027507561904,-1.2321395371640316,0.21892793615407274,-5.6280598940872535,1.867804073846688e-08,-0.6628289540773018,0.22288737814751516,-2.9738290233672044,0.002947571795948321,-1.7669289752961153,0.06335208684743807,-27.890619918348737,2.227198017192467e-165,1.9920657916387425,0.08541166414495632,23.32311179721203,1.971137482762965e-117,0.0031063394912594433,0.05944895943347823,0.05225220964103422,0.958328696498985,0.3498122137046345,0.08126636222195173,4.304514243534614,1.688246508295037e-05
5.2379999999999995,0.11166289179675659,0.11100644464493448,10835,0.6512484307900887,0.14496080208012996,4.492582970326683,7.1093723239960436e-06,-0.7499823960369809,0.176302502492929,-4.253952073465665,2.11796215139487e-05,-0.5486579838032811,0.23700963970130182,-2.3149184332533608,0.02063600557646142,-1.2537050314171174,0.22002633939989874,-5.697977046004949,1.2440252388651665e-08,-0.6806065974811031,0.2240056466696218,-3.038345718511758,0.0023844798511290844,-1.754016080221776,0.06366993636013847,-27.54857599197954,1.5759413697084458e-161,1.9832738599271489,0.08584019076780904,23.104257366945383,2.514081252860468e-115,0.003816124996204555,0.05974722621089285,0.06387116588031355,0.9490739908968489,0.34862654619857913,0.08167409107377921,4.268508429235557,1.984607027124634e-05
5.292,0.11074420527223805,0.11008707924620609,10835,0.6345530073395637,0.14559864648756912,4.358234246317258,1.3232545279700412e-05,-0.7133800081341307,0.17707825403140684,-4.028614422681199,5.6489959484729984e-05,-0.5288534124735615,0.23805250971183803,-2.221583015922568,0.02633209825208013,-1.2404120797996723,0.22099448091168453,-5.612864514455341,2.0390148160395896e-08,-0.6806871762977192,0.22499129759671885,-3.025393353292283,0.002488927479008243,-1.7553493662454178,0.06395009149343356,-27.448738934574603,2.0581258959844536e-160,1.9877244299368213,0.08621789760185712,23.05466133163987,7.500121118350238e-115,-0.0026245327283124812,0.06001012096279657,-0.04373483482793789,0.9651165781774947,0.35457096630684337,0.0820334665841002,4.322272129550194,1.5581057116472703e-05
5.346,0.10966013631751437,0.10900220920598103,10835,0.6437930231351965,0.1462679388406657,4.401463699003106,1.0855311108495484e-05,-0.6991015328622708,0.1778922528162996,-3.9299155629008635,8.55042403247401e-05,-0.5282487218324583,0.23914679683764029,-2.208888970363642,0.0272032308211877,-1.248443910758634,0.22201035516408263,-5.623358918713222,1.91922200498705e-08,-0.6784527552914139,0.22602554453944446,-3.0016640671028885,0.0026912062220327297,-1.7486658799375572,0.06424405924827828,-27.219106332924017,7.359545939955596e-158,1.9888644644032734,0.08661422669527293,22.96233009619213,5.705937173790598e-114,-0.005536791789126116,0.06028597733947126,-0.09184211708053362,0.9268251801396172,0.3576867595977686,0.08241056055583179,4.34030247076698,1.435786507586054e-05
5.4,0.10890859254042196,0.10825011006677732,10835,0.6367337676291616,0.14662790504115986,4.342514253684688,1.4214282606851242e-05,-0.6690342247864111,0.1783300466271045,-3.7516629274784483,0.00017658242476486418,-0.5382727973642275,0.23973533841756758,-2.24527931892407,0.024770305205557248,-1.2455330910564324,0.22255672386697267,-5.596474774677742,2.2407574799385654e-08,-0.6652880493783446,0.22658179464543057,-2.9361937503382793,0.003329658967162963,-1.7343681904541095,0.06440216423078655,-26.930278060826705,1.1270778848897974e-154,1.989753229898509,0.08682738478267991,22.91619441122934,1.5684608411082176e-113,-0.0023673704750312545,0.0604343414606722,-0.03917260315596931,0.9687534986873942,0.3581384670249329,0.0826133733977916,4.335114912938619,1.470007298841075e-05
