peth_time,r_squared,r_squared_adj,n_trials,Intercept_beta,Intercept_se,Intercept_tstat,Intercept_pvalue,C(Q_diff_bin)[T.1]_beta,C(Q_diff_bin)[T.1]_se,C(Q_diff_bin)[T.1]_tstat,C(Q_diff_bin)[T.1]_pvalue,C(Q_diff_bin)[T.2]_beta,C(Q_diff_bin)[T.2]_se,C(Q_diff_bin)[T.2]_tstat,C(Q_diff_bin)[T.2]_pvalue,C(Q_diff_bin)[T.3]_beta,C(Q_diff_bin)[T.3]_se,C(Q_diff_bin)[T.3]_tstat,C(Q_diff_bin)[T.3]_pvalue,C(Q_diff_bin)[T.4]_beta,C(Q_diff_bin)[T.4]_se,C(Q_diff_bin)[T.4]_tstat,C(Q_diff_bin)[T.4]_pvalue,Reward_beta,Reward_se,Reward_tstat,Reward_pvalue,Q_chosen_beta,Q_chosen_se,Q_chosen_tstat,Q_chosen_pvalue,RPE_abs_beta,RPE_abs_se,RPE_abs_tstat,RPE_abs_pvalue,Port_beta,Port_se,Port_tstat,Port_pvalue
-2.16,0.05561441810842571,0.055419548759570114,38779,0.19552108207592436,0.022871619243836152,8.548633133118322,1.2903391334248895e-17,0.10480654558752027,0.03064366162267101,3.4201704377906834,0.0006264635914243504,0.1469926829479918,0.033177356804509235,4.430512165695297,9.426675880028625e-06,0.14487094966793118,0.03255774051442637,4.449662273207771,8.624465706045273e-06,0.03635818346903816,0.03272951181719545,1.1108684930013613,0.2666318482238617,-0.02551339174929139,0.009278736165492386,-2.7496623779621707,0.005968433096395474,0.45274627122555783,0.011039001454503044,41.013335589413565,0.0,-0.012180128805892582,0.009155497831808263,-1.3303622620690345,0.18340676723006583,-0.021329905327557044,0.010804705090168513,-1.9741311909536234,0.04837391428547562
-2.106,0.05816364708547972,0.057969303757563484,38779,0.18585860862699627,0.021100882936714388,8.808096286037983,1.3245133345542436e-18,0.07997691736113023,0.028271208512118253,2.828917530244549,0.004672970205307273,0.12928259319835522,0.030608743290889712,4.223714510906904,2.408562777232206e-05,0.11296222295106964,0.030037098115122663,3.7607568653310417,0.00016964886242029932,0.007372941254529182,0.030195570766882732,0.24417293885418195,0.8070981765778047,-0.023768225384040893,0.00856037010503652,-2.7765417957871685,0.005496692720084407,0.42690464635531566,0.010184354458963958,41.917693269166136,0.0,-0.014149423219749487,0.008446672966908216,-1.6751475137232266,0.09391335706531681,-0.0217203381977207,0.009968197478401549,-2.178963473063504,0.029340381992733894
-2.052,0.06222954586616514,0.062036041516588925,38779,0.16601065380477523,0.01923544971031841,8.630453475476722,6.339249905621049e-18,0.07309599359108197,0.025771879367122483,2.8362694295524085,0.004566756763403317,0.11771488148609201,0.027902763312502066,4.218753539487212,2.4621416669349936e-05,0.0992441379186343,0.02738165469047938,3.624475549066856,0.00028991869744133067,-0.012449052251007878,0.02752611749483378,-0.4522632824387373,0.6510818543989726,-0.023330551942166967,0.007803586662747614,-2.9897216434516234,0.0027940694645141825,0.4045789431090796,0.009284001935606297,43.57807612657055,0.0,-0.012496843581187436,0.007699940972222085,-1.6229791405246368,0.10460199441393322,-0.023751224781972665,0.009086954411973625,-2.613771755108218,0.008958343424897446
-1.998,0.06684341584387732,0.06665086354381933,38779,0.14906064888242376,0.017423723430081216,8.555039884590785,1.2207802457404758e-17,0.0579680932943673,0.023344507413584435,2.483157698184499,0.013026537521645799,0.09417708194949288,0.025274690127533552,3.7261419022067046,0.00019470882165983482,0.06902496102534256,0.024802663081434213,2.7829657161698296,0.005389055395920588,-0.03313411908557364,0.02493351939032803,-1.328898602995721,0.18388924549461538,-0.02181705998679136,0.007068591471581154,-3.08647912027531,0.0020268492503586017,0.3789810657579562,0.00840957110368828,45.06544520347087,0.0,-0.011022609718116246,0.006974707841427819,-1.5803686647123796,0.11403062099818304,-0.02774390936901186,0.008231082864210502,-3.370626906168677,0.0007507050884611754
-1.944,0.0697150820769391,0.0695231223311722,38779,0.13348553570381805,0.015869608969085198,8.41139412847882,4.188201820707604e-17,0.04289037820841817,0.021262286773325385,2.017204389427497,0.04368106641228916,0.07707725063691435,0.02302030623639702,3.3482287266469464,0.0008140725205637564,0.04248178160600964,0.022590381790311278,1.88052517218764,0.060044028674019055,-0.04321063934112006,0.02270956632980515,-1.9027505287235844,0.05708050610549425,-0.015750219230627135,0.006438106244417157,-2.4464056094577553,0.014433267867020438,0.35072605125451856,0.007659476778817831,45.789818467032404,0.0,-0.007189904211465918,0.006352596594019505,-1.1318055703764782,0.2577231855713674,-0.02847034371563116,0.0074969088536863656,-3.797611024926864,0.00014631997958676658
-1.89,0.06786613869275893,0.06767379742656199,38779,0.11533799360845245,0.014631396843191315,7.882910623268667,3.281578119783971e-15,0.02758995602733794,0.01960331575782958,1.40741272385609,0.15931305736198853,0.06702470482958119,0.02122416731582093,3.1579427278458927,0.0015900857620540988,0.023835021237967723,0.020827787342280073,1.144385663549724,0.2524707961480398,-0.050883782027921085,0.020937672614078823,-2.4302501508074026,0.01509291104735064,-0.013624854806168043,0.005935778730540804,-2.295377813877286,0.021716794677690335,0.31684548176343136,0.0070618529152424725,44.867187913181326,0.0,-0.00888877866155292,0.005856940894565899,-1.5176486875255948,0.12911113964770576,-0.030527627104981112,0.006911969207886714,-4.416632393290814,1.005215273185574e-05
-1.836,0.06440737224687842,0.06421431728113114,38779,0.1006519565316159,0.013627787487826039,7.3857885310825555,1.5459358100333854e-13,0.016189069332703917,0.018258668264388607,0.8866511564963804,0.3752722424232321,0.0495014266825155,0.01976834097837126,2.504075923046628,0.012281242544049577,0.005904374469019727,0.019399149840864893,0.3043625374026435,0.7608533390943107,-0.05782219803315375,0.01950149776759837,-2.9650131862807485,0.0030285416590694735,-0.011404951921651587,0.0055286266910469705,-2.0628905800640704,0.03912966899944223,0.2854711988416574,0.006577460226840409,43.40143292341703,0.0,-0.0038333400461275187,0.005455196567718311,-0.7026951272135094,0.4822499840535197,-0.03021568502455485,0.006437857471640568,-4.69343801997141,2.6956830532283378e-06
-1.782,0.05681063699807476,0.05661601448314024,38779,0.08068901398058971,0.012838826460684797,6.284765529597004,3.31833619219276e-10,0.017178423233285764,0.01720160909899057,0.9986521106501505,0.3179694797279795,0.04545482312227031,0.018623881496807826,2.440673987861304,0.01466432667729745,6.56229066995372e-05,0.01827606414571533,0.00359064764581284,0.9971351023101267,-0.06366979008919224,0.01837248678740356,-3.465496577896312,0.0005298256600420649,-0.006558314163651065,0.005208554852772017,-1.2591427658980494,0.20798635072702512,0.2520519434482148,0.006196667689446909,40.675401051030384,0.0,-0.0006925645261682575,0.005139375860125886,-0.13475654340472648,0.8928050652144764,-0.028177012113055774,0.006065147033651142,-4.645726139320578,3.3999438314702347e-06
-1.728,0.048644703013656754,0.04844839549815794,38779,0.05673336344259582,0.012182131056565989,4.6570967903039735,3.2176201760996422e-06,0.023208364202778747,0.016321760954508924,1.421927711566403,0.15505528184914363,0.039167667780449285,0.017671285290039355,2.216458346837207,0.026665909355545227,-0.004031095020305691,0.01734125851012053,-0.23245688990525712,0.8161843940366826,-0.06808393553686018,0.017432749213064706,-3.905519129813198,9.418257390587253e-05,-0.005782037552013101,0.004942141559906801,-1.1699457577095664,0.24202999002654177,0.22125275978979927,0.005879713238432837,37.629855541861666,2.1583369334718813e-304,0.0005959651690572295,0.004876501015784093,0.12221163640245941,0.9027320444386089,-0.02615026381439179,0.005754919755908883,-4.543984090749818,5.536721559779852e-06
-1.674,0.0385781179506296,0.0383797332445065,38779,0.031516307914559345,0.011699684705880628,2.693774123564053,0.007067842371591857,0.032249481715435804,0.015675373719574566,2.05733415307122,0.0396607671533298,0.03651380872568034,0.016971453129269395,2.1514839329054096,0.03144418017150198,-0.005679894178401733,0.01665449632987048,-0.34104268696583906,0.7330732945342288,-0.05573887110814194,0.016742363745924034,-3.329211570959429,0.0008717336360323081,-0.0038008558390422616,0.004746418976634937,-0.8007838873375123,0.4232616756295169,0.18819928924626034,0.0056468602029674676,33.32812970070699,3.767619646080715e-240,0.0017964451075752868,0.004683377981049505,0.3835789284666532,0.7012926634555852,-0.02576863316198633,0.005527008890245615,-4.662310785760505,3.137187389024041e-06
-1.6199999999999999,0.028034361054316115,0.027833800695493238,38779,0.0110894592402043,0.011331276845043188,0.9786592801371128,0.3277544647682651,0.0330222176507801,0.015181776580418053,2.1751220929817414,0.02962699060134679,0.025898130373435916,0.016437044134511244,1.57559535409777,0.11512724676787928,-0.002158345101447896,0.016130067892655534,-0.13380880451412422,0.8935544593389839,-0.05906834701449123,0.01621516847801242,-3.642783428034511,0.0002700572352925587,-0.0020630635760003455,0.004596960413795086,-0.4487886321164019,0.6535866483456133,0.154651468305957,0.005469047916557931,28.27758517853513,3.8464918268082736e-174,0.0010408459024927957,0.004535904497202169,0.2294682137013266,0.818506233805405,-0.021000201649647363,0.005352970565857143,-3.9230930548344447,8.756996915009724e-05
-1.566,0.018357876813094864,0.018155319759045496,38779,-0.0029696519017693387,0.011029195968173927,-0.2692537071912247,0.7877358861963902,0.03165789021112123,0.014777045106237185,2.1423694644986147,0.03216997217447549,0.010892792100610211,0.015998848441899256,0.6808485085766026,0.49597141848060466,-0.005479623705187165,0.015700055889629985,-0.3490193757084967,0.7270766588412628,-0.05896585565389949,0.015782887775722145,-3.7360625312563567,0.0001871920650197838,-0.003788503114769761,0.00447440989705081,-0.8467045268398082,0.3971650610958394,0.12073024111112686,0.005323248390796938,22.679806059745495,3.872280618293416e-113,-0.0002131565625761564,0.0044149816721183,-0.04828028254846283,0.96149311716255,-0.01595589634507748,0.005210265549952706,-3.06239599346761,0.002197231440425444
-1.512,0.00923336632168037,0.00902892646948994,38779,-0.010189880378709857,0.010830885813951576,-0.9408168965814392,0.34680456222784717,0.019217743314806367,0.014511346853851003,1.3243252682438906,0.18540284889586386,-0.012153408487970968,0.0157111815883001,-0.7735515256867405,0.4392007637520984,-0.009993578788116337,0.015417761467284387,-0.6481861072583165,0.5168684250730855,-0.060925928362580546,0.015499103996930906,-3.930932289675903,8.476398135904382e-05,-0.003189905112211635,0.004393957893178666,-0.7259753483673013,0.4678582654313308,0.08042381232507174,0.005227533869775729,15.384656384545256,2.9821773124614233e-53,-0.0010541046588746876,0.004335598215807151,-0.24312784681743085,0.8079076459123085,-0.011190386079147192,0.0051165825137883215,-2.187082109785389,0.028742483622122176
-1.458,0.0031379325762598276,0.0029322349611092813,38779,-0.013068647120000255,0.010664116498693406,-1.225478652788673,0.2204023727573611,-0.00048233645872875717,0.01428790738455356,-0.033758369630125386,0.973070007015925,-0.03159420376468674,0.015469267580490833,-2.0423852390097625,0.04112008330616335,-0.015605301179851825,0.015180365416132154,-1.0279924594745322,0.30395978803912627,-0.05804312823898104,0.01526045546853872,-3.8034990737100864,0.00014288520613163502,-0.0007597977453999312,0.004326301621872147,-0.1756229250310891,0.8605911078998646,0.03971131102621262,0.00514704255457523,7.715364814870834,1.2351597311657055e-14,-0.00027448288773489676,0.004268840541679212,-0.06429916626188263,0.9487323488086181,-0.007096545057662586,0.005037799579784229,-1.4086596628694255,0.15894384716680474
-1.404,0.0009736967558673371,0.0007675472439904185,38778,-0.007931756199318454,0.010594761686402956,-0.7486488544143343,0.4540734197293309,-0.020806784324772985,0.014194955278864232,-1.4657872403270986,0.14271436832560475,-0.05538771415498973,0.015369096210147138,-3.6038367772348967,0.0003139465195886287,-0.022994420037841648,0.015081653559873436,-1.5246617319881346,0.12735164826732076,-0.059192341561171195,0.015161264372820107,-3.904182402312465,9.470439179043892e-05,0.0018025909336180895,0.00429823474785837,0.41937935905344514,0.6749412303635719,0.00045891466576996644,0.005113570047232625,0.08974447627217369,0.9284907351545999,-0.002435848520313493,0.0042411461374788255,-0.574337323297588,0.5657428894423427,-0.004531696985131648,0.00500513509656627,-0.9054095239588199,0.3652540986180417
-1.35,0.0020589053083909237,0.0018529797297704986,38778,-0.007614302942226351,0.010555415282013305,-0.7213646018457763,0.4706895697463075,-0.027580712016101495,0.014142238618761157,-1.9502366463759706,0.05115511653237886,-0.06556921275524835,0.01531201907217206,-4.282205530583051,1.8549451995587786e-05,-0.030366551783881868,0.015025643914975717,-2.0209817266876806,0.04328851622724563,-0.054757461394618775,0.01510495907245295,-3.6251313977063635,0.00028918417673961383,0.004241100590327367,0.004282272134676808,0.9903855843219203,0.3219918698319991,-0.03566708754890641,0.005094579474258111,-7.000987565141549,2.5829086329565856e-12,-0.004977287507672981,0.004225395537706958,-1.1779459374291055,0.23882539026515043,-0.0011481920874950099,0.004986547224996958,-0.23025793914860807,0.8178925570742559
-1.296,0.006344350085882078,0.006139308810654054,38778,-0.012194306506497905,0.010580380404152746,-1.15253951565973,0.2491065478713564,-0.02294281856853293,0.014175687109891972,-1.618462540170144,0.10557108805855855,-0.06378748565441875,0.01534823426751256,-4.156014597030032,3.245414345615877e-05,-0.022295320362340536,0.015061181790610067,-1.4803167953420902,0.13879684913374793,-0.03875011927997948,0.015140684540194385,-2.559337338883753,0.010490951813414123,0.005057529334027272,0.004292400343185922,1.1782520104528396,0.23870338528811325,-0.06981287560912752,0.005106628910061994,-13.671029722087248,1.897658477801186e-42,-0.004487584847671084,0.004235389224631437,-1.0595448516450323,0.2893583151429083,-0.0013963686250839785,0.004998341148513948,-0.2793664104938358,0.7799651360647841
-1.242,0.013011133560487664,0.012807467978927178,38778,-0.0071677989588645775,0.01058047315973358,-0.6774554266763118,0.4981210841737448,-0.019377495303509386,0.014175811384638377,-1.366940824601251,0.17165178044225296,-0.057341439141774884,0.015348368821690187,-3.735995649305771,0.00018724182170813984,-0.028821653274946346,0.015061313828269553,-1.913621454514089,0.05567589766211055,-0.03458745107180568,0.015140817274834836,-2.2843846830707477,0.02235431187863046,0.003830548031762875,0.0042924379735991775,0.8923944982601552,0.3721870578087234,-0.09862954307559775,0.005106673678615918,-19.313852672554106,1.006623438666337e-82,-0.0022393982306409053,0.004235426355242302,-0.5287302960348116,0.596995584376899,0.0017001447525428729,0.004998384967735822,0.3401388175415004,0.7337538332456202
-1.188,0.02133171382060506,0.021129765194397576,38778,-0.008067345526777545,0.010613390654614986,-0.7601101089471014,0.44719339281310344,-0.016453185839098144,0.014219914535003096,-1.15705237177043,0.24725809287649936,-0.04255017055499141,0.015396119980310265,-2.763694398939981,0.005717800094847347,-0.030501112310527507,0.015108171914232676,-2.0188486392449563,0.043509824038607425,-0.010345861198827628,0.01518792270836511,-0.6811900085012547,0.49575533799437743,0.0020653052669850056,0.004305792414642745,0.4796574168233249,0.6314737177845877,-0.12587880280303795,0.005122561333368126,-24.573410567691848,2.511323375975746e-132,0.0012619574252318597,0.004248603424288689,0.2970287643269834,0.7664461401510668,0.007441489385126064,0.005013935719493968,1.4841613058966574,0.13777426209739896
-1.134,0.028936954001737236,0.028736574720146568,38778,-0.005397075320414384,0.01068301464978815,-0.5052015275970263,0.6134201693350874,-0.015329772922173399,0.01431319737864528,-1.0710236515738132,0.2841654624941446,-0.030461154963655944,0.015497118748571797,-1.965601184185494,0.0493518238541968,-0.030739076382616592,0.01520728173904389,-2.0213393103447044,0.043251510171921775,0.012501817301394973,0.015287555699531583,0.8177773835864444,0.41348934020777184,0.0021697769678947453,0.004334038474742622,0.5006362958103638,0.6166299553481609,-0.14691001436963627,0.005156165409309076,-28.49210657679854,9.800654220242884e-177,0.004095131912449748,0.00427647432379023,0.9575953466312973,0.3382728179129567,0.011503173396345854,0.005046827209847318,2.279288138476582,0.022655352064964506
-1.08,0.03488296296657656,0.03468381064652004,38778,-0.003140516729062147,0.010807020860232138,-0.2905996730901737,0.7713590645199713,-0.017573849142190543,0.01447934199460327,-1.213718769039412,0.22486252849317656,-0.0242685955775816,0.01567700607736517,-1.5480376455694032,0.12162139557343371,-0.03285333545287102,0.015383804700158644,-2.135579337700005,0.032719964583939866,0.020619990222450913,0.015465010464071095,1.3333317989248092,0.1824307768677703,-0.0004646161217579633,0.004384347091251159,-0.10597156477074812,0.9156054614179912,-0.16231802056633512,0.005216017104152861,-31.119150364192944,5.1464523548729074e-210,0.0031189838124200337,0.004326114747616173,0.7209665009784341,0.47093447288129786,0.014106300212383996,0.005105409729629895,2.763010406494172,0.005729793638066258
-1.026,0.039041543770612086,0.038843249575511885,38778,-0.012449386056823346,0.011018740306463637,-1.1298375050658456,0.2585516915911977,-0.013541735835554042,0.014763005578540132,-0.9172749927859298,0.35900426408630437,-0.008309531291081366,0.015984132998668837,-0.5198612456348671,0.6031632564553984,-0.022502759437007015,0.015685187537683873,-1.4346503274470792,0.15139483178314392,0.03731890680242291,0.01576798419695858,2.3667519155442327,0.01794984200567199,-0.003158247761800378,0.00447024047021762,-0.7065051159645173,0.47987831818571736,-0.17364005883578362,0.005318203661124265,-32.650133372116144,1.0794892188572917e-230,-0.0006348696268441926,0.0044108673015850145,-0.14393305974452159,0.8855540776900352,0.014057823157497549,0.005205429386732595,2.700607791035953,0.00692429594423091
-0.972,0.04245867965879491,0.04226109059117045,38778,-0.022225560005992524,0.011261978666016205,-1.973504005389362,0.04844525854842713,-0.016268538439771264,0.015088898480915103,-1.0781793290178343,0.28096044309370793,0.0015284632575218603,0.016336982251971013,0.09355848185104414,0.9254603750371679,-0.018119983154862754,0.016031437578961513,-1.1302781216977131,0.2583660429059493,0.049063094193255836,0.01611606197198965,3.044359985617419,0.0023333222439607137,-0.0014194821365197412,0.004568920893618053,-0.31068214345809714,0.7560439435982224,-0.18562708544762982,0.005435602846359577,-34.15022964232037,7.303437032481658e-252,-0.004347598229698601,0.0045082370640806635,-0.9643677046928274,0.33486762282506666,0.015212204251869584,0.005320339083265948,2.859254647831846,0.004248642636411591
-0.918,0.04056550159095962,0.04036752186521808,38778,-0.034816454801613085,0.011637183550066509,-2.9918282763026545,0.002774866195328827,-0.011567050601562873,0.015591601298321631,-0.741877013158874,0.4581663484321875,0.015429654669626374,0.01688126631726404,0.9140105001392497,0.36071701258049005,-0.0030952095900969364,0.016565542096147717,-0.1868462602752204,0.8517821527972347,0.054181384115925255,0.016652985841486456,3.2535537249390343,0.001140687034696814,-0.000468247564846632,0.004721139387806639,-0.09918105067094235,0.9209950328296759,-0.18475830952595637,0.005616695778267367,-32.89448402045205,4.426105574421942e-234,-0.0037087237144068845,0.004658433811478519,-0.7961310312638723,0.42596075408224,0.017419478369691432,0.005497591879425901,3.1685652103208692,0.00153312283488426
-0.864,0.03728152015181618,0.03708286277507733,38778,-0.03710937515567565,0.012070887529481872,-3.0742872108649766,0.0021115276842410243,-0.016048617553626885,0.01617268172035392,-0.9923287820243877,0.3210433607041872,0.008567597803452457,0.01751041101949108,0.4892859336034857,0.6246420463577709,0.0015520061121982393,0.01718292013245367,0.09032260525188261,0.9280313237780846,0.06494940330235535,0.017273622802098727,3.7600336678918374,0.0001701398768842656,0.003043410934973511,0.004897090633316954,0.6214732711434651,0.5342919298015374,-0.18548693555415985,0.005826023344488156,-31.837657452856593,1.3306178982289455e-219,-0.0005813635017867592,0.004832048094796218,-0.12031409671042959,0.9042349611291183,0.018384282226540823,0.005702480585103743,3.2239096568894965,0.0012655790401945243
-0.8099999999999999,0.03266438239432623,0.03246477226920441,38778,-0.036086654931650426,0.012584460650916184,-2.867556737842652,0.004138776018971453,-0.017434431360130637,0.016860771524256045,-1.0340233443676834,0.30113169989864647,-0.006844760651634611,0.01825541642385042,-0.374944098382332,0.7077040926667113,0.0011839262673438188,0.017913991970065223,0.06608947181187713,0.9473069335808116,0.07409918075328457,0.018008553714120364,4.11466583766713,3.885409892454332e-05,0.006527288505245014,0.0051054443369163505,1.2784956753024648,0.20108236216665207,-0.18361589156252742,0.006073899814819777,-30.230312840281115,1.923587828343798e-198,0.0019002646506312063,0.005037634470852173,0.3772136826572403,0.7060168775167057,0.01939139430648977,0.005945100752581684,3.2617435958623546,0.0011082489133166463
-0.756,0.02815618578915946,0.027955645395708717,38778,-0.04712524609490422,0.013187717224938266,-3.5734195153797605,0.00035277688354622204,-0.00796940698815928,0.017669020010006708,-0.45103842678574535,0.6519643765555736,-0.004563080359937031,0.01913051947949045,-0.23852359915417054,0.8114762746605706,0.01893957865377169,0.018772728289617693,1.0088879123790586,0.31303468941794266,0.08663053158167901,0.018871823004559283,4.590469694461937,4.436358245491436e-06,0.010058931496097576,0.0053501821087591495,1.880110114313569,0.0601005637572696,-0.17711958411568893,0.006365062073964731,-27.826843172538453,9.419644888029989e-169,0.004617751134617514,0.00527912166655814,0.874719589031214,0.3817319175041797,0.021847640765150018,0.006230088819349363,3.5067944292055326,0.00045405205612004403
-0.702,0.024765321625850323,0.024564081526105785,38778,-0.05920866804187795,0.013934089403635446,-4.249195360152507,2.1504020952893486e-05,-0.015473381871067643,0.018669016046877634,-0.828826855802909,0.407207491894801,-0.015387448761328646,0.02021323055525686,-0.7612562830698445,0.446508637042604,0.02191246747528133,0.019835189811549345,1.1047268860781185,0.2692848057596178,0.10207432647109038,0.01993989289198943,5.1191010415154885,3.08459985927404e-07,0.013262405131234592,0.005652981070006965,2.346090490484917,0.018976509743489252,-0.17695039890116693,0.006725299192084322,-26.311156403188363,3.057484988031578e-151,0.0071694351938804395,0.005577898890293685,1.2853289984076708,0.198685018900743,0.02321156433620272,0.006582686989772788,3.526153434344583,0.0004221291299143398
-0.648,0.021227898173717952,0.02102592291539651,38777,-0.0859033668550202,0.014767430433244499,-5.817082886785381,6.0353013285684196e-09,-0.016251927008944872,0.019785527153218997,-0.8214048017568626,0.41142078050309694,-0.016673943650343897,0.021422532988615624,-0.7783367008562794,0.4363752949335672,0.024749466673965687,0.021021463751189923,1.1773426896861423,0.23906598222710554,0.10458039270227902,0.021132520520127717,4.948789360108331,7.498909092893211e-07,0.010030689875520499,0.0059911898074994354,1.6742400420972547,0.09409149921429992,-0.17161815577181097,0.007127563636780326,-24.078095197384247,3.653506544339054e-127,0.008333432114855018,0.005911601158534358,1.4096742813618865,0.15864390404799034,0.025967930338471834,0.006976510093117876,3.7221949071769336,0.00019777757429700185
-0.594,0.017820270453943188,0.017617592012022953,38777,-0.12050216071904774,0.015772592617545503,-7.639971667371957,2.22256794996175e-14,-0.023087935447540283,0.021132251878334698,-1.092544967780296,0.27460042565148873,-0.022634346346809553,0.02288068240394124,-0.9892338850396675,0.3225548971487331,0.034263700805547366,0.022452313926301128,1.5260654611376212,0.1270017203404927,0.09911416531094401,0.02257092990230284,4.391230921364552,1.1300883295163732e-05,0.013885311286266466,0.006398987051623303,2.1699233291531703,0.03001870721002099,-0.16580872702793498,0.007612709476219128,-21.78051422373264,1.5070120125088318e-104,0.011970480805602656,0.006313981109473678,1.8958689609700927,0.05798480340428981,0.03177825945782169,0.007451374298891261,4.26475146504856,2.005982272034852e-05
-0.54,0.012683214397306353,0.012479475894293102,38777,-0.14514572537119125,0.016932474607562944,-8.572032661213113,1.0537115022489822e-17,-0.022953391949401606,0.022686271496829547,-1.011774541824089,0.3116521795557643,-0.015285430602059072,0.02456327778208589,-0.62228790219548,0.5337562344827752,0.0408753504835487,0.02410340802280149,1.6958328235111477,0.08992557366677276,0.10131878021970256,0.024230746758442584,4.1814138552870075,2.9033767624706507e-05,0.01812339523879016,0.006869554574382772,2.638219849999306,0.008337581908948542,-0.14544828387881453,0.008172531493487192,-17.797213017132375,1.4192246426996245e-70,0.010737515889850766,0.006778297481028359,1.5841021908383017,0.11317862260665579,0.03781590413868714,0.007999332079817437,4.727382706625949,2.282304263442328e-06
-0.486,0.006772802968816105,0.006567844818376467,38777,-0.14250086984373345,0.018285872174725614,-7.79294903092976,6.708906993699043e-15,-0.015954049460185197,0.02449956490865531,-0.6511972567540938,0.514923020735766,-0.010803464730105182,0.026526598629291968,-0.40726912941546406,0.6838125820936704,0.04821716219737345,0.026029971891015892,1.8523708899591764,0.063980178241168,0.11228911656920265,0.026167488698026736,4.291169009950514,1.781654137680232e-05,0.02350871149992245,0.007418631933950062,3.16887422225909,0.001531494282475939,-0.10928728045949204,0.008825754634061432,-12.382768951871515,3.7759848592642487e-35,0.007869248550372049,0.0073200807426569425,1.0750220970261835,0.28237152574300417,0.03421196654224899,0.008638711546001052,3.9603089372842946,7.498651046699133e-05
-0.432,0.002766327601675389,0.0025605373837275236,38776,-0.10690386661471299,0.019560818969186836,-5.465204027659231,4.6521781552054654e-08,-0.018247228508758543,0.02620763246191859,-0.6962562732544789,0.4862725261734503,-0.020626626952823867,0.02837803951815451,-0.7268517241872269,0.4673211821084089,0.04425441638151041,0.027844823660687426,1.5893229176376789,0.11199566185320076,0.11588724591949642,0.027991719577410465,4.140054547167525,3.479568835401986e-05,0.028047340910043565,0.007935972884485727,3.5342032184704357,0.0004094824743388007,-0.06631303111333312,0.009441678683041093,-7.023436545499364,2.2003592886451545e-12,0.006814137313915794,0.007830502240215417,0.8702043757704535,0.3841941131542429,0.020941812433112404,0.009241078172249466,2.2661654887845994,0.023446740782120185
-0.378,0.0011538866706490847,0.0009477637076487078,38776,-0.06294120299375287,0.020783683452543462,-3.0283949973290354,0.0024601815308159794,-0.02359341142150111,0.027846029247913524,-0.8472809969223508,0.39684374669800093,-0.027779321194441813,0.030152121507702443,-0.9213056927800423,0.35689658296269244,0.025966034167842628,0.029585571118839398,0.877658709495321,0.38013439738507715,0.10096747789604366,0.02974165038313054,3.394817590664451,0.0006874313457709268,0.026565332371643106,0.008432098297056951,3.1505007930131916,0.0016311469667827086,-0.02731859111224051,0.01003193482430716,-2.7231627388615163,0.006468912728950358,0.00203607236998103,0.00832003404823879,0.24471923530313341,0.8066751284146996,0.00869049514609447,0.00981879356865323,0.8850878761561009,0.3761147273799882
-0.324,0.0016347920179007325,0.001428762980500542,38775,-0.053060741021416474,0.021899513797692473,-2.4229186780853293,0.015400922824788417,-0.015170776046810748,0.029340975626521184,-0.5170508383878669,0.6051236203976691,-0.04450792663168205,0.03177172951301413,-1.4008657165940872,0.16126223695139777,0.01606182287881293,0.031173986209850665,0.5152316027437503,0.6063941256733832,0.09412150684852101,0.03133854957688952,3.0033778882329165,0.0026717099288812423,0.028236946415259624,0.00888494248444034,3.178067439908505,0.0014837662146997537,0.01906136908143282,0.010570576290961305,1.803247860547757,0.07135705864299041,-0.0018993426406791532,0.008766929202737118,-0.2166485660778646,0.8284833742442925,-0.0035361010746484223,0.010346156355376281,-0.3417792031347875,0.7325189142463784
-0.27,0.003070042903146386,0.002864310053309671,38775,-0.10758254330828844,0.02284103678538546,-4.710055166021348,2.4850661860302557e-06,-0.012466151724926785,0.030602428428118094,-0.40735825113384294,0.6837471345278823,-0.06705389474555112,0.033137687404664606,-2.0234934902582347,0.04302914145996469,0.014399104330616256,0.03251424540033969,0.4428552517004077,0.6578729071402301,0.09535733642695621,0.032685883819109404,2.9173858952287746,0.0035318132854169756,0.02945586774689523,0.009266931677018309,3.1785998616936855,0.0014810444958369094,0.04870261034053094,0.011025035721569817,4.417456012885946,1.0013959583867993e-05,-0.0056253621568908025,0.009143844665432171,-0.6152075371705724,0.5384212821410124,-0.01331108645220268,0.010790967328480124,-1.2335396862032302,0.21738195867975912
-0.216,0.0031198338182124585,0.00291411124354779,38775,-0.14893172205561866,0.02369938069602649,-6.284203117619399,3.3303614006563186e-10,0.019154184158843915,0.031752437875539934,0.6032350723406685,0.546355848160796,-0.043751850322006805,0.03438296941457402,-1.2724860902636748,0.20320809522327793,0.051148541387284044,0.033736099067084205,1.5161368030599867,0.12949291766505047,0.15420115014640365,0.03391418749042102,4.546803611024365,5.463136247322539e-06,0.03174284082161794,0.009615173941589436,3.301327777786482,0.0009631530768170399,0.044036744310695465,0.01143934582338902,3.849585893334689,0.00011850748935956403,-0.004833867541142287,0.009487461440019345,-0.5095006258209815,0.6104042600011771,-0.01397332766795951,0.011196481368116608,-1.248010621243056,0.2120347055187863
-0.162,0.004420323895955924,0.004214864398759066,38774,-0.07788429776006203,0.024437940271130026,-3.1870238201732297,0.0014385893104075852,0.026624491979486253,0.032741814098549864,0.8131648386784242,0.41612855000051663,-0.04297689685930561,0.035456876188484615,-1.212089204667818,0.2254856231335307,0.04485325172042542,0.03478739297354287,1.2893536389616207,0.19728286412118878,0.14191163019276193,0.03497077000770942,4.058007020190778,4.95902045713933e-05,0.03300321251241892,0.009914932183425576,3.3286372414719247,0.000873532659232,0.0734306232958466,0.01179654465932103,6.224756945062337,4.872333071576671e-10,-0.0038835430137383257,0.009783179371988067,-0.3969612399071387,0.6913982286885574,0.004050705745237945,0.01154546644494885,0.35084816750821984,0.7257041653901029
-0.108,0.007841694626707252,0.007636941203697067,38774,-0.04735303454326161,0.02501482268624541,-1.8929990085158204,0.05836544264425398,0.035462582734475195,0.03351471789415919,1.0581196848043728,0.2900074744708599,-0.044350948381706806,0.03629387178390409,-1.2219955105857825,0.221716755191244,0.05503824995466535,0.03560858473731247,1.545645533533196,0.12219836111792128,0.1418179681046432,0.03579629057272712,3.9618062608055005,7.451790207277903e-05,0.03959049166706206,0.010148984233648354,3.900931438616501,9.59848934711687e-05,0.11308405167940873,0.012075014084222808,9.365127931996714,7.990521702649125e-21,-0.002273771731394712,0.010014121263203292,-0.22705654062225564,0.8203809743453896,0.036546708763881615,0.01181800891344256,3.092459062398493,0.001986465348178477
-0.054,0.010532748838513295,0.01032854023728813,38772,0.006416702456011874,0.02552771973572806,0.25136214759641035,0.8015354626525004,0.0427971184660777,0.03420186408342221,1.2513095298458203,0.21082912152840955,-0.06673267876919313,0.03704062684096297,-1.801607706470937,0.07161491520014356,0.05448536392205948,0.036338698107912966,1.4993757828158123,0.13378431630932242,0.13999230140722435,0.036532819695177486,3.8319599356220517,0.00012732689315811106,0.044139267365502485,0.010357330728859672,4.2616450629033995,2.0340631029290685e-05,0.12651520008063386,0.012324206571615868,10.265585808340278,1.083178206839209e-24,0.005810152768812877,0.010219660526910822,0.5685269832117562,0.5696804823841747,0.07539491693781686,0.012061152999891028,6.251053853516164,4.119294725445363e-10
0.0,0.011252567873768493,0.011048476239818306,38766,0.10415969747226496,0.026193427660674652,3.9765585024461885,7.004662955024318e-05,0.047099941581840866,0.03509449748241021,1.3420890726658197,0.17957497840760298,-0.12101438479252262,0.03800766765876686,-3.18394661516699,0.0014539663160623487,0.06727991127671716,0.0372861356687367,1.8044216722927748,0.07117298782751857,0.15024979818996592,0.03748819673854742,4.007922793348735,6.13696018935833e-05,0.051227125885290194,0.010627849755743822,4.8200837481358345,1.4404074181873089e-06,0.09652296296865792,0.012646290490502312,7.632511924437379,2.3548875882420328e-14,0.009871364124532865,0.010486638545625877,0.9413277745374707,0.34654278065182065,0.10731474984662934,0.012376924382819633,8.670550657608652,4.464112464339709e-18
0.054,0.010590402203296656,0.010386010404960455,38735,0.16237809106718934,0.026989068205155183,6.016439316573868,1.7989192460847612e-09,0.06017013174476538,0.036162193566138846,1.6638960696539942,0.09614129145312628,-0.16829778726490235,0.03916834641567737,-4.296780504308963,1.737188847401304e-05,0.08637572261409522,0.03842914406162793,2.2476618910787205,0.024603361758498248,0.18805969642818293,0.038632720522007266,4.867886441521872,1.1324165738021335e-06,0.05791367290214412,0.01095378605471609,5.287091843208835,1.2494887080634868e-07,0.03741721128285582,0.013034270867869633,2.8706792778943853,0.004098127665515464,0.016967641360044278,0.010807450998143744,1.5699947529679839,0.11642450193705688,0.12123578437428237,0.012758097384944602,9.502653939399194,2.1589942535406216e-21
0.108,0.0142119817622679,0.014008127547670779,38695,0.26816978515559126,0.027901984607115758,9.611136588728558,7.590360280992734e-22,0.061948826797818705,0.03738910858672487,1.6568682469154628,0.0975542244681118,-0.20562409068705192,0.04049815654712546,-5.077369150069301,3.84469438246707e-07,0.10699207387820817,0.039737871153261654,2.6924460413483007,0.007096054532098364,0.20230866352702545,0.039953368444169135,5.063619699794066,4.1325536504192115e-07,0.09881102419330705,0.011328502551247975,8.722337638739534,2.8316502156281826e-18,-0.020269606417957574,0.013479652257167267,-1.5037187926847313,0.13266195145522136,0.03070548332302134,0.011175588174849191,2.7475496450490575,0.006007021437543353,0.16413631982099616,0.013197875440720347,12.436571367735041,1.9342088359466816e-35
0.162,0.023794433615178523,0.023590030115006266,38216,0.42675463918504164,0.02909023036102104,14.670032993511947,1.3602687847123912e-48,0.07345562036954063,0.03891537288205921,1.8875733400310086,0.05909082387789173,-0.21425121943006395,0.042229249271722495,-5.073526598862145,3.923359618918698e-07,0.1351702061562658,0.04145735489821858,3.2604638305584244,0.001113274993970282,0.21849171536350553,0.04160628335637122,5.251411511382875,1.5174462152735714e-07,0.17560868629399043,0.011832948271141432,14.840653594528968,1.1002893407221728e-49,-0.05676972294736918,0.014059765992311955,-4.03774308750313,5.407312468419781e-05,0.051814753847116785,0.011667940674627,4.440779679296166,8.98846014522479e-06,0.22969616244782537,0.013787438952116501,16.65981356258806,4.256551779274459e-62
0.216,0.03055822410071518,0.030321218501986547,32732,0.6001601046836039,0.032930803873572466,18.224884730653134,7.60450645826074e-74,0.07392810941232926,0.04330366760309049,1.7072020340155476,0.0877939936553363,-0.18587877288281907,0.0477256559756825,-3.8947347937455126,9.850147750214867e-05,0.15960357206645892,0.047176868831825924,3.3830895525391242,0.0007175923864320815,0.25507688242519444,0.04705029947188548,5.421365757249081,5.956317452341612e-08,0.22127370643296912,0.014180137397707848,15.604482539692244,1.0689668947869514e-54,-0.08309001773529816,0.016494701916700785,-5.03737613173658,4.744641139864502e-07,0.08393871587290941,0.013959191044490848,6.013150447284462,1.8387754555662422e-09,0.2681441932918285,0.016088164272232957,16.667171515312443,4.0985975376694864e-62
0.27,0.03236679724250724,0.03208304424144215,27290,0.6880975577741114,0.03953918930588555,17.402925296490224,1.8157411951787892e-67,0.09560556382566869,0.04954716446840903,1.9295869874980678,0.05366838930356418,-0.13655731436691584,0.055436248002536014,-2.463321730588059,0.013771759864332305,0.22073694100011793,0.05498064713214972,4.014811620342731,5.9652306795737616e-05,0.28068726454405324,0.05484441649194474,5.117882229365666,3.110799326239818e-07,0.24036009698342786,0.02071658080174669,11.60230538444656,4.74488489821547e-31,-0.10082030107101253,0.022888263440553856,-4.40489080060033,1.0623985141298197e-05,0.10060993785805344,0.020494269551090034,4.90917412827247,9.19885238790656e-07,0.2953376745350064,0.019268393871071324,15.327570969909056,8.308872576612431e-53
0.324,0.03190579643939884,0.031601794491350255,25485,0.7566862508614745,0.044343446781315084,17.0642181829744,6.293552233990851e-65,0.06403508068304288,0.052632491615572416,1.216645435499329,0.22375041901492562,-0.15182919120201457,0.059282525913504504,-2.561112045453988,0.010439476561069798,0.22027675101685756,0.059072575683794835,3.7289173269836833,0.0001927206919205496,0.26012361144809587,0.058917765720990715,4.415028442862715,1.0141186846493454e-05,0.18398230890515643,0.028351233378731674,6.489393475317901,8.77656301590238e-11,-0.11788843817027908,0.03048499523941837,-3.8670971487587575,0.0001104121335387054,0.111138755218684,0.02835744884295876,3.9192085238048517,8.90723461165652e-05,0.3158732673765368,0.020964971482623735,15.066715813963308,4.452076237838198e-51
0.378,0.03179024844255196,0.03147883936393425,24882,0.7314975108479627,0.04716826790050195,15.508254667968808,5.461917023171031e-54,0.035966335876091965,0.053493060416994954,0.6723551727219055,0.50136385899412,-0.1537583889384401,0.06050546170951628,-2.54123156148492,0.01105229272082434,0.2275776143410507,0.06043152729290247,3.7658756039379315,0.00016634847985462704,0.23955866023037303,0.06034219010607545,3.9700027428446534,7.207374829060938e-05,0.07661222413235026,0.033929176380243696,2.258004240178376,0.02395402456321333,-0.11036596780940595,0.03637458977869232,-3.0341501713390224,0.002414632679107199,0.12017097602459373,0.03435359667661515,3.498060979053042,0.00046947221202646124,0.32078815956091644,0.02159089313300886,14.85756784514324,1.0156605939624469e-49
0.432,0.030174414796524385,0.029858072764328836,24535,0.6938990205009562,0.04959017758883459,13.99267061018128,2.559018003260619e-44,0.010735052270776561,0.05368329202116741,0.1999700813158722,0.8415056380682103,-0.14891595909733038,0.06075495029217243,-2.4510917773973797,0.01424929204812635,0.20431585149302717,0.06084437737481309,3.3580071044922057,0.0007862599483040157,0.21979099208706238,0.06096440923733974,3.6052345103746837,0.0003124893449414248,-0.11687458310814657,0.039090065791123486,-2.9898794167464993,0.0027936443140956723,-0.11168546984267161,0.0421852165000162,-2.6475025876097784,0.008114058322429073,0.10537684356164741,0.04013299669548496,2.6256908837685304,0.008652698611741491,0.3071423585450354,0.02187137126497476,14.043123077376459,1.2642418831531454e-44
0.486,0.029000624566692168,0.028680690670338627,24289,0.6046326266882774,0.05215868922376979,11.592174490702767,5.449102308482417e-31,-0.008932562928959496,0.05352590359025818,-0.1668829917816696,0.8674635057717909,-0.14719365546169585,0.06066496293785482,-2.4263371859714318,0.01525932467065909,0.16627816447232813,0.06085024488088737,2.7325800380559344,0.006288585481183573,0.17390367056620906,0.06099706365758935,2.8510170840751887,0.004361636237970282,-0.31809771290487254,0.044429547309633166,-7.159598334145145,8.321658754383784e-13,-0.08311071736225896,0.04822291247155534,-1.723469469233789,0.08481639261891769,0.09644700737943768,0.046217061119255116,2.086826921568485,0.03691418746612284,0.30093508893433746,0.02194764812498644,13.711495975358561,1.2493915143082809e-42
0.54,0.025962715844298434,0.025639330291789886,24105,0.47624506822822205,0.05553218546193818,8.576018830640853,1.040286745825776e-17,-0.05550400157039947,0.05337076972535187,-1.0399700408299393,0.29836425449490206,-0.1646245162705713,0.060573228188207845,-2.717776833010524,0.006576912583443612,0.09378784209389301,0.06081480603345178,1.5421876383574107,0.12304113487841116,0.10321960538421693,0.06093261965305049,1.6939958592285702,0.09027899352637586,-0.47361537072964216,0.05027670898123573,-9.420174476941298,4.894737718282858e-21,-0.08853223756340332,0.05483761227218909,-1.6144436983136567,0.1064443131978253,0.05137821109437829,0.052820583042650346,0.9726929945641191,0.33071567204774255,0.290437948429608,0.021957980409765425,13.226988229775488,8.438089654924717e-40
0.594,0.02357937737073612,0.02325349647874475,23979,0.3013477149668029,0.05838489918589706,5.161398224005049,2.4706701141991665e-07,-0.09238116448703958,0.05301384091002711,-1.7425857644199947,0.08141882269440137,-0.1538216395512216,0.06020868347390056,-2.554808221606451,0.01063075409553655,0.04107938751881497,0.060473243111682506,0.6792985691696608,0.4969552620541362,0.06836203535322925,0.060545037891756345,1.1291104561772394,0.2588625405966302,-0.5992135673875573,0.055151801788693305,-10.864804919399791,1.9649917889311513e-27,-0.08333888690425233,0.060625738291681865,-1.3746453115885076,0.16925428386529187,0.010715168671147036,0.05855892847060023,0.1829809552701538,0.8548145093785686,0.27473361424397796,0.02185088822554768,12.573109679027334,3.860191748038928e-36
0.648,0.021569315190041793,0.021241092887187007,23857,0.2001410365349751,0.06235474575345528,3.209716183052268,0.0013304193179202925,-0.11892242590467428,0.053125582443546204,-2.2385152394526115,0.02519666313467511,-0.16369874978737067,0.060346219632440926,-2.712659563174517,0.006679351707258314,-0.011215980875069365,0.06065126405526352,-0.18492575628514052,0.8532888413390702,0.00800520606267998,0.06071851294122159,0.13184127335973134,0.8951109522655175,-0.7857887292558127,0.061523331605831684,-12.772207043178545,3.104987196766441e-37,-0.045561059627412144,0.06762876122713357,-0.6736935410423048,0.5005126982147072,-0.007787940479367527,0.06552714218312258,-0.11885060480134013,0.9053947169808487,0.2584444222880521,0.021931278113064293,11.784284570906916,5.770057610799175e-32
0.702,0.0182804827996782,0.017949603285960625,23745,0.0521198766030744,0.06788881053867264,0.7677241093123067,0.4426587465779027,-0.14825099905990038,0.05350500019626448,-2.770787749109301,0.005596436087791855,-0.17233156047901355,0.060747849533283924,-2.8368339258592616,0.004560188933014391,-0.08261512850605672,0.0610195836788799,-1.353911703836345,0.17577743958875114,-0.04368461816189928,0.06112405273137791,-0.7146878554319726,0.47480897236539554,-0.8711428856766547,0.06961923647192211,-12.512962362464176,8.227341657003157e-36,-0.00960590727354482,0.07582059112007455,-0.1266925927592976,0.8991847818448853,-0.025145650766314604,0.07364132104781851,-0.3414611580635068,0.7327594636367039,0.23931521938852174,0.022087065867392293,10.835084244568174,2.7196216564470592e-27
0.756,0.016501475987086622,0.016168284312990666,23623,-0.08223515196241703,0.07359415573702693,-1.1174141633782289,0.2638286505226801,-0.17189262918199022,0.05403688186284731,-3.1810242052507074,0.001469451281314874,-0.17735836309952746,0.06135425577418512,-2.8907263377506602,0.003847028977160642,-0.15692638848382043,0.061604539828353934,-2.5473185729664998,0.010861712159788123,-0.08864866546350314,0.06171632654873863,-1.4363892088343186,0.15090486958716515,-0.9361830611167508,0.07775784823993828,-12.039724379048659,2.7500960986413813e-33,0.08410069089527732,0.08344092706598207,1.0079069570832253,0.3135094589461687,0.014478337724268547,0.08116545330746626,0.1783805441142865,0.8584256580118226,0.22436748475207197,0.022305032695794088,10.059052044984425,9.356542564396909e-24
0.8099999999999999,0.01670079829298432,0.0163656302651336,23479,-0.1450058012358355,0.07944181758555464,-1.825308202190514,0.06796723560751829,-0.193133880143211,0.05502840986954019,-3.509712175966694,0.0004494324262621408,-0.1851364253522691,0.062446247961707876,-2.9647325723363718,0.0030325065537132483,-0.23405648235157261,0.06269417756216836,-3.7333049328142023,0.00018942982070239994,-0.13198589321323947,0.06280840527938404,-2.1014049413631897,0.03561606766606941,-1.047475727188971,0.08577770672527987,-12.21151470677247,3.4267252571285405e-34,0.15686383134457157,0.09262755515679065,1.6934899240193502,0.09037552104257417,0.028351675803084113,0.09034534456594591,0.31381446315022166,0.7536647478729772,0.2073391781272737,0.02270566108583329,9.131607194499988,7.279378124590249e-20
0.864,0.01838198895956622,0.018044721132374986,23293,-0.13812487595246623,0.08837889876264113,-1.562871656993913,0.11809637571101676,-0.22354887317355074,0.05626496759206794,-3.973144973517517,7.114339956075172e-05,-0.18221899209480036,0.06383908599482913,-2.8543483863406163,0.004316327782704941,-0.30914554784890286,0.06408215260954807,-4.8242066669096415,1.4145039645969028e-06,-0.17452602035933074,0.06418028192203216,-2.71930903281711,0.006546694500359815,-1.1960283786855939,0.09812315361754334,-12.1890535983727,4.515893339310758e-34,0.21146935808055148,0.10802031458201238,1.9576813759415352,0.05027933875380855,0.02158222508751827,0.10568739744242649,0.20420812329374702,0.8381926484066304,0.19422479303478818,0.02321645445057174,8.36582491302866,6.300657266406476e-17
0.918,0.01928397963075401,0.01893714579657535,22630,-0.18218086462294772,0.11432138265570227,-1.5935852103155146,0.11104294048628398,-0.22391203994810413,0.058168412646772624,-3.8493751120184214,0.00011874514842564317,-0.17838381904025113,0.06583887739120942,-2.709399462878271,0.006745588543009159,-0.40653135886905484,0.06608738923940251,-6.151421073639166,7.80797335716047e-10,-0.24832866988569696,0.0661466604829078,-3.7542132599402316,0.00017432184776279384,-1.247403525913797,0.13284133412727706,-9.390176138389599,6.538642503314912e-21,0.4945653178817756,0.14076218755073774,3.5134813296611314,0.00044313866215915605,0.2337489903201354,0.13805908148760218,1.6931083982412722,0.09044860510960621,0.19513738523023186,0.023966353693427946,8.142139089090655,4.0823763403475777e-16
0.972,0.023928439930967604,0.023583248627287223,22630,-0.1863307700635297,0.11698659688991261,-1.5927531445236562,0.11122955223252731,-0.2402317639312351,0.059524513122171024,-4.0358459285197625,5.4584829658894284e-05,-0.17740591998928928,0.06737380208430863,-2.6331588021007226,0.008465229885331426,-0.4560776115104923,0.06762810757582363,-6.7439061635599495,1.5790155419960534e-11,-0.2881488610717697,0.06768876063048444,-4.256967602713033,2.080531082627764e-05,-1.3318346738571458,0.135938310444243,-9.797346086653153,1.282050764547158e-22,0.5237262981024469,0.14404382548393765,3.635881623824602,0.0002776461120551548,0.19710713281256567,0.14127770096713496,1.3951751158409504,0.16297673585883107,0.19490174068734836,0.02452508964922211,7.947034790697709,1.998979768211993e-15
1.026,0.028352383114382262,0.028001211624204547,22144,-0.12807252696864094,0.13226377383800572,-0.9683114525788584,0.33289942661116523,-0.25216508810411153,0.061508304541116186,-4.099691740577044,4.151765647957448e-05,-0.17967649247858924,0.06953770429885349,-2.5838715023779075,0.009776164996242677,-0.4989377776341387,0.0697221408299047,-7.156088033087734,8.56014212939652e-13,-0.3310692836978243,0.0698067505894914,-4.742654269136873,2.1225002037944517e-06,-1.4641527874401612,0.15604054436239204,-9.383156111271825,7.000705465647352e-21,0.5014463383081691,0.1637413211343597,3.062430025813105,0.0021981120955492026,0.1093001313814128,0.1607393933935064,0.679983475574248,0.49652203532677475,0.1972054580271573,0.025305155778806907,7.793094014158058,6.825698967436718e-15
1.08,0.03293775283743294,0.03257951529449432,21605,-0.07467462420954736,0.14952163598346413,-0.49942353638911335,0.617486129322813,-0.2266411885409805,0.06383321870884258,-3.5505210786054997,0.0003852867411186394,-0.1454630814590874,0.07196325029977321,-2.0213522993074955,0.04325561973178273,-0.49078256573121637,0.0722622476672819,-6.791686967597985,1.1370968867821463e-11,-0.339012073736935,0.07233454023276134,-4.686724663570773,2.7930544389800892e-06,-1.612042391068807,0.1788706623893495,-9.012335335125325,2.180877340701094e-19,0.4774853142997876,0.19007348252202436,2.512109043114207,0.012008431048202855,0.012949249930608022,0.18670445641508487,0.06935694079962937,0.9447061447527128,0.19355343308057663,0.02626537640572399,7.3691475077583775,1.778973217695617e-13
1.134,0.036997545252030806,0.036629231457606104,20926,-0.19356789169768887,0.16304912057684823,-1.187175318780432,0.23517195603660426,-0.22671816932369626,0.06672840774909541,-3.39762594330403,0.000680999168626821,-0.1271886047647796,0.07484556377432446,-1.699347273918341,0.08926863950974771,-0.5187105104728069,0.07517483009829315,-6.900055640891755,5.346776865228761e-12,-0.35152687965493956,0.07521445609238761,-4.6736611273656115,2.9772101536332346e-06,-1.529659966793546,0.19498502634233514,-7.845012488845797,4.535797418465084e-15,0.7407396802028794,0.20991671125678218,3.528731351439496,0.0004184525167896637,0.21562208941845828,0.20629171479180905,1.0452290322762865,0.2959292070333564,0.19168268863323878,0.027291213640461446,7.023604415637038,2.2284747328654302e-12
1.188,0.04182006581601605,0.041441113894250536,20237,-0.22627311431550584,0.17572750020715067,-1.2876363349434272,0.1978873161420568,-0.23104009992592817,0.06960296566659228,-3.3194002254536366,0.0009037041988678955,-0.08786908500162013,0.07799194967761357,-1.1266430107829661,0.2599068115711639,-0.5382449812477486,0.07839207189119538,-6.866063981505784,6.79107831350329e-12,-0.3402927064563138,0.07835805243570396,-4.342791785637323,1.4136752140250101e-05,-1.5623096959089333,0.21088138235791334,-7.408476170064842,1.3277450953206047e-13,0.7779020930325754,0.22226484796859075,3.4998880846084317,0.0004664548772002908,0.19040471289756553,0.2184769215275207,0.8715095011698111,0.38348636373026834,0.18067102645912428,0.028439507001696906,6.3528185087155045,2.1591096604928674e-10
1.242,0.04706734696162207,0.04667561677179077,19470,-0.3107953973764074,0.1865896474884508,-1.6656626000413257,0.09579673012721382,-0.20774669087007555,0.07257925346521951,-2.862342624805713,0.004209707042885656,-0.06356852052639325,0.08118288430756543,-0.7830286034869213,0.43361984371872486,-0.547180805291966,0.08136723563429885,-6.72482973062086,1.806779969532913e-11,-0.33157129274204206,0.08141610108259072,-4.072551845803658,4.668484726896413e-05,-1.5302428216536441,0.224718098874939,-6.809610927267861,1.0071823162597022e-11,0.7174010303635407,0.2416809325891309,2.968380760029409,0.0029973777716091566,0.06553942308950798,0.23769846634753797,0.27572505660883423,0.7827621765016415,0.1660228587034375,0.029511946183762277,5.625615392141935,1.8738912590785924e-08
1.296,0.05047105615243108,0.050063117182946204,18630,-0.2442700048330787,0.20515872695722778,-1.19063911370441,0.2338104673988136,-0.18628730602805602,0.07608324924098947,-2.448466750388135,0.014355725341379322,-0.03520425635564486,0.08483647040879146,-0.4149660657263353,0.6781715256845053,-0.5453910630294718,0.08495884952303046,-6.419473263719613,1.4004874948707542e-10,-0.32955870169291435,0.08501346255483107,-3.8765472172170274,0.00010631275488132812,-1.7088514888669515,0.24982833023067721,-6.840102911023324,8.159395076103202e-12,0.8745769075250633,0.2748248246301904,3.182306797436916,0.001463469188686704,0.17067036000066402,0.270393025805937,0.6311936466998795,0.5279216629881751,0.15272134390298292,0.030794071989422578,4.9594397244846675,7.131914907951186e-07
1.35,0.05426600849844343,0.05381723502836733,16868,-0.23776235485830444,0.24152721200707902,-0.9844122858145514,0.3249269667204162,-0.17919424696933706,0.08294456771197459,-2.16040967977059,0.030755012522553454,0.012911573173138853,0.09140433518042242,0.14125777675263196,0.887667992087471,-0.5405809904423962,0.09145886362749497,-5.9106462621724845,3.473382209363608e-09,-0.33203903699748266,0.09172256085333899,-3.620036705346691,0.00029542400527000575,-1.8127820695145331,0.2937971908473978,-6.170181764794737,6.976902121186466e-10,0.9327256769734052,0.33547284440024233,2.780331381638148,0.005436366491588368,0.16785466470093044,0.33016326689549,0.5083989696348116,0.61118022744471,0.13660735454632725,0.03314565234264308,4.121426036034806,3.7833443337451496e-05
1.404,0.058175227202603375,0.05772830875059676,16868,-0.25238327738124366,0.24475583821057328,-1.0311634616213248,0.30247896431678534,-0.18102744195479614,0.0840533330661018,-2.1537211595455865,0.03127617713972129,0.027447188059114093,0.0926261868683715,0.29632211998663543,0.7669877448030049,-0.5266074991515466,0.09268144422698818,-5.681908644645421,1.3539966628512577e-08,-0.32495253802966984,0.09294866643772344,-3.496043036264446,0.0004734266058925974,-1.8878652568505134,0.2977245384162304,-6.340979708603006,2.3411502593534945e-10,1.02239590756726,0.3399572931999893,3.007424544252408,0.0026385997477450904,0.21371624333009828,0.3345767396717949,0.6387659929370599,0.5229838518112657,0.12779943687982753,0.033588728386936724,3.80483105545404,0.00014240220071860157
1.458,0.05861872960750114,0.05814442237969297,15887,-0.5168152860040185,0.29395080568857834,-1.758169312696324,0.0787379694107667,-0.13398364963648435,0.08849549936094929,-1.514016538739458,0.13004154917264363,0.07018980323098738,0.09710475218406192,0.7228256254435694,0.4697976682212507,-0.4665904894954531,0.09701229594694337,-4.8096015555660525,1.5261901544021852e-06,-0.2920255539284855,0.09743873652970894,-2.997017041979473,0.002730569094917918,-1.667536409276859,0.35901282921517436,-4.644782229432311,3.4316606278628806e-06,0.9627676033803708,0.40026084138126655,2.4053504711026457,0.01616832722794276,0.12101555121616953,0.39398159226502194,0.3071604196542393,0.7587252989373192,0.11089358570054242,0.0351552075634382,3.1543999704861068,0.001611284089991322
1.512,0.06146304379034018,0.06095892833111649,14903,-0.6206342712137474,0.3354403568894033,-1.8502075211492044,0.06430343711248333,-0.0833019509397635,0.09365217312854777,-0.8894823062506252,0.37375829426061846,0.10231664874386068,0.10225909282486287,1.0005628440210828,0.3170544560230602,-0.4620672611498981,0.10201582756225774,-4.52936835578685,5.961961356829592e-06,-0.31593145715092336,0.10247242792183642,-3.0830874563829846,0.0020523940256918717,-1.6133301195919452,0.41739666791233493,-3.865220409308083,0.00011145990499996035,0.8438031777516952,0.4558744494000718,1.8509551892239966,0.0641957847414458,-0.04967838622875505,0.44889004378782726,-0.11066938756217118,0.9118800131567825,0.11009850610129193,0.03690354427794172,2.9834127928763983,0.0028551527705240214
1.566,0.06553552037721533,0.0649995114981029,13956,-0.6364631259557965,0.4211427162128755,-1.5112765849999472,0.13074065287584294,-0.09307704649915886,0.09922519506013826,-0.9380384331091198,0.3482409029253427,0.1344093082557275,0.10784403903031324,1.2463304366590646,0.21266404106356365,-0.44576335565279906,0.10729342131033852,-4.154619642181608,3.277710719957105e-05,-0.30796151758531665,0.10792878036774632,-2.853377167202276,0.004332092452751667,-1.6490054902856768,0.5356283700745926,-3.0786373209769176,0.0020835344849583176,0.7251249618433323,0.6107722723579447,1.1872263929793638,0.23515855299639093,-0.21777805917813026,0.6016610131143793,-0.36196139425894525,0.7173863637296276,0.08618343214766938,0.038761370436359195,2.223436147315035,0.02620236370568819
1.6199999999999999,0.06794941265004284,0.06737367296208052,12960,-0.6662770649716917,0.46820123932494434,-1.4230570297770557,0.1547437108174113,-0.11542095595436602,0.10632413502431114,-1.08555744119597,0.27769504297983744,0.09428375115707699,0.11516632126115704,0.8186746795816663,0.41298710989637666,-0.4680877263953865,0.11419946481401215,-4.098860946132495,4.1772007706379737e-05,-0.34361880125983457,0.11515177014292416,-2.9840514030599925,0.0028498965686671617,-1.632870809088554,0.5871730766430292,-2.780902044119531,0.005428639884724877,0.43365034750460824,0.6930741681513596,0.6256911127726577,0.5315285891509617,-0.5414100139286419,0.6829469293678221,-0.7927556163548527,0.42793474169709267,0.08832980420511108,0.04134249968316591,2.13653757953774,0.03265430799175977
1.674,0.06752262233897388,0.06689611532450446,11916,-0.7545396952820991,0.47615021364902477,-1.5846673458352747,0.11306849115951155,-0.004384168201775545,0.11406568512584098,-0.0384354698517682,0.9693411253692105,0.10433631717910766,0.12352083664371792,0.8446859656565809,0.3983031685876276,-0.4112730815796525,0.1218058070304764,-3.3764653065904318,0.000736584941795687,-0.2877196641927341,0.12303282141668638,-2.3385602384772426,0.019374662180981828,-1.6038700066304425,0.5963112347821373,-2.6896525054008373,0.007162614356008453,0.2241857466544129,0.7038616979281036,0.3185082343794654,0.7501050358575767,-0.7701541877201225,0.6935961051057499,-1.1103784782682713,0.2668583909129847,0.06518038702901621,0.044132950567088,1.4769097962288582,0.13972626514532216
1.728,0.06531853939730914,0.06462829184955488,10842,-1.3084243653178542,0.573724623412099,-2.280579065155497,0.02259270048906533,-0.032675253458075176,0.12340140501475437,-0.2647883421924442,0.7911775557029028,0.0741686287049461,0.13366599992031528,0.5548802892969161,0.5789880008883055,-0.4536424314802183,0.13099437033647288,-3.463068148005062,0.0005361166502686679,-0.30498556989546505,0.1326133071658923,-2.2998112060801263,0.021477839651807978,-0.9432133972107555,0.7196947665369872,-1.3105742059919245,0.1900294425290893,0.55632790374684,0.8488220229986145,0.655411721978552,0.5122166239822386,-0.4453896546283719,0.8363488495093749,-0.5325405240763463,0.5943626051881137,0.0882505181958619,0.04760808905032196,1.853687471105608,0.06381105145963453
1.782,0.06546267539239081,0.06470002124602126,9812,-1.5025337870858109,0.7433642370968552,-2.0212618688165938,0.04327978768086448,-0.05798522403546254,0.13428545171768116,-0.43180570414559444,0.665892129960949,0.0428622708057384,0.14603001136471125,0.29351686276795186,0.769133325609493,-0.46311823574072375,0.14192013417497484,-3.2632313831506132,0.0011052673269091968,-0.27791083539052525,0.14391505967076348,-1.9310754275911486,0.05350252280886701,-0.6913366607636787,0.9692905527503002,-0.713239862703763,0.4757143212855366,0.039421477046275855,1.2534921711754727,0.03144932050856611,0.9749118487435071,-0.9688637912108942,1.235048145554859,-0.7844745119435174,0.43278068752941645,0.05873408110233111,0.05168684161029315,1.136344943364358,0.2558400060730291
1.836,0.06451767356837257,0.06357094888634185,7914,-1.2288818574187677,1.019422360317322,-1.2054688078808138,0.22805845495963264,0.01740899916654578,0.15534081540777325,0.11206970377261605,0.9107709844145684,0.09256307428101719,0.17029881160891153,0.5435332954265517,0.5867779998669873,-0.3848570654244266,0.16251707253752304,-2.3681023748170715,0.017903509712496175,-0.1944598482303894,0.16516300856790364,-1.177381363517854,0.23907877172373548,-1.120300441904639,1.3197605505608858,-0.8488664412862786,0.3959813186458778,-0.05760200311099917,1.5411733941828176,-0.03737542013664316,0.9701866146204894,-1.0810229488016871,1.5184685842417125,-0.7119165717488483,0.4765374485443782,0.07852676753737621,0.059548230242701394,1.3187086705570221,0.1873047289703313
1.89,0.0660033676296633,0.06505814649633468,7914,-1.377902874394655,1.026168290383748,-1.3427650097035952,0.17938663075115882,0.014557406163127395,0.1563687684113509,0.09309663503156852,0.9258291499178289,0.11075450986483179,0.17142574772315522,0.6460786161696974,0.5182471979223219,-0.39020548259953197,0.16359251373698536,-2.385228233774083,0.017091947520261733,-0.21167701774531483,0.1662559589962352,-1.273199583481445,0.20298466780832572,-0.9711110753204095,1.3284939399047686,-0.7309864547745113,0.464809091980516,-0.04797961802017918,1.5513719618639867,-0.030927217456303165,0.9753283646741542,-1.0963784033455088,1.5285169050124778,-0.717282484577139,0.4732210061283556,0.09117667098429469,0.059942284966664525,1.5210743306665808,0.12828118167538446
1.944,0.06202613246830457,0.06095812920325272,7035,-1.5672062638744293,1.040433985124054,-1.506300530626714,0.13203499764036228,0.15770230257836265,0.16975385265739593,0.9290057345363689,0.35291802919556003,0.17745189028496308,0.18561722295174457,0.9560098328326772,0.33910015860209475,-0.24039896926350243,0.17592053910276653,-1.3665201942285425,0.17181947507430373,-0.046713203605195625,0.1789979313218299,-0.26097063390753644,0.7941228020471963,-0.8878933555704027,1.3459127814181964,-0.6596960574479604,0.5094705201561675,-0.13056314391253154,1.5718283862068307,-0.08306450313421891,0.933802616955405,-1.1501609966894293,1.5487264891351042,-0.742649528343603,0.4577187221374571,0.09189147520493261,0.06435865484159758,1.4278029183658367,0.15339303747284874
1.998,0.06647071865615173,0.06527426972139516,6251,-1.778189897165783,1.0456500425437507,-1.7005592930881388,0.08907558608360878,0.22766132362030092,0.18244796187465645,1.2478151100241202,0.21214558171782852,0.08083175817201707,0.19931751887092652,0.40554266694620994,0.6850925617153105,-0.2862047553956092,0.18776929867931233,-1.5242361632527208,0.12750038757992435,-0.000299288300998317,0.1910769470078398,-0.001566323440294644,0.998750305273719,-0.6638589464705086,1.3515256302066374,-0.4911922731121347,0.6233077326820757,-0.13168133569006985,1.578506801152083,-0.08342145602031072,0.9335191035490882,-1.1656535800769114,1.5553780126398764,-0.7494342665282362,0.45362374631315183,0.08750860555496004,0.06895156074395549,1.269131613712331,0.20444144637488496
2.052,0.06961614195710342,0.068275531210644,5561,-1.7689902055555276,1.0645885969350284,-1.661665558553309,0.09663630705562372,0.26790663363895567,0.19638765505230288,1.3641724759512277,0.1725685840946222,0.08035202022820026,0.21864091872241423,0.3675067809709257,0.7132550427070762,-0.2635667438611761,0.20363168407520138,-1.2943307180224501,0.19560504247173183,-0.02588444125109324,0.20772022655884684,-0.1246120403385956,0.9008352071801584,-0.740044501962719,1.3745717410093525,-0.5383818682459613,0.5903350243617347,-0.43933862515648336,1.605585514777959,-0.2736314080519347,0.7843780732527335,-1.5206530492337214,1.5820931791222423,-0.9611652899466968,0.3365109228579318,0.10999233640012783,0.07472529704385528,1.471955826894536,0.14108948604329843
2.106,0.07069237801663864,0.06916736038056326,4884,-1.6519871006671152,1.0793552218128994,-1.530531438845884,0.12595012103513253,0.27387927705275267,0.21235593516853313,1.289718023823504,0.19720975963754747,0.24379767131573118,0.2373501091926421,1.0271647742022145,0.3043938437813152,-0.2909854971329129,0.22167250043167916,-1.3126819816001327,0.18935192432461206,0.004046940628335632,0.2252008825167353,0.017970358655388007,0.9856632353539512,-0.9425563213235592,1.3919015773929622,-0.6771716740841485,0.4983291695677051,-0.5070761074721295,1.626020616441031,-0.31185097061192096,0.7551671213960774,-1.619643230939256,1.6022865342642434,-1.010832454934774,0.312146793863385,0.11144929812847859,0.08107962201214965,1.3745660791533796,0.1693291904928435
2.16,0.0703567292434003,0.06863914352375766,4339,-1.6090406418928664,1.0982231708385235,-1.4651308446390907,0.142957826570603,0.1642871326382071,0.23005372128066712,0.7141250822792633,0.4751883300065115,0.21169097146195479,0.2591248695142571,0.8169457908798194,0.4140043526743392,-0.34445491409294815,0.23950439265321177,-1.4381987331301207,0.150449943531281,-0.023166070413978633,0.24351910425308165,-0.09513040254083258,0.9242156518027511,-0.9393288285996144,1.4143267354227351,-0.6641526353660095,0.5066279879849378,-0.5640103261223717,1.6524198551913734,-0.34132386169921164,0.7328763480653773,-1.6806843353974659,1.628377069078989,-1.0321223304551088,0.30207245812668737,0.09772784983019309,0.08754184562362971,1.116355831134247,0.2643317969949821
2.214,0.07380767365102203,0.07185161805155216,3797,-1.803609282912896,1.1232079395427776,-1.6057661448218468,0.10840865576547563,0.22969994587123882,0.25397442113511076,0.9044215746003875,0.36582941744610953,0.2290941287548604,0.28689082423839235,0.798541150150185,0.4246065844505579,-0.2749892761213334,0.2646746639211075,-1.0389709088411287,0.29888457822872466,0.059542916808396774,0.26731355306885335,0.22274559641598118,0.8237455213113717,-0.8443227324072976,1.443655533488907,-0.5848505497477009,0.5586830441765578,-0.46394287563015996,1.6869696172658875,-0.2750155491134947,0.7833192909684962,-1.6266892616729836,1.6625674845022294,-0.9784199900673579,0.3279291265820746,0.09312994747331108,0.09571802185204308,0.9729614723679462,0.33063457539524455
2.268,0.07261481933786751,0.0704165729837054,3384,-2.0207381871561525,1.1401706628285093,-1.7723120345362608,0.07643297095393405,0.3347547895634137,0.27463951518588325,1.2188879278236522,0.222971918421171,0.30425296183121253,0.31354449630927966,0.9703661375420796,0.3319335564867907,-0.1789616770284301,0.2864739954260268,-0.6247047895648927,0.532207058013735,0.09972420616845117,0.28850272924368164,0.34566122278940337,0.7296188728134474,-0.729872870904115,1.4626003581538898,-0.49902412975296173,0.6177949091681441,-0.38191410520847857,1.7093791296479268,-0.2234227027722865,0.8232200583476903,-1.5704790667429287,1.6848270623877764,-0.932130722376461,0.35133564685573204,0.08286471859662531,0.1030954960049711,0.8037666222841559,0.42158837584557207
2.322,0.07080746678572403,0.06828762262785482,2959,-2.125793039087255,1.1633084651491263,-1.8273683229965547,0.06774538212929059,0.320011537052382,0.3016846866720798,1.060748361418234,0.28889111104021786,0.315181300964912,0.3436831592280181,0.9170693777165949,0.3591812514160164,-0.23470631481146756,0.3152316769556681,-0.744551807350487,0.45660201688747437,0.09113660386178357,0.31908871341149014,0.28561525378760644,0.7751928713434124,-0.5720914410001371,1.4884127205312085,-0.38436344510409715,0.7007367939944747,-0.28684508220987415,1.7400236495695636,-0.16485125491301922,0.8690723550093439,-1.4846550757081514,1.7150041189196832,-0.8656860116717192,0.3867327686052304,0.0758700077272098,0.11381341661879808,0.6666174338771117,0.5050686609075066
2.376,0.07024228482078065,0.06736489150494551,2594,-2.4044497414600015,1.1805302434047968,-2.0367540390369565,0.04177639508650945,0.40994323166195146,0.3273089977125113,1.2524655127935747,0.21051358380849114,0.5077262869043602,0.37288669102764155,1.3616101060220547,0.17343962141919847,-0.15495992771379177,0.3401404857275631,-0.4555762522133503,0.6487329874322021,0.15365279485011324,0.34729523489817093,0.4424270171606736,0.6582172463935643,-0.32447204493485304,1.5067730464359745,-0.21534234747717226,0.8295174035515407,-0.3650716019075942,1.7619669998620382,-0.20719548205850577,0.8358735152164611,-1.5902556858484156,1.7366011571204854,-0.9157287954853549,0.35989457292223515,0.011171252558890015,0.12413108951025335,0.08999560547615477,0.9282976790915318
2.43,0.06974619198496401,0.06648541248766549,2005,-1.8712369568457512,0.7943843699388786,-2.355581287418492,0.01858996213800765,0.4551942251902832,0.3850720236842325,1.1821015217754496,0.23730615450382256,0.8114041509717929,0.4393098152224528,1.8469975467334439,0.06489534017524078,-0.12805068754026752,0.3954556163173637,-0.32380545946653955,0.7461192298611568,0.17460573344997535,0.4035456780170798,0.4326789827311328,0.6652947215752447,-1.2110997644602102,0.9324629774181865,-1.2988180697677845,0.19415631875531833,0.7427935148270145,0.8784624222948965,0.84556094373,0.3978990194222338,-0.5315808212719482,0.8659550230523387,-0.613866548632306,0.5393734351436161,0.024670944456022484,0.14328721534283734,0.17217826724452245,0.8633148292253168
2.484,0.06805410223848529,0.0647873915302577,2005,-1.9580480258811146,0.7973621708957771,-2.4556570368536463,0.014147386852102211,0.3696904089372256,0.3865154909577514,0.956469837783643,0.3389506864245776,0.7207762947825544,0.4409565963496356,1.6345742432460386,0.10229594150719241,-0.20507868656690592,0.39693800715641225,-0.5166516757517132,0.6054565432061407,0.08295983829933029,0.4050583949732858,0.20480957641873246,0.8377417765767913,-1.0291784048851345,0.935958374925368,-1.0995984783695105,0.27163964346083436,0.8811724824239985,0.8817553952443898,0.9993389177729615,0.3177516105340475,-0.3831999970405442,0.8692011112104866,-0.4408645963497257,0.6593587461096828,0.03513875682079885,0.14382433669505132,0.24431718322680712,0.8070102747022467
2.538,0.07473262327951302,0.07103577873782152,1760,-1.9248935546770216,0.8101463168201415,-2.375982603034363,0.017609263969158948,0.14414368394967558,0.4305547649690647,0.33478594519801047,0.7378266388254757,0.5264658901736923,0.4901566080661315,1.0740769001377248,0.28293612084403325,-0.468527931538774,0.44243903544368757,-1.0589660812114463,0.28976120197192773,-0.10515723962353579,0.4503272913804551,-0.23351291746316707,0.8153904199619375,-0.9030490462036969,0.9476341104533719,-0.9529511825736788,0.34074625740938935,0.9659366243136203,0.8896457223595229,1.0857542503006232,0.27773709934441193,-0.3507502480570309,0.87718043622103,-0.39986100188017604,0.6893076408298782,0.05444988376235645,0.15548932230614337,0.3501840702292722,0.7262426545257252
2.592,0.0729096816457816,0.06864859679451463,1531,-1.8928770530641885,0.831743821007344,-2.2757933455660444,0.022996729899636848,-0.0655112000103019,0.4702145767899543,-0.1393219250188534,0.8892141855216966,0.24861871081792267,0.5335992159243054,0.46592780386167376,0.641333803767496,-0.6431176802019754,0.4860052391348119,-1.3232731427892743,0.18594317770012747,-0.2618137174209884,0.4978997133310062,-0.5258362485678584,0.5990785401714767,-0.7633641845763467,0.9716462355504348,-0.7856400371313157,0.4322006060109528,1.0304852067561938,0.9108487143316522,1.1313461725774367,0.2580875273413551,-0.28092283136613894,0.8978793906911086,-0.3128736824551784,0.7544194692435389,0.10724251074989459,0.17735133362729855,0.6046896211971166,0.5454753203528626
2.646,0.06834686783715871,0.06347638843078096,1347,-1.577325886281569,0.8422931663100697,-1.8726566347338913,0.061333584622330545,-0.6406903572387257,0.5223112716005374,-1.2266447080022513,0.22017180666857156,-0.507649050247416,0.5833108552499385,-0.8702890503038851,0.3842984500687773,-1.2038652669598098,0.5341392935754645,-2.2538414257099113,0.024367305161925392,-0.8191431939871806,0.5497388839430123,-1.4900586767882615,0.13644431487518394,-0.40256007649493886,0.9795439509778182,-0.41096683420186303,0.681162613802188,1.0526320421708084,0.9145400452646049,1.150996118345205,0.24993932482145817,-0.1577675090310628,0.9015200185937134,-0.17500167026481042,0.8611047787836646,0.13840384083177582,0.19206382280158624,0.7206137981266545,0.4712729436184022
2.7,0.07009647525791363,0.06350808996115798,996,-1.5021500486496882,0.887007336866611,-1.6935035215786303,0.0906748768287005,-0.6138364345485124,0.6407342066710491,-0.9580203899799814,0.3382868440996879,-0.485460085423976,0.7068308419635355,-0.686812256346081,0.4923622102755526,-1.219194518000791,0.6365783497744941,-1.9152308878124538,0.05575152960349458,-1.041258541471483,0.6549469903533875,-1.589836363565324,0.11219160900058525,-0.5378089913071407,1.0234999400199545,-0.5254606964575449,0.5993808719941779,1.000788981186988,0.9486117406847911,1.0550037895003603,0.29168150732756276,-0.32920989962876335,0.9355070811200168,-0.3519052995671861,0.7249843259998837,0.22005606482515677,0.22712607519546446,0.9688718683479066,0.3328462366221452
2.754,0.07175588760301121,0.06517925927631196,996,-1.4699956929544984,0.8770294947615742,-1.6761074761278418,0.09403352094054475,-0.5903013650899218,0.6335266622914909,-0.9317703582589224,0.35168284341474554,-0.42800502283504865,0.6988797842406127,-0.6124158009522473,0.5404036097388378,-1.1648179631383848,0.6294175541445816,-1.8506283395947647,0.06452138723010278,-1.013573264291575,0.6475795680274345,-1.5651717786263373,0.11786285442672474,-0.6265622437846875,1.0119867085374403,-0.619140783667226,0.5359663506669721,0.9395456963417759,0.9379409178244382,1.0017109590666542,0.31672847834634765,-0.3990286138372703,0.9249836710470705,-0.431389900521784,0.6662790027734017,0.22138634388229325,0.22457116045908515,0.9858182298640606,0.3244636701173127
2.808,0.06332707812525451,0.05554001107878992,850,-1.4860453820121764,0.8972263116562366,-1.6562659417210004,0.09804055310029919,-0.638105953490886,0.7050003315519717,-0.9051144019835764,0.3656636912010769,-0.43681254664567387,0.7647386385366017,-0.5711919401399087,0.5680219627762457,-1.1813140009053944,0.6828194162405273,-1.7300533242148892,0.08398718123778198,-1.1065390980997152,0.7070438531495178,-1.5650218768901687,0.11795351255498093,-0.6734551633494987,1.0301075635686856,-0.6537716906149035,0.5134374082169455,0.8781044889235639,0.9505594988446315,0.9237764600646946,0.3558673613432076,-0.3774483587817939,0.9375822777049282,-0.4025762514472173,0.6873621668889135,0.3231030055571626,0.24603727532849926,1.3132278640533968,0.18946393265316502
2.862,0.058761953584329785,0.04957273974205689,725,-1.646367866466351,0.9140290644321669,-1.8012204759474948,0.07208817389130719,-0.22342961408298892,0.7669856712892208,-0.2913087198975017,0.7708994709944033,0.1224725395413111,0.8491600193513986,0.1442278684232655,0.8853610634057243,-0.5816979258357037,0.7563709548434343,-0.7690643355760703,0.44210837614045617,-0.4269945745578709,0.7899179436808885,-0.5405556083055234,0.5889817963410693,-0.9551835817108189,1.0420112809167539,-0.9166729758150558,0.3596222455085093,0.765462350756938,0.9555728828386404,0.8010507251765486,0.42336764516973724,-0.45221397138106495,0.9422706798013424,-0.479919391608794,0.6314310786083844,0.1587265250208606,0.2785994005495756,0.5697303178246281,0.5690390783752113
2.916,0.06189168664708655,0.051001540389258304,611,-1.6369310259091165,0.9329472393045718,-1.7545804917428143,0.07983897254821647,-0.3036497307337637,0.8426870564561462,-0.36033510709270733,0.7187227289362601,0.3365345228247913,0.9235771696579009,0.3643815956921563,0.7157008178257152,-0.6608607771309982,0.8186239444246971,-0.807282491102102,0.419822060425863,-0.39298220919916754,0.8530021185396607,-0.46070484546035234,0.6451764822384253,-1.1139044641243827,1.0569615237787982,-1.0538741846931239,0.2923626154456697,0.6672229213806955,0.9634974184146456,0.6925009954656184,0.48888935159764746,-0.5464215157938985,0.9505554461316739,-0.5748444428124465,0.5656109116295004,0.2669499814605312,0.29988335133790633,0.8901793989881551,0.3737245765725504
2.9699999999999998,0.051731870311185535,0.03876726697559629,520,-1.7298649741728733,0.9444411643728332,-1.8316280986350375,0.06758766640669957,-0.16781052278287711,0.9210753355024336,-0.18218979090493054,0.8555058951780923,0.1718707980037431,1.025698603936158,0.16756462117056833,0.8669919684815995,-0.22178987766493008,0.8869003262630304,-0.2500730590543872,0.802631156630071,-0.2734797975026666,0.9251807158213055,-0.2955960849874523,0.7676584037788927,-1.368631972751271,1.0630314348209546,-1.287480245569397,0.1985086149735289,0.4986261348484958,0.9605112945423823,0.5191257382205556,0.6038973764531963,-0.5918300228120642,0.948577410586687,-0.6239132581135602,0.5329624238484761,0.35491779014871416,0.32488096120928395,1.092454875864766,0.27514697816252226
3.024,0.055005370891080485,0.039477290131074816,434,-1.6823390915372616,0.9626881997262601,-1.747543069516832,0.08126369558411987,0.3824992864195336,1.013107895417745,0.37755039532271517,0.7059526482313638,-0.051327302030246845,1.1249537778331808,-0.045626143083950035,0.9636296116805134,0.21485624379138996,0.9721308279373269,0.22101577032308836,0.8251860465126166,0.03623117491661826,1.023339630855857,0.03540483904284717,0.9717735096658068,-1.546347187627309,1.0777257623140157,-1.4348243697052419,0.15207087112648696,0.3793205927742701,0.9677814039881755,0.39194862725312785,0.695292174136973,-0.7202385295862704,0.9548267397915915,-0.7543133215388121,0.4510778619915571,0.3385967458922981,0.37057489026850865,0.9137066616870883,0.3613878399217596
3.078,0.07735661414035433,0.059515443695554504,370,-1.5139712398641352,0.9637310963399572,-1.5709477940619239,0.11706838575421337,0.029466335944447187,1.0635596358744206,0.02770539135797592,0.9779123906051959,-0.32687743955902393,1.1594629692541685,-0.2819214138156476,0.7781648693611979,0.2875300828917777,1.0200441316478215,0.2818800422166929,0.7781965679851119,-0.06850517789086213,1.0923980906075068,-0.06271081804323266,0.950031393760951,-1.6230452748124866,1.0691846347411769,-1.5180215110418096,0.1298817894786565,0.3334443449888562,0.9547843718997621,0.3492352355175152,0.7271157727883321,-0.9108849639709986,0.9405569963771586,-0.9684527014094299,0.3334649145834593,0.24260468690884598,0.3966262393363838,0.6116707944354882,0.5411395338925825
3.132,0.07701862001090254,0.05650792267781157,323,-0.8719634831333527,1.004784231534869,-0.8678116711698147,0.3861580689841937,-0.8445727187902308,1.1666787302726929,-0.7239119878296102,0.46965703646574297,-1.227748410271319,1.2767198872749972,-0.9616427397334573,0.33696668455434,-0.416597817045737,1.141011544155713,-0.3651127100155651,0.7152722952760183,-0.9270729105534752,1.214830553273049,-0.7631293994505779,0.44595735931834823,-1.331182719068044,1.1029738619709755,-1.2069032322209952,0.22837495329179208,0.22493923166411406,0.9727965572170247,0.231229469302009,0.8172866587969361,-1.021729225577403,0.9582001886463647,-1.0663003803211362,0.2871044576901144,0.19545551059414962,0.44690653651457235,0.43735209629849836,0.6621557114916777
3.186,0.07873854510932166,0.05476519869952712,277,-0.6427089739311743,0.9705966579116997,-0.6621792571530212,0.5084232350860491,-0.7357430164309295,1.1832724972094766,-0.6217866283261376,0.5346087918420148,-1.2356329552179595,1.3051574116136784,-0.9467309798978502,0.3446255368327943,-0.9572175031901197,1.1764323681424222,-0.8136613111908497,0.41655863171289775,-1.5306630328159392,1.2556423122615832,-1.2190279173206628,0.22390148546431426,-1.058363653528864,1.053422797524498,-1.0046902877135153,0.315948891732926,0.3223475084152182,0.9172200598949553,0.35143966263901283,0.7255336447679516,-1.0023078176517537,0.9015662013822268,-1.111740675410276,0.26724228322691607,0.19448605406902905,0.4654585922339912,0.41783749900411926,0.6763992627198989
3.2399999999999998,0.08262677398034035,0.053958860667225994,232,-0.644936771323187,1.0065206129165232,-0.6407586323089794,0.5223344831069869,-0.7736520341040591,1.3146848561078843,-0.5884695716313724,0.5568100384995833,-1.0679195617845434,1.3985519716591317,-0.763589472129268,0.4459154254909158,-0.6323266116587847,1.2931466138494119,-0.4889829234262061,0.6253322124530901,-1.1606986202914038,1.383417286794978,-0.8390083247986903,0.4023591147918526,-1.008499106747612,1.0930943041280508,-0.9226094244010177,0.3572034636215725,0.3394565601157508,0.9447239132466388,0.3593182678621674,0.7196954965705733,-0.9593930069695022,0.9272541806562155,-1.0346602118208217,0.3019433376810876,-0.011245128654841792,0.52381181463005,-0.02146787899922386,0.9828915371347919
3.294,0.11716818981456434,0.08481309729467923,199,-1.4244727747843016,1.002834644390098,-1.420446314607165,0.15710812839211577,0.172492178554313,1.4130043966859902,0.1220747642108333,0.9029681504930596,0.41438446830258124,1.4287723470916962,0.2900283373667413,0.7721091832310962,0.6752821864035887,1.3520621143716227,0.4994461269387977,0.6180399521864037,-0.0740597527208362,1.4607784959514225,-0.05069882458298389,0.9596184936219836,-1.5277069797240406,1.0680885711758468,-1.4303186280162188,0.15425945047537235,0.5313297243072674,0.9113958802641806,0.5829845578775869,0.560591368725434,-1.0786580795525944,0.8904954802274812,-1.2113010155616357,0.2272766060989366,0.03161947316183532,0.5608147601716902,0.05638131412974081,0.9550969787844565
3.348,0.13468203289243963,0.09862711759629117,176,-1.6533421382113318,1.0470615121289037,-1.579030571804447,0.11621005467237681,0.6710385642261366,1.5851831710801556,0.42331925828413,0.6726037677661117,0.6696027335485231,1.589876093207381,0.42116661569373076,0.6741717490413488,1.1617288646136155,1.4802373813031164,0.7848260551229261,0.4336608692685955,0.6675600997893841,1.5848039190875316,0.4212256745135633,0.6741287116009483,-1.5904474830465678,1.1154676436100075,-1.4258122968940405,0.155777973813413,0.6182658766954736,0.9361769309525092,0.6604156289841725,0.5098916429878484,-1.039812650282144,0.91778855781004,-1.1329544713035746,0.25884767068955683,-0.1637251266328793,0.6097302082557826,-0.26852060864958227,0.7886280599094508
3.402,0.1560623920344042,0.10599829664661453,126,-1.8611208602787535,1.1800452701664599,-1.5771605609810373,0.11743576912603566,1.1851945127443169,2.473211811187629,0.4792127012264226,0.6326742223736754,-0.05902086697687444,2.1175727334095,-0.027871943213891432,0.9778113692890154,2.3364170059147558,1.8632242751569825,1.2539644513368662,0.21233344446652871,2.081186588919996,1.9488330794790312,1.0679142358751146,0.2877390929262977,-1.7263932088418104,1.236439602685534,-1.3962616573361952,0.16525683932467145,0.47368058457597906,0.9886967362714406,0.4790959322494749,0.6327570393168112,-0.8700354243892174,0.9856745130325618,-0.8826802487896689,0.3792037156265672,-0.8028743181681631,0.7705645217605626,-1.0419300337547077,0.2995741508963817
3.456,0.15915815650191856,0.10927770815881199,126,-1.809248081463739,1.170813317128595,-1.545291683136042,0.12495347063270683,1.2175840105740763,2.4538629134200405,0.4961907219491263,0.6206828565699933,0.023081422813132444,2.1010061384462895,0.010985890231715999,0.99125325626439,2.192611526972603,1.8486475470922763,1.1860624976466418,0.237980340219812,1.9525472312925414,1.9335866004470443,1.0098059382709383,0.31465446101610123,-1.6623683705154337,1.2267664548540622,-1.3550813717947572,0.17798007297831986,0.5237898684170379,0.9809617772247756,0.5339554308618263,0.5943768480713163,-0.8914526491887137,0.9779631980135597,-0.9115400773765655,0.36386931827876845,-0.842167789379787,0.7645360958540421,-1.1015409134332952,0.2729031212476738
3.51,0.18220723275272288,0.12379346366363164,106,-2.189332544217413,1.382210642027204,-1.583935528818135,0.11643026840658353,2.4933647431942694,2.908413065240622,0.8572938875131842,0.3933741316160947,1.113020961033558,2.5533151751630356,0.435912092584688,0.6638592256247522,2.7065620277123528,2.292161398818471,1.1807903357536214,0.240543904396464,2.3110784835388456,2.3399087455220595,0.9876788947268191,0.32574223706552885,-1.9084837071411458,1.4037592482847157,-1.3595520097004983,0.17709174892118204,0.7683395551494361,1.0448098161089192,0.7353869989572708,0.4638601651449308,-1.094664136432922,1.0528792437021524,-1.039686310638858,0.3010439790740674,-0.9128658021491718,0.8498743549694426,-1.0741185409483194,0.2854071596229913
3.564,0.17266079137016288,0.10288519546162245,91,-1.983298856988667,1.500937825351438,-1.3213730932021026,0.19000797619033644,2.2067897507850764,3.172666949599468,0.6955630029378507,0.48864550399015594,1.2616108595728266,2.7556208602126544,0.45783180037164717,0.6482696090481033,2.3986982694159926,2.5468313986263,0.9418363032236029,0.34900972131117913,1.3606499060719761,2.631239245031022,0.5171137169079181,0.606452107422373,-1.6543874963821692,1.5027110079074708,-1.1009352348366093,0.27410743916042746,0.9476702556517703,1.1025104587497725,0.8595567036401739,0.39250931206075457,-1.1599719084534825,1.104030602214037,-1.050670068499243,0.29645966885393954,-0.9336339520667399,0.962524651073581,-0.9699844580867442,0.33487242867084177
3.618,0.1614512493749395,0.07251426067228162,74,-2.534347253184733,1.5773025394002935,-1.6067603962321126,0.11288111210236951,3.1785255397498466,3.4472459779216065,0.9220477912244095,0.35986202714398774,1.3269523602590994,3.282388503644578,0.4042642602439433,0.6873254718749746,3.0337201491836967,2.725782428628828,1.1129722304027665,0.2697576153833026,2.549984698686601,2.814075445997495,0.9061536364682352,0.3681508914912264,-1.959039539547049,1.5555105545863617,-1.2594189951144323,0.21231480218945167,0.8410448883896576,1.120356098026474,0.750694256827068,0.4555048318326921,-0.9253688291390202,1.1418195283297077,-0.8104335283989065,0.4206037324158598,-0.9462427866826735,1.034058363530587,-0.915076769411656,0.36348257905340253
3.672,0.1281040978350585,-0.004575713363954348,54,-3.040241098341437,1.6741507586947526,-1.8159900370691546,0.07589254742612833,3.604402165954644,3.6053244968831675,0.9997441753358621,0.32266453611671975,4.159326489063093,3.715665421308146,1.1194028572138637,0.26877948611042135,4.858732395295262,2.923880916982613,1.661740861973742,0.10336591017184407,3.2482440838839124,3.0642875609852718,1.0600323955364988,0.29466422581704654,-2.239333674904031,1.611871312143212,-1.389275718249814,0.1714377783042739,0.8039059586501422,1.1378432547157467,0.7065173127479427,0.48342999144255117,-0.7723727960475274,1.1708161787224118,-0.65968749841699,0.5127438941099709,-0.6847625175573823,1.1246874235221387,-0.6088469589292097,0.5456210762081292
3.726,0.11466056081933285,-0.020065006012507824,54,-2.784477891847192,1.766037661983699,-1.5766809235084667,0.12172213210067517,3.3363258334064945,3.8032051845391917,0.8772405567202481,0.3849146782085697,3.9260481567840757,3.919602245664401,1.0016445319488232,0.32175541281482073,4.4120094458856896,3.084360110180627,1.4304456315988707,0.15934726097954294,2.9559149054695535,3.2324730683557656,0.9144437843601628,0.3652523185188965,-2.1025691004048275,1.7003399656404656,-1.2365580665586806,0.2225276909341124,0.7988006431533557,1.2002945558073879,0.6655038459422454,0.5090516996958887,-0.8312598087514544,1.2350772211791117,-0.6730427818576897,0.5042875033144987,-0.621649824264625,1.1864166578690172,-0.5239726028301066,0.6028132350648996
3.78,0.1443588046697224,-0.017519259311681523,45,-2.798004418109158,1.931663480436038,-1.4484947541056994,0.1559009017917174,4.929508542344667,3.986169238822284,1.236653099004169,0.22400831976042274,3.3439727367153207,4.00935470924092,0.8340426276098742,0.40960948727952284,4.2978471766043285,3.2718321868811424,1.3135903466678802,0.19707150589964223,3.795571428632432,3.5003147168325492,1.0843514757058936,0.2852243500358895,-2.0083967498265234,1.7738347136260357,-1.1322344378530065,0.2648204150415664,0.8157876120040584,1.196828911001815,0.6816242526437608,0.4997211853076693,-0.7264906462022718,1.236817278075266,-0.5873872067285767,0.5605114354239319,-0.3882938775297148,1.1957761949566008,-0.32472119713322056,0.7472209786776038
3.834,0.15973903051702731,-0.013255874964761105,42,-2.8221875236758573,1.9235668006363846,-1.4671637723952071,0.15152141033893154,5.399951641029955,3.9718472094445234,1.3595567392898673,0.18291918565585708,3.6528770125135,3.9967267747746544,0.913967158217729,0.3671703708494972,4.548594469387785,3.2720835420212095,1.3901217407725652,0.17352640831748753,3.8434086844941704,3.520272904411579,1.0917928208570535,0.2826006431304564,-2.090690586575756,1.7665193273026902,-1.18350847016661,0.24481677391125362,0.8229198077206525,1.1960256086048766,0.6880453075587242,0.4960920001813759,-0.8088149822868511,1.234205006252775,-0.6553327674002316,0.5166633897812766,-0.289818478875195,1.195143740986356,-0.24249675493929032,0.809852162119373
3.888,0.18194454423932271,0.018333453087187257,37,-2.6841683816854536,1.7000865529052935,-1.5788421931215524,0.12485986547118244,4.889892731484432,4.155682615320974,1.1766761767264435,0.2485770944750406,3.7243846650724515,4.046869566969681,0.9203125041317534,0.364751048337447,4.459073574973522,3.318427269006846,1.343730994685339,0.18911109633943074,3.714369791543141,3.5936938688906395,1.033579911660576,0.30959314480693595,-2.1300494005129718,1.3491211533317464,-1.5788421931215517,0.12485986547118255,0.8174343516497177,0.5992474243104214,1.3641015688809557,0.18268289153078385,-0.9701998322201705,0.6111168946282098,-1.5875847006494868,0.12286557959175705,-0.23852371785286114,1.2199778349798793,-0.1955147962641428,0.8463081914797154
3.942,0.311726088372541,0.10524391488430329,27,-2.682155589340042,1.7021143924272304,-1.5757786910639209,0.13076348002644864,3.3566953512249706,4.466013940725458,0.7516087938318684,0.4610402119806116,1.3491991541419923,4.766336961041911,0.2830683531545911,0.7800335826161546,4.592860691723869,3.646255040268515,1.2596103785942645,0.22231159479658028,4.07414519743798,4.00491545079727,1.017286194300788,0.32116640648622086,-2.1284521284647755,1.3507303662214791,-1.5757786910639229,0.13076348002644825,0.7993373875928744,0.6754819107349924,1.183358687907889,0.2505426719652216,-0.95172220814098,0.687653134166702,-1.3840149355158204,0.18160534867566847,0.037198922737239334,1.6584665640491572,0.022429709192579632,0.982327457106215
3.996,0.3216143778301118,0.11809869117914529,27,-2.7167352695208806,1.667208361008003,-1.6295115434032061,0.11885449923119722,2.768499590217838,4.374427368385059,0.6328827426022405,0.5339803356808985,1.3080873139351064,4.668591528386528,0.2801888548144591,0.7822101994287128,4.638445873670964,3.571479635299034,1.2987462753046315,0.20880633582925426,4.071878387245107,3.922784834207201,1.0380070687889353,0.3116542556050865,-2.155893188996484,1.3230303263111196,-1.6295115434032093,0.11885449923119658,0.7740226418229512,0.6616294969935091,1.1698732377261962,0.2558049165904801,-0.9278299464900875,0.6735511196290515,-1.3775197152089607,0.18357279512687227,0.056753209444596525,1.6244556384321747,0.03493675549020917,0.9724765132910751
4.05,0.3573710585728337,0.15443560338530737,26,-2.7797659682727125,1.5330294263880442,-1.8132502353996507,0.08562247806818298,2.7474298972641895,4.022369202616965,0.6830377220163438,0.5028274604031355,0.9730745994175818,4.2928600889320325,0.22667279605184174,0.8230990626956476,4.861222468997622,3.284042663616932,1.4802555773266473,0.1551968467190182,3.5661908792795667,3.6291704669910905,0.9826462856224719,0.33812978142339467,-2.2059118476642183,1.216551253985095,-1.8132502353996547,0.08562247806818234,0.7665648539559511,0.608383188710656,1.260003346871778,0.22292510876643923,-0.9235537997042806,0.619345389279721,-1.4911773231707501,0.15233138730344065,-0.017640937760803534,1.493717602121044,-0.01181008895908692,0.9907002594634637
4.104,0.3499756380475554,0.04996439406950404,20,-2.7809012381744505,1.7090218241588684,-1.6271888391730343,0.12767975540876964,0.940979926377936,5.58080340833623,0.16861011892523634,0.8686984227216136,0.8134100598168281,5.076343803115841,0.1602354157568209,0.8751586674449643,4.349715995505965,3.816751388529602,1.1396382820683764,0.27500056760201286,4.51312353359308,4.3009405818861985,1.0493340811543663,0.31314137750086257,-2.2068127527602366,1.3562118296495784,-1.6271888391730358,0.12767975540876936,0.6149962078261813,0.7370158242436198,0.8344409815858919,0.41910268096728254,-0.7697376411685548,0.7521941713237865,-1.0233230600735626,0.3248213586759968,-0.5341313229439081,1.9094373510723501,-0.2797323110098046,0.7840842033014228
4.158,0.5799438730384485,0.3174087936874789,14,-2.693539671102984,1.567848886770002,-1.7179842354910044,0.1241244780254771,-1.0281530509712779e-15,5.574172339105916e-16,-1.844494551699116,0.10233747733372162,-1.5820429168024939,4.969275212573514,-0.3183649222726743,0.7583605465382887,4.54816921471919,3.6283552657836076,1.2535071352052214,0.2454130641619992,4.6798141750840045,4.254591274845538,1.0999444770999547,0.30335053710244414,-2.137486083525129,1.2441825945592746,-1.717984235491004,0.12412447802547716,0.8142682467334191,0.7553237791938692,1.078038675814575,0.31244595070773373,-0.9674754560432747,0.7684856049928027,-1.2589376427582344,0.24354499577489566,-0.5285128969551055,1.8228752852643595,-0.28993365658499165,0.7792398571643429
4.212,0.5776162679336043,0.313626435392107,14,-2.502433429827127,1.5390587441439787,-1.6259505618929286,0.14261303189555735,-9.70092836502948e-16,5.471814759865286e-16,-1.7728904925992621,0.1141818781929903,-1.6565034375422902,4.878025256455172,-0.3395848423191765,0.7429123388016399,4.197040774987794,3.5617283947367446,1.1783719334663099,0.2725081636675411,4.435808511817194,4.176464938403391,1.0620964325664726,0.31919935780065656,-1.9858317620446253,1.221335881044701,-1.6259505618929275,0.1426130318955576,0.8167005188341183,0.7414538970162454,1.1014852334321525,0.3027187949480439,-0.9599540066913795,0.7543740344451021,-1.2725172962739852,0.23892588672582155,-0.555026639681658,1.7894021362287198,-0.3101743473110032,0.7643548199160681
4.266,0.6654091675882761,0.38658347391183945,12,-2.028153905890236,1.472622987193857,-1.3772390649387904,0.2176108959799267,-1.2050709166929258e-15,1.1714395716694431e-15,-1.0287094151818297,0.3432885093301001,-2.7911230940236162,4.486237237550348,-0.6221523620421984,0.556729512956329,-1.1229894049640006,5.2811789787560235,-0.21263990663473398,0.8386481138079234,2.0282937118216697,7.178153164937906,0.28256484157080747,0.7870050191870283,-1.6094623723556665,1.1686151034549666,-1.377239064938791,0.2176108959799265,0.9376403248841012,1.253953927316997,0.7477470299808452,0.48287923207716354,-1.0579399026045668,1.2470810286855327,-0.8483329296731206,0.42879201441579873,0.916149774452764,3.7265817662526963,0.24584185506118872,0.8139983575462797
4.32,0.643885484659638,0.28777096931927604,11,-2.2061012011561547,1.2726203947430068,-1.7335108020185825,0.14354044817039469,-1.940070768884406e-17,1.7219596315148525e-15,-0.011266644893281705,0.9914464296056134,1.1832029080846604,4.483599634428143,0.26389575442892355,0.8023914905119275,-0.8643531635740471,4.5660312294114975,-0.1893007559839776,0.8573015820193483,3.88610460882173,6.213166623346537,0.6254628025296053,0.5591030567796245,-1.7506742770149644,1.0099009910849077,-1.7335108020185872,0.14354044817039377,0.5324102973337131,1.0863158317846315,0.490106359270355,0.6448057541752372,-0.6558451176892931,1.0803618020387964,-0.6070606314029431,0.5703192832733979,0.03676854770620541,3.225160505915281,0.011400532667682138,0.991344788049739
4.374,0.6633677340142615,0.32673546802852305,11,-2.3039864371199625,1.2718721827748662,-1.8114921202957,0.1298228359522965,9.134263691928823e-17,1.7209472394376264e-15,0.053076953683447795,0.9597259557654401,1.2910720708270507,4.480963590780966,0.28812375835484877,0.7848135068206156,-0.8075682902026023,4.563346721739876,-0.17696842678101374,0.8664784766030372,5.100785624724205,6.2095137150269455,0.8214468731070467,0.4487727825811717,-1.8283521118357646,1.0093072397893226,-1.8114921202957042,0.12982283595229566,0.2851146504964205,1.0856771538961745,0.2626145806543209,0.8033248244344744,-0.4099029406726118,1.0797266247042618,-0.3796358553118801,0.7198055309699811,-0.32804824878420236,3.223264336641499,-0.10177516161333958,0.9228906120598115
4.428,0.6896755340350476,0.301769951578857,10,-2.077243260234452,1.0747349879688837,-1.932795790113975,0.12541153990758158,2.4839529201386127e-15,5.177805603390049e-15,0.4797308184981494,0.6564711830569407,1.3563055279030474,3.7864239811534417,0.3582022337313324,0.7382958170996363,-1.3167255567377214,3.856039971647506,-0.34147093038953796,0.7499334487680658,4.340697665738823,5.281887728397294,0.8218080142827912,0.45734744269070793,-1.6484177339141723,0.8528669931638079,-1.9327957901139752,0.12541153990758158,0.1627048412065573,0.9174013303192671,0.17735404978095462,0.8678489781903406,-0.2737762793231153,0.9123731105149765,-0.3000705261563288,0.7790713963112987,-0.5668193896263464,2.723668737534796,-0.20810878423467055,0.8453108723566619
4.482,0.8769354247018266,0.671827799204871,9,-1.921757542360892,0.7768454514136421,-2.4737964789055904,0.089761788214172,-2.114927458695283e-16,7.371815167783308e-16,-0.28689371756606835,0.7928675607488633,0.9123033655540383,2.7369220207586547,0.3333318810819296,0.7608213681799392,-1.5934366257331698,2.787243142872757,-0.5716891365605248,0.6075587430190806,5.591555847383376,3.8576061771721455,1.4494885145280225,0.24306452214935706,-1.5250304447989718,0.6164736904604406,-2.4737964789055886,0.08976178821417216,0.07960274809734769,0.6631214511392756,0.12004248687866485,0.91203750868916,-0.1812808248120732,0.6594869235979136,-0.27488160617813756,0.8012509168101933,-0.5980412926746866,1.9687374647148925,-0.30376893993902504,0.7811536844069003
4.536,0.8459486321106218,0.5378458963318653,7,-1.892463431821737,0.9746969176100596,-1.9415916862259353,0.19168927429719634,-1.0535450939532132e-15,1.6838290297777203e-15,-0.6256841254793487,0.595403889842486,-7.118260856142407e-16,1.2427638165347541e-15,-0.5727766419841966,0.6246062874863045,-1.5464467589779982,3.4971156840220563,-0.4422063490903508,0.7015623177818683,6.499390978178142,4.93826000697392,1.3161297641273564,0.31873449636798,-1.5017838023684005,0.7734807544873497,-1.9415916862259335,0.19168927429719657,-0.15366374838420208,0.8320108428118693,-0.18468959835292417,0.8705043461097927,0.05706741998864272,0.8274506430227888,0.0689677631769887,0.9512903151178416,-0.9036261574243839,2.470150030272624,-0.36581832939299364,0.7495700533449883
4.59,1.0,,5,-89.92606928626368,inf,-0.0,,-6.718099882071743e-11,inf,-0.0,,-1.424111411611553e-13,inf,-0.0,,35.81846186306255,inf,0.0,,1060.7395621319056,inf,0.0,,-71.36175631929049,inf,-0.0,,-222.19262479082408,inf,-0.0,,220.87318199459384,inf,0.0,,-527.9096650459359,inf,-0.0,
4.644,1.0,,5,-83.99293203232071,inf,-0.0,,-6.254470243117146e-11,inf,-0.0,,-1.3261472290492526e-13,inf,-0.0,,33.10626538144353,inf,0.0,,987.7043444904147,inf,0.0,,-66.65345428534997,inf,-0.0,,-206.7700118956748,inf,-0.0,,205.52601346744257,inf,0.0,,-491.16551729802524,inf,-0.0,
4.6979999999999995,1.0,,4,-239.0456405770779,inf,-0.0,,-3.370883194677909e-13,inf,-0.0,,1.6077872331772977e-14,inf,0.0,,33.118361120608895,inf,0.0,,989.8914944987444,inf,0.0,,-189.69712439808023,inf,-0.0,,-211.27047186572645,inf,-0.0,,201.98905289061406,inf,0.0,,-232.787700998721,inf,-0.0,
4.752,1.0,,4,-218.20766466460782,inf,-0.0,,-3.07804346017913e-13,inf,-0.0,,1.4675589958823274e-14,inf,0.0,,30.447777489933365,inf,0.0,,903.5757350523613,inf,0.0,,-173.16093449171186,inf,-0.0,,-192.7603914228966,inf,-0.0,,184.28662785521976,inf,0.0,,-212.49523929801688,inf,-0.0,
4.806,1.0,,4,-187.71717222183784,inf,-0.0,,-2.6487703938692695e-13,inf,-0.0,,1.2624036476373209e-14,inf,0.0,,26.382167930917014,inf,0.0,,777.3496070712429,inf,0.0,,-148.9648909081022,inf,-0.0,,-165.57052579231754,inf,-0.0,,158.27693072343794,inf,0.0,,-182.80295283365575,inf,-0.0,
4.86,1.0,,2,-0.22372966283672605,inf,-0.0,,0.0,,,,0.0,,,,0.0,,,,0.3832261640575746,inf,0.0,,-0.17754297288275842,inf,-0.0,,1.230383076388561,inf,0.0,,-1.260805650339456,inf,-0.0,,-0.21787267791748616,inf,-0.0,
4.914,1.0,,2,-0.20167174887357056,inf,-0.0,,0.0,,,,0.0,,,,0.0,,,,0.40749953714099413,inf,0.0,,-0.16003868860075546,inf,-0.0,,1.2559135539962247,inf,0.0,,-1.2855715459329247,inf,-0.0,,-0.1963922147393273,inf,-0.0,
4.968,1.0,,2,-0.23624633215953983,inf,-0.0,,0.0,,,,0.0,,,,0.0,,,,0.3832969950524124,inf,0.0,,-0.18747570443916609,inf,-0.0,,1.248654793981378,inf,0.0,,-1.2800098142263372,inf,-0.0,,-0.23006167525200255,inf,-0.0,
5.022,1.0,,2,-0.46902874753382773,inf,-0.0,,0.0,,,,0.0,,,,0.0,,,,0.27743852884632697,inf,0.0,,-0.37220258211984836,inf,-0.0,,1.334871734594862,inf,0.0,,-1.3797084764589032,inf,-0.0,,-0.4567501150710399,inf,-0.0,
5.076,1.0,,2,-0.4579505142680099,inf,-0.0,,0.0,,,,0.0,,,,0.0,,,,0.26256220805871056,inf,0.0,,-0.3634113362771487,inf,-0.0,,1.2836481854787973,inf,0.0,,-1.3271261560556498,inf,-0.0,,-0.4459618971940938,inf,-0.0,
5.13,1.0,,2,-0.5557000966834351,inf,-0.0,,0.0,,,,0.0,,,,0.0,,,,0.2088484721093047,inf,0.0,,-0.4409815218307201,inf,-0.0,,1.2979371249256348,inf,0.0,,-1.3467427698717542,inf,-0.0,,-0.5411525081132496,inf,-0.0,
5.184,1.0,,2,-0.6382644048795235,inf,-0.0,,0.0,,,,0.0,,,,0.0,,,,0.15974227818885903,inf,0.0,,-0.5065012769909444,inf,-0.0,,1.3011643262168358,inf,0.0,,-1.35433542398315,inf,-0.0,,-0.621555377804311,inf,-0.0,
5.2379999999999995,1.0,,2,-0.6963026246582606,inf,-0.0,,0.0,,,,0.0,,,,0.0,,,,0.09353420353951745,inf,0.0,,-0.5525581026692622,inf,-0.0,,1.228450926256246,inf,0.0,,-1.2835494808262675,inf,-0.0,,-0.6780742238278047,inf,-0.0,
5.292,1.0,,2,-0.6749421501111674,inf,-0.0,,0.0,,,,0.0,,,,0.0,,,,0.062355160143456,inf,0.0,,-0.5356072786024282,inf,-0.0,,1.1237800344078446,inf,0.0,,-1.1761688136809767,inf,-0.0,,-0.6572729419049879,inf,-0.0,
5.346,1.0,,2,-0.6360861297602807,inf,-0.0,,0.0,,,,0.0,,,,0.0,,,,0.15610539659870373,inf,0.0,,-0.5047726843871593,inf,-0.0,,1.2894081676819085,inf,0.0,,-1.3422864607896134,inf,-0.0,,-0.6194341274191228,inf,-0.0,
5.4,1.0,,2,-0.33110213908297853,inf,-0.0,,0.0,,,,0.0,,,,0.0,,,,0.354159676191586,inf,0.0,,-0.262749504716023,inf,-0.0,,1.316910289254907,inf,0.0,,-1.3542630683635626,inf,-0.0,,-0.32243426638899303,inf,-0.0,
