peth_time,r_squared,r_squared_adj,n_trials,Intercept_beta,Intercept_se,Intercept_tstat,Intercept_pvalue,C(word_l2)[T.LR]_beta,C(word_l2)[T.LR]_se,C(word_l2)[T.LR]_tstat,C(word_l2)[T.LR]_pvalue,C(word_l2)[T.Ll]_beta,C(word_l2)[T.Ll]_se,C(word_l2)[T.Ll]_tstat,C(word_l2)[T.Ll]_pvalue,C(word_l2)[T.Lr]_beta,C(word_l2)[T.Lr]_se,C(word_l2)[T.Lr]_tstat,C(word_l2)[T.Lr]_pvalue,C(word_l2)[T.RL]_beta,C(word_l2)[T.RL]_se,C(word_l2)[T.RL]_tstat,C(word_l2)[T.RL]_pvalue,C(word_l2)[T.RR]_beta,C(word_l2)[T.RR]_se,C(word_l2)[T.RR]_tstat,C(word_l2)[T.RR]_pvalue,C(word_l2)[T.Rl]_beta,C(word_l2)[T.Rl]_se,C(word_l2)[T.Rl]_tstat,C(word_l2)[T.Rl]_pvalue,C(word_l2)[T.Rr]_beta,C(word_l2)[T.Rr]_se,C(word_l2)[T.Rr]_tstat,C(word_l2)[T.Rr]_pvalue,C(word_l2)[T.lL]_beta,C(word_l2)[T.lL]_se,C(word_l2)[T.lL]_tstat,C(word_l2)[T.lL]_pvalue,C(word_l2)[T.lR]_beta,C(word_l2)[T.lR]_se,C(word_l2)[T.lR]_tstat,C(word_l2)[T.lR]_pvalue,C(word_l2)[T.ll]_beta,C(word_l2)[T.ll]_se,C(word_l2)[T.ll]_tstat,C(word_l2)[T.ll]_pvalue,C(word_l2)[T.lr]_beta,C(word_l2)[T.lr]_se,C(word_l2)[T.lr]_tstat,C(word_l2)[T.lr]_pvalue,C(word_l2)[T.rL]_beta,C(word_l2)[T.rL]_se,C(word_l2)[T.rL]_tstat,C(word_l2)[T.rL]_pvalue,C(word_l2)[T.rR]_beta,C(word_l2)[T.rR]_se,C(word_l2)[T.rR]_tstat,C(word_l2)[T.rR]_pvalue,C(word_l2)[T.rl]_beta,C(word_l2)[T.rl]_se,C(word_l2)[T.rl]_tstat,C(word_l2)[T.rl]_pvalue,C(word_l2)[T.rr]_beta,C(word_l2)[T.rr]_se,C(word_l2)[T.rr]_tstat,C(word_l2)[T.rr]_pvalue
-2.16,0.07560444153090262,0.07524670331168093,38776,0.6870751169282148,0.01924185530374625,35.70732167362501,8.843891902666475e-275,-1.0612616224445697,0.16020071154902038,-6.624574960891048,3.527959817999926e-11,0.0035565339987208566,0.0360030419162032,0.0987842640352074,0.9213100736927948,-1.0909172192653847,0.09343520014554543,-11.675655615507285,1.9164965688171006e-31,-1.0114821982318474,0.12468624778486619,-8.112219400306762,5.115284343310628e-16,-0.027059210915277986,0.02700820429681194,-1.0018885601539997,0.31640367288514165,-1.1432943987145445,0.08602152755464014,-13.290793958388308,3.2068037858592577e-40,0.09504548516051142,0.0356529362534948,2.6658529464370497,0.007682511784953271,-1.1108807385327182,0.04306276307755788,-25.796782629390837,1.6370983668427865e-145,-0.9507832855018183,0.04910412065574662,-19.362596719070844,3.948338071058892e-83,-0.8529752249040286,0.03816629547828701,-22.348913202469184,6.138855829622864e-110,-1.041342387996978,0.05658808116345634,-18.40215053394424,2.645446235006931e-75,-0.8622935439445346,0.048750610528490924,-17.68785117963992,9.786882546272762e-70,-1.0932397015534345,0.04049485103121975,-26.997005142964838,4.769312156819113e-159,-1.0335486065149275,0.06122548285154606,-16.881020097807664,1.0490306733683636e-63,-0.9353922403672496,0.03647987612449776,-25.64132172968358,8.393708475393454e-144
-2.106,0.07933652551119075,0.07898023159691503,38776,0.6495653819803062,0.017740152333052702,36.615547024929626,1.374865147049482e-288,-0.9704420345394966,0.14769807702429522,-6.570444613032208,5.079944770137035e-11,-0.001619773676561239,0.03319323620120854,-0.04879830537590862,0.9610802841106021,-0.9759067135699064,0.08614318409974377,-11.328890657674323,1.0512188313050553e-29,-0.9893613591136653,0.11495528859473494,-8.606488411347252,7.811696250305052e-18,-0.05156006857548187,0.024900387769487557,-2.070653238527577,0.038397817426520715,-1.0666741466792153,0.07930810094201772,-13.449750202177487,3.821427470869138e-41,0.06216112903631277,0.03287045403228212,1.8910943236520017,0.058619204030211015,-1.0586143583423167,0.03970199156051759,-26.66401146976909,3.1126864478659356e-155,-0.9231840034222477,0.04527186006039371,-20.39200514824659,5.9912116604137644e-92,-0.8356388700459929,0.0351876617449301,-23.748064764956805,8.839441124040444e-124,-1.003891508549822,0.05217174561537303,-19.24205327440708,3.9807793590398216e-82,-0.835538933913792,0.04494593912346764,-18.58986485116142,8.384791966182198e-77,-1.051974225974635,0.03733448852295705,-28.177009183553537,6.239499831382379e-173,-0.9953222803669465,0.056447227946863715,-17.63279290355742,2.575686659218336e-69,-0.8975641881423373,0.0336328565683313,-26.68712323970375,1.6976292461912357e-155
-2.052,0.08391690671967156,0.08356238539874272,38776,0.6069026164184409,0.01616636351289516,37.54107198779384,5.429459670332557e-303,-0.8918413937646613,0.13459528185006658,-6.626097003594336,3.49183393640081e-11,-0.0009662842544133216,0.030248552127612346,-0.031944810129647505,0.9745162280240278,-0.9061801271784892,0.07850113134147295,-11.543529522354094,8.937820106731378e-31,-1.0069796889932574,0.10475721675116323,-9.612509001505863,7.489277443882399e-22,-0.07423831161466464,0.022691390284376126,-3.2716510837055455,0.001070148582243164,-0.991512815592817,0.07227241149205033,-13.719105189978052,9.821512233680845e-43,0.041110444951405756,0.029954405054893992,1.3724340335275353,0.16993630290713646,-0.9911096829317716,0.03617989381959138,-27.393935644860477,1.1801940606317032e-163,-0.8709456126868566,0.04125564047596334,-21.110946349125115,2.2627530417579088e-98,-0.8104748669466277,0.03206604544637789,-25.275173650643513,8.161433342820865e-140,-0.95831950828886,0.0475434138831478,-20.156724770421782,6.798165292317909e-90,-0.792465780101236,0.04095863308595388,-19.3479547629972,5.231647242088277e-83,-1.0108567411671912,0.034022419971310114,-29.711488542543723,7.800489675708426e-192,-0.9419387833614741,0.0514396037391424,-18.311548202007554,1.3825883949883329e-74,-0.8517186611977097,0.030649172287414327,-27.789287528246124,2.628284804991517e-168
-1.998,0.09008554895872645,0.08973341488324615,38776,0.5629485501793903,0.014630259300199738,38.47837134176458,0.0,-0.7975986952887675,0.12180623505584487,-6.5480941507065715,5.900290788533642e-11,0.0060118062327829125,0.027374378952296854,0.21961434242067035,0.8261726769430859,-0.8153883588086489,0.0710420686735571,-11.477542448199406,1.916106967146703e-30,-0.9482679898394508,0.09480333925525314,-10.002474567760613,1.5873455826477785e-23,-0.09725583694822718,0.020535287572721595,-4.736034818300702,2.187104755728729e-06,-0.9041930828636604,0.0654051926728,-13.82448466113435,2.2998446794680247e-43,0.0030767748797126543,0.02710818130414725,0.11349986357225454,0.909634859067037,-0.9447964226838013,0.032742133233123256,-28.85567705551962,3.5713336036051007e-181,-0.8409689631524745,0.03733558986705396,-22.524592919169883,1.244060274926281e-111,-0.7884690905490004,0.02901917671455864,-27.17062232001341,4.693696615473406e-161,-0.9246430665510705,0.04302590824289843,-21.49037880458191,7.543988892245357e-102,-0.7474317596170303,0.03706680368477816,-20.16445135041332,5.824769826949387e-90,-0.971496803605078,0.0307896593939338,-31.552697325274178,8.9513654635903e-216,-0.884665958468714,0.0465518878381575,-19.00386857659452,3.672244727582398e-80,-0.8146506060907425,0.02773693277054517,-29.3706089577377,1.4929036025000272e-187
-1.944,0.09402326890901103,0.09367265871896047,38776,0.5168548488812059,0.013316790834223555,38.81226755870582,0.0,-0.8055805855681757,0.11087077277713113,-7.265941829300026,3.774163671142842e-13,0.006520959885560302,0.024916774969226424,0.2617096270931548,0.7935467084489384,-0.7575391415345989,0.06466408759709336,-11.714990030550593,1.2077798767262275e-31,-0.8377891963830766,0.08629213012177475,-9.708755540056726,2.933415300539915e-22,-0.10487011970235988,0.01869168028503981,-5.610523939161017,2.030889297981619e-08,-0.8267656053882738,0.0595332763708349,-13.887453467844125,9.609548719929763e-44,-0.023010586100238796,0.024674475887013842,-0.932566357462095,0.35104971919926453,-0.886006988639608,0.029802625557417802,-29.729158826380083,4.665249408561336e-192,-0.8038494076975726,0.0339836930248479,-23.653974484462918,7.994194441230397e-123,-0.7550647265330601,0.026413906859728192,-28.585878285361304,7.111503683709011e-178,-0.8656221755666905,0.039163148702043245,-22.102977014244228,1.3704484300553064e-107,-0.6955021502979007,0.03373903780069562,-20.614166723022585,6.544799373999077e-94,-0.8992417658148917,0.02802543998659033,-32.086624375751555,5.678756983384422e-223,-0.8360126451110075,0.04237257457702854,-19.730041269765923,3.159624410803542e-86,-0.7785763586962795,0.02524677960309481,-30.838640449843343,2.504446258813391e-206
-1.89,0.0923114783880562,0.09196020574037367,38776,0.4672549493888723,0.012276958346530378,38.059504333247524,0.0,-0.8036025079955635,0.10221350445291696,-7.861999373729822,3.877783081038579e-15,0.005594771850538013,0.022971165668601523,0.24355628840313098,0.8075757746352314,-0.6839266512532984,0.05961483662457738,-11.472423476731233,2.032516737265684e-30,-0.803157403870729,0.07955406826814349,-10.095742698709277,6.176430157576346e-24,-0.11444325842827766,0.017232153237426488,-6.641262809787375,3.1510830343946155e-11,-0.7367489858215441,0.05488466127731563,-13.423586274842325,5.432868545056407e-41,-0.0490477539417454,0.022747786344201416,-2.1561550297507543,0.031077694239151625,-0.8245184732651301,0.027475507961373886,-30.009216733108975,1.2993544946092341e-195,-0.7434480033101643,0.031330099640455814,-23.729512891499635,1.3654635010814928e-123,-0.6934543246894018,0.0243513950412606,-28.476985549058867,1.4966498485939809e-176,-0.7994073786665528,0.03610512107003398,-22.14110782556089,5.947756818585415e-108,-0.6434601238483919,0.031104548151844953,-20.68701080971097,1.4729910488805284e-94,-0.8231062592993891,0.025837092708125984,-31.857541736517252,7.18497900107618e-220,-0.7698784220081192,0.039063941124653286,-19.708160514358553,4.84879111848373e-86,-0.7281564827055247,0.02327540211675179,-31.28437820549856,3.355505857666509e-212
-1.836,0.08762407957047536,0.08727099291396245,38776,0.4186870122626224,0.011443113403135505,36.58855745918753,3.5748973237222874e-288,-0.7105775706820716,0.09527121374629244,-7.458470851167511,8.935890569553102e-14,0.002580197233411047,0.02141097544916801,0.12050815898307465,0.9040812414391017,-0.6355868666508018,0.05556582638379865,-11.438448917518846,3.004367912703676e-30,-0.778073551997238,0.07415079526847339,-10.493124843504553,1.0058726847491874e-25,-0.1262935189383827,0.016061753905991554,-7.862996760974599,3.847068025170457e-15,-0.674314596908733,0.051156922208382166,-13.181297228202778,1.3683635588487538e-39,-0.051306635917966734,0.021202767938082935,-2.4198083980258693,0.015533256014588355,-0.7508828651040018,0.025609385039545126,-29.320612890333543,6.281834231204233e-187,-0.6716242237856559,0.029202174756794808,-22.99911665412458,2.864115249340215e-116,-0.6421589477453337,0.022697460324971146,-28.292105748890652,2.573563185977825e-174,-0.7162235278180057,0.03365287909078055,-21.28268211126757,6.142566740801292e-100,-0.5796618220880125,0.028991942613818652,-19.993893814198014,1.741439940869909e-88,-0.7508871017443494,0.02408225014056249,-31.1801055699362,8.06866756432879e-211,-0.7011683050785698,0.03641073754959409,-19.25718489287747,2.9807756398164104e-82,-0.6789557844854515,0.02169454830811923,-31.296147531744225,2.3420915193625859e-212
-1.782,0.07760501411299281,0.07724805010916669,38776,0.36694724024677194,0.010795963111173135,33.98930104411017,1.507583138363395e-249,-0.6075605205205317,0.08988327502546944,-6.759439065258498,1.4048532665978162e-11,0.001530566885525643,0.020200105773671175,0.07577024114005305,0.9396022832241909,-0.5665542349618968,0.052423373844828584,-10.807282961964223,3.476504392945217e-27,-0.6780474910902612,0.06995729415416252,-9.69230584585034,3.445293373943298e-22,-0.12769286282396197,0.015153402449224378,-8.426679305313236,3.676878532922675e-17,-0.6197109833451098,0.048263809470901184,-12.840076034999699,1.167041632297424e-37,-0.06393967055789174,0.020003673165695124,-3.1963964831990817,0.0013926731958206126,-0.667057032874536,0.02416107980814043,-27.608742579865527,3.565780514918576e-166,-0.5834837522773786,0.027550684008252755,-21.17855774842458,5.488730431081427e-99,-0.5826752969685172,0.021413835182177005,-27.210226099689272,1.6292293474108897e-161,-0.6444855680445606,0.03174968458752539,-20.29895970361174,3.9167520422838087e-91,-0.5196217953792084,0.027352341268790645,-18.99734250435458,4.153687737430419e-80,-0.6666389951356702,0.022720310023347064,-29.341104696663095,3.48681484921179e-187,-0.6178499109626812,0.034351575973048984,-17.986071772876564,4.921900216713693e-72,-0.6123318795508002,0.020467641540967547,-29.917070724791184,1.9362652743009467e-194
-1.728,0.06600691202329378,0.06564545958986634,38776,0.3096138544698011,0.010263842216879267,30.165492407962947,1.3065119861289098e-197,-0.5898395442404606,0.08545302936826496,-6.902500105625415,5.1879740343946695e-12,0.007274848923788395,0.019204465251521537,0.37881028336428274,0.7048308253654842,-0.5144959339770347,0.049839484636894756,-10.323058870399475,5.971452169823439e-25,-0.563481329741618,0.06650917771060354,-8.472234195909813,2.4908341183662576e-17,-0.1257684095757176,0.014406508264811036,-8.729971708891895,2.6470599512941768e-18,-0.5611296093735306,0.04588494051838453,-12.229058227692486,2.5157710226913615e-34,-0.06931995151700011,0.019017714586133497,-3.6450200786767404,0.0002677202626097795,-0.6011086382682009,0.02297020732532253,-26.169055845026453,1.199712327461085e-149,-0.5092578648283479,0.02619274174206376,-19.442709352206318,8.434806772751361e-84,-0.5107607986869056,0.020358371300903764,-25.08849019097277,8.388643674159926e-138,-0.5677478527243083,0.030184778299657718,-18.809078108443362,1.4260828274494652e-78,-0.4399571857375352,0.026004175093424897,-16.918713404940018,5.561682122329662e-64,-0.5755115001564066,0.021600451464758152,-26.643494053602193,5.329530256244961e-155,-0.5345932179141685,0.03265842538157791,-16.369228205831497,5.047061282927395e-60,-0.5396971029468085,0.019458814481379483,-27.735353737158814,1.1431406002218717e-167
-1.674,0.052435883491197655,0.05206917911174391,38776,0.25578576698416033,0.009876643144044267,25.898046862045653,1.2443372960628104e-146,-0.5708339736048065,0.0822293502583191,-6.941973538785874,3.927319749859801e-12,0.004978800283073519,0.018479984985500648,0.26941581862646935,0.7876111486757886,-0.46367296914109324,0.04795931132224228,-9.66804894310594,4.365369477283343e-22,-0.4444009584994406,0.0640001473299325,-6.943748991833911,3.8783120781716846e-12,-0.12199917167120315,0.013863028881062223,-8.80032586802598,1.4193380345827546e-18,-0.5070391234824252,0.044153950695042375,-11.48343728026484,1.7902317492804684e-30,-0.06940637806616293,0.01830027940936492,-3.7926403479197783,0.00014928003847562214,-0.5234957683242514,0.022103666044654163,-23.683662577360572,3.994078669961588e-123,-0.44499376298765836,0.025204631724077012,-17.655237650728022,1.736726732319122e-69,-0.4446029934664574,0.019590360421003723,-22.694987938546458,2.755769545933596e-113,-0.48573042610305117,0.02904607040407677,-16.722758684592197,1.4835388586322147e-62,-0.35754013244163463,0.02502317867188457,-14.288357891292122,3.389788893796848e-46,-0.4853634080617337,0.02078558364009329,-23.350963651822447,9.070817811314533e-120,-0.4439842572136014,0.03142640020418359,-14.127747827589134,3.318296668163573e-45,-0.4658484647786195,0.01872473899907445,-24.87876946117359,1.4680017499425818e-135
-1.6199999999999999,0.038052488123082706,0.03768021741415206,38776,0.1995939231101133,0.009585623867933225,20.822215211032283,9.122831267074854e-96,-0.5543641309081346,0.07980642926803429,-6.946359284491631,3.807347413673654e-12,-0.003670672459826511,0.017935464770019713,-0.2046600133809901,0.8378388383719962,-0.378930058236882,0.04654617085941212,-8.140950184310562,4.037870047925789e-16,-0.3541453879464167,0.06211435716060882,-5.701506127330667,1.1961468122099304e-08,-0.11426489811487481,0.013454549140442458,-8.49265901979657,2.0903791316200806e-17,-0.426952326285429,0.04285293671880468,-9.963198767147137,2.3560595641222206e-23,-0.06957180282369743,0.017761054291207782,-3.917098708387903,8.977460437656634e-05,-0.45769101272747015,0.021452372604372848,-21.335216442873758,2.0265354964218613e-100,-0.3638614068078717,0.024461967078608943,-14.874576751681374,6.62076118376699e-50,-0.379749188386538,0.019013122545206543,-19.97300482777763,2.6350941401395856e-88,-0.40507156016132223,0.028190216217630636,-14.36922501885543,1.064584656170832e-46,-0.2727359867243616,0.02428586061382753,-11.230237670435907,3.2144539144448105e-29,-0.3908248018116943,0.02017312802979486,-19.373534993406206,3.1992481695522834e-83,-0.3420178350538015,0.030500408639558482,-11.213549270622247,3.8798094003969586e-29,-0.3850073342359773,0.0181730070078093,-21.18567026747594,4.727669516687389e-99
-1.566,0.025527010765997726,0.02514989273610846,38776,0.145465531833173,0.009344249947883743,15.567384503249253,1.77385875593253e-54,-0.46098344777232136,0.07779683751448986,-5.925477982141138,3.1401517966124285e-09,0.0011906524950877542,0.017483834964897547,0.06810019068918449,0.945706229836611,-0.32543362351668537,0.045374099862425285,-7.1722331573166915,7.5102504205827e-13,-0.26382103625370984,0.06055026638406947,-4.357058226305675,1.3216064415006271e-05,-0.10216898513047147,0.013115752488991203,-7.789792100470614,6.878438338253907e-15,-0.35465532559981106,0.0417738644055197,-8.489885497712043,2.1407794512887573e-17,-0.0680426924554704,0.017313816285883788,-3.929965025154311,8.510559055361418e-05,-0.39670948399412526,0.020912184157463126,-18.970255856920993,6.923164201152195e-80,-0.28334984151732534,0.023845994559007218,-11.882492081266417,1.662262581255e-32,-0.3005440807265589,0.018534356427909765,-16.215512089429108,6.128115075292395e-59,-0.3162585588859126,0.027480363307768953,-11.50852903012761,1.3400776210872713e-30,-0.20117128712103324,0.023674322600350396,-8.497446390210792,2.0061233948756253e-17,-0.30442137936403646,0.019665152017038837,-15.480245415864117,6.841880473716348e-54,-0.25410131253494656,0.029732383177901316,-8.546281373227025,1.3168539119690466e-17,-0.2963898409790632,0.017715395693095003,-16.730636228158772,1.3010154849942087e-62
-1.512,0.01410281945964098,0.01372128030308517,38776,0.08949345857099894,0.009187209692403938,9.741092406434664,2.1365856329440247e-22,-0.35119195308911577,0.07648937727884375,-4.591382040003249,4.4170196559697766e-06,0.00558934341655426,0.01719000015472361,0.325150864819415,0.7450686489793438,-0.26436375452736216,0.044611538899875784,-5.9259052937108665,3.132003484197802e-09,-0.13378229690760052,0.05953265348251411,-2.247208701135671,0.02463229410873005,-0.08965701044862434,0.012895328042602381,-6.952673879440979,3.64089919947237e-12,-0.25836878489494475,0.04107180930476684,-6.290659926319783,3.1948737351975155e-10,-0.06958809143693553,0.017022838824018983,-4.087925178422516,4.361250407708453e-05,-0.3320965865081953,0.020560732220598735,-16.15198247538504,1.708162415739295e-58,-0.18624850044396388,0.023445236756229844,-7.943980364987106,2.010457969191331e-15,-0.22363036425309307,0.018222866465116994,-12.27196416552665,1.4851908405242406e-34,-0.2219338768090935,0.027018525996203115,-8.214137101346003,2.2024582994201662e-16,-0.10015794008577394,0.023276449931039753,-4.302973193184873,1.6893375757397978e-05,-0.2046991632937352,0.01933465780786966,-10.58716245861966,3.7112208494576126e-26,-0.1491928201627659,0.02923269822979711,-5.103628101311993,3.347741798270079e-07,-0.19830354151353483,0.017417669253724715,-11.385193887013799,5.53090229840479e-30
-1.458,0.0066109283152840925,0.006226489820050141,38776,0.04064706921656322,0.009052123461029583,4.49033526680822,7.131601923528485e-06,-0.21672146944485465,0.07536469828895268,-2.875636396949827,0.004034335194607493,-0.0031975645503562744,0.016937243070040305,-0.18878896270977738,0.8502592111889309,-0.191884416250657,0.04395558297119186,-4.365416251592352,1.2720905085217599e-05,-0.03183623739779575,0.05865730154520963,-0.5427497781032126,0.5873052167902563,-0.07932357538151966,0.01270571864802728,-6.2431396112990125,4.333093771272074e-10,-0.1775072045866341,0.0404679005968493,-4.3863704805199175,1.1556132915059924e-05,-0.06195569781727657,0.016772539634055884,-3.6938769661022786,0.00022116404458239625,-0.2499316870073368,0.02025841280883279,-12.33718008245765,6.643141892318689e-35,-0.09776070173897303,0.023100504374677994,-4.231972607755485,2.3218282142264308e-05,-0.15179211927946434,0.017954922395260167,-8.454067132004715,2.91005261078253e-17,-0.13364860425958952,0.02662125294199876,-5.0203724276531,5.179961930705576e-07,-0.009734578966326124,0.022934199345036713,-0.4244568916434759,0.6712349934324797,-0.11448881770781594,0.019050366260639887,-6.009796144673722,1.8741156765285243e-09,-0.060321984863533865,0.028802868589571075,-2.094304762594904,0.03623931756132911,-0.10765345376720142,0.01716156458456101,-6.272939348668085,3.5802833070285186e-10
-1.404,0.0041654160851999356,0.003780021241196696,38775,0.0034763632508645996,0.008994489175292211,0.3864992422709387,0.699129085359741,-0.13118014018908736,0.07488485611996389,-1.7517579252464566,0.07982335013332462,-0.007873395589192506,0.01682940473674799,-0.467835655054423,0.639904751214476,-0.11717944231159073,0.04367572061191192,-2.682942391559116,0.007300852092210228,0.05882833834573521,0.0582838342927933,1.0093422826337497,0.3128168095038751,-0.07206294700684494,0.012624822157588443,-5.708036604977428,1.1511939715207338e-08,-0.0895138751578729,0.040210244086041555,-2.226146028020418,0.02601012820369049,-0.0744633591322063,0.016665749956921924,-4.468047302082485,7.915997812441846e-06,-0.17839748090624352,0.020129428802211823,-8.862520772901474,8.147832150268595e-19,-0.009305015693860679,0.022953424954529365,-0.4053868088223816,0.6851954432602652,-0.09478701907902443,0.01784304764953067,-5.312266208150693,1.0886666408171833e-07,-0.05826017595328684,0.026451757142994577,-2.2025068368176943,0.02763539189584901,0.06758791290872845,0.02278817877827956,2.9659198993624507,0.003019630010454928,-0.04257183111771186,0.01892907380840838,-2.2490181795794606,0.024516930615431046,0.029516780225207012,0.028619482584584535,1.0313526856389008,0.30238189549380357,-0.01938761544892839,0.017052298010669518,-1.136950306451229,0.25556608910236767
-1.35,0.005741507507794785,0.005356722622029353,38775,-0.03164887410698814,0.008958927540038625,-3.5326632530004467,0.0004118742323587262,-0.07534321553357536,0.07458878283692845,-1.010114559695877,0.3124467131519723,-0.01501772394859961,0.01676286608834679,-0.8958923772015117,0.37031580966446676,-0.05616565736668798,0.04350303931611305,-1.2910743306591186,0.19668560428216356,0.16024077091512923,0.05805339669751615,2.7602307535949095,0.005778768273705549,-0.06288089349787253,0.01257490722501586,-5.000505560214439,5.742938670050002e-07,-0.0062619023267982505,0.040051264292328144,-0.15634718247827506,0.8757601816355429,-0.08465276805928501,0.016599858352669004,-5.099607855730536,3.4195818330670724e-07,-0.10741259092909428,0.020049842803387827,-5.357278457611884,8.49657207545281e-08,0.07365853043937726,0.022862673683373715,3.2217811205932363,0.0012750158500509376,-0.02857940947529728,0.017772501347238373,-1.608069056623713,0.10782820027401749,0.00229183969499213,0.0263471744678695,0.08698616611762446,0.930682957614901,0.12844208580489266,0.022698080843198066,5.658720078238813,1.535800755556781e-08,0.03615049672131608,0.01885423366959183,1.917367597900291,0.055198589750525814,0.10952656814804951,0.028506329343640613,3.8421841980326183,0.00012213850177952897,0.06775870537572486,0.016984878106073194,3.989354822128322,6.637489371582792e-05
-1.296,0.010547009097780169,0.01016408397423385,38775,-0.06763923177764689,0.008977785212718395,-7.5340666071878895,5.025230538317076e-14,-0.014575066770124167,0.07474578498322723,-0.19499516626114471,0.8453977538238584,-0.00866578512124811,0.016798150294012715,-0.5158773418247612,0.6059430228284624,0.022294592951986634,0.04359460899031034,0.5114071090061157,0.6090689313065535,0.25192947806039634,0.05817559346135624,4.330501213154674,1.4914347061731952e-05,-0.04754526280113691,0.012601376183869254,-3.7730214626874297,0.0001615223115045043,0.09353919092539056,0.04013556831522154,2.3305809498134233,0.019780570259586763,-0.07916975881056124,0.016634799442877202,-4.759285441488185,1.949792879265081e-06,-0.01670618400923223,0.020092045775917448,-0.8314824779692892,0.4057062450667599,0.14560070468574254,0.02291079739181746,6.355112927572897,2.105833506937706e-10,0.046719506578933215,0.01780991073710219,2.6232308105624362,0.00871343408581165,0.09081949771672396,0.0264026327121662,3.4397894598925656,0.00058277945395913,0.20043015994824886,0.022745858099693005,8.811721196438574,1.2824655014720112e-18,0.12140551517148532,0.018893920000972467,6.425639314934995,1.3283729737586672e-10,0.20205831537222516,0.028566332399325756,7.073302674899711,1.5384770155847825e-12,0.1410306371005804,0.017020629625482037,8.285864871264202,1.2097545780778668e-16
-1.242,0.018295210978562904,0.017915284462519665,38775,-0.09635409662928827,0.00897266861463472,-10.738622005066759,7.313717235081236e-27,0.026155681259716942,0.07470318604249224,0.350128055379582,0.7262444992529894,-0.0031729518549059076,0.0167885767319852,-0.18899468999423127,0.8500979681227829,0.14872930844579085,0.04356976365401265,3.4135899755355528,0.0006417855487907457,0.3404312565114235,0.058142438164925286,5.855125227906083,4.8048552339517226e-09,-0.038419008687530544,0.012594194437402126,-3.050533234061729,0.002285896826369855,0.16299164585411102,0.04011269434719232,4.0633432509756,4.847003366220216e-05,-0.06033847713437476,0.016625318977379854,-3.6293124490706217,0.00028454245373560664,0.07985935476267828,0.0200805949647788,3.9769416644651683,6.993394281015011e-05,0.2203590672155082,0.022897740124434362,9.623616392622138,6.724571288986096e-22,0.11891815199915029,0.017799760554959406,6.680884927186117,2.4071008189613918e-11,0.15743043133406992,0.02638758538626808,5.966079466141515,2.4512601605204798e-09,0.25868319878741686,0.022732894834120602,11.379245831866083,5.920041033317724e-30,0.19809789685726364,0.018883152022837597,10.490721920666676,1.0317143432827367e-25,0.2793146783264575,0.028550051942826865,9.78333345542773,1.4100510358728332e-22,0.21178864075608067,0.017010929268560897,12.450151159437377,1.6323583254216957e-35
-1.188,0.02733723330451654,0.026960806113401348,38775,-0.1323896298351127,0.008997101573352059,-14.714697700782784,7.031164233487715e-49,0.1622229353096622,0.07490660599914291,2.1656692777072073,0.030342546644890108,0.005049201836533287,0.01683429274132789,0.2999354896649496,0.7642279714690937,0.23757409706997573,0.04368840597575697,5.437920925789955,5.423103516214644e-08,0.46891050142731705,0.05830076249990541,8.042956581023754,9.016765002359326e-16,-0.009433818642149771,0.012628488965148899,-0.7470267161957757,0.45505196584887597,0.24293540306648667,0.04022192292200312,6.039875406692468,1.556344114116939e-09,-0.02034059321547417,0.016670590428904807,-1.2201483386098921,0.22241607053855691,0.18822142582159881,0.020135275279952125,9.347844675806506,9.406614051565104e-21,0.29272646651331274,0.022960091645838836,12.74935967280274,3.733183299336107e-37,0.20740194097220094,0.017848230060910898,11.62030858322632,3.660507584955351e-31,0.23528938766855764,0.026459439904927263,8.892455339719499,6.229293101256214e-19,0.29498239818109184,0.02279479747478001,12.940777320239766,3.179846684135585e-38,0.2815529504768086,0.018934571649889764,14.869781882731305,7.109569903079126e-50,0.3259021358817974,0.028627794950003036,11.384115907319046,5.599505449766728e-30,0.289608083873514,0.01705725075332903,16.978590985243724,2.0239544852393425e-64
-1.134,0.03655558305687634,0.03618272343061801,38775,-0.15968455045781313,0.00904826369038394,-17.64808762453709,1.9691872106780944e-69,0.24406075419813306,0.07533256323785412,3.2397776434015473,0.001197237461266626,0.01754423867387515,0.016930021132116734,1.0362797858883488,0.30007809885862397,0.2976777767100909,0.04393684057674984,6.775129317505222,1.260683471274773e-11,0.508738249197218,0.05863229042695501,8.67675892400983,4.227572494869002e-18,0.022197257282814797,0.012700301006516134,1.7477741095605583,0.08051106844363409,0.33074743220487707,0.040450645328992264,8.176567506274612,3.008336833817766e-16,0.0029455876847187014,0.016765387924693936,0.17569457372233604,0.8605348163703572,0.2970894628227789,0.02024977474424552,14.671247783000862,1.330498281106453e-48,0.33412875911338175,0.023090654459459434,14.47030268024737,2.480678155853111e-47,0.2736832024682989,0.017949724217417133,15.247209324962009,2.438741264333085e-52,0.2984231382021966,0.026609901800903123,11.214740303628941,3.828110083159316e-29,0.317047487346786,0.022924420341279252,13.830120135072248,2.127410230824625e-43,0.36181867689094316,0.01904224329978749,19.000843083177127,3.888184701625704e-80,0.37116321553802506,0.02879058722078665,12.89182511949764,5.990255462142654e-38,0.3557724971782973,0.01715424699730484,20.739616098228844,5.0013601358973026e-95
-1.08,0.04414751007041495,0.04377758857220948,38775,-0.18134952618073089,0.009145053312675167,-19.830341057648948,4.41031866763176e-87,0.35402034925673076,0.0761383985441097,4.649695239539798,3.3352064013911603e-06,0.026711085739638703,0.017111122214803078,1.5610364653073754,0.11852331168782491,0.3618354688461576,0.04440683463855122,8.148193218258227,3.8036634459200585e-16,0.5070900726170328,0.05925948227709148,8.557112771352434,1.1990892317928384e-17,0.04178830133967982,0.012836156611466283,3.255515073908584,0.001132839893912005,0.4086702190999094,0.040883347427074404,9.996006805188205,1.694188739516729e-23,0.015331827087663745,0.016944727919672373,0.9048140023460576,0.3655695563138488,0.3726525456737325,0.020466387358117604,18.208027589486964,9.0585193558327e-74,0.3601899959796737,0.023337656072151547,15.433854833840092,1.3994982955787802e-53,0.34013501266891916,0.01814173310295413,18.748760702114666,4.395582044694581e-78,0.3654382471196417,0.02689454893682305,13.587818408037949,5.902664586610517e-42,0.3274616823245725,0.02316964374125994,14.133220431932525,3.07142773647043e-45,0.41246169671265254,0.019245938903676974,21.431102882377484,2.6593598010214015e-101,0.3747140536718292,0.029098561231933565,12.877408291259695,7.215259677533703e-38,0.3977126257335746,0.017337746632635327,22.939118569477127,1.118383104846679e-115
-1.026,0.04935596217799665,0.0489880563866365,38775,-0.19830349502763922,0.009318751017204726,-21.28005079881647,6.493159785281218e-100,0.37688027365669285,0.07758454266175398,4.857672169310595,1.1923672964879496e-06,0.01172172826375678,0.01743612443720856,0.6722668392261929,0.501417843895543,0.39430770305382756,0.04525028136088461,8.713928205420537,3.0492555321749452e-18,0.4623051251318019,0.060385034604804454,7.655955290203961,1.9632275083109224e-14,0.05562437853779535,0.013079961744379323,4.2526407664531645,2.117587977420277e-05,0.45845909191168976,0.041659870357971335,11.00481321646664,3.9875098476514984e-28,0.03456500827257188,0.017266569711392232,2.0018456966450255,0.045308285550520654,0.4387164891591494,0.020855118225240114,21.036394252044488,1.0733669818283414e-97,0.36342377686513927,0.023780922737772242,15.282156242318468,1.4318392290260488e-52,0.38279703234216367,0.01848631036111002,20.70705429394178,9.763501004237901e-95,0.43073958111238964,0.0274053738882981,15.717340068705006,1.7080607632211077e-55,0.33026809922706835,0.023609719243832074,13.988650005372229,2.3447153843790104e-44,0.4386020917013682,0.019611489031684585,22.36454819890304,4.344429902402158e-110,0.42154518206007496,0.029651248364341447,14.216776874967081,9.39912548308841e-46,0.4229768505767184,0.017667053274033447,23.941561958065652,9.293157746794764e-126
-0.972,0.05453630579995139,0.05417040483725888,38775,-0.21948552463912854,0.0095153397008959,-23.06649384450912,6.178555140360644e-117,0.43461158723702153,0.07922126877327863,5.486046789793604,4.135937026845395e-08,-0.006420876941649109,0.017803957502547235,-0.360643241297923,0.7183681251689873,0.39875792808050026,0.046204882812620786,8.63021186954683,6.352695579123114e-18,0.4118210156984209,0.0616589193180764,6.6790177358442335,2.437930030644159e-11,0.0722985119569178,0.013355897055593353,5.413227704285105,6.226550729357169e-08,0.4924981962900451,0.04253872837889045,11.577642657847852,6.015767601490227e-31,0.04354618682398262,0.01763082584455402,2.4698892274200297,0.013519763475616073,0.4986802598317978,0.021295078498087233,23.417629565281494,1.944612722811633e-120,0.4026905058395803,0.024282605880647165,16.583496343797187,1.4959768264178905e-61,0.43106160315761105,0.01887629818388664,22.83613020722346,1.1496382218785032e-114,0.46251853492723916,0.027983518574084657,16.52824800079195,3.7222582743557915e-61,0.3385878541084241,0.024107790672062524,14.0447483850438,1.0680913670289249e-44,0.458825951026787,0.020025213661395664,22.91241226111387,2.0484839368845877e-115,0.44561440207653513,0.030276772093324442,14.718028748341577,6.6951322744685215e-49,0.44829123195322607,0.01803975802185124,24.850179886571585,2.958838052096216e-135
-0.918,0.0536817782339688,0.05331554656322157,38775,-0.23267237369610116,0.009827075078006564,-23.676665930520098,4.704284066702457e-123,0.4776218281503277,0.08181666451032187,5.837708381402809,5.33445441184638e-09,-0.019953666390562758,0.01838723919091368,-1.0851909948733984,0.2778438213376763,0.41740727648652687,0.04771861716375386,8.747262626117786,2.272141770400236e-18,0.3974980551182663,0.06367894877262618,6.242220746099058,4.358608165800563e-10,0.0867743954387166,0.013793454277526757,6.290983657378369,3.188224877639678e-10,0.5036018015492076,0.04393235456038695,11.46311884688504,2.262379168167503e-30,0.06174666655925842,0.01820843550602591,3.391102247023032,0.0006968159218854318,0.5437009260642545,0.021992734024308482,24.721843380786762,6.81147672257642e-134,0.4083849158629436,0.025078136837962384,16.284499861438874,2.0042058200856676e-59,0.4511423906063109,0.019494711200949318,23.141783735905868,1.1073897265648517e-117,0.47930449457071467,0.02890029642855834,16.584760497372663,1.4650466383310962e-61,0.32540133961219075,0.02489759444709252,13.069589526155621,5.940079265873875e-39,0.4624584976679526,0.020681266700875597,22.361226918870166,4.6756484836900735e-110,0.439336261102341,0.03126868002965566,14.050361597792687,9.871109697747818e-45,0.4544652049033603,0.018630764853630192,24.393266109781212,1.9480350216694226e-130
-0.864,0.0510128372918659,0.05064557272258852,38775,-0.24224366579689088,0.010190133189687107,-23.772374834320402,4.997565010811912e-124,0.5510285789743771,0.0848393547294693,6.494964285518959,8.405645649530115e-11,-0.019637569496535695,0.019066549798259294,-1.0299487691437772,0.3030404823567182,0.41502091607567826,0.04948156604752219,8.387384418615436,5.1364329489248815e-17,0.3787012057105692,0.06603154694773664,5.735155743213282,9.814572614325532e-09,0.10452002242885071,0.014303048986410024,7.307534395509652,2.7732412017276573e-13,0.515667208779967,0.04555542119636605,11.319557480484928,1.1689484558261375e-29,0.07354417984378109,0.01888114026904027,3.8951132609492203,9.83174829134641e-05,0.5741189433906624,0.02280524847262361,25.1748602555179,9.878276207406235e-139,0.4189109036941353,0.026004640495722552,16.109082675572502,3.4056416579075e-58,0.46509876637039615,0.02021493700366191,23.007678247334834,2.3576054379441862e-116,0.4839913681131608,0.029968008536695477,16.15026796059935,1.7560032713422527e-58,0.32227109901399986,0.025817428024591048,12.482695747501932,1.086937254159104e-35,0.47587627401657373,0.02144532941292162,22.19020584173635,2.0262932824680225e-108,0.4292907752533627,0.03242389130424101,13.239952330990324,6.299296187080418e-40,0.4483655809754489,0.01931907243785344,23.208442455908468,2.406215444817401e-118
-0.8099999999999999,0.04677295317619612,0.046404047742558574,38775,-0.2498993538607358,0.01062221300312462,-23.526110217073,1.5723159277323415e-121,0.6212776978083095,0.08843669461515077,7.0251121495655005,2.1741540715989156e-12,-0.009484830540269173,0.019875005500101,-0.47722404606232555,0.6332052807849671,0.42471087727149537,0.05157967265991141,8.234074692016954,1.865517564970275e-16,0.32505452600447193,0.06883140225434274,4.7224742684065175,2.33807081362627e-06,0.12665570503479864,0.0149095237618222,8.49495309562585,2.04957926515e-17,0.5059863045014561,0.04748705226783368,10.655247700944289,1.793253453527968e-26,0.07867744262440791,0.019681734276309076,3.997485258151871,6.413742403889514e-05,0.6021601405621987,0.02377223166332614,25.330400153013915,2.0599237032574931e-140,0.4170146424154263,0.02710728361183735,15.383859496468402,3.019201548652794e-53,0.4706254393603635,0.021072086370270093,22.334069398289547,8.522833867462216e-110,0.5086873302230899,0.03123870552333877,16.283879940000848,2.0244776830277764e-59,0.3218953785046421,0.02691213299818171,11.96097605962302,6.5016230294711e-33,0.4823759737804443,0.022354649611132465,21.57832854334806,1.1562927593633267e-102,0.4289726284353751,0.03379872209838933,12.691977737697298,7.757042899057078e-37,0.427995742330258,0.0201382355497921,21.252891856986768,1.1506581198678208e-99
-0.756,0.04225744304131751,0.041886790074151636,38775,-0.2598839147743722,0.011131955327024375,-23.345756171287153,1.0229032869481283e-119,0.6563985343774876,0.09268062440811194,7.08237065265214,1.4411786868557783e-12,-0.0028931447317569604,0.02082877393688171,-0.13890134582689198,0.8895288291051942,0.45646962476676467,0.05405489530889404,8.444556633738562,3.1565367387260513e-17,0.3503822184891874,0.07213450669520517,4.857345458390409,1.1943345190581314e-06,0.1516707772919555,0.01562500699383367,9.706925401813363,2.9864241550065905e-22,0.49711333134065916,0.04976587687538337,9.989039931627442,1.8172490982070358e-23,0.09359176329805952,0.020626227948713504,4.5375123134861415,5.7092398371939476e-06,0.6318667313303126,0.02491302149768388,25.362910371552328,9.146826437838399e-141,0.4168014201011539,0.028408117038811853,14.671912944166971,1.317589299097748e-48,0.47293803281744395,0.022083300725756858,21.416093485781893,3.656721194654433e-101,0.5086088145725092,0.03273779901208756,15.535828000676494,2.894690468706478e-54,0.29800641824083074,0.028203601471988162,10.566254048682787,4.635787213767578e-26,0.49219032846897504,0.023427412042030003,21.009163435805878,1.8928595325294477e-97,0.41280249206526387,0.03542066652204257,11.654283575052816,2.461408446633579e-31,0.4128437006565343,0.021104635958574345,19.561754178887178,8.413884759416028e-85
-0.702,0.03865393615998425,0.038281888610831816,38775,-0.2785808847582886,0.011763724141836431,-23.681351364534756,4.21611842135579e-123,0.6726131493748568,0.09794050252639805,6.867568901778571,6.628809999834207e-12,4.305432970944253e-05,0.02201086364507042,0.0019560490857470298,0.9984393096962396,0.5046310150355711,0.057122657992165454,8.834165509328763,1.0498834632988955e-18,0.3707706770209822,0.07622833661664304,4.8639481520580805,1.15517740907177e-06,0.16811484166638146,0.016511768740528808,10.181516245060818,2.5731623942649794e-24,0.50804557396426,0.05259022606903468,9.660456171026029,4.700524800892911e-22,0.10388196739431346,0.02179682261985519,4.765922501919393,1.8867226988045198e-06,0.6500333557193259,0.026326903390182115,24.690839863898983,1.4497084583178157e-133,0.4357643782116757,0.03002035513224748,14.515630354538452,1.2866717117751982e-47,0.4809740554127136,0.023336588249538086,20.610298740743893,7.083361085004116e-94,0.5181378523953238,0.03459575836188944,14.976918470042923,1.4400305088635561e-50,0.28947115128930945,0.029804232749418232,9.712417485229839,2.8301422011097785e-22,0.5064645649918649,0.024756981547575555,20.45744405547141,1.591741167240753e-92,0.3838822039237898,0.03743088591756593,10.255760570808127,1.1988767149397433e-24,0.3999284746421433,0.022302381588600373,17.932097209141222,1.291007960371829e-71
-0.648,0.034947373635195955,0.0345738819845568,38774,-0.31113318907314014,0.012468773245023105,-24.952991201225714,2.3715507468045664e-136,0.632710385683798,0.10381048575949578,6.094860081375956,1.1056424157335845e-09,0.007826105969579856,0.02333006660205772,0.3354515056930695,0.7372863359882124,0.5421326816957142,0.06054625738157,8.954024660502581,3.57609005704171e-19,0.3168811125199485,0.08079701909514399,3.9219406367801692,8.798983951470107e-05,0.18231038840378358,0.017501387980334005,10.416910282124052,2.24248551170891e-25,0.4992765029920887,0.055742177889668475,8.956889054107572,3.484621358832841e-19,0.12203289068072565,0.023103197204574436,5.282078043144743,1.284149482630159e-07,0.6730501421915938,0.027910387009065677,24.114683252975954,1.531304055375495e-127,0.43270169193942165,0.03181960035494606,13.598589772110767,5.098297426816764e-42,0.4997631267155839,0.024735247417199763,20.204492734043622,2.6127770505556224e-90,0.5345440712766008,0.036669226603161714,14.577456924889466,5.238231648567883e-48,0.2713866526558524,0.0315905248553718,8.590761118984844,8.956492965079464e-18,0.5069184083373901,0.026240770815959633,19.317969426000335,9.30422735498935e-83,0.355963991011769,0.03967427519032852,8.9721611624689,3.0345870668667533e-19,0.3990885597572954,0.02363905643309501,16.882592623221875,1.0216800783808422e-63
-0.594,0.031164297711546718,0.030789341946689697,38774,-0.351353489570713,0.013320259836034154,-26.377375058422402,5.500180742947932e-152,0.7212854058857296,0.11089965442858167,6.503946379294001,7.919016806430965e-11,0.002431336361318068,0.024923265747529073,0.09755288034671436,0.9222878464315124,0.571370177007406,0.06468093248418191,8.833672537840078,1.0545147123109122e-18,0.29590788993795686,0.08631460907783449,3.4282480462967855,0.0006081214267099314,0.20012781755050996,0.01869654943659712,10.703997453068773,1.0623226923981218e-26,0.47844676584953183,0.05954878469004078,8.03453451384289,9.657089168531734e-16,0.134357820862804,0.024680903546858843,5.443796683039339,5.247267839853212e-08,0.6964613514373992,0.029816374055356244,23.35835169442027,7.649944790083392e-120,0.42396136087614905,0.033992545720231415,12.472186236520058,1.2396183440753545e-35,0.4941967073123817,0.026424405691811342,18.702282771321826,1.0439393400481652e-77,0.5483422331489763,0.03917335063699966,13.997838434352897,2.061830157664794e-44,0.2581095588709739,0.0337478267638083,7.648183116424393,2.0853902451499366e-14,0.5125641502374294,0.02803274056699365,18.28448235421311,2.262481063643949e-74,0.3186115094960796,0.04238361256208088,7.517327812238686,5.711077818005751e-14,0.39180028926350197,0.025253356347079575,15.514780842539837,4.010709305300138e-54
-0.54,0.02469648237226496,0.024319023453734157,38774,-0.3641467682092209,0.01430992432839268,-25.447148416201486,1.110940582767362e-141,0.7590656604344205,0.11913924221093795,6.371248014910842,1.895963866486174e-10,-0.012610516756453026,0.02677500673813791,-0.4709808994554163,0.6376570256407134,0.5782016650444329,0.06948657614280385,8.321055621680857,8.999793191539492e-17,0.23131238722329323,0.09272758486266518,2.494536955382587,0.012616289650272075,0.2219971808663643,0.020085659809427128,11.052521200332725,2.350001692960853e-28,0.44518273770052585,0.0639731216396406,6.958902837479651,3.483708855486251e-12,0.1468561009737116,0.026514637586608936,5.538680304190936,3.0673373532742976e-08,0.6882490198967003,0.03203166167411876,21.486522519460742,8.189786309247934e-102,0.3918343244886102,0.03651811323304975,10.729862246387663,8.038999313354819e-27,0.45856561617386604,0.028387677907726932,16.153685330107525,1.6619886726149075e-58,0.5144659494672383,0.04208383997049387,12.224786279672779,2.651067608167844e-34,0.21694228548281763,0.03625521222426729,5.983754394840037,2.199619280973281e-09,0.48148835405210655,0.030115508343610233,15.988053349737545,2.362732337300064e-57,0.2655714767860698,0.0455326169303816,5.8325546539994155,5.501770683077188e-09,0.3555316401197375,0.027129622305643825,13.104924061024454,3.7384548608988915e-39
-0.486,0.01575062445238662,0.015369703335889051,38774,-0.31616934545353415,0.015478149182282724,-20.42681858987648,2.961524878212265e-92,0.5726874582866115,0.12886545883028724,4.444072628033144,8.85162169551771e-06,-0.035867765844889106,0.028960848369215173,-1.2384915451239285,0.21554135613446024,0.4910007215677639,0.07515927876504505,6.532802464785195,6.534812031021368e-11,0.14856954015262577,0.10029762274629185,1.4812867552049593,0.1385383056764236,0.2174365869574942,0.021725400625498145,10.008404020052843,1.4952790137728998e-23,0.3671083726964858,0.06919572023382572,5.305362404726124,1.1306566129942614e-07,0.13247649720991453,0.02867922336007143,4.619249815333373,3.863667219488257e-06,0.6200864372454007,0.034646642887181944,17.897446493288133,2.394102619724741e-71,0.2993488761342855,0.03949935663567028,7.578575997968422,3.571365228545962e-14,0.36467698695964207,0.03070517380183393,11.876727658771987,1.7804993396760036e-32,0.4331951397342428,0.04551945476987585,9.516703175032873,1.8867628455143204e-21,0.13191355494033624,0.03921499307505844,3.363855112452794,0.0007693632222246104,0.4064794088372986,0.03257405980252561,12.47862290735349,1.1437555328342093e-35,0.19515326153982396,0.04924978087479088,3.962520402597682,7.4295397218124e-05,0.2604339075934003,0.029344413825625446,8.875076160695789,7.280855350414982e-19
-0.432,0.009258927451780918,0.008875484045732462,38773,-0.22441048322024648,0.016578580704202518,-13.536169785834591,1.1897343673054836e-41,0.46011353937954597,0.13802725274472746,3.3334977711285494,0.0008584167275454801,-0.06394724402903056,0.03102331091542878,-2.06126432486056,0.039284484213288014,0.37524938821501774,0.0805027884148746,4.661321621322653,3.1523003101118786e-06,0.05928311929793116,0.10742836327247093,0.5518386159116209,0.5810621093921393,0.18883564340948622,0.023269985536331205,8.11498757120665,5.000222997065514e-16,0.2629277953257574,0.07411524587159556,3.547553438347611,0.0003892859150148822,0.10582157957536913,0.030718195916669837,3.444915185202753,0.0005718430563136566,0.5356603106571455,0.03710987395652385,14.43444166058606,4.1640579365899833e-47,0.15846259211181082,0.04230759530977019,3.7454880371141464,0.00018030397160276662,0.2538565340267437,0.03288818294198872,7.718776512357639,1.2026080820112801e-14,0.29304926818989163,0.04875569718488877,6.010564613169323,1.8652624718158185e-09,0.02155986586548581,0.04200301469209253,0.5132932962915318,0.6077490983918249,0.28594499412320074,0.03488993890287927,8.195628972557568,2.568596177390544e-16,0.12191590486082507,0.052751233838189374,2.3111479294454678,0.020829905571098664,0.12527896860937193,0.031430678635833,3.985881757785078,6.73530207643963e-05
-0.378,0.0060518324294736026,0.005667147791510008,38773,-0.13302095591621105,0.017629507252930315,-7.545358699353368,4.609000810405285e-14,0.3190733010394098,0.14677688619921403,2.173866126348703,0.029721222198711404,-0.08217387922524973,0.032989897902105894,-2.490880070896012,0.012746864124166219,0.23940047682452054,0.08560591027441726,2.796541454405441,0.0051678221472600365,-0.052776266005425,0.1142383140797071,-0.46198393621777023,0.6440954332645155,0.15131710536109888,0.024745084401847674,6.11503694648139,9.745513328308133e-10,0.13193698600762438,0.07881345743395225,1.6740413414573398,0.09413054368187719,0.06605568944364598,0.03266544147368346,2.0221887861782917,0.04316370787137677,0.4516734634397528,0.0394622919624251,11.44569767690695,2.7643130943653653e-30,0.00333955381305234,0.04498950010712105,0.07422962702632357,0.94082805500152,0.1737912543735198,0.03497298532705605,4.969299953900996,6.748092935184267e-07,0.1519624297929349,0.05184635117316076,2.931014938455324,0.003380537726089528,-0.09189375477351867,0.04466561193452921,-2.057371449611312,0.03965718419454668,0.17756259799963722,0.037101633844125466,4.785843091051685,1.70897645923299e-06,0.0459468589627566,0.056095167381586625,0.8190876524211739,0.41274144261190304,0.02511563330583095,0.033423088915836965,0.7514456060322519,0.45238908749226747
-0.324,0.005189335720520494,0.004804307338742375,38772,-0.05780388194118623,0.018588618456672715,-3.1096384099721246,0.0018745224217326228,0.13141987397111154,0.15476209837684762,0.8491735079160179,0.3957899973805987,-0.10177331865631807,0.03478467187023529,-2.9258093632731357,0.003437606776613204,0.092343999666703,0.09026319232280446,1.0230526673204403,0.3062893303210344,-0.2115381709946802,0.12045330610169273,-1.756184017199902,0.07906489044094475,0.10426450282375403,0.026091309644934904,3.9961391069533705,6.450289043414497e-05,0.006129268599232449,0.08310120461522445,0.0737566757017809,0.9412043815044066,0.016028961778355163,0.0344425637972571,0.46538236446938536,0.6416602760236502,0.35671848421890934,0.041609188401658545,8.573069985779643,1.0442890977490362e-17,-0.14660749522118421,0.04743709736463488,-3.090566315520023,0.0019991672808917036,0.04909410552350648,0.03688069874075285,1.3311598532502293,0.18314424848259547,-0.020897076313019874,0.054666986802347745,-0.38226135251563603,0.7022696141352098,-0.25810932243377466,0.04709558846273208,-5.480541402259429,4.2666292984798694e-08,0.049113387821824186,0.03912010164283133,1.255451436967933,0.20932249604157493,-0.07883549104931872,0.059146954521149764,-1.3328748992668547,0.18258069640133792,-0.09612813009772458,0.03524143009708123,-2.7277023047281537,0.006380585015829975
-0.27,0.005625465879630753,0.005240606296293748,38772,-0.06885575951393066,0.01939754936284728,-3.549714359578443,0.00038610569739524266,0.05345511928357009,0.16149696384160847,0.33099767334324204,0.7406480324674485,-0.11431105890260215,0.03629841514290296,-3.1492024776445966,0.0016384100055627801,0.06290614225468352,0.094191224205867,0.6678556604933182,0.5042297097527234,-0.29705158498097495,0.12569513740204888,-2.3632702992385837,0.018119359641188566,0.07605215478780351,0.027226739198430418,2.793289135123012,0.005220062077283196,-0.06123416320936551,0.08671756442756223,-0.7061333377336287,0.4801094660526587,-0.01856170673487505,0.035941419368930264,-0.5164433419933552,0.6055477476177835,0.2657323800741933,0.04341991783038914,6.120057184636357,9.44366762877397e-10,-0.24685071368998268,0.049501443041905506,-4.986737729666,6.167215089839724e-07,-0.031825145862745874,0.03848565594196965,-0.8269352589633191,0.4082788485782226,-0.12146655089089009,0.05704595946645028,-2.129275272551541,0.03323777733225782,-0.36137382781589716,0.049145072513458114,-7.353205709828526,1.9732563599484283e-13,-0.03484585029540319,0.04082251214446907,-0.8535939721711704,0.39333527517623046,-0.14497250071546292,0.06172088434975865,-2.3488403032907907,0.018836975844450092,-0.20434911319177865,0.03677505036314711,-5.556732381706274,2.766752162433761e-08
-0.216,0.005915411867630338,0.005530664504074023,38772,-0.10295334421886387,0.02012408494863013,-5.115926735633862,3.1369053724983574e-07,0.14444887505582582,0.16754583573939297,0.8621454207940267,0.38861283391807444,-0.13300008261454388,0.03765797298268603,-3.5317908023273903,0.00041323502177783607,0.15736001465928579,0.09771915832650832,1.6103292062084684,0.10733415040514667,-0.17864262133712314,0.13040305119951884,-1.3699266979865137,0.17071772085833206,0.11409031177011639,0.028246517240618368,4.039093060508536,5.376153376216373e-05,-0.00628935510009733,0.08996557247695601,-0.0699084652821867,0.9442668759786648,0.030854419943319483,0.03728760592510871,0.8274711979441605,0.4079751352954044,0.3177383264114677,0.04504621169078608,7.053608161159956,1.7725326783588176e-12,-0.20994972904152143,0.051355520546480966,-4.088162807180577,4.356789229901778e-05,0.0018124163354367243,0.03992713692809829,0.04539309539525876,0.9637942182636571,-0.09401717363329065,0.059182616979325836,-1.5885943953126223,0.11216015161202521,-0.3273660763207631,0.050985802153012176,-6.420730134603222,1.3718841088301713e-10,-0.03252365402548775,0.042351520124766624,-0.767945375506565,0.44252431692939687,-0.11932392662287827,0.06403264126437053,-1.8634859388390292,0.06240148632560962,-0.1961501320234032,0.03815246058430408,-5.141218391143541,2.742870719176908e-07
-0.162,0.006596141906510367,0.006211648089676336,38771,-0.02335768539825863,0.020757319248182585,-1.12527466186674,0.2604796321076884,0.08666636448149301,0.17281791495213897,0.5014894694539904,0.6160295357625125,-0.12961472858908965,0.038847281082886105,-3.336519956507085,0.0008491405517689016,0.17062594721440003,0.1007940371561335,1.6928178692762792,0.09049817772066321,-0.1897696248159414,0.13450637738798915,-1.41085968190596,0.15829401925086,0.1395768031890575,0.029135335967305484,4.790636474749597,1.668673052076265e-06,-0.07850606872817298,0.09279647318204681,-0.8460027201051152,0.3975564502165718,0.04912205165876002,0.038460915970281596,1.277194014222547,0.2015414112570266,0.2620991370834868,0.046463657819649375,5.640949279129843,1.7029177368786393e-08,-0.21255578052089444,0.052971498473681405,-4.012644283161096,6.015506298168922e-05,-0.07016582344093875,0.04118350374677089,-1.7037361335833476,0.08843841121927823,-0.08323296418906635,0.061044886151068734,-1.3634715278703025,0.17274187186735845,-0.3924186493135608,0.05259014634036118,-7.461828434053864,8.711393681548605e-14,-0.070607347839688,0.04368417377086603,-1.6163141418226308,0.10603455015602084,-0.18826506016554673,0.06604752367236871,-2.850448430124993,0.004368066625597626,-0.23252502083965798,0.039352984569170815,-5.908701039712714,3.476907903837827e-09
-0.108,0.00908926339480598,0.008705734532747478,38771,0.016590281626849165,0.021257069054746294,0.7804595066291548,0.4351252201444388,0.04958539242318161,0.1769786506683195,0.2801772543520571,0.7793430118952949,-0.13851940709680802,0.039782561837331226,-3.481912694893971,0.0004983941885186362,0.2150763564651302,0.1032207378282814,2.083654515461151,0.037198140004602157,-0.20274635597151208,0.1377447308226273,-1.4718991772729717,0.14105622587127337,0.20126704595369777,0.029836793527395013,6.745599045986694,1.5453426560300138e-11,-0.12830106141527592,0.09503062581842747,-1.350102246621183,0.176991072469985,0.09992229649373961,0.03938689466177829,2.5369427407717393,0.011186411668851459,0.16229450001501738,0.04758230920858753,3.410815967412672,0.000648348392551412,-0.1717885268797647,0.05424683156458282,-3.166793744907373,0.0015424902290326872,-0.1892574462018117,0.04217503101409211,-4.487428738074297,7.229510442556623e-06,-0.05543907765127764,0.06251459279675571,-0.8868181839001714,0.37518229897859856,-0.4607280031837791,0.05385629805997949,-8.554765547952602,1.2236981972852896e-17,-0.11187293137089623,0.04473590675867934,-2.500741339040623,0.01239746070053403,-0.259017788026765,0.06763767299678923,-3.8294899358684416,0.00012861115478108947,-0.28723641439797754,0.04030044055763472,-7.127376535430008,1.0408324237846125e-12
-0.054,0.011105038185342364,0.01072226976929147,38769,0.03711225288487842,0.021699937970720885,1.710246957155036,0.08722822009681211,0.1986513007461941,0.18066581671056656,1.0995511179873112,0.27153458051404017,-0.12343550142490733,0.040615933622905345,-3.0390905837825164,0.0023745159698633353,0.3830667899175614,0.10537123450073407,3.635401936141241,0.0002779066830990715,-0.08828036483748505,0.14061449896714293,-0.6278183650045457,0.5301266333330997,0.27720991356828084,0.030458412075642125,9.101259543007108,9.342450952197195e-20,-0.05953398630411627,0.09701049002890769,-0.6136860692732923,0.5394263977247715,0.17256302356233813,0.04020747963034535,4.291813989556847,1.7764898420127286e-05,0.09669585594182108,0.04857363711201556,1.9907065167640416,0.04652017298999284,-0.0360336242689143,0.055377007856879074,-0.6506964833138437,0.5152462915392533,-0.27636476777191243,0.04305960509607322,-6.418190950783133,1.3949334891526503e-10,0.06609993333247018,0.06381701929180957,1.0357728089778333,0.3003146087969551,-0.42053824955495855,0.05497833799310585,-7.649162650345906,2.069597770247113e-14,-0.09374007869673154,0.045667932828697494,-2.052645541201851,0.0401136676157892,-0.212394830078307,0.06904683353730082,-3.0760980510940596,0.0020987493360198973,-0.28227729752555175,0.04114005830440739,-6.861373297939906,6.9224668984258005e-12
0.0,0.012476836436519312,0.012094539808304217,38763,0.07602162538325938,0.02225720818699556,3.41559573620187,0.0006370790522555317,0.4186608612051498,0.1853054465049837,2.2593014350168605,0.023870172446878186,-0.12747251140688076,0.04166364297020141,-3.059562302270385,0.002218120633691164,0.6632843451042842,0.10807724456955337,6.137132268184595,8.483728238427565e-10,0.1519509949291263,0.14422558174336983,1.0535647912968922,0.29208878578489,0.34282902142565613,0.031241539969732002,10.973499442018607,5.635211732146192e-28,0.12335573213532298,0.09950179008850397,1.2397337980110872,0.21508137993594864,0.22764658962814543,0.04124003699983831,5.520038442958671,3.4109319868676284e-08,0.07206047486140726,0.049821043500689687,1.4463863018126009,0.14807697064752368,0.18656159701819258,0.05679912976279989,3.2845854821596143,0.0010222308468661179,-0.3059023271382342,0.044183587081935725,-6.923438030754661,4.476643709292598e-12,0.30028480967091603,0.06548360495882784,4.585648726268462,4.539925974293386e-06,-0.2703896984567185,0.05639022176644016,-4.7949749085334705,1.6329848033788758e-06,-0.02464097542189153,0.04684071861446314,-0.5260588682404004,0.5988503166869923,-0.051326899084407906,0.07082000652564528,-0.7247514029220182,0.4686089304502492,-0.23217476992937153,0.04219656497369006,-5.502219672955242,3.774079341829479e-08
0.054,0.015206609680534222,0.014825074415539818,38733,0.0685706690934774,0.022892957696010185,2.9952734812168016,0.002743722903285925,0.7131188467535412,0.1913828411840167,3.7261378415208584,0.0001947123334698117,-0.12982500689318058,0.042854679119097225,-3.0294243140261194,0.0024518179934567095,0.9866920324745176,0.11115101815468637,8.87703998447734,7.154063765142257e-19,0.5483917841086333,0.14832708786301596,3.697178930763394,0.00021830945783592323,0.3869161701667143,0.03213770122732144,12.039323143553986,2.5321951629851046e-33,0.4068550316669244,0.10256351401435371,3.9668593220195754,7.295696566187673e-05,0.2776410471581806,0.04242798150679355,6.543819368680663,6.071416194267147e-11,0.09379698541743133,0.05123898787873431,1.830578418906667,0.06717117452941326,0.4742329343151538,0.05848368601014703,8.108807201941298,5.260892562270698e-16,-0.2707278677822016,0.04546012319409261,-5.955282316907178,2.6185760822403237e-09,0.6043491838952376,0.06737515768807295,8.969911234838152,3.09722734338874e-19,-0.0158111137132989,0.058028039516740654,-0.2724736841874093,0.785259276096572,0.06224855509148693,0.048198022931934835,1.2915167740260682,0.19653225249927156,0.20309893135966356,0.07287217679529047,2.7870572870383814,0.005321497694414337,-0.17252896347259777,0.043403022390646646,-3.975044915530532,7.049355825172076e-05
0.108,0.0238393067035918,0.023460724848756942,38693,0.10071856589077827,0.023602946705493084,4.267203038141766,1.9840934393529987e-05,1.1296838574412456,0.19730610843374305,5.7255391959676825,1.0386747600275504e-08,-0.18250322967100185,0.04418672214986425,-4.130273095433998,3.6309303442444844e-05,1.2618317870379785,0.11459132535263712,11.011582099734738,3.7005677913619124e-28,0.9095270404002552,0.15330212368662288,5.9329056801554305,3.00146384905995e-09,0.4777368726609792,0.03313635478663284,14.41730316255841,5.334290000202666e-47,0.6183258442896111,0.10622115912692622,5.821117462583502,5.891615878107772e-09,0.3185937224817354,0.04375605976790975,7.281133725742572,3.3731851934624765e-13,0.13202638002794437,0.052867934774631746,2.4972865043954044,0.012518902936058314,0.823928200428995,0.0604183202246786,13.637059047074457,3.019891296583154e-42,-0.3116984071852403,0.04688715229002194,-6.647842574384132,3.013661924271216e-11,0.8589099378566185,0.06949032306475654,12.360137354034443,5.001319772326939e-35,0.23295063158919277,0.05985885574310603,3.8916652965926732,9.972530724014454e-05,0.22865767535436804,0.04970694101501692,4.6001156113245525,4.235938937670808e-06,0.38592924465784595,0.07516668252912993,5.134312592660768,2.8454686181152415e-07,-0.11346024330999176,0.04478384745783665,-2.533508167577896,0.01129662565404326
0.162,0.037584662932353075,0.037206731363788825,38214,0.21425790771776057,0.024383874069183985,8.786869022939094,1.6005667835712266e-18,1.4419616161335505,0.20736535753074917,6.95372473639783,3.6147341339668994e-12,-0.298159201787873,0.04580956452141716,-6.508667019711043,7.675781144120307e-11,1.3708860646243086,0.12119365336081608,11.31153345582318,1.2825702215975737e-29,1.1812885799573962,0.15875494014466793,7.440956349962581,1.0205611890630577e-13,0.6026286677023474,0.03423982308069629,17.600227264085866,4.6003925322562686e-69,0.6773473386950752,0.11010162828280375,6.152019268554877,7.726051537068475e-10,0.34265292897307487,0.0457836084444526,7.484183545488814,7.353885151703382e-14,0.16747644408668286,0.054644664842873086,3.064826997626386,0.002179477776126281,1.1842734570538902,0.0625028298961434,18.94751740075953,1.0754639897285346e-79,-0.4475604551998547,0.048738024948204596,-9.182983013273333,4.3973980248716135e-20,1.0627606520251291,0.07310283819267176,14.537884961786153,9.354319353199689e-48,0.4107885995503407,0.061868345672954315,6.639721736246724,3.1847787404481375e-11,0.4486902680546412,0.051397964399866956,8.72972837141781,2.6542466395296795e-18,0.3971117977192826,0.07792690732110101,5.095952237434076,3.486435273984755e-07,-0.11826769261614717,0.04731934361769912,-2.4993519261731865,0.012446230997810543
0.216,0.04447311685072919,0.04403500273649297,32731,0.33920733508603845,0.025245010628485012,13.436608923558799,4.741909021799193e-41,1.7077737204784347,0.2156135936802463,7.9205289950829965,2.4394568327343274e-15,-0.3225592999170802,0.05360501651808066,-6.017334213641793,1.791947617988736e-09,1.5777401815203724,0.16517939577268548,9.55167667335221,1.3616744215116763e-21,1.4159052175339988,0.16517939577259186,8.57192394312499,1.0616869440493729e-17,0.7039975461455832,0.035477751518795675,19.843352974965562,4.099091745478861e-87,0.7881210087659266,0.13310288562969658,5.921141416562114,3.229007983381578e-09,0.44061082486611963,0.057597205432085456,7.6498646342426575,2.0670251474909907e-14,0.24545097126961254,0.056614509298779515,4.335478207083991,1.4587775471929873e-05,1.5138199298818567,0.06493433751377084,23.313088080105782,3.070386601305662e-119,-0.48161810338149164,0.06040600794187648,-7.973016588762354,1.59851352254431e-15,0.9371460953243289,0.09594580241655482,9.767452788144388,1.6671323553498473e-22,0.5368868288195099,0.06406492603391943,8.380355087513143,5.485058749391531e-17,0.6461379188878846,0.05333297317693628,12.115167792057495,1.0367423257857538e-33,0.42669369876825053,0.09268091180768934,4.603900527582526,4.162084444745078e-06,-0.13881886104582764,0.06373632194214256,-2.178018072204452,0.029411808512202566
0.27,0.0454983032654408,0.04497333258194347,27289,0.39717816108043397,0.026187939426893802,15.166453328227512,9.593399743614281e-52,1.9771536028259877,0.22463973864278053,8.801441876541862,1.428938660393315e-18,-0.20776665271195943,0.08465034484448092,-2.454409997899796,0.014117801417497423,1.2127858323118206,0.28496974546140486,4.2558406695003885,2.089599596103043e-05,1.5743618455363808,0.17132807084887827,9.189164611122385,4.23237800904262e-20,0.77938068765912,0.03682060674857984,21.16697025067846,1.198300034541236e-98,0.8011088087187297,0.20458476059247097,3.91577948620779,9.033177438600718e-05,0.4254143419181432,0.08358660222143949,5.089503946949848,3.6138378959119316e-07,0.3049833333308978,0.05875887819309921,5.1904213066939695,2.1132124575383704e-07,1.7929008471513126,0.0675546865804528,26.53999208502131,2.967991340901074e-153,-0.5147442532154967,0.09697806545227472,-5.30784204464065,1.1179710053631517e-07,0.9879970962127527,0.1485747304146991,6.649832669762032,2.9896737480729905e-11,0.6138155266561548,0.06648906822714087,9.231826268932355,2.8477614261949483e-20,0.7864890744698531,0.05539430466952784,14.198013300499053,1.3703752143362353e-45,0.545111633761494,0.14276492617258338,3.818246178354256,0.00013470099957626325,-0.08791343783806191,0.09913054019284448,-0.8868451404283556,0.3751701007592849
0.324,0.04519066280476358,0.04462830454899436,25484,0.386053859244464,0.02679840649859085,14.405851305552963,7.26863257171492e-47,2.0880086974898022,0.2298479131408692,9.08430565654126,1.117414970482198e-19,-0.07543419877877164,0.1356851842821553,-0.5559501516533105,0.5782498162789643,1.5566588024083448,0.3660979215709798,4.252028516656128,2.1259737561357174e-05,1.6290998595592558,0.17530045219550663,9.2931868637873,1.6135562981275696e-20,0.7825362327297882,0.03768685932798523,20.76416678607915,5.594274029171465e-95,0.6887132705115766,0.31025256431196396,2.219847149495481,0.026437916609769647,0.6235215203284323,0.1053697017891246,5.917464980362952,3.3112145095956297e-09,0.32642334083925206,0.060171338739355054,5.424897429210012,5.851587928917908e-08,1.9226154223000866,0.06916373787215024,27.798026559149502,1.4548860269399399e-167,-0.43032326539173393,0.15116423326366635,-2.846726742834384,0.0044206563170392675,1.2676837239263077,0.19175614303410804,6.610915842736899,3.89500751437169e-11,0.6044521293947367,0.06807104265313395,8.879724855616091,7.134453891866817e-19,0.841681134911137,0.05669925275923448,14.84466009605487,1.2153464543487726e-49,0.7468570040371049,0.21667131926744823,3.4469583079208648,0.0005678511645623336,0.00653457053776977,0.12715787349221613,0.05138942920565417,0.9590156109386218
0.378,0.044359763162893584,0.04378326593576487,24881,0.2740226167792572,0.026930375789042563,10.1752243981219,2.854255321707435e-24,2.1270944148443873,0.23097980380028785,9.209006068268799,3.543834810627352e-20,0.15047493504752874,0.17527002144621798,0.8585320741442501,0.3906070032705534,2.1714007940466518,0.4554908487601892,4.767166672957396,1.8789126393858762e-06,1.569933465409168,0.1761637227893197,8.911786380029593,5.358227515154395e-19,0.7708424558612124,0.03787933345696685,20.34994772906801,2.5789828945766957e-91,0.5799682593457851,0.43297132840834207,1.339507309820774,0.18041781912419314,0.9300965728492199,0.11898144061620125,7.8171567601827485,5.616182990518599e-15,0.3110639913708072,0.06046765370417031,5.14430397601741,2.7055227296340096e-07,1.951611301745121,0.06954627641975086,28.062053099234962,1.2975329009784327e-170,0.02361932803868002,0.20299534535342825,0.11635403756454225,0.9073729002716892,1.3552783026543853,0.22219702968808225,6.099443833956332,1.0800801408781085e-09,0.5574076773718951,0.0684457862265565,8.143783687820722,4.0093497935135387e-16,0.8413563801333019,0.05698810908805383,14.763718143960524,4.0541478643340294e-49,0.574829861022984,0.3067486074653264,1.873944484289013,0.06094979492042015,0.1821606931846041,0.14311745498124548,1.2728055652504089,0.20309894649387972
0.432,0.04227695684502364,0.04169102627779442,24534,0.10864195438832325,0.026859909332177998,4.0447625137055425,5.2536427892478285e-05,2.000015659581916,0.23036118310627607,8.682086246532334,4.1233192804598675e-18,0.4554713287916985,0.20315082800252499,2.2420353058370868,0.024967994904164063,2.9720781228683144,0.5122944021682199,5.801504194247249,6.653058220068472e-09,1.5011426687093772,0.176142983088959,8.522296161813282,1.6528992060387878e-17,0.7236998233453004,0.03778133792944572,19.154954880019453,3.451367437859673e-81,1.4817631314430841,0.666062431024385,2.2246610263908364,0.026113069098262658,1.2385674433202973,0.13269092101780375,9.334229002405621,1.1008998162311356e-20,0.2718845404137491,0.06030640449325707,4.508385845555572,6.562500708610946e-06,1.8913354837747354,0.06938155578801597,27.259917456354,3.210267894770494e-161,0.6337687392667276,0.26475291816863616,2.393812100922885,0.01668175685914443,1.3062073048031075,0.2601425213476285,5.021121875949001,5.173052424115369e-07,0.4646156633931274,0.06832236537135729,6.800345111996191,1.0676640317959971e-11,0.7801394334930062,0.05683622766333401,13.72609452749249,1.0195166973342981e-42,0.988045596536064,0.35871361705172744,2.7544134082693197,0.005884078547239632,0.5967680267338713,0.16082678479242415,3.710625860637005,0.00020720420743568067
0.486,0.04062058046729711,0.040027687780539,24288,-0.10324741539476706,0.026675541554760603,-3.8704899461109985,0.00010890096448934802,1.9374571959724627,0.22876583391732774,8.469172003510927,2.6094812582147443e-17,0.9362812244003068,0.23860806099226023,3.923929562592092,8.735622108174745e-05,3.741492177555588,0.5473363515774229,6.8358189014353075,8.346958628710064e-12,1.3139767899130486,0.17492322384787168,7.511734354128964,6.036076333659539e-14,0.6768774579882674,0.03752539446362283,18.037850571948905,2.915834232580449e-72,2.2740915058930926,0.7947640256518813,2.8613417725190033,0.0042221241153759595,1.585819422197281,0.14692929767635618,10.793078353170884,4.2764906192194166e-27,0.2024187517104012,0.05992595632246876,3.377814291709616,0.000731791703343875,1.7657489998504516,0.06894332446886789,25.61160218851638,8.927200167014927e-143,1.2582609396023736,0.3347441299097108,3.7588737999431365,0.00017107973865877963,1.2409120627485763,0.29234309760945376,4.244711343950841,2.196876473599314e-05,0.312919732422716,0.06788916180402706,4.609273764875886,4.061344291508161e-06,0.6818921825164932,0.056452908097460064,12.078955814628316,1.7024922839030486e-33,1.4800652406758654,0.4593738584581014,3.221918734435036,0.0012750315476650173,0.8614802041201101,0.1786388220254813,4.822469127104003,1.426507674721417e-06
0.54,0.03658894540302493,0.03598901324514725,24104,-0.3208898570793237,0.026514346591169555,-12.102499149882659,1.2826506569740904e-33,1.802352071116069,0.22731317004077586,7.928938172798169,2.305644690479686e-15,1.0481028392995204,0.2728971789352218,3.8406510590873895,0.0001230225669985359,4.220735294897377,0.5925452253879476,7.123060171709261,1.0852408088713796e-12,1.139249556302813,0.17426153086847104,6.537584919776097,6.377127308812132e-11,0.601224229224405,0.03729285533545502,16.121700090172762,3.621967080669407e-58,3.3771526057698997,1.1842002975817794,2.8518423890504705,0.004350361679761045,1.7723691822748384,0.16401723182719233,10.805993751572379,3.7218952963553596e-27,0.11813443653543013,0.059560981291411304,1.9834199164288302,0.04733188000457516,1.5853263183718167,0.06859155690956194,23.11255772284148,6.480403583773359e-117,1.6637697315815094,0.3955241851566739,4.20649303890851,2.6030154714259744e-05,1.586584990572843,0.3263222419795091,4.862019153056904,1.169262144553706e-06,0.14285560075023562,0.0675002340519182,2.1163719319900047,0.03432341506025777,0.5547658872632575,0.056107618018404484,9.887532332619834,5.215876321531108e-23,1.9105626912847988,0.6333782149781293,3.0164641695969463,0.002560082153426367,1.0872263531012853,0.19841520155678427,5.479551690449147,4.306746040374103e-08
0.594,0.03306109519706357,0.032455799997495816,23978,-0.5469174673836639,0.026279547568944017,-20.81152523455108,2.375158485408628e-95,1.5554715431443928,0.22726421010850562,6.844331284726902,7.868709619959376e-12,0.8146908212371126,0.33616529056953237,2.4234828642090345,0.0153798343339411,4.075786505812885,0.6777287612335791,6.013890421876557,1.837461312945882e-09,0.9276398262176231,0.172654869877406,5.372798501868473,7.824678175062395e-08,0.5447246703536223,0.0369568507682875,14.739477499555994,5.892477208453146e-49,4.112080586153672,1.3546930469113432,3.035433447841992,0.0024044793500410033,1.983801908951217,0.17265486987729195,11.489985254172852,1.7804804772194886e-30,0.04224476742996026,0.05906381505969401,0.7152393963590863,0.4744680978862451,1.3902246892599497,0.06802437473156137,20.43715498666576,4.7660465851099165e-92,2.647709906310661,0.46082968196680707,5.7455281417861706,9.274436206532906e-09,1.8887710006267238,0.35070042828970177,5.385710561683357,7.283812990555461e-08,-0.02776976843358294,0.06699818449379057,-0.4144853870802523,0.6785223770241716,0.4277841598720563,0.05559450425278072,7.694720289742658,1.4725798455104345e-14,2.364766490413359,0.6777287612333425,3.489252080891353,0.0004852437791571223,1.1108198095441713,0.21755576794113185,5.105908338154228,3.317279488416948e-07
0.648,0.02972772922322875,0.02911723911997155,23856,-0.7405563084476667,0.026322273984873072,-28.134207130935984,2.3531103391968694e-171,1.3545622673669642,0.22743633978394254,5.95578643524494,2.6245116999020157e-09,1.079105872078351,0.37213682132203674,2.8997557087868047,0.003737945186156106,4.928057803066818,0.7428759444283285,6.633756066578718,3.3426108741153645e-11,0.7294743538676005,0.17278712788541464,4.2218095919237575,2.432462380634208e-05,0.4752907458955308,0.03700198012454468,12.845008410245974,1.2231322012933821e-37,5.557446117555263,1.660286690793172,3.3472810137990647,0.0008173462019111798,2.268884008109642,0.1928582543221951,11.764515945058658,7.284976058424746e-32,-0.06287425325665645,0.059178514653017156,-1.0624506820644048,0.28804189790445506,1.1537636962978715,0.06812550343879223,16.935855708346836,5.794895887856521e-64,2.6378329318912552,0.5539850371508266,4.761559888797295,1.932302672608051e-06,2.032819978854905,0.3632137726683789,5.596759076399089,2.2079566194368555e-08,-0.19041031471174663,0.06725402581944041,-2.8312106582726937,0.004641098678228324,0.27338816130672106,0.05564689498159789,4.912909541442141,9.032918732446877e-07,3.2655149630937323,0.7428759444285479,4.395774271040243,1.1085546447276593e-05,1.3323958446428485,0.24750998467669144,5.383200384353315,7.386395348065002e-08
0.702,0.025017858188527087,0.02440150905976901,23744,-0.9043475948426153,0.026478467874741465,-34.15407564820989,1.2753145129958738e-249,1.1499007013362799,0.23063326841358867,4.9858405478354175,6.212773218662101e-07,1.435193529556665,0.44655963265793364,3.2138899815336166,0.001311248547589289,6.469021770320278,0.8919409701853385,7.252746523097897,4.209294502575365e-13,0.4725551161512266,0.17405996209907412,2.714898420363038,0.0066344040078596825,0.40523002152324983,0.03720070972983803,10.893072322171909,1.4454909919928019e-27,3.3572420745758027,2.3589625271541657,1.4231858437471467,0.15469543579207054,2.260440583380319,0.21263380263476023,10.630673746935072,2.4593728949043333e-26,-0.16645136180018916,0.05948477732434109,-2.798217784234312,0.005142687893937368,0.9036135052986791,0.06850184785844979,13.191082190452432,1.361509957512234e-39,3.736237370912466,0.6814455472486313,5.482811335399727,4.228849066090667e-08,1.7536390997686333,0.41146963880993287,4.261891849033067,2.0348538480693502e-05,-0.32379370530412643,0.06770431931809827,-4.782467478667525,1.741953591225063e-06,0.1267257920159024,0.055953596272033515,2.2648373019634116,0.02353164489097508,3.049896372097109,0.8343868983669595,3.655254388661049,0.00025748138785902473,1.404845362664858,0.27734514552050565,5.0653324399398585,4.107423687646858e-07
0.756,0.021593689859238374,0.020972005839578367,23623,-1.0345647405775589,0.026739363635812977,-38.69070164377172,0.0,0.9319645228824748,0.2324709043266719,4.008951251692397,6.117637284427551e-05,1.713575664782413,0.49647382688109243,3.4514924493548813,0.0005584709587090813,6.0868917072090944,0.8990267833924597,6.770534337409092,1.3131723304150363e-11,0.25403681761713415,0.17636911363430113,1.4403702121215844,0.1497759482959002,0.3398800310337937,0.03753560671099368,9.054869784061527,1.4704890790914483e-19,3.238342236723595,2.3776993374669613,1.3619645620011418,0.17322206500770038,2.44908918331717,0.2404441073889106,10.185690179364002,2.579373258259615e-24,-0.2660413418373617,0.06012754362944918,-4.4246168357867255,9.704581526020625e-06,0.6659519264706764,0.06921349906549315,9.62170581551614,7.102142672796581e-22,2.9493464732950874,0.7173565155911584,4.111409611808702,3.945804042475412e-05,1.4183606834430522,0.4670417943161631,3.0369031223850076,0.0023928303735279034,-0.47589271669867905,0.0685054331713884,-6.946787935901087,3.8340258044846505e-12,-0.021795647088816567,0.05643152491300246,-0.3862317582666387,0.6993285161995267,1.7127758221027345,0.9709985502254452,1.7639324195747401,0.07775629006955848,1.4802403210902195,0.30810276315678464,4.804372105994284,1.5619075126159617e-06
0.8099999999999999,0.020958803945460347,0.020332898565039392,23479,-1.123759197437866,0.02721928444619377,-41.285405560872775,0.0,0.6840424478228273,0.23711373810575678,2.88487058273162,0.0039193108832944095,1.7516264967367956,0.5695490283280737,3.0754621808042435,0.002104182011017627,5.6814373216147525,0.9126726794064101,6.225054666159046,4.89543297012301e-10,-0.06052127671698143,0.18048502474259875,-0.33532575239023127,0.7373823674824331,0.27152891382541233,0.0381638427796728,7.114821098939143,1.152783593192694e-12,3.035120109732059,2.4137842905878975,1.2574114934656526,0.20861718485392192,2.653114947543485,0.2616879511399232,10.138468110535506,4.1810712437731505e-24,-0.3869566756073063,0.06135178356122845,-6.3071789138962435,2.8923622133107106e-10,0.37920515716585323,0.07044393982011528,5.383077069996178,7.392568578891498e-08,4.579471840104012,0.8050039142102113,5.688757233679948,1.2949000304235038e-08,1.1930426269668424,0.5153072022783982,2.3152065829700805,0.02061021209371325,-0.6420211888197761,0.0700358227885128,-9.167039998351811,5.250182018947016e-20,-0.1643731400961254,0.05736194003323231,-2.865543599133794,0.004166638166051198,1.7235329320475805,1.2071223291167905,1.4278030407312818,0.15336186671574972,1.3256231548921273,0.345877095514564,3.8326422075448145,0.00012710485019607764
0.864,0.0216685591475948,0.021038109707684827,23293,-1.1771215151262258,0.027841859959684995,-42.278839015450025,0.0,0.43280999239536605,0.24156113468903995,1.7917203152424312,0.07319076342889876,1.9385568190361844,0.6825079049919143,2.8403433936184967,0.0045104083531159085,5.211572819629682,0.929744243627927,5.6053832603402425,2.1014753040013725e-08,-0.3013734976961973,0.1848674296511599,-1.6302141392071139,0.10306977674778853,0.21268875824576838,0.03897033616170117,5.457709098614147,4.8723842822289754e-08,2.9723389397881403,2.458926492375902,1.2087953621241279,0.22675375255456667,2.8141016506645293,0.2951950001359535,9.53302613312719,1.6721902890960776e-21,-0.505836024746899,0.06277241129097391,-8.058253846616747,8.10827095886341e-16,0.12672714485652878,0.07207237136432584,1.7583318330948632,0.07870420446269755,4.349539648852452,1.0041742329513268,4.331459129427072,1.4874398672751445e-05,1.7381603999113036,0.5969886293907014,2.911546911178702,0.00359985152228879,-0.8211164325686419,0.07213972115294798,-11.382306715987175,6.1475067065418634e-30,-0.31853135859692144,0.0585382242201742,-5.441425031939132,5.33891241285302e-08,2.722356919279337,1.4198438685578465,1.9173635774787474,0.05520398362462057,1.412866295460557,0.40517682442493846,3.4870363019055137,0.0004893056226345745
0.918,0.022040713174905302,0.021435299510719985,22630,-1.1958640720239584,0.028718258559685995,-41.64124609222245,0.0,0.27626363470741483,0.2476750276202586,1.1154278950197152,0.264678953751168,2.2821343174054656,0.721299146013846,3.163922111952227,0.0015586448339369387,2.697508636611552,1.019666699321594,2.6454807619060836,0.008163133405022062,-0.5166447082129447,0.18984607693690408,-2.721387328876188,0.006505828740757456,0.14933249413050462,0.039984771047742125,3.7347342555044385,0.00018837468731714194,2.6377673733641087e-15,3.424068333863497e-16,7.703606108782948,1.3770041447825713e-14,3.429880233352714,0.45673167860472547,7.509617558892985,6.149461670426528e-14,-0.6523430715686253,0.06510310681592368,-10.020152700440212,1.3922623775693667e-23,-0.12468913819690837,0.0743107006122653,-1.6779432459869432,0.09337199663519638,4.091088254058166,1.2486664476032363,3.2763659677977577,0.0010531053600605271,1.725718878787251,0.6930475749492081,2.490043888998133,0.012779855850566178,-1.0103361767236665,0.0756649757829026,-13.35275887251343,1.6254310172419227e-40,-0.4612383945403047,0.06018705780861695,-7.663414882431242,1.8831940648152118e-14,2.8190903712956707,1.76564748927163,1.5966326168869698,0.1103615959945977,1.2262733477554961,0.5734954074568279,2.1382444075592857,0.032507596526635554
0.972,0.027376151602517496,0.026774040884959938,22630,-1.217667712831357,0.029377146934339543,-41.44948845961623,0.0,0.1804111697437794,0.25335748207869385,0.7120814758008329,0.4764216701624352,2.2596552460768065,0.7378480471586809,3.0624940389533175,0.0021975862930509594,2.819721208032518,1.0430611030180448,2.7033135449819734,0.006870324508030514,-0.7368916609706121,0.19420175096941325,-3.7944645570506337,0.00014834789831095425,0.12261064800968018,0.04090214912454251,2.99765784033363,0.0027235839903814725,2.6741398272658958e-15,3.5026273737340074e-16,7.634668327322255,2.353527622845378e-14,3.5243199484000476,0.46721055888721924,7.543322558450117,4.7540525453934394e-14,-0.7606268479900616,0.06659677956581164,-11.42137582251109,3.955452731711629e-30,-0.3596164869828132,0.07601562490786705,-4.730823267172741,2.24961338802656e-06,4.607221805813661,1.277314835333147,3.606958659187587,0.0003104741950567339,1.7842144639849251,0.7089482950178297,2.5167060510950985,0.011852621229070168,-1.207853361149819,0.07740097146690907,-15.605144719226267,1.2944766416839708e-54,-0.5894162470259998,0.06156794072713651,-9.573427989710405,1.136817748177897e-21,2.3940117137076387,1.806157069683668,1.3254726036240736,0.18502783976971968,1.3174248905058965,0.5866532197978919,2.2456620811861616,0.02473527753412643
1.026,0.03303521614772398,0.03242346202535362,22144,-1.2199345062527753,0.03028653404198527,-40.279766069026536,0.0,0.12272413023268025,0.2659588875905728,0.46144022989600725,0.6444873297078354,3.2375114715357842,0.8679791647839572,3.7299414581473407,0.000192002323819223,3.330989820861653,1.3015283423493265,2.559291036912068,0.010495176782128085,-0.9393973614836857,0.20129825542372248,-4.666694003414499,3.078768675328325e-06,0.10077394170997014,0.042057178595608105,2.396117501816768,0.016578028185288956,-7.517509197913195e-16,6.317191907585312e-16,-1.1900080459621012,0.23405599625749762,3.303215159554078,0.5686867814879121,5.808496464277834,6.38994687420136e-09,-0.8800588015589059,0.06890372855643173,-12.772295781325436,3.1696062765567084e-37,-0.5749040998559068,0.07817100420396261,-7.354441787083554,1.9839858018893705e-13,4.935322510981932,1.3015283423507864,3.7919439403585185,0.00014986964278230046,1.8684788978341096,0.7518445260890296,2.485193192206408,0.012955444023499404,-1.4162624942654132,0.08059603856214491,-17.57235863613049,1.1744112767983433e-68,-0.715834600151369,0.0633550376524379,-11.298779492143886,1.602987676573993e-29,2.3501050724770103,1.8403898439562938,1.2769604658461815,0.2016296037319888,1.5095786011359085,0.6726065773964074,2.244370857893385,0.02481839136311607
1.08,0.03963568692117647,0.039012940261468065,21605,-1.2091422095956612,0.031379835062514815,-38.53245905170667,0.0,0.06173993219898762,0.273169079265452,0.2260136189828127,0.8211929674180458,3.796547190391273,1.3297610077324487,2.855059795192271,0.004306972686621075,3.6355464487084728,1.3297610077338542,2.7339848495814154,0.006262391794871222,-1.0798862271535021,0.20997398791431876,-5.14295240986782,2.728167348845111e-07,0.082947689302048,0.04342042651633115,1.9103379666445697,0.05610294614301286,8.260142676373484e-15,2.1239792724255907e-15,3.8889940140236754,0.00010096204152157123,3.4539516917093005,0.6456122663285526,5.349885483668276,8.890603023771918e-08,-1.0119559491709595,0.07164661759606475,-14.12426689667681,4.275255109257887e-45,-0.7784174007008415,0.08091075165080211,-9.620691747622946,7.234265616650891e-22,5.904101171228334,1.535368865201424,3.845395920838723,0.00012070334851749401,2.4901384605183505,0.8413658844421376,2.9596380202287635,0.00308335145228147,-1.623284732883385,0.08454484862057152,-19.200279607436734,1.759560714534372e-81,-0.8456248678326541,0.06545942366722728,-12.918306035377183,4.90987338185901e-38,2.060183157056714,1.8803042257361,1.0956648019286321,0.27323771336175995,1.4568462282761638,0.7380806500221226,1.9738306758651611,0.04841372811495688
1.134,0.04468662822322089,0.04404704201477194,20926,-1.2000771969589004,0.03269231571767751,-36.70823466047681,6.122910185286846e-286,0.04270972639035596,0.2850253809510454,0.14984534446667955,0.8808880786497217,3.8938045750475525,1.3583057218219339,2.866662867196556,0.004152387967788459,4.033802699287723,1.3583057218221108,2.9697310660493605,0.0029839889303851846,-1.2188750128706745,0.21851876221909994,-5.577896380579704,2.4645632875992712e-08,0.06538818650117806,0.04501441884189502,1.4526053692005267,0.1463483590119053,6.581940689395428e-16,1.0334374103598253e-15,0.6368978540368215,0.5241983527547922,3.798380883674374,0.7019845391602466,5.410918149590888,6.33914545037752e-08,-1.1123001124884615,0.07455169508612325,-14.919850061135639,4.432163167941062e-50,-0.9453859655823188,0.08393959764575978,-11.262693557002951,2.4361538943818466e-29,0.47555949944094134,1.9206561588064932,0.24760262125025895,0.8044443134146242,2.405408681574488,0.9058649441441037,2.6553723014938075,0.007928096226152603,-1.7999997071210398,0.08922985763530628,-20.172616597438342,1.2145334046183057e-89,-0.9630735205770147,0.06795742250086544,-14.171719366854298,2.224404753560902e-45,2.686404370487645,2.7160212394608507,0.9890954943419055,0.32262786633616236,1.2837071539437386,0.7846723326639514,1.6359786123534787,0.10185911338092701
1.188,0.050271993278804605,0.049614482048753406,20237,-1.196188018118046,0.034087869852856834,-35.0913102895984,6.300432189839526e-262,-0.037199292787593874,0.2930171360797499,-0.12695261883069328,0.8989791619470584,4.656744230077596,1.6032174247079332,2.904624262629843,0.003680923713701554,4.442050025246584,1.3885316268925167,3.1990989180330955,0.001380704209548797,-1.3915544614895627,0.22997764454874525,-6.0508249148304225,1.4664217824894694e-09,0.05334599982313192,0.046726608885319314,1.1416621299024399,0.25360800634594327,1.2885327300180593e-16,8.58578559064159e-16,0.15007744095339923,0.8807050146593762,3.741483570756125,0.7427603028202427,5.037269165503061,4.762851573466472e-07,-1.2350315459626613,0.07795791940309048,-15.842284599423277,3.4620365954752848e-56,-1.126145624715223,0.08721424384431212,-12.912404844391336,5.414781499522331e-38,0.5047779598673381,1.9633843675882525,0.25709584338159336,0.7971074019584401,2.0214599278188263,0.9821359533569812,2.058228212610884,0.039581016153796986,-1.9253283317225027,0.09425954069181942,-20.42581915413044,8.32130621247682e-92,-1.1009829923609313,0.07063222047509451,-15.587546093770998,1.8357722239405312e-54,2.465346902431334,2.7764355506494414,0.8879539457901913,0.3745760859475491,1.148343972618109,0.8785813686138164,1.3070433924975113,0.19121283689034185
1.242,0.0567085733280438,0.056029771992993416,19470,-1.1844966298957569,0.03546936071574965,-33.394924689742105,8.116143616518071e-238,-0.124729957401001,0.29794355804216416,-0.4186361947901205,0.6754866542917972,5.050441964152773,2.8222112437603935,1.789533641508501,0.07354446321372454,4.426295347683794,1.4114399146846912,3.13601401067973,0.0017151609718602035,-1.4800888867965898,0.241124579623503,-6.138274617658771,8.503772693012757e-10,0.021575134231496776,0.04836687225269312,0.44607255393272716,0.6555498019101453,3.71317629241611e-15,1.0938366110117083e-15,3.3946352270854505,0.0006885728577653411,3.345577660402081,0.7834820311620696,4.270139616909761,1.9627670604200256e-05,-1.3632058909180103,0.08134600548298013,-16.758117166591926,1.3577086831056944e-62,-1.3220885859862177,0.09039324419155474,-14.625966772301528,3.4578317683559594e-48,0.5109390310862865,1.9957623079874518,0.25601196547374566,0.7979443047578096,2.0208478255922504,0.9983538221280318,2.02417998589391,0.04296527350029078,-2.111634558740966,0.09947565287956923,-21.227652170299685,7.0083460146435805e-99,-1.2423902973897714,0.07314626988244266,-16.98501235109438,3.0800139895596306e-64,2.381435721306667,2.8222112437625593,0.8438190892230121,0.39878088172776616,1.1214027285136359,0.9413312623216243,1.1912944713510285,0.233552536669063
1.296,0.061685262547871544,0.06097957324761205,18630,-1.185298932625911,0.037152708303723615,-31.90343279784841,1.6645001489338419e-217,-0.2724390632348257,0.3053160049137281,-0.8923183156146945,0.3722338742113044,5.6154041263188965,2.8751971836297745,1.953050092804336,0.050828621957239736,4.417513023400254,1.4379586064931003,3.0720724528877112,0.0021288492895374165,-1.6921051582784257,0.25112198827566407,-6.738179997288615,1.650767355556472e-11,-0.0069016858807938964,0.05035708391046163,-0.13705491551229557,0.8909888705229517,-3.522461409110064e-15,1.303248383312794e-15,-2.702831980620715,0.006881385686514375,3.239072367528561,0.909900091127775,3.5598110156400744,0.0003720462319239339,-1.5055437765221578,0.08519959701213196,-17.670785183500062,2.592162600278188e-69,-1.5073691344749611,0.09384316616476177,-16.062641490893988,1.1384943126804836e-57,0.9819348379244094,2.0332411525032725,0.48294066678489034,0.6291435451521854,2.5175571299454385,1.0872666112215505,2.3154919906139195,0.02059683721498085,-2.185868456137225,0.1050530330999725,-20.80728553603082,4.486477620613629e-95,-1.3592650923379135,0.07634696456680513,-17.803786961936503,2.529113523667564e-70,2.292006623234068,2.875197183627147,0.7971650209891461,0.4253653654010541,1.2841142666717014,1.087266611221913,1.1810481931644745,0.23759866803812651
1.35,0.06762997271231397,0.06685544115223407,16868,-1.1869411495128361,0.04036154585098027,-29.407722734286914,2.0482227768758186e-185,-0.5084493076429216,0.33405123150261284,-1.5220698494534504,0.12801034151444335,6.558360656234342,2.9289247828172384,2.2391700513135286,0.025157847161992642,4.4612763982416865,1.4648794785378885,3.045490406278702,0.002326599306309013,-1.8419510487123008,0.269282593113577,-6.840215802346384,8.179137460450714e-12,-0.03663833324200767,0.05394763001274643,-0.6791462986112825,0.49705449603713947,-2.0770378467233325e-14,7.37910324367767e-15,-2.814756452286956,0.004887081587793967,3.0120254215083806,1.0362193158357866,2.906745102583773,0.003656864697080165,-1.6046313250378015,0.09305567554716056,-17.24377707864337,4.596023556545151e-66,-1.646690523421002,0.09933891445598372,-16.57649001339387,3.1467810075639366e-61,-0.5446133737646418,2.9289247828189624,-0.18594310682177204,0.8524916151410021,2.96726563194347,1.1962960653149566,2.4803773229516213,0.013134030628204675,-2.4000623339449616,0.11752553890125923,-20.421623728621302,1.3765220655833101e-91,-1.5179896557562,0.08131892838266379,-18.667113376272887,5.4744661436560645e-77,2.152231263584694,2.9289247828178735,0.7348195748181916,0.46245960836899325,0.7676449699973338,1.6913366008551887,0.4538688334475765,0.6499290813733422
1.404,0.07251209722802887,0.07174162131045891,16868,-1.2081250557548417,0.04087842952371408,-29.554096618462154,3.366336537885931e-187,-0.6819889148578296,0.3383292050980204,-2.015755378434577,0.04384140171591492,6.670722930041772,2.966433588958936,2.248734964055895,0.024542226361340184,5.098927922760014,1.4836392229682587,3.436770775417213,0.0005901141706457136,-2.0060909819346024,0.2727311175146425,-7.355563238312542,1.9885892816122594e-13,-0.05127698599897781,0.05463850169638379,-0.9384771618357086,0.34801269754807185,-2.1736749798592255e-14,7.473602547548645e-15,-2.908470133419384,0.0036367608128207874,3.124940451938678,1.0494894925456788,2.9775814566363232,0.0029094561559767067,-1.6858293107634572,0.09424737815248518,-17.887280726641666,6.700484410271649e-71,-1.7464837027965643,0.10061108235408597,-17.358760704412965,6.466566868159814e-67,-0.38257299138853085,2.966433588960682,-0.12896732049294551,0.8973850462800805,2.9666638740528386,1.2116162392795518,2.4485177549426616,0.014354654462634762,-2.517853402186929,0.1190306108925945,-21.152990674465048,4.8575578007757093e-98,-1.6064780929384452,0.0823603262151551,-19.505484822167176,8.270820409228741e-84,1.8573564303328873,2.9664335889595796,0.6261243930238533,0.5312418333654532,0.4219442319999174,1.7129964321536948,0.24631938752459664,0.8054380030187767
1.458,0.07522150384844783,0.07446410950270543,15887,-1.232700146545511,0.04294581303811,-28.703616472497938,1.0860378276182697e-176,-0.7702301115329376,0.3441933874493991,-2.237783001122215,0.02524902526462284,-2.1410994655871998e-15,1.617289604750259e-15,-1.3238813007258692,0.18556153411900522,4.529530255067726,1.7306683103896165,2.6172145337589363,0.008873466466330172,-2.0477217299359642,0.28765638019416845,-7.118638316152589,1.1366708909808775e-12,-0.06753296711196215,0.05693686963194074,-1.1861025649727177,0.23559955154656304,3.1279312949984472e-15,1.5812416943996827e-15,1.97814875871077,0.047929190993469324,2.981749787647463,1.1334533687051003,2.6306770706005542,0.008529725917868035,-1.7372466497212962,0.09884480971917102,-17.575496929550525,1.6895654754053112e-68,-1.8863596176325006,0.10391144544169738,-18.153530726226872,6.574248706318682e-73,-0.6952298097074725,2.9969901094336104,-0.23197601070457363,0.816559636762841,1.7089690838884155,1.4989565324434204,1.1401058315564745,0.25425941553742554,-2.651128664922561,0.12652488654872213,-20.95341665374002,3.4894568580936637e-96,-1.6607833237041496,0.08601105829066893,-19.308951159415308,3.944850109132819e-82,1.8901014673259855,2.9969901094337725,0.6306665682267087,0.5282676426833144,0.5586485856291133,2.9969901094351514,0.18640321296702675,0.8521309551030982
1.512,0.07913420293740359,0.07833016939842763,14903,-1.2331454760872578,0.0454881833495751,-27.10913879788467,5.1220505844630036e-158,-0.8845779390200403,0.3511889946035436,-2.518808825483379,0.011785646039749858,-1.6262937186582103e-15,4.386419887830437e-16,-3.707565076408109,0.00021002091306670024,4.132251576474278,1.7533123122194227,2.3568257335987597,0.018444769999802584,-2.3285932946839965,0.29973588412911273,-7.768817208689445,8.437455604962604e-15,-0.10745778732594356,0.05971416601961402,-1.7995359307312009,0.07195418401153433,-2.391853171109944e-15,1.0445622325116915e-15,-2.2898139494845013,0.022046026421723618,2.225359508922747,1.3584145569161965,1.6382035201202827,0.10140037581761216,-1.8411514442356949,0.10442856426061084,-17.630726394369805,7.163227445959614e-69,-2.0233052805525977,0.10825685292225838,-18.689858664241584,4.553569667723077e-77,-1.6175802174317784,3.0361445688418343,-0.532774438355819,0.5941976815629803,2.2360856670331257,2.1471193513314044,1.0414351981162828,0.29769052384451206,-2.79695601096356,0.13525794324879273,-20.678682107555446,1.1118630796084224e-93,-1.7317706725639532,0.08993796876843185,-19.25516771479281,1.2525914949365427e-81,1.9020636027703721,3.0361445688403417,0.6264733314385181,0.5310141282622551,0.2846734416966072,3.0361445688404656,0.09376149101006968,0.9252998842150291
1.566,0.08340498621611592,0.08255032152100839,13956,-1.2174384047774387,0.04823080260112765,-25.24192713203936,1.662438033235828e-137,-1.0232318690256073,0.36303903487723305,-2.8185174890948796,0.004831393911056325,-1.4671970003030662e-15,6.507312778258114e-16,-2.254689532067963,0.02416827388498669,4.339836348907479,1.775609863237604,2.444138455614527,0.014532156318631022,-2.2823153211182827,0.31427534300486837,-7.262152032979972,4.0116265434382725e-13,-0.14806592241828573,0.06267055459410234,-2.362607501677025,0.018160531327881948,-1.107144308283034e-14,4.943032441163214e-15,-2.239807894164855,0.025119093330841415,1.6468601944150951,2.1744016359633798,0.7573854651215093,0.44883176137371994,-1.995431654681471,0.11074557830835692,-18.01816095199256,9.129120835169488e-72,-2.179438968344603,0.11274908405425228,-19.32999267023674,3.56222281311857e-82,-1.7750444507481271,3.074690023180579,-0.5773084237324034,0.5637404461851381,2.707739431922787,3.074690023180461,0.8806544437028809,0.3785200614196709,-2.8957207976781545,0.14635550074729073,-19.785527587911716,5.9707037897382325e-86,-1.841752711923683,0.09392557023789823,-19.60864019519735,1.7864289824713201e-84,1.5290824280400357,3.0746900231802217,0.49731271006580074,0.618976392652225,0.005659284277053422,3.074690023180466,0.0018406031939439042,0.9985314382919137
1.6199999999999999,0.08680451020977165,0.08602870310537769,12960,-1.2207803834279622,0.051838048568113644,-23.54989080701781,4.137881031065094e-120,-1.0848614952100455,0.3858990571792556,-2.811257179895394,0.00494224765290344,-1.6248013500899994e-15,6.102111961231537e-16,-2.6626868867907163,0.007761534044693236,3.97058778407241,1.8079022637987674,2.1962402855392216,0.028092416638640882,-2.7124171822344962,0.34543267609478373,-7.852231042237106,4.407647931485033e-15,-0.1820535459467796,0.06657136822916108,-2.7347123964778666,0.006251973520263701,-2.057234675718227e-15,9.9794033594712e-16,-2.0614806332742908,0.03927712520078543,1.5626775162626452,2.213915603976706,0.7058433092280997,0.48029828451710044,-2.1072980675570463,0.11832438169301995,-17.80949993065848,4.081716266520165e-70,-2.2669006310000688,0.11910735280080698,-19.0324155284619,1.1208361092133215e-79,-1.4724017351152692,3.1305203113525506,-0.4703377038557254,0.6381216860413559,-9.946956351931854e-17,1.7375495990727227e-16,-0.5724703546442784,0.5670133038261465,-3.0132286549171274,0.15654976744098664,-19.247736385510766,2.014774112184265e-81,-1.9444832052286027,0.09911102633876047,-19.619241945718322,1.77671453808791e-84,1.0617054245572686,3.13052031135187,0.33914663345493085,0.7345047695746987,0.0,0.0,,
1.674,0.08659861766039334,0.08575458076475018,11916,-1.2257761992537533,0.05570784440670851,-22.00365518192877,3.2716421720332993e-105,-1.0611978280866752,0.40117142685715634,-2.6452477844702833,0.008173833508398091,-7.462857115737875e-16,8.663112460067668e-16,-0.8614521801647698,0.38900639928281344,4.048636236921351,1.835824944347594,2.205349834354786,0.02744859926410232,-2.748138807484626,0.36880506271564073,-7.451467144320412,9.868998826281493e-14,-0.20037385762847146,0.07081459789547655,-2.8295558201746256,0.0046690663197874885,2.1526456107364896e-15,1.411920027171552e-15,1.5246229030753295,0.1273797466312895,1.4088461500616938,2.2480720979245765,0.6266908215988013,0.5308739391836698,-2.1333266536588913,0.12696730236779072,-16.80217358229135,1.2367216746065734e-62,-2.3558831706684176,0.12567269882036294,-18.746181094080953,2.6857268737677388e-77,-1.2912555364985465,3.1787659478180497,-0.4062128378419565,0.6845935239853437,5.092527696793134e-29,2.317141879060693e-29,2.197762572422845,0.027985217948765153,-3.0424934940435007,0.17109331501898747,-17.782655585964026,7.683502810024025e-70,-2.012842023624076,0.1051237521085504,-19.147357121972043,1.6434691162383816e-80,0.6075492972997695,3.1787659478186177,0.19112740833174316,0.848429034228134,0.0,0.0,,
1.728,0.08577651848362422,0.08484794431033893,10842,-1.246899907278327,0.060441085858883664,-20.630005062939432,8.856028552770816e-93,-1.298365123257073,0.4188911169456035,-3.0995289007899314,0.0019432560380413294,2.170858027765161e-15,2.6939167614327122e-15,0.8058370840718286,0.4203544852514848,1.688805746284896,2.289991427112395,0.7374725190191762,0.46085102625153207,-2.9429893107587857,0.40305502789047193,-7.3017059882913244,3.0408568537808544e-13,-0.20015065519487352,0.07600024073766136,-2.6335529105197995,0.008461674606091932,-3.6640151700747466e-16,1.9198681066034404e-15,-0.1908472335923631,0.8486488590211475,-0.7597277564769018,3.237972876296345,-0.23463067341870167,0.814499835674497,-2.2770333033757417,0.13865930032010224,-16.421785614950394,7.051243850496029e-60,-2.3779097284879303,0.13427620963531212,-17.709091840961413,3.357151905215474e-69,-0.44062798826188515,3.2379728762955557,-0.13608143276542553,0.8917594347414172,-7.919313643254775e-17,2.54151550876996e-16,-0.31159808452585663,0.7553519880660666,-3.1268005074431064,0.18642281718477885,-16.77262770009467,2.361658198254173e-62,-1.9908226805209126,0.11247014171032546,-17.700899547618715,3.8670972353225295e-69,0.6361757699373508,3.2379728762959608,0.19647347097764953,0.8442432816075304,0.0,0.0,,
1.782,0.08654899861747622,0.08552369647306735,9812,-1.2330174013423596,0.06617896775768849,-18.631559891610898,3.6552267689357834e-76,-1.5524561429913182,0.4439420117609637,-3.4969795645905735,0.00047264244318252215,-5.151934677052554e-16,1.5654801402846673e-15,-0.32909613763070317,0.7420900560528138,2.3163422025735456,3.314899144115111,0.6987670218219797,0.48471422308329914,-2.8552436156466254,0.44394201176082126,-6.431568853602709,1.3218744009969368e-10,-0.2321036838852309,0.0824274907260389,-2.815852840366875,0.00487451097550261,7.777225902907507e-16,1.590782651512898e-15,0.4888930549695808,0.6249283533163286,-1.0122908546907379,3.314899144113443,-0.3053760644538316,0.760086235150458,-2.3237389395193664,0.15133644410574804,-15.354787495176163,1.3442315806176713e-52,-2.560970545104241,0.144904001536635,-17.673566761072294,7.789535176478915e-69,-0.10896309883555699,3.3148991441131366,-0.03287071313438371,0.9737783571126516,6.427830696102252e-17,1.8397719329179265e-16,0.3493819305041546,0.7268101039196153,-3.168588016303275,0.20368691851228715,-15.556168454245302,6.359839845223941e-54,-2.0734847568498678,0.12035237478927044,-17.228449047893,1.4927538028766885e-65,0.5580935788507899,3.3148991441135656,0.16835914294461266,0.8663042227686466,0.0,0.0,,
1.836,0.08302976394142536,0.08198564297425337,7914,-1.246841534555822,0.0779634620932924,-15.992639386175927,1.1074851459238727e-56,-1.391457012730596,0.47973031731803467,-2.900498389406849,0.003735970488968462,1.0555695112344884e-15,6.192962218026412e-16,1.7044662539066482,0.08833331662803462,2.542625695891387,3.3813140898134035,0.7519637715855318,0.45209523673950014,-2.6078938458159184,0.515545869908396,-5.058509820434209,4.320558119089297e-07,-0.2025169918925905,0.0952186309779559,-2.1268630919454754,0.033462346146375235,7.655767501910341e-16,4.1237524894141195e-16,1.8565050937375807,0.06341878082141944,-4.746484387787104e-16,7.652553788364368e-16,-0.6202484189009015,0.5351121302133469,-2.4997134471959943,0.18002297273730475,-13.885524770461688,2.4956919736075333e-43,-2.4743638670178054,0.16552255693844428,-14.94880161824705,7.578562110017153e-50,0.0,0.0,,,0.0,0.0,,,-3.1895188944421418,0.23799403943072348,-13.401675529653604,1.6332910157061607e-40,-2.0382232662282047,0.1361609841525309,-14.969216614540159,5.623914910859345e-50,0.5917570247527579,3.3813140898146483,0.17500800252046267,0.8610778281815892,0.0,0.0,,
1.89,0.08465683641254196,0.08361456813416546,7914,-1.2690047241901423,0.07847205780284466,-16.171421518961875,6.770020329337029e-58,-1.3246452710226289,0.4828598445937493,-2.7433328446210097,0.006095610877551266,1.1618493152544055e-15,6.233362091620257e-16,1.8639207833222513,0.06236987839108887,2.2397130402909946,3.4033721384499547,0.6580864357992477,0.5105017574613425,-2.706883313515216,0.5189090404304932,-5.216489023335482,1.869739948977953e-07,-0.18977391481622619,0.09583979101734563,-1.9801161167169055,0.04772510715229199,8.179300202330347e-16,4.1506538450884204e-16,1.970605236572337,0.048803890767111634,-3.7494427682445113e-16,7.702475327497954e-16,-0.48678413222031935,0.6264248141451056,-2.543402833954565,0.1811973550581601,-14.03664437120615,3.150869846761197e-44,-2.474031317422482,0.16660234559883338,-14.849918880372632,3.1968828124123185e-49,0.0,0.0,,,0.0,0.0,,,-3.2439019045246047,0.239546596796745,-13.541840910714551,2.5529109284341455e-41,-2.0772663871222563,0.13704923219192047,-15.157081538503638,3.549230656018469e-51,0.2513284491190554,3.4033721384512075,0.07384689034723922,0.9411340844383229,0.0,0.0,,
1.944,0.08080010394081227,0.07962248129817417,7035,-1.3515797437378296,0.08534711380167921,-15.836267725215533,1.5845543801081222e-55,-0.9902379890354238,0.5386568218560361,-1.8383466965541917,0.06605352757941849,9.540524771056995e-16,8.959422626615776e-16,1.0648593295191744,0.28697619022312676,2.1956880656583526,3.4478543892606974,0.6368273766135352,0.5242580420627434,-2.133873995080311,0.5450232727836083,-3.915197940414422,9.118468707299633e-05,-0.10217074557382431,0.10367163497471883,-0.985522661032012,0.3244013467723744,-1.2696920826105969e-15,1.986842583205174e-15,-0.6390501659987224,0.5228111326876355,-2.2724634529294336e-16,1.3074282312094949e-15,-0.17381171667275302,0.8620184440571786,-2.4936504124611565,0.1963374183224039,-12.700841407450696,1.4728803657373987e-36,-2.440235957821392,0.1784108836012534,-13.677618251559673,4.7589630107760075e-42,0.0,0.0,,,0.0,0.0,,,-3.1980480322815383,0.2593958936274133,-12.328830605449356,1.440313406622112e-34,-1.9495559974063925,0.1471387369091401,-13.249780706016706,1.3475087938000974e-39,0.13391167010574037,3.447854389260149,0.03883913152564298,0.9690197495400115,0.0,0.0,,
1.998,0.08684507103546468,0.08552823168909696,6251,-1.351327739705386,0.09208352931262721,-14.675021144308827,5.827002564536712e-48,-1.3610398574033369,0.5684266601938285,-2.3943983502449275,0.016676981997097308,-4.32969942216524e-16,2.0227374851920654e-15,-0.21405147498683552,0.8305139087175959,1.7131537359641587,3.4589593896162807,0.49528009525263816,0.6204198564540452,-2.475365757038487,0.5758579406359775,-4.298570154827931,1.7451896980160642e-05,-0.10917271188019662,0.11115814882349437,-0.9821386289326356,0.3260696282127812,1.7438424647265732e-15,2.8838358484442924e-15,0.6046954668613689,0.5454033439182827,-1.3949445463251845e-16,1.6993829022496552e-16,-0.8208535842502281,0.4117610244793142,-2.470324059294257,0.21196781373986207,-11.654241347820697,4.571827737361831e-31,-2.536123227187101,0.18898100391073236,-13.419990235553367,1.6758085003233744e-40,0.0,0.0,,,0.0,0.0,,,-3.4784465413197396,0.2771261862917653,-12.551850793549857,1.0453932795381266e-35,-2.044518355970864,0.1570980932411349,-13.014278619108808,3.1802119872467916e-38,-0.2963104795521138,3.458959389616582,-0.08566463094120316,0.9317357670539849,0.0,0.0,,
2.052,0.09242431826211528,0.09095283904474172,5561,-1.3625447109763305,0.1003745528690153,-13.57460304460231,2.5708247214189246e-41,-0.6037504379813292,0.6597815399201097,-0.9150762812406588,0.36019133342453946,4.653533350676535e-16,1.0782538202211116e-15,0.43158051132360103,0.6660630860886845,2.609479132765205,3.513109350414852,0.7427833501559125,0.45764428884416186,-2.8137298419895354,0.6597815399202015,-4.264638629219373,2.035508236043236e-05,-0.11044263885199082,0.12053461940050371,-0.9162731786211562,0.35956343550332603,-1.931753359273965e-15,1.7253922633075366e-15,-1.119602423376374,0.2629316636615014,2.1491110514036444e-16,5.254549388854693e-16,0.40900006686816487,0.682555390797799,-2.6210764248656124,0.23096480899456143,-11.348380024973117,1.5946564981111857e-29,-2.6491951571833705,0.20301752921728672,-13.049095649016472,2.3473482335330485e-38,0.0,0.0,,,0.0,0.0,,,-3.6175910506534352,0.29359437560865265,-12.321731447183826,1.9440280166223754e-34,-2.124521636277771,0.16917211541429944,-12.558344092788909,1.0892085751287877e-35,-0.4522452331409751,3.5131093504154647,-0.12873075900341446,0.8975753593338269,0.0,0.0,,
2.106,0.0918739158229337,0.0901970313835424,4884,-1.3587034472549608,0.10941164077579901,-12.418271379725942,6.977035187155191e-35,-0.9235469394105928,0.7201247789000599,-1.2824818232490849,0.19973466651007704,-1.8727250087606487e-15,3.675397060942015e-15,-0.5095299848448657,0.6104038544652342,3.1645059038300554,3.5605042702331238,0.8887802579781373,0.3741650483626222,-3.1093548476645383,0.7346348730976029,-4.232517351856549,2.3533907055089746e-05,-0.12222740074648022,0.1310021792556012,-0.9330180722261092,0.35085685370538966,2.891777424161832e-15,2.2937118580059127e-15,1.2607413673467514,0.20746239197590455,-7.37807774709584e-16,7.933725057379759e-16,-0.9299638812455355,0.35243584138395356,-2.6547799336249005,0.24945884565156015,-10.642155930333502,3.667659194201663e-26,-2.650308209156842,0.21968371600483974,-12.064199647362367,4.807198167802354e-33,0.0,0.0,,,0.0,0.0,,,-3.688866225427379,0.32107257122791294,-11.489197633169487,3.644893263492565e-30,-2.1499001883582727,0.18236499322166327,-11.788996069794411,1.192688089230288e-31,-0.15795334191690835,3.560504270233118,-0.04436263234886294,0.964617164675754,0.0,0.0,,
2.16,0.09086971512359965,0.08897963137125786,4339,-1.3251480614684918,0.12004080120867179,-11.039147091037265,5.820571065525441e-28,-1.1351686291329615,0.7480510222653965,-1.5175016079721655,0.1292131070662964,7.228698926684971e-16,2.0343225113395357e-15,0.35533691862482053,0.7223545124293085,3.2926395383471174,3.6191853648206385,0.9097736662930764,0.3629925344635917,-2.621631411659318,0.7984120723879274,-3.283556827764919,0.0010332038880054256,-0.15183049959282116,0.14266887122844352,-1.0642160289451503,0.2872902034385764,-1.2738288472044963e-15,2.6614206351820147e-15,-0.47862740311148866,0.6322278919369042,1.5869457287140816e-15,2.0704662719410094e-15,0.766467800137773,0.4434397972160148,-2.8414481317978404,0.2684193915761381,-10.585852665536104,7.161185380713457e-26,-2.753505685123237,0.2388074310078759,-11.530234522025514,2.5640990501873745e-30,0.0,0.0,,,0.0,0.0,,,-3.439344591600576,0.34754069267992477,-9.8962356467653,7.54305897745247e-23,-2.240884469235892,0.19820316674182473,-11.305997306061315,3.137111388529964e-29,-0.2984025890738169,3.6191853648209706,-0.08245020881614278,0.9342925229336205,0.0,0.0,,
2.214,0.09377484744969045,0.09162115683100747,3797,-1.3645696778815917,0.1334239316244773,-10.227323249041886,3.0819601173718528e-24,-1.5270076985065768,0.8364307857402891,-1.8256234999230543,0.06798570887523743,3.3336184552284875e-15,9.114003398550887e-16,3.657688404810698,0.0002579620555007312,2.820949731794665,3.6951444114690353,0.7634206996183873,0.44526009422507007,-2.507576384315643,0.8167919573146715,-3.0700306998120843,0.002155538811032737,-0.10953290587684403,0.1575325304224076,-0.6953034118295603,0.48690783749049105,8.430844538998533e-16,1.374126518092064e-15,0.6135420885919969,0.5395548108199317,1.0039559914186689e-15,1.335262250769501e-15,0.7518792588048505,0.4521703979954821,-2.8783537530470675,0.29803404288445506,-9.657801924872649,8.113004170990336e-22,-2.775710832079686,0.2595928651272387,-10.692554399440752,2.6082951849256185e-26,0.0,0.0,,,0.0,0.0,,,-3.572500922432705,0.3780284725316935,-9.450348801790824,5.737382551577467e-21,-2.334323854094756,0.21665483589093074,-10.774390723823544,1.1040331932165262e-26,-0.4526208898958862,3.695144411469032,-0.12249071741040383,0.9025168966159873,0.0,0.0,,
2.268,0.08875018307786098,0.0863194633528167,3384,-1.4172922982815503,0.14548005246004794,-9.742176156217502,3.889730332286109e-22,-1.604450475908701,0.895487202672277,-1.791706761549204,0.07326953422749072,-2.4275882413222275e-15,3.617142406714018e-15,-0.6711342735127652,0.5021809365530208,2.334118404838599,3.751580515784076,0.6221693483635046,0.5338725595083685,-2.2457125400969526,0.8507784915601044,-2.639597218753033,0.008338660401031487,-0.12520857700561375,0.1706916124488876,-0.7335367872461019,0.4632820637677144,-1.173250426943768e-16,1.58272643845689e-15,-0.0741284405464062,0.9409125795346783,-7.705857782093955e-16,1.39834130646657e-15,-0.5510713118791917,0.5816212784621115,-2.966936579160768,0.31782405042991413,-9.335154388560126,1.775866759415123e-20,-2.7695144374355882,0.28191567060901795,-9.82391092858602,1.7732668350996026e-22,0.0,0.0,,,0.0,0.0,,,-3.4130350047120555,0.4170330103947328,-8.184088356654375,3.846472470604507e-16,-2.3161250296052107,0.23581463802901337,-9.821803468028339,1.8096864553611048e-22,-0.5957587835545616,3.751580515784411,-0.15880207849677339,0.8738343153778364,0.0,0.0,,
2.322,0.08551858420045877,0.08272769483382736,2959,-1.3554688909004453,0.16088327384257645,-8.425169742796044,5.550005294439823e-17,-1.8470720913169607,0.9140347535678783,-2.020789783000076,0.04339173657616451,-4.371009146318849e-15,6.521811176004717e-16,-6.7021399858996595,2.4511417795068568e-11,1.7484244422970536,3.8207660593786774,0.4576109646926087,0.6472656762785183,-2.5698868685542533,0.9986865130337614,-2.57326682098427,0.010122799426837147,-0.20528182314742094,0.18744526166718034,-1.095156107556938,0.2735376849846282,-1.3123452002994983e-15,1.405057312661273e-15,-0.9340154230533332,0.3503724059616832,4.639491502979136e-16,1.4039284668496767e-15,0.3304649497840763,0.741072147593334,-3.1540011645658304,0.3594907072534612,-8.773526271826775,2.8735784367917222e-18,-2.825586728380992,0.31084254419469165,-9.090090083071857,1.7708827843390227e-19,0.0,0.0,,,0.0,0.0,,,-3.4031410725523887,0.4612035150821143,-7.378827266627578,2.0655538174702096e-13,-2.3640718768905704,0.2573909541816535,-9.18475120622199,7.561576525971072e-20,-0.8965120627187572,3.8207660593788964,-0.23464196676424992,0.8145029236327667,0.0,0.0,,
2.376,0.08570908199322591,0.08252463220140671,2594,-1.2418674446162066,0.17721149098314404,-7.007826849864551,3.0762681584050908e-12,-2.145328674558381,0.9274256148811453,-2.3132083480714694,0.02078934098994604,-1.1714543161155132e-15,4.162173157905442e-15,-0.2814525661649867,0.7783858408565552,1.1873919882173027,3.86629827708113,0.30711339455002595,0.7587818099094544,-2.998801036355867,1.0473269795850808,-2.863290161343787,0.004226452453764881,-0.3734226669298329,0.20523168976524891,-1.819517577217079,0.06894817055665062,1.25314604405124e-16,1.1403555522790768e-15,0.10989081795995502,0.91250449797832,7.861014353290507e-16,1.735352690391488e-15,0.4529923165945648,0.6505923066239664,-3.247105677385421,0.39999689987002535,-8.117827109261428,7.264207029325534e-16,-2.840319121446061,0.3340689693342894,-8.502193804788458,3.098220670951205e-17,0.0,0.0,,,0.0,0.0,,,-3.484574596640715,0.4855352091402325,-7.17677015187234,9.285791808090639e-13,-2.626186008182939,0.2798432998256247,-9.384487710870197,1.3390170978179108e-20,-1.5289339531173236,3.866298277080861,-0.39545162932222133,0.6925422565191239,0.0,0.0,,
2.43,0.08813450453210059,0.08447973300717915,2005,-1.2351406863978758,0.2086740470934987,-5.918995215751278,3.803289098420998e-09,-1.2231452913178165,1.1072286263292843,-1.104690812928873,0.2694267318016349,1.9152937101735842e-15,1.0597890949703128e-15,1.8072404398794424,0.0708753069601232,0.308385834375122,3.9261787666067702,0.07854605016919462,0.9374015737467132,-2.774761845514315,1.1072286263293245,-2.5060423651736525,0.012288103797001348,-0.43071452219231204,0.2406461955537908,-1.7898247724262732,0.0736336262792878,-1.0099507513303529e-16,9.94066749451936e-16,-0.10159788081506342,0.9190860661929069,2.391259442343478e-16,2.877690393711487e-16,0.830964806905222,0.40609289802535553,-3.2203298433421526,0.4569770545162016,-7.047027441567046,2.5071696742623556e-12,-2.6580734748707573,0.3752756151911783,-7.08299012051887,1.9474025893381975e-12,0.0,0.0,,,0.0,0.0,,,-4.349017379313157,0.603142603889602,-7.210595556120245,7.87030643390112e-13,-2.769514137945991,0.32185265990192335,-8.6049130020859,1.5200662451363444e-17,0.0,0.0,,,0.0,0.0,,
2.484,0.08737731400745186,0.0837195076507683,2005,-1.2263250286929945,0.20935290555561628,-5.857692901077083,5.476010452830383e-09,-1.4035350516120828,1.1108306627729714,-1.2635004583942904,0.20655693665674887,1.701486274526672e-15,1.0632368011187356e-15,1.600289110324597,0.1096927153032583,-0.33727232795550033,3.938951412350795,-0.08562490181980024,0.9317731899818367,-2.644544264394197,1.1108306627730116,-2.380690732638325,0.01737355289568995,-0.45797332278056263,0.2414290658172639,-1.8969270383011783,0.05798179911092662,-2.2959853764977475e-16,9.973006476495053e-16,-0.2302199825006688,0.8179444264812691,1.8054694463992306e-16,2.8870520968189666e-16,0.6253678097421749,0.5318011746188991,-3.2877690612695925,0.45846369238407636,-7.171274663371326,1.0421254330188467e-12,-2.642310350537844,0.37649646191623726,-7.018154532155215,3.068384888545031e-12,0.0,0.0,,,0.0,0.0,,,-4.362388315154842,0.6051047475592007,-7.209311004006039,7.942998487537703e-13,-2.7817007184656117,0.3228997110554938,-8.614751339890628,1.399350040298395e-17,0.0,0.0,,,0.0,0.0,,
2.538,0.09834368398269311,0.0942241805400097,1760,-1.0860415084482322,0.2352605870871055,-4.616334261063984,4.1900833646797364e-06,-0.8105589070495985,1.3400448914652097,-0.604874442798204,0.5453408008614979,5.721184630080799e-17,4.205543806735041e-16,0.13603911629498447,0.8918059957116922,-0.735747820571216,3.9646818850427876,-0.1855754993476042,0.8527991620843736,-2.8473489648920074,1.1664592231688293,-2.4410188614710724,0.014744363748730654,-0.6098987577069266,0.26754251941971796,-2.2796330057358984,0.02274927679802362,4.681911990308994e-16,1.7684295400624504e-16,2.6474970499212858,0.008181754882987067,-1.2499291891771962e-16,5.480433201863141e-16,-0.22807123873935137,0.8196174883256203,-3.7035000248479393,0.49402698629015784,-7.4965540904131,1.0349106965736206e-13,-2.8603499605228446,0.40893599781165707,-6.994615235218864,3.771421217173531e-12,0.0,0.0,,,0.0,0.0,,,-4.569426953443851,0.6413523856692015,-7.124674446600847,1.5180900567906204e-12,-3.1134658497478886,0.3543822844099371,-8.785613690966391,3.6307273237334626e-18,0.0,0.0,,,0.0,0.0,,
2.592,0.0960129162845943,0.09126134160015065,1531,-1.1145686126000178,0.2587614070153473,-4.3073216576454625,1.7581763426746207e-05,-1.1151413517692002,1.4551734792380353,-0.7663288038709417,0.4435995199148679,2.084990744377979e-15,5.147350279970484e-16,4.050609791393359,5.3658154631396656e-05,-0.9547445223759518,4.058514084871302,-0.23524484636751664,0.8140503464790257,-2.5257698110299627,1.3066810540044658,-1.932965816937092,0.053425713956982895,-0.5534529919151994,0.2938117216133818,-1.883699495976787,0.059796130374754716,7.314995408035109e-16,5.777537534539975e-16,1.2661095430888536,0.20566761843941941,4.642482290798482e-17,5.006601693600513e-16,0.09272721448427879,0.9261324797174914,-3.9064352365661197,0.5758015729635443,-6.784342766659041,1.664618365540921e-11,-2.8182840153359834,0.44518995794072097,-6.330520185972502,3.2075144960175136e-10,0.0,0.0,,,0.0,0.0,,,-4.706038472343848,0.7229385996426416,-6.509596353922873,1.0203940158606173e-10,-3.0907771222879026,0.38759442842360187,-7.974255808728997,2.9855948504218836e-15,0.0,0.0,,,0.0,0.0,,
2.646,0.08105098831617152,0.07555652486813658,1347,-1.0833021642100478,0.2897777805253936,-3.7383893349100883,0.0001930159525998549,-1.2280116746975889,1.474026396975706,-0.8331001922469834,0.40493690978694075,-3.371928478874949e-16,1.7429599742378728e-15,-0.19345989171950775,0.8466281776270077,-1.2353911600207041,4.0980766729339795,-0.3014563314981214,0.7631133876848675,-2.947941541178621,1.3930781948993232,-2.1161350109221018,0.03451759690554499,-0.5827605957217727,0.32551243900697857,-1.790286716844265,0.07363386065062492,8.1157368826631e-16,1.2948442837428994e-15,0.6267731946272033,0.530914840759563,-4.0825659478360236e-17,4.859140562898485e-16,-0.08401827226419575,0.9330544723388955,-3.5635325217880784,0.6466655914685617,-5.510626464128674,4.284229436208652e-08,-2.8342481939410775,0.4815076118541305,-5.886196031309457,4.989394299150163e-09,0.0,0.0,,,0.0,0.0,,,-4.157770769511021,0.812518964354998,-5.117136893920482,3.5540497839861447e-07,-2.9313801809646356,0.42172151273822905,-6.9509856443681155,5.652286510146845e-12,0.0,0.0,,,0.0,0.0,,
2.7,0.0813244113675109,0.07387820598852413,996,-1.1449459076799755,0.3675596564962217,-3.1149934097616203,0.0018925759299993614,-1.2723634512721465,1.6437767554240628,-0.7740488159804286,0.43908728846641987,-1.4148922155209511e-15,1.2415646486301525e-15,-1.1396041415016407,0.2547277448601164,-0.6224755689390533,4.2548106356456925,-0.1462992415512257,0.8837150389383484,-3.6431735781833354,1.5430940611637296,-2.360953664377286,0.01842157871939405,-0.5039409792343919,0.4079261980334446,-1.2353729220232021,0.21698571555119203,3.037133266352657e-16,6.297375195018789e-16,0.4822855828496646,0.6297100210049569,1.0555423380705524e-16,4.839147555998793e-16,0.21812567727182894,0.8273762801919415,-3.7909295163372354,0.8146041420614276,-4.65370763613349,3.704487624862992e-06,-2.78432922098692,0.5785741337465028,-4.812398374875931,1.7242979694731241e-06,0.0,0.0,,,0.0,0.0,,,-3.868549966264979,1.0166197781322512,-3.8053066146050547,0.00015034409565146064,-3.07971114313756,0.5238218710482008,-5.879309958889007,5.632576475501331e-09,0.0,0.0,,,0.0,0.0,,
2.754,0.08266865580715432,0.07523334602646248,996,-1.1737685194360874,0.3634834969869603,-3.2292209389583246,0.0012822410238419383,-1.132783223415435,1.6255476159243816,-0.6968625294751936,0.4860529199141578,-1.4923630787094124e-15,1.227795957046536e-15,-1.2154813429254914,0.22447321406572734,-0.29822021377196817,4.207625677976727,-0.07087612743996988,0.943510701094801,-3.84792150991147,1.525981471629133,-2.521604345433789,0.011838570448192972,-0.4714414356323495,0.4034023820438409,-1.168662994114681,0.2428216216952647,3.5530777844519105e-16,6.227538624734514e-16,0.57054287392772,0.5684394125742176,5.277799544152531e-17,4.785482424424958e-16,0.11028772182329626,0.9122036148565146,-3.724563947551399,0.8055703529573682,-4.623511694388917,4.27377144376837e-06,-2.807685656149543,0.5721578679365805,-4.907187008150615,1.0803264041147773e-06,0.0,0.0,,,0.0,0.0,,,-3.7892516454353933,1.0053456779890557,-3.7691032332429675,0.00017355232428742894,-3.0217128373594333,0.5180127963494541,-5.833278364268381,7.361640242728581e-09,0.0,0.0,,,0.0,0.0,,
2.808,0.07799317987645471,0.06922260370405464,850,-1.3806697850189822,0.41747383062141447,-3.3072007961884458,0.000982312329951601,-1.0324144736916152,1.654918380288126,-0.6238461582086416,0.5328977917255484,-1.1749573703149737e-16,3.77383867731229e-15,-0.031134276549197187,0.9751698411846113,0.12061602232523069,4.257414417505828,0.02833081548962589,0.9774050245418877,-4.771234734399288,1.7793725260446487,-2.681414186497092,0.007474824542767946,-0.29545614454643054,0.4593414962089429,-0.6432167504675759,0.5202588034542097,-1.146870880999304e-16,8.438231783662129e-16,-0.13591364996868702,0.89192206967814,-7.459473135705866e-16,6.761426973900106e-16,-1.1032394736348259,0.2702387653074678,-3.4766486991506844,0.8906708185115004,-3.9034047449324776,0.00010243809753474429,-2.7396223733120464,0.6382930958247304,-4.292107170252586,1.9757768473976633e-05,0.0,0.0,,,0.0,0.0,,,-3.372897415530687,1.0823947808678707,-3.1161434581440584,0.0018945611260907933,-2.666053468465997,0.5691032495190649,-4.684656906666783,3.2691921782927526e-06,0.0,0.0,,,0.0,0.0,,
2.862,0.06533999649854849,0.05489686796780591,725,-1.5168560477955342,0.4659688764947384,-3.255273311827431,0.0011861344084780566,-1.2603311425338397,1.804689698515107,-0.6983644576521029,0.4851760483046271,-2.716372218171612e-15,1.7633286582169687e-15,-1.5404798223595684,0.12388524749362949,0.5202648063069037,4.296020772557982,0.1211038851651367,0.9036427290546148,-2.6899572650882417,2.1855877618980593,-1.2307706475955769,0.2188128136505861,-0.12843703816938182,0.5098438656091703,-0.25191445231163667,0.801179479013195,-5.683123764550091e-16,9.105030702794673e-16,-0.6241740363166187,0.5327121138139685,-2.262976991506277e-16,4.8328357231337985e-16,-0.4682503443421153,0.639748081327171,-2.8985895379172595,1.0228183289623138,-2.8339241249792457,0.0047274771963091156,-2.294543281105483,0.7254356975117042,-3.1629864493516497,0.0016275634080470973,0.0,0.0,,,0.0,0.0,,,-2.9571883453660672,1.1357771731555086,-2.6036694655080677,0.009414275549219841,-2.597156656727203,0.6238508593068381,-4.163105040222127,3.5218997140609815e-05,0.0,0.0,,,0.0,0.0,,
2.916,0.07324615691934377,0.060930491230564154,611,-1.5726985017964052,0.5165461941789935,-3.0446425112009132,0.002431317012794239,2.2958270981557694,2.5305492086302888,0.9072445974676115,0.36464047282353906,-4.1468824004990695e-16,1.4246844707717098e-15,-0.29107374198111563,0.7710951780768796,1.1161000664385736,4.321735525278736,0.25825274589577973,0.7963001183120622,-2.681027389039609,2.206686308847387,-1.214956280052321,0.224859073113464,-0.1257971671107244,0.5641331103515592,-0.22299199391492816,0.823617378542854,-2.0030267861491302e-16,5.198325019318618e-16,-0.3853215754507942,0.7001352869203381,-2.4828207307043076e-17,5.057683602415484e-17,-0.49090076127311416,0.6236755358057425,-4.003440280557394,1.1356187117531225,-3.5253384248812205,0.0004550822205016117,-2.341376089255364,0.787952756993829,-2.971467601925912,0.00308208888586666,0.0,0.0,,,0.0,0.0,,,-3.1544223576876127,1.2577206585675482,-2.508046867322883,0.012402012257644637,-2.405604904069836,0.6833263852372484,-3.5204332161630476,0.0004634082821665228,0.0,0.0,,,0.0,0.0,,
2.9699999999999998,0.06891316703134287,0.05433646514533652,520,-1.9675859545352479,0.5742661538349217,-3.4262613970818294,0.0006612496414377431,2.5334297797483663,2.5250302767518424,1.0033264959528836,0.31617821957591086,6.950320774975257e-16,8.16310656511421e-16,0.8514308516659693,0.394928878417265,2.1086002743741803,4.297414392941431,0.490667196963269,0.6238724819414325,-1.8140989081386107,2.525030276751886,-0.7184463983822826,0.472810447947684,0.1762373117496619,0.623899375972948,0.2824771406043263,0.777692050477202,7.17996429899743e-16,8.103944559557574e-16,0.8859838867640788,0.37604295231847185,-6.660786718198475e-17,6.147837814539682e-17,-1.083435659679516,0.27912603631535854,-3.6527663286992604,1.156480722977783,-3.158518993117219,0.0016795339077438688,-2.148582544579287,0.8509322657286974,-2.5249748201043296,0.011872146273082735,0.0,0.0,,,0.0,0.0,,,-2.6479669009929654,1.406659053446178,-1.882451113157594,0.060342714271704324,-1.8357816870221746,0.7498799464048145,-2.4481007870973897,0.01469640341512492,0.0,0.0,,,0.0,0.0,,
3.024,0.07659234653425029,0.05921055541018916,434,-1.9041003871958593,0.6358905325750015,-2.994383922473757,0.0029106510974976226,2.5814448943407666,2.543562130300016,1.0148935870641707,0.31073397022994,1.7474544746299054e-14,2.7117480945356152e-14,0.6444014759892938,0.519662766175129,2.5864736982221674,4.312819425068974,0.5997175961478616,0.5490140503443616,-0.027002149888418914,3.0825937262855576,-0.008759555194759894,0.9930150857167724,0.3990769078111129,0.6893174438405368,0.5789450294303495,0.5629329651387286,-6.317074860678911e-15,1.204229179237005e-14,-0.5245741400055914,0.6001527646852707,-2.1049949915265794e-15,2.8251650124319022e-15,-0.7450874487910353,0.45663068648764527,-3.0903457967947316,1.3054022203272015,-2.367351417573145,0.018362994675959008,-2.284235446036426,0.9269617764580975,-2.464217515812188,0.014126103766197499,0.0,0.0,,,0.0,0.0,,,-2.794317014370266,1.5576073370754222,-1.7939803876482123,0.07352698360170876,-1.8879159469699183,0.8325761426373495,-2.2675595063168292,0.023857427090567738,0.0,0.0,,,0.0,0.0,,
3.078,0.09704942572569197,0.0770394407002225,370,-1.634021604117036,0.6902504686676716,-2.3672879313954556,0.018445747969290285,-1.4068676065402508,3.048063538571821,-0.46156111535635597,0.6446740790068101,2.291134866519996e-15,2.1332124498331683e-15,1.0740303276868548,0.28352645442816016,2.7223869446393074,4.25498965461086,0.6398104732614874,0.522701649166174,0.19808082612873415,4.2549896546109505,0.04655259876227488,0.9628955533282509,0.24198407923294923,0.7483268412920058,0.3233668310161873,0.7466046826283244,-1.3368050830320887e-16,2.370361479442313e-15,-0.05639667597646776,0.9550570055758548,-3.761451385786227e-16,6.008807183937881e-16,-0.6259896965642279,0.5317172786053296,-3.4077428890601125,1.3536925419242387,-2.5173684448435347,0.012255809854173263,-2.778772712934024,0.9697181930876326,-2.865546643078097,0.004406680220096993,0.0,0.0,,,0.0,0.0,,,-3.082352381899793,1.637072727741406,-1.8828438893807562,0.060525410823820125,-2.347859013706482,0.8804735639455349,-2.666586607308653,0.008007349050370111,0.0,0.0,,,0.0,0.0,,
3.132,0.09561860337088424,0.07552123900134844,323,-1.0660322635126684,0.7653193818479845,-1.3929246910467172,0.16462482588321292,-1.8075200859239504,3.1087420249726128,-0.5814313543562285,0.5613655891266055,9.640032959048655e-16,1.3958382170134568e-15,0.6906268105822839,0.4903086662740346,2.6373883959375415,4.329300197425671,0.6091950836548156,0.5428342509392652,2.3777752314413386e-16,3.8412337437544167e-16,0.6190134186203686,0.5363549244112134,-0.3197144735274656,0.8266394108704315,-0.38676413115945435,0.6991919776492355,4.303293562893729e-17,8.048678795632468e-16,0.05346583796124237,0.9573946406115477,7.854354336340969e-16,1.0278129998351025e-15,0.7641812603655611,0.4453312711600016,-3.550607259194657,1.495446961515081,-2.37427829309134,0.018182275471472855,-3.668558491108436,1.0738360943747955,-3.416311400153046,0.0007180082822885249,0.0,0.0,,,0.0,0.0,,,-3.620329372975347,1.6897794417118026,-2.1424863408847212,0.03292057243406078,-2.5730078793254276,0.9668967187632829,-2.661098987507636,0.008187773210447368,0.0,0.0,,,0.0,0.0,,
3.186,0.0989919133259255,0.07554560623775253,277,-0.3865531723660394,0.7688088142061058,-0.5027949279759564,0.6155198509731472,-2.179491087115496,2.9275367453909933,-0.7444794981811269,0.4572363093474856,6.288158558198341e-15,9.36595048480917e-15,0.6713849884640365,0.5025514294818144,1.6844214273899552,4.068153856287637,0.4140505710683866,0.6791670149368494,-1.209599416502079e-15,1.621185048130448e-15,-0.7461205109786758,0.45624614887488146,-1.1435269950656288,0.8311495339805991,-1.375837858669029,0.17001626402073824,-6.847677339612032e-16,9.72407415970737e-16,-0.7041983871313978,0.481918398524945,0.0,0.0,,,-4.0831107665045785,1.4788332811252496,-2.761035215137791,0.006158377282221739,-4.115064703048425,1.1087918402595118,-3.7113050021050817,0.0002505663383927562,0.0,0.0,,,0.0,0.0,,,-4.956767562361126,1.9449495504836103,-2.5485327170201555,0.011373834809349307,-2.9931004182735927,0.964684464643737,-3.1026729754365436,0.0021220879991654365,0.0,0.0,,,0.0,0.0,,
3.2399999999999998,0.0993781526921872,0.071233719963818,232,-0.4588413291156857,0.8205546599555651,-0.55918435603124,0.5765945468671332,-1.5270171906881376,4.184024223082915,-0.3649637548137772,0.7154828067292907,1.789035496647505e-15,7.450871114897118e-15,0.24011091710747007,0.8104638617321778,1.428715480511013,4.18402422308293,0.3414692182298809,0.7330704809798405,-1.0853656158876067e-15,2.499811333787278e-15,-0.43417901231900174,0.6645763643893665,-0.8600180612369019,0.8959869600961018,-0.9598555554253357,0.33816283037546435,-1.1856250004123867e-18,2.327419746365822e-18,-0.5094160613974748,0.6109620964717225,2.320386788467514e-16,4.554993382230677e-16,0.5094160613974749,0.6109620964717225,-2.8774540128744865,1.7544196598140127,-1.6401172870916914,0.10238428987901782,-4.382646197363227,1.2144420176486357,-3.6087735220564654,0.0003794763079760947,0.0,0.0,,,0.0,0.0,,,-4.296827083635566,2.209411038561452,-1.9447839304872991,0.053052705982616785,-2.864627982562892,1.0318765542524706,-2.776134384251161,0.005966282841973669,0.0,0.0,,,0.0,0.0,,
3.294,0.1367424567782044,0.10510474577007567,199,-1.3463747331180587,0.8983397347519776,-1.4987367039817947,0.13559290127264698,-0.6439943138205182,4.017497427589121,-0.16029738050310982,0.8728162250213259,-1.001784331726995e-15,6.847377836236936e-16,-1.4630189186077374,0.14510582613507525,2.060349773828107,4.017497427589088,0.5128440804166311,0.6086530027029574,1.1853183648693643e-16,1.1730622702714399e-15,0.10104479488502247,0.919620891484157,0.33179162432795667,0.9691221039292975,0.3423630758009855,0.7324541191772334,-2.0600799856897894e-16,2.7171127297769014e-16,-0.7581871606258088,0.4492734383666379,-1.3911831211195061e-30,9.942650001734564e-31,-1.3992075763270402,0.1633726251557648,0.08595765337186503,2.1541430092839673,0.03990341077700184,0.9682118106876126,-3.617752064656003,1.287968433107549,-2.8088825561720197,0.005488308833805376,0.0,0.0,,,0.0,0.0,,,-3.5523225551753015,2.154143009283951,-1.6490653312549166,0.10077800206779287,-2.639109865810297,1.1103776302942534,-2.3767678614985472,0.018453467564480068,0.0,0.0,,,0.0,0.0,,
3.348,0.1458583335083724,0.11026909740455448,176,-1.2375602823268639,1.00827301306343,-1.2274059369761288,0.22138716464630318,-0.7673015029697533,4.157216132320306,-0.184570991391177,0.8537881541101036,6.775270348632686e-16,1.3167384397809324e-15,0.5145494461117044,0.6075441488143543,1.4514993673601848,4.157216132320307,0.3491517691552028,0.7274126047929295,1.6145419581141858e-15,5.1808609735864695e-15,0.3116358393605983,0.7557036889305183,0.3943710501699358,1.0852015045718488,0.36340813066374195,0.7167569043845781,1.8363009370703e-17,1.3992598927640007e-17,1.3123372909967417,0.1911964984322304,7.3452037482812e-17,5.597039571056003e-17,1.3123372909967417,0.1911964984322304,0.1853721964492161,2.254566997088362,0.08222075311517163,0.9345690482937217,-3.7057501633406384,1.4259133696490893,-2.5988606616772283,0.010185118392260299,0.0,0.0,,,0.0,0.0,,,-3.5571863809934205,2.2545669970883626,-1.5777692060547823,0.11649973663039588,-2.8526974413137403,1.2286246187422936,-2.3218625101570582,0.02144050127978996,0.0,0.0,,,0.0,0.0,,
3.402,0.18199753718919498,0.1407537155348686,126,-0.7681224498018292,1.4580432030739945,-0.5268173454547819,0.5993010936325445,7.115688291994309e-15,1.528877761653667e-14,0.46541904594765166,0.6424820284117818,-4.108946634426743e-15,5.529622424238642e-15,-0.7430790602294138,0.45889827683479556,0.3826022139388714,4.374129609221973,0.08746933632973095,0.9304454772695893,-1.5180161947527537e-15,2.9890282688069156e-15,-0.5078627762054178,0.6124896370665163,0.1786760131400701,1.5369124828804142,0.11625646556348045,0.9076452528724536,0.0,0.0,,,0.0,0.0,,,-0.19990999282078398,2.525404907354623,-0.07915958040573814,0.9370386552541001,-4.630161706608233,1.8531405696740808,-2.4985485625748063,0.013834771689995407,0.0,0.0,,,0.0,0.0,,,-4.769767298190645,2.791940173805844,-1.7084059833877883,0.09016817895782384,-3.246699079162893,1.6751641042835062,-1.9381379238373526,0.054975001461031486,0.0,0.0,,,0.0,0.0,,
3.456,0.194584212158192,0.15397501277121006,126,-0.5089413907099744,1.4381035348959723,-0.353897600805765,0.7240418816363009,6.299470456952703e-15,1.5079693858333492e-14,0.41774524842037336,0.6768861789769594,-3.96325232715004e-15,5.4540013205178395e-15,-0.7266687509297747,0.4688559119700527,0.0027569265453818805,4.314310604687907,0.0006390190225029739,0.9994912066274855,-1.3701355520371667e-15,2.9481514060849588e-15,-0.4647439575895657,0.64296405109208,-0.07685081131730036,1.5158942271369045,-0.05069668446620435,0.9596522163991774,0.0,0.0,,,0.0,0.0,,,-0.30403646186555716,2.4908683889842247,-0.12206042808610339,0.9030570486262524,-4.914414755773077,1.827797693709481,-2.688708259500735,0.008202153119280206,0.0,0.0,,,0.0,0.0,,,-5.2305252287894435,2.7537586161392342,-1.8994131141830553,0.059930852902061786,-3.6143342013097657,1.6522551696835406,-2.187515746736641,0.030659786266990167,0.0,0.0,,,0.0,0.0,,
3.51,0.2557784666379219,0.21067413128264445,106,-0.32751474745119064,1.714226375012341,-0.19105688269954008,0.8488723024966597,4.06646082681712e-15,9.644196319346434e-15,0.421648491192545,0.6741957504103329,-3.9458100002330186e-15,6.132053480332793e-15,-0.6434728615607044,0.521405110917858,-0.49200676314707203,4.535416679150406,-0.10848104991297887,0.9138336774054384,4.2547916707817016e-15,7.591590350499892e-15,0.5604611780062042,0.5764310769255359,-0.059382012994676006,1.7978957898795873,-0.03302861785924371,0.9737182654544682,0.0,0.0,,,0.0,0.0,,,-0.6050791581134018,2.7104298850864734,-0.22324102956608946,0.8238079049262308,-6.55355380773814,2.16834390806918,-3.022377485116652,0.0031927817682007296,0.0,0.0,,,0.0,0.0,,,-5.506306823816795,2.9691271771959964,-1.854520367503044,0.06664121830981118,-4.184343554649789,1.9339081699321006,-2.16367230859607,0.032895573270144314,0.0,0.0,,,0.0,0.0,,
3.564,0.2821144359890039,0.2308368957025042,91,0.4802137257678836,1.9079109838791195,0.25169608531291354,0.801890749654638,3.4182141958506587e-15,6.198611432372519e-15,0.5514483740663088,0.5827903222841658,-1.6152856860410099e-15,5.593018646213988e-15,-0.2888039157771135,0.7734429531124843,-1.6359153710552927,4.6734083851552555,-0.35004759615095055,0.727179166676776,-5.518626037801374e-16,1.7364300975694597e-15,-0.3178144657551135,0.7514143962507114,-0.9272586739682592,1.9992496732464071,-0.46380333901096243,0.6439883070777128,4.1404875315098643e-16,2.734593095155013e-16,1.5141146735306727,0.1337505497469026,0.0,0.0,,,-0.818609066738892,3.115605590103505,-0.2627447676108761,0.7933906568030478,-8.171940989988032,2.3795830753794798,-3.4341902472494374,0.0009254264871768604,0.0,0.0,,,0.0,0.0,,,-6.0928048742658945,3.1156055901035065,-1.9555764354831189,0.05383949176868927,-4.869334489795916,2.1443068287144627,-2.270819840048329,0.025716413428389404,0.0,0.0,,,0.0,0.0,,
3.618,0.23094519379872125,0.16207461413890523,74,-0.3789313884075892,2.512852343054747,-0.1507973158291273,0.8805886967176286,1.1902306048827176e-15,2.834391752790367e-15,0.4199245230342538,0.6758841788742663,-1.4691117596935663e-16,3.211810460854917e-16,-0.45740923307862924,0.6488567346902381,-1.0088367889609462,5.025704686109499,-0.20073538975524394,0.8415136016138671,4.677601483562138e-16,3.093525009769952e-15,0.15120619580541178,0.880267411217996,-0.3121560995706901,2.5990321870811446,-0.12010474557502826,0.9047596071048428,0.0,0.0,,,0.0,0.0,,,-0.0011307077265786112,3.5537098637890328,-0.00031817671388992605,0.9997470771863135,-6.695733908245448,2.946580557993302,-2.272374291645166,0.02627824947563322,0.0,0.0,,,0.0,0.0,,,-5.319721487513033,3.553709863789032,-1.496948735663256,0.13910291819617476,-3.491271192063558,2.787759375554988,-1.2523574389803693,0.21479358556624234,0.0,0.0,,,0.0,0.0,,
3.672,0.2229186852359022,0.12371681526601741,54,-1.867457737523724,2.993918179147862,-0.6237504252889253,0.5358072228141735,-6.3689746767620965e-15,9.381217575437263e-15,-0.6789070422412876,0.5005263884071718,3.2517277522589443e-15,5.609107334071886e-15,0.5797228611595099,0.5648702936413916,0.5004482671793139,5.185618399988209,0.0965069599375943,0.923528292523554,1.4779884117995095e-15,2.4946625278153907e-15,0.5924602607847739,0.5563822378091505,1.8064978794807385,3.0889867849906714,0.5848189083418801,0.5614666404433657,0.0,0.0,,,0.0,0.0,,,1.6632825831510234,3.865131749249101,0.4303301131906197,0.668922423673634,-4.342554217173349,3.4570789333254632,-1.2561339503452187,0.2152756180962314,0.0,0.0,,,0.0,0.0,,,-2.66024084008093,4.234039693586276,-0.6282985122011642,0.5328498441740246,-1.150799306394806,3.309901084419166,-0.34768389660102267,0.7296298958436103,0.0,0.0,,,0.0,0.0,,
3.726,0.20385257947769386,0.10221673855995272,54,-1.493936384564708,3.1723876462873224,-0.47091861119591644,0.6398772654592326,-5.964500976998976e-15,9.940438235997922e-15,-0.6000239461676208,0.5513724389191257,3.123418844706805e-15,5.943469977651135e-15,0.5255210939824051,0.601691700631228,0.33111911849009085,5.494736584673499,0.06026114507721505,0.9522031618005294,1.4589878138965333e-15,2.6433710313185534e-15,0.5519421211061575,0.5836031010801481,1.5579762661275462,3.273123355374512,0.47599069664433163,0.6362862001580969,0.0,0.0,,,0.0,0.0,,,1.1241450335589098,4.095534840594982,0.2744806422878822,0.7849181694111627,-4.633485594330213,3.6631577231156567,-1.2648883680578338,0.21214723620757187,0.0,0.0,,,0.0,0.0,,,-2.8498617516200935,4.486433634484401,-0.6352176324898676,0.5283671117723396,-1.4374050550372943,3.507206504097917,-0.4098432907665376,0.6837830066642812,0.0,0.0,,,0.0,0.0,,
3.78,0.19225516844298907,0.0647165108287241,45,-1.5252990344242119,4.537866572918234,-0.3361269023481479,0.7386242146564242,1.1000262852118363e-15,8.319350577676353e-16,1.3222501864070748,0.1939887977667772,-1.671997367264758e-15,3.568756864839052e-15,-0.4685097445942605,0.6420966306475657,0.340585915206198,6.417512451660467,0.05307132908142233,0.9579531016928988,5.869771080883296e-17,3.195537625200864e-16,0.18368649564920506,0.8552360723528288,2.135660227547835,4.627734041078093,0.46149156554604076,0.647076926275052,0.0,0.0,,,0.0,0.0,,,1.0882364728568323,5.23987697484189,0.207683592206794,0.836585078298498,-3.923955144276979,4.970983769871954,-0.7893719484781289,0.4347925445294094,0.0,0.0,,,0.0,0.0,,,-2.3077527262463686,5.5577288122409305,-0.41523305728115584,0.6803065878124557,-0.34277733929522103,4.813134338745363,-0.0712170729447316,0.9435984965156283,0.0,0.0,,,0.0,0.0,,
3.834,0.2202573032140197,0.0865871266221373,42,-1.7010922712484002,4.475083152379286,-0.3801252878047581,0.7061495156574329,-4.4013838763210746e-16,2.7740043480071616e-15,-0.15866535607570403,0.8748445237096584,-3.6704549139779663e-16,2.0331658567132953e-15,-0.18052904547154963,0.8577785312340392,0.7540651325375888,6.328723286842126,0.11914964493792055,0.9058380719881655,-3.1290296085474183e-15,5.702379492968826e-15,-0.5487234955873401,0.5866788794554344,2.5960283607924413,4.5756593766080496,0.567356122281306,0.574093616913876,0.0,0.0,,,0.0,0.0,,,1.2769242903036555,5.167380925344283,0.24711247511108908,0.8062649892976086,-3.770681073845345,4.9022079785389225,-0.7691801511385848,0.4469463137434543,0.0,0.0,,,0.0,0.0,,,-2.100730862034706,5.4808351399274375,-0.38328663577764865,0.7038255169040419,0.0065549778653356035,4.746542465131595,0.0013810005732570372,0.99890596278185,0.0,0.0,,,0.0,0.0,,
3.888,0.25103442548131305,0.13023352636539576,37,-1.5862222460141588,4.46193668841658,-0.3555008411777949,0.7246220813193763,-5.834123243535936e-15,6.8964171585567165e-15,-0.8459643767774777,0.4040555473691556,2.2629295552638865e-15,2.777014985649616e-15,0.8148784097160817,0.4213583770818239,2.3214237791348407e-15,2.4839615568753996e-15,0.9345650993306769,0.35723565822283265,-2.8401448339355852e-15,2.54373929239081e-15,-1.1165235535070064,0.27277779278125636,2.6777280563240264,4.5778504506899305,0.5849313089553776,0.562827560998661,0.0,0.0,,,0.0,0.0,,,0.771651813211015,5.152200696328761,0.14977130331139102,0.8819152451830189,-4.0173076003893975,4.88780674881132,-0.8219039350044636,0.4174084717668616,0.0,0.0,,,0.0,0.0,,,-2.021573203608768,5.46473407561218,-0.36993075520921925,0.7139494607701466,-0.2278960619661064,4.770010962723303,-0.04777684239031509,0.9622005730752161,0.0,0.0,,,0.0,0.0,,
3.942,0.3225297247565775,0.16122727827004824,27,-1.2992052717571043,4.547754112604538,-0.285680632590982,0.777921650433572,3.4488381600446537e-16,1.3817746733849675e-15,0.24959483094272886,0.8053259308603706,-2.381486968549452e-15,6.6200759851372034e-15,-0.35973710481513377,0.7226361272021173,5.72616032996062e-16,1.673321266719198e-15,0.3422032842018217,0.7355990620892738,4.4422997413177167e-17,1.5717544422891682e-15,0.028263319140665304,0.977719012716197,2.7920745198102397,4.687717641401407,0.595614909727272,0.5577977746596017,0.0,0.0,,,0.0,0.0,,,0.9161913626141582,6.431495544383358,0.14245385949373324,0.8880794407023211,-4.19991744935993,5.25129412224091,-0.7997871289615899,0.4327885947859237,0.0,0.0,,,0.0,0.0,,,-2.6057461838441633,5.569838525762414,-0.4678315487588542,0.6447237874143839,-2.555406845538439,5.084543670368988,-0.5025833213766048,0.6204870803814716,0.0,0.0,,,0.0,0.0,,
3.996,0.33800460862790904,0.1803866583012207,27,-1.3591531029178716,4.4352980370591535,-0.3064400839721393,0.7622872150633441,3.383846985445443e-16,1.3476063887307458e-15,0.2511005449174627,0.8041770421453664,-2.7489261080050747e-15,6.456375893472746e-15,-0.42576921687353714,0.6746079084281911,6.913785785217363e-16,1.6319436684316546e-15,0.4236534580793289,0.6761262832984041,1.730383292665459e-16,1.5328883708340347e-15,0.11288384239773237,0.9111948027779488,2.7897730121794804,4.571800571972392,0.6102131902433139,0.548267930842701,0.0,0.0,,,0.0,0.0,,,0.9412713053753728,6.272458637175822,0.15006417097700955,0.8821459627775571,-4.147976633182354,5.121441031264637,-0.8099237319848814,0.42706687931799214,0.0,0.0,,,0.0,0.0,,,-2.9256129783986435,5.432108523981379,-0.538577785308008,0.5958417270375796,-2.611475483414211,4.9588139556678215,-0.5266330833866733,0.6039671546191383,0.0,0.0,,,0.0,0.0,,
4.05,0.3646047234005182,0.20575590425064771,26,-1.522904913277479,4.100082130393622,-0.3714327822821625,0.7142209753807959,2.8968418705696757e-16,7.493060571205583e-16,0.3866032902098366,0.703132463334293,-2.869663673814251e-15,5.8243786217944744e-15,-0.49269868258154476,0.6275910845068176,1.1750409243923423e-15,2.3314981050977644e-15,0.5039853653850902,0.6197783483166512,1.2734567746503254e-17,7.762124369168562e-16,0.016406034148441908,0.9870730285123684,2.517841156837806,4.234546615759233,0.5945952153336657,0.5587813948547136,0.0,0.0,,,0.0,0.0,,,1.314195883897422,5.798391755646237,0.22664834307163045,0.8229976574403021,-4.477720148418141,4.734367043364663,-0.9457906637580583,0.35554284104591394,0.0,0.0,,,0.0,0.0,,,-2.737253756386758,5.021554561483893,-0.5451008692371724,0.5917116949046715,-2.497986341545962,4.584031178446151,-0.5449322319820488,0.5918255199944662,0.0,0.0,,,0.0,0.0,,
4.104,0.3971609052410464,0.18186122854142006,20,-1.2760348104716606,4.337698320003752,-0.29417324957503194,0.7729419779172199,2.4308292509780343e-16,1.6586564110226665e-15,0.14655411662257853,0.8855733949091209,-4.037432566028959e-16,5.43525622764768e-16,-0.7428228581923387,0.46987061789566753,-4.359460726036368e-16,5.020205613955011e-16,-0.8683829032655704,0.39982645722991506,-6.352569268353325e-17,2.0278955691235838e-16,-0.3132591916998359,0.7587020450518529,1.9802719542944762,4.530578134735334,0.43709034374928823,0.6687124440069236,0.0,0.0,,,0.0,0.0,,,0.8074371152804528,6.134431793632292,0.13162378235562008,0.8971547358107118,-4.951642634863967,5.008742585435108,-0.9885999430800892,0.33963798397911116,0.0,0.0,,,0.0,0.0,,,-3.097909079804109,5.312573771068508,-0.5831277292891186,0.5690822415547558,-4.45673294936622,5.312573771068506,-0.8389027882562179,0.41561869883060976,0.0,0.0,,,0.0,0.0,,
4.158,0.620929831631773,0.38401097640163107,14,-1.0029608106424777,4.069605060387268,-0.24645163247045768,0.8115386112148032,1.9179221039327168e-15,1.6175911428836778e-15,1.1856655573135986,0.2697743718968704,-1.0450624952808503e-15,1.8815749898479563e-15,-0.5554189978711921,0.5937950283036694,7.405903213091368e-16,2.3833460283754675e-15,0.31073554259090813,0.7639435636861921,-7.043322339553271e-17,8.828757364630042e-17,-0.7977705183937188,0.44803401809003973,2.3857860735404115,4.350590810128752,0.5483820882409776,0.5983950145288026,0.0,0.0,,,0.0,0.0,,,0.5111822586175637,5.755290669901854,0.08881953804537922,0.9314085865775816,-7.995204666895627,4.9842279262985585,-1.6041009330071132,0.14735935167526087,0.0,0.0,,,0.0,0.0,,,-3.792344477432494,5.755290669901846,-0.6589318758937975,0.5284454520925211,-4.748593728212778,4.984227926298568,-0.9527240323737002,0.3686245488722615,0.0,0.0,,,0.0,0.0,,
4.212,0.6178341517665298,0.37898049662061095,14,-0.9436529915607537,4.000087235521423,-0.23590810299859513,0.8194313657192644,1.8511672057195703e-15,1.5899591205849763e-15,1.1642860383973208,0.27785192293996536,-1.0050574979746705e-15,1.8494335415562257e-15,-0.543440721383778,0.6016366923078507,6.796006492755489e-16,2.342633224715953e-15,0.2901011742279679,0.7791162557119387,-6.778159731133838e-17,8.677942728037521e-17,-0.7810791040639523,0.4572447453465952,2.3395206244808535,4.276273129293967,0.547093357637593,0.5992395439899489,0.0,0.0,,,0.0,0.0,,,0.4723407940982383,5.656977619149898,0.08349702365787674,0.9355078587313533,-7.835817518111294,4.8990863268238165,-1.5994446709803996,0.14838928274664503,0.0,0.0,,,0.0,0.0,,,-3.2678143245259266,5.656977619149891,-0.5776608189970179,0.5793841460084668,-4.711432964012574,4.899086326823826,-0.9616962530780895,0.3643647626235398,0.0,0.0,,,0.0,0.0,,
4.266,0.6251627047115513,0.4109699645467235,12,-0.8837973550703397,3.586140303803985,-0.2464480695673995,0.8124062992520236,1.8065731188608e-16,1.960017024819313e-15,0.09217129728897848,0.9291443125044118,1.5821642252494162e-15,2.886503695336973e-15,0.548124787716481,0.6006408072276477,5.660661766005201e-16,8.894363563187963e-16,0.6364324693712293,0.5447353213032581,0.0,0.0,,,1.6460895945363103,3.8734742361772003,0.42496464263587436,0.6836203077358788,0.0,0.0,,,0.0,0.0,,,0.0,0.0,,,-7.131765522749497,4.392106945174605,-1.6237686403753946,0.14845399241490803,0.0,0.0,,,0.0,0.0,,,-3.1383485052070825,5.071568254212368,-0.6188122387193385,0.5556342896868396,-4.849429393687834,4.392106945174602,-1.1041237051423967,0.30604197572766345,0.0,0.0,,,0.0,0.0,,
4.32,0.5306483902080309,0.2177473170133848,11,-0.9512915685405489,3.31337152553782,-0.2871068219209547,0.7836879500273045,1.404608777343269e-16,2.6679619269586234e-16,0.5264725718722945,0.6174457188286256,2.4541587991909433e-15,3.734535491636432e-15,0.6571523566149208,0.5354623306287627,-4.506887159721078e-16,8.872486671935803e-16,-0.507962122273638,0.6296085361439827,0.0,0.0,,,1.5082073884036495,3.5788502824164485,0.4214223198477317,0.6881269383970072,0.0,0.0,,,0.0,0.0,,,0.0,0.0,,,-3.0093142116051284,4.685814948596415,-0.6422178947776278,0.5444733778760813,0.0,0.0,,,0.0,0.0,,,-3.2302167316120274,4.685814948596416,-0.6893607125009499,0.5163556327929308,-4.766805610934921,4.058034782917372,-1.1746586379695851,0.28463503771922904,0.0,0.0,,,0.0,0.0,,
4.374,0.48909214279787194,0.14848690466311987,11,-1.2304386072456985,3.553479615779234,-0.34626302674762316,0.7409644426626272,1.2814021561923262e-16,2.8612995101971517e-16,0.4478392253679287,0.6699852159693422,2.040894098251618e-15,4.005163816267204e-15,0.5095656986519275,0.6285497311193922,-3.4630494588084743e-16,9.515443797048752e-16,-0.3639398784408302,0.7283835596116237,0.0,0.0,,,1.8704313226822409,3.838196661157202,0.4873203454140656,0.643323317953076,0.0,0.0,,,0.0,0.0,,,0.0,0.0,,,-2.4813719889352828,5.025379066251325,-0.49376812300574546,0.6390223707431009,0.0,0.0,,,0.0,0.0,,,-3.1293431006594252,5.025379066251327,-0.6227078712678591,0.5563879212509526,-4.263801446481371,4.352105935020172,-0.9797099404616418,0.3650648608300552,0.0,0.0,,,0.0,0.0,,
4.428,0.4283750963493522,-0.02892482657116613,10,-1.1465887818499232,3.2411670029541373,-0.3537580077808004,0.7379483518435437,-1.72219550208062e-17,4.3729368627307204e-16,-0.03938304064617067,0.9701091403225823,5.373940172869557e-16,1.2821943738541512e-15,0.41912055476550075,0.6925248997995851,-6.366597046940264e-16,1.9428284407225137e-15,-0.3276973361874714,0.7564168586672868,0.0,0.0,,,0.7911249960309046,3.5505205603187884,0.2228194380487892,0.8324925021774864,0.0,0.0,,,0.0,0.0,,,0.0,0.0,,,-2.0187544592522224,4.583702333493895,-0.44042006054818156,0.6780216585532972,0.0,0.0,,,0.0,0.0,,,-2.5323024681379853,4.583702333493896,-0.5524578787837112,0.6044214010723279,-4.089228981387368,3.969602664191729,-1.0301355897089506,0.35017591579135204,0.0,0.0,,,0.0,0.0,,
4.482,0.45730277416122744,-0.08539445167754511,9,-1.1870514073547402,3.509820738946018,-0.338208556973541,0.7522121666947803,1.1801305961859831e-15,3.214243092690519e-15,0.3671566095513147,0.7321018877621034,5.380597631577006e-16,2.213139899723233e-15,0.24312053803060005,0.819870655892571,2.3247687089820235e-15,6.840910839519497e-15,0.3398332127868099,0.7510769858008001,1.4439935087968225e-16,4.708146309905523e-16,0.306701069539574,0.7743734387729792,1.4875489919399865,3.924098880560921,0.3790804047545694,0.7238921785264436,-9.327561665212732e-17,4.2325911680922863e-16,-0.2203747372420297,0.8363701685923406,4.8576645515593533e-17,1.2267455829636243e-16,0.3959797874163932,0.7123334460854905,0.0,0.0,,,-1.9654995639347912,4.963636090515819,-0.3959797874163932,0.7123334460854905,0.0,0.0,,,0.0,0.0,,,-2.196068784803327,4.963636090515816,-0.44243146450631793,0.6810476101577225,-3.7083844845824228,4.2986349495279725,-0.8626888600972352,0.43696186791647423,0.0,0.0,,,0.0,0.0,,
4.536,0.31236535439809643,-0.37526929120380714,7,-1.0887077495499071,4.177123750695807,-0.2606357423259378,0.8112398838193189,3.859923430003266e-16,1.232594007931277e-15,0.3131544859999413,0.7746720154099905,-3.21195642806632e-16,8.436121795306897e-16,-0.380738508286256,0.7287583563739785,-4.0474501805550434e-17,9.766399850203282e-17,-0.41442601599716383,0.7064124114341663,-8.323970668156663e-16,3.1407162695605234e-15,-0.26503414997501273,0.8081505129971568,0.7702301806617913,4.823327043805205,0.15968856634986617,0.8832722668901444,0.0,0.0,,,0.0,0.0,,,0.0,0.0,,,0.0,0.0,,,0.0,0.0,,,0.0,0.0,,,-2.5181284172018463,5.907345059944778,-0.4262707513526196,0.6986469940223019,-3.353032475979866,5.115910890832687,-0.6554126034501966,0.5589773293036046,0.0,0.0,,,0.0,0.0,,
4.59,0.885169388103298,0.7703387762065961,5,-1.3193503672298645,0.6694115072466568,-1.970910796942315,0.18752019057423036,-3.447377644214098e-15,9.772718170892873e-16,-3.5275525027231316,0.07181326126023521,1.7199080329513377e-16,4.575349508667931e-17,3.7590746448834076,0.06404467206539954,1.0863055259980639e-30,3.0261462994034532e-31,3.5897323477460694,0.06959837569154748,0.0,0.0,,,3.997119368347916,1.1594547417224708,3.447413016233689,0.07482104149385631,0.0,0.0,,,0.0,0.0,,,0.0,0.0,,,0.0,0.0,,,0.0,0.0,,,0.0,0.0,,,-2.320763590547893,1.496849635124117,-1.550432011399367,0.2611828141171346,-2.9957061450298883,1.159454741722471,-2.5837197755382033,0.12280640479562809,0.0,0.0,,,0.0,0.0,,
4.644,0.9006011501106401,0.8012023002212803,5,-1.4609493091825672,0.6433517944341898,-2.270840497876332,0.15115240631498675,-3.571926470804752e-15,9.392273218612112e-16,-3.80304787527526,0.06270776352874408,1.7841201442969072e-16,4.397234413660139e-17,4.057368737846873,0.05571678534258189,1.1257938941614702e-30,2.90834058104148e-31,3.870914917943765,0.060722624826619,0.0,0.0,,,4.1544158669244675,1.1143179951006243,3.7282139256391695,0.06500775060896107,0.0,0.0,,,0.0,0.0,,,0.0,0.0,,,0.0,0.0,,,0.0,0.0,,,0.0,0.0,,,-2.5195368556790503,1.4385783458013186,-1.7514074662896548,0.22197527533707,-3.0958283204279864,1.1143179951006246,-2.7782269819203886,0.1088165838176843,0.0,0.0,,,0.0,0.0,,
4.6979999999999995,0.8878201496247371,0.8317302244371056,4,-0.5862958607833455,0.6133509630907985,-0.9558896880651871,0.440005851118648,-6.274312046653562e-16,1.5390960508560119e-16,-4.076621496861048,0.05523445304330318,-5.254895305523218e-33,1.2890319372474063e-33,-4.076621496861048,0.05523445304330318,0.0,0.0,,,0.0,0.0,,,3.3671832292267956,0.9697930242123962,3.4720637756302755,0.07387679963746853,0.0,0.0,,,0.0,0.0,,,0.0,0.0,,,0.0,0.0,,,0.0,0.0,,,0.0,0.0,,,0.0,0.0,,,-3.9534790900101404,0.9697930242123962,-4.076621496861047,0.055234453043303204,0.0,0.0,,,0.0,0.0,,
4.752,0.903153050635898,0.854729575953847,4,-0.5417183978586435,0.5394035116073739,-1.0042915668909376,0.42100144701604425,-5.975410291241052e-16,1.3535379651957517e-16,-4.414660279127727,0.04767122134107964,-5.004557512367458e-33,1.1336223391930596e-33,-4.414660279127726,0.047671221341079664,0.0,0.0,,,0.0,0.0,,,3.223421025395371,0.8528718372861867,3.7794905218727854,0.06341888141897856,0.0,0.0,,,0.0,0.0,,,0.0,0.0,,,0.0,0.0,,,0.0,0.0,,,0.0,0.0,,,0.0,0.0,,,-3.7651394232540136,0.8528718372861867,-4.414660279127727,0.04767122134107964,0.0,0.0,,,0.0,0.0,,
4.806,0.9347329471813574,0.9020994207720361,4,-0.51724058742084,0.4454284708510104,-1.1612203109348387,0.3654090970948196,-6.08546321202415e-16,1.1177241769882647e-16,-5.444512463192467,0.03211865376597939,-5.096729621832538e-33,9.36122316973079e-34,-5.444512463192467,0.03211865376597939,0.0,0.0,,,0.0,0.0,,,3.3172437963444352,0.7042842512875561,4.710092253631864,0.04224010929109944,0.0,0.0,,,0.0,0.0,,,0.0,0.0,,,0.0,0.0,,,0.0,0.0,,,0.0,0.0,,,0.0,0.0,,,-3.834484383765275,0.7042842512875561,-5.444512463192467,0.03211865376597939,0.0,0.0,,,0.0,0.0,,
4.86,1.0,,2,-0.7414031424510961,inf,-0.0,,0.0,,,,0.0,,,,0.0,,,,0.0,,,,2.7909090058423214,inf,0.0,,0.0,,,,0.0,,,,0.0,,,,0.0,,,,0.0,,,,0.0,,,,0.0,,,,-3.532312148293418,inf,-0.0,,0.0,,,,0.0,,,
4.914,1.0,,2,-0.7051592938109543,inf,-0.0,,0.0,,,,0.0,,,,0.0,,,,0.0,,,,2.881118585445509,inf,0.0,,0.0,,,,0.0,,,,0.0,,,,0.0,,,,0.0,,,,0.0,,,,0.0,,,,-3.586277879256464,inf,-0.0,,0.0,,,,0.0,,,
4.968,1.0,,2,-0.7701912694136799,inf,-0.0,,0.0,,,,0.0,,,,0.0,,,,0.0,,,,2.8212334129200656,inf,0.0,,0.0,,,,0.0,,,,0.0,,,,0.0,,,,0.0,,,,0.0,,,,0.0,,,,-3.5914246823337463,inf,-0.0,,0.0,,,,0.0,,,
5.022,1.0,,2,-1.2419400631291535,inf,-0.0,,0.0,,,,0.0,,,,0.0,,,,0.0,,,,2.75417947414778,inf,0.0,,0.0,,,,0.0,,,,0.0,,,,0.0,,,,0.0,,,,0.0,,,,0.0,,,,-3.996119537276934,inf,-0.0,,0.0,,,,0.0,,,
5.076,1.0,,2,-1.20766317411464,inf,-0.0,,0.0,,,,0.0,,,,0.0,,,,0.0,,,,2.6401214849124073,inf,0.0,,0.0,,,,0.0,,,,0.0,,,,0.0,,,,0.0,,,,0.0,,,,0.0,,,,-3.8477846590270484,inf,-0.0,,0.0,,,,0.0,,,
5.13,1.0,,2,-1.4002589154919998,inf,-0.0,,0.0,,,,0.0,,,,0.0,,,,0.0,,,,2.557433216609624,inf,0.0,,0.0,,,,0.0,,,,0.0,,,,0.0,,,,0.0,,,,0.0,,,,0.0,,,,-3.9576921321016245,inf,-0.0,,0.0,,,,0.0,,,
5.184,1.0,,2,-1.5607160248373864,inf,-0.0,,0.0,,,,0.0,,,,0.0,,,,0.0,,,,2.465589120193104,inf,0.0,,0.0,,,,0.0,,,,0.0,,,,0.0,,,,0.0,,,,0.0,,,,0.0,,,,-4.0263051450304905,inf,-0.0,,0.0,,,,0.0,,,
5.2379999999999995,1.0,,2,-1.6546899404760822,inf,-0.0,,0.0,,,,0.0,,,,0.0,,,,0.0,,,,2.214451206872184,inf,0.0,,0.0,,,,0.0,,,,0.0,,,,0.0,,,,0.0,,,,0.0,,,,0.0,,,,-3.869141147348267,inf,-0.0,,0.0,,,,0.0,,,
5.292,1.0,,2,-1.587117180376965,inf,-0.0,,0.0,,,,0.0,,,,0.0,,,,0.0,,,,1.979838919166942,inf,0.0,,0.0,,,,0.0,,,,0.0,,,,0.0,,,,0.0,,,,0.0,,,,0.0,,,,-3.566956099543908,inf,-0.0,,0.0,,,,0.0,,,
5.346,1.0,,2,-1.5535535708553336,inf,-0.0,,0.0,,,,0.0,,,,0.0,,,,0.0,,,,2.4389713994734823,inf,0.0,,0.0,,,,0.0,,,,0.0,,,,0.0,,,,0.0,,,,0.0,,,,0.0,,,,-3.9925249703288173,inf,-0.0,,0.0,,,,0.0,,,
5.4,1.0,,2,-0.9707359166767572,inf,-0.0,,0.0,,,,0.0,,,,0.0,,,,0.0,,,,2.876329822916296,inf,0.0,,0.0,,,,0.0,,,,0.0,,,,0.0,,,,0.0,,,,0.0,,,,0.0,,,,-3.847065739593054,inf,-0.0,,0.0,,,,0.0,,,
