peth_time,r_squared,r_squared_adj,n_trials,Intercept_beta,Intercept_se,Intercept_tstat,Intercept_pvalue,C(word_l2)[T.LR]_beta,C(word_l2)[T.LR]_se,C(word_l2)[T.LR]_tstat,C(word_l2)[T.LR]_pvalue,C(word_l2)[T.Ll]_beta,C(word_l2)[T.Ll]_se,C(word_l2)[T.Ll]_tstat,C(word_l2)[T.Ll]_pvalue,C(word_l2)[T.Lr]_beta,C(word_l2)[T.Lr]_se,C(word_l2)[T.Lr]_tstat,C(word_l2)[T.Lr]_pvalue,C(word_l2)[T.RL]_beta,C(word_l2)[T.RL]_se,C(word_l2)[T.RL]_tstat,C(word_l2)[T.RL]_pvalue,C(word_l2)[T.RR]_beta,C(word_l2)[T.RR]_se,C(word_l2)[T.RR]_tstat,C(word_l2)[T.RR]_pvalue,C(word_l2)[T.Rl]_beta,C(word_l2)[T.Rl]_se,C(word_l2)[T.Rl]_tstat,C(word_l2)[T.Rl]_pvalue,C(word_l2)[T.Rr]_beta,C(word_l2)[T.Rr]_se,C(word_l2)[T.Rr]_tstat,C(word_l2)[T.Rr]_pvalue,C(word_l2)[T.lL]_beta,C(word_l2)[T.lL]_se,C(word_l2)[T.lL]_tstat,C(word_l2)[T.lL]_pvalue,C(word_l2)[T.lR]_beta,C(word_l2)[T.lR]_se,C(word_l2)[T.lR]_tstat,C(word_l2)[T.lR]_pvalue,C(word_l2)[T.ll]_beta,C(word_l2)[T.ll]_se,C(word_l2)[T.ll]_tstat,C(word_l2)[T.ll]_pvalue,C(word_l2)[T.lr]_beta,C(word_l2)[T.lr]_se,C(word_l2)[T.lr]_tstat,C(word_l2)[T.lr]_pvalue,C(word_l2)[T.rL]_beta,C(word_l2)[T.rL]_se,C(word_l2)[T.rL]_tstat,C(word_l2)[T.rL]_pvalue,C(word_l2)[T.rR]_beta,C(word_l2)[T.rR]_se,C(word_l2)[T.rR]_tstat,C(word_l2)[T.rR]_pvalue,C(word_l2)[T.rl]_beta,C(word_l2)[T.rl]_se,C(word_l2)[T.rl]_tstat,C(word_l2)[T.rl]_pvalue,C(word_l2)[T.rr]_beta,C(word_l2)[T.rr]_se,C(word_l2)[T.rr]_tstat,C(word_l2)[T.rr]_pvalue
-2.16,0.09977221486159304,0.09852409426106845,10835,0.8832605239569259,0.027603623112634527,31.997992450224636,9.671889846779833e-215,-0.35217265044017265,0.2457839549361063,-1.4328545186431028,0.15192831095336332,-0.8467704703639894,0.06888605531851962,-12.292335022649208,1.6913006829032205e-34,-1.4252542663440613,0.11791816632113548,-12.086808257029356,2.0353463520786545e-33,0.19807783047567054,0.3192238540934295,0.6204982113200653,0.5349429012759745,0.07580435600458774,0.03903102855078383,1.9421562489945046,0.05214410659135954,-1.498313000904322,0.16491445399791357,-9.085395273620334,1.213020226747584e-19,-0.7138555865075853,0.06596873082110799,-10.821120516072945,3.7650130237752736e-27,0.36589564403744174,0.09172864282523471,3.9888919400515013,6.681981701088162e-05,-0.24179050696353768,0.08743224579369203,-2.7654614698343036,0.005693866793987336,-1.0261465727033627,0.0714850812759805,-14.354695474734745,2.6481812030975784e-46,-1.325793699774712,0.1212092570920105,-10.938056478378511,1.0584938476270096e-27,-0.263462943476685,0.07557418662523971,-3.486149904373507,0.0004919697789477197,0.35096589151494684,0.082392660124442,4.259674235361068,2.0645638241490186e-05,-1.4020371098224855,0.1331990560380881,-10.525878722605773,8.74511657653305e-26,-1.0950155709582075,0.059676753358269774,-18.34911434246891,4.4354936379789755e-74
-2.106,0.11570339125693907,0.11447735843217288,10835,0.8611728052360558,0.02552373948217896,33.74007189805941,2.2688257865993196e-237,-0.3333740739519935,0.22726457353409563,-1.4668985525013147,0.14243272042780997,-0.8865024911553997,0.06369561425797396,-13.917794835370785,1.1738219808996563e-43,-1.3702391904511813,0.1090332433940285,-12.567168945890735,5.7037820553739044e-36,0.2602330637924315,0.29517090764249926,0.8816352054167097,0.3779936964644268,0.07202825967868484,0.03609011035930693,1.9957893994111926,0.04598187746688151,-1.4869885552785838,0.15248844485062954,-9.751483509030257,2.247407792721434e-22,-0.7771650958180492,0.0609981049435959,-12.740807219120708,6.457153073681207e-37,0.3596433823668504,0.08481705365168213,4.240224894439231,2.251515983843753e-05,-0.21266862746296106,0.08084438245204856,-2.630592516296377,0.008535693141222293,-1.0049057066502756,0.06609880825808653,-15.203083582484036,1.151544122519813e-51,-1.3839800584927449,0.11207635636167257,-12.348546146759219,8.505204322472288e-35,-0.2545005144376136,0.06987980683294048,-3.641975070796063,0.00027181814642970815,0.2892933699152993,0.07618452054931213,3.797272304523433,0.00014709676201883653,-1.365269778691717,0.123162745401788,-11.085087249702513,2.1071670485428887e-28,-1.1152756351706412,0.055180216728924626,-20.21151240941087,3.398006973235527e-89
-2.052,0.13011519843015829,0.12890914685205057,10835,0.8347010173233917,0.02334046137594634,35.76197590436658,7.661156504254644e-265,-0.28324979807704054,0.2078245628700734,-1.3629274334339443,0.1729337470218614,-0.8951546658535406,0.058247147736460905,-15.368214593161987,9.63128157190947e-53,-1.2983025190514637,0.09970663616549427,-13.021224754754794,1.8023440967147652e-38,0.26007850160113427,0.2699222492042388,0.9635311737653157,0.33530256279504933,0.07012233324686093,0.033002994231436655,2.1247264037657114,0.03363205520675877,-1.3618474329922086,0.13944471811425954,-9.76621740435034,1.9460073355851592e-22,-0.8131756047128965,0.05578038098359318,-14.578165124976072,1.0941637269874046e-47,0.28594326263966363,0.07756187788082104,3.6866469772564607,0.00022833944678017098,-0.18893531228989566,0.07392902546281534,-2.5556310408139487,0.010613093843130743,-1.0254981313678542,0.060444774646800495,-16.96586904923032,9.766628859370558e-64,-1.3584309345069456,0.10248944394072368,-13.254349738619078,8.69148096804262e-40,-0.22175843251994876,0.06390234994686593,-3.470270384490372,0.0005219619149508367,0.25228160706901914,0.06966776402680971,3.621210047331726,0.0002945690277320142,-1.2955117153026463,0.11262751306535959,-11.502622050713661,1.9230590970850765e-30,-1.0825688352402634,0.05046014978240416,-21.453936223109736,5.005457032309647e-100
-1.998,0.1531255323054983,0.15195138339936864,10835,0.8149047364228204,0.0209822358101332,38.83784091442099,5.13875632669157e-309,-0.27848952464034904,0.18682681182007826,-1.4906293263118233,0.13608799325234586,-0.9381516446907205,0.05236209213643004,-17.916618805955185,9.169973279694426e-71,-1.2615560492361308,0.0896326819835511,-14.0747328018997,1.3424132386349551e-44,0.18832311667043353,0.24265039974923142,0.7761088251453829,0.43770169881879983,0.06378675791054736,0.029668505529976616,2.1499821703556377,0.03157872251370375,-1.360530373556696,0.1253557892804215,-10.853350941081654,2.6573253216038454e-27,-0.8509287737644089,0.050144557492894364,-16.96951406710465,9.193706596937055e-64,0.2092198293247436,0.06972534027323431,3.0006283010576786,0.0027003725180019876,-0.16852131198352133,0.06645953653138699,-2.5356979717114547,0.011236300587925432,-1.0494139500347612,0.05433767973569488,-19.312822246721595,9.872646488402171e-82,-1.3234721214013634,0.09213432614617717,-14.364593271150513,2.3018946444373024e-46,-0.23136583119179938,0.057445915648804524,-4.027541881415101,5.67480506424294e-05,0.1950295741159119,0.06262881567035723,3.11405496061809,0.001850169059548034,-1.1801795922601062,0.10124808587895437,-11.656315099833613,3.2729314642444793e-31,-1.0650882644139714,0.04536186087735884,-23.479818592397777,5.99604334818276e-119
-1.944,0.16773835566371487,0.16658446670308602,10835,0.7825228001256932,0.019275680246589065,40.5963779288238,0.0,-0.1871718995446952,0.1716315610367089,-1.0905447600319997,0.2754975349189634,-0.9499637809475053,0.048103307683579684,-19.74840872058743,2.6079942771718603e-85,-1.191346172823064,0.0823425555404702,-14.468170984048879,5.281785416856728e-47,0.18764745533025526,0.22291482945846794,0.8417899149469396,0.3999241641999218,0.041465070707014835,0.027255466536783637,1.5213487779067767,0.1282015599627463,-1.3146969273536238,0.11516018278954146,-11.416245576444336,5.1510929111678375e-30,-0.8861838456494445,0.04606613256500226,-19.23720955734633,4.055213246503109e-81,0.19758397491128943,0.0640543446538909,3.084630339735861,0.0020431916711734143,-0.18525659021254773,0.06105415967619841,-3.0342992384967484,0.0024166750633841418,-1.04666917279061,0.04991821412191858,-20.96768065929322,1.0218017275115896e-95,-1.2526932837962206,0.0846407325987148,-14.800123360643523,4.409942859888713e-49,-0.248073580222824,0.05277364679049681,-4.700709450829457,2.6246001163519615e-06,0.15052125168027986,0.05753500418203093,2.616168258266851,0.008904626800614513,-1.0624073986152958,0.09301323970629444,-11.42210938969584,4.818904477329566e-30,-1.0340386150373302,0.0416724286951323,-24.81349533530103,3.054261192975594e-132
-1.89,0.17990851295923194,0.17877149731031694,10835,0.7513650025627229,0.017790061810171124,42.23509792040995,0.0,-0.23431923127028054,0.1584035447962732,-1.4792549723028259,0.1391012969734995,-0.9392089322953907,0.04439588154695571,-21.155316654812403,2.2749898719451277e-97,-1.155960250282369,0.07599623639386899,-15.21075654709167,1.02672454814584e-51,0.04750642657015997,0.20573430061808823,0.23091155158588655,0.8173878826845102,0.02363948116079481,0.02515482868316583,0.9397591793823217,0.3473620820866965,-1.2863705986942287,0.1062845380130788,-12.10308312706722,1.673870442475294e-33,-0.9060411060568503,0.042515715928206764,-21.310733837501804,9.508525091691043e-99,0.17801399453964858,0.05911753754082788,3.0111875755431825,0.002608287758867454,-0.13972054656802435,0.05634858331911936,-2.4795751434733315,0.013169011624549963,-1.01970420249865,0.04607090921418629,-22.133363979382022,3.359995837327798e-106,-1.1615139427113133,0.0781172879673471,-14.868846230258585,1.6164255836682467e-49,-0.20695875088597349,0.04870626750084273,-4.2491194974526145,2.1641023310496316e-05,0.12782861270576826,0.05310065676296468,2.4072887323480896,0.016088096491279888,-0.9232594666857826,0.08584450781352067,-10.75502079517273,7.669193003404086e-27,-0.9921164093024344,0.038460644334331044,-25.795626320717762,1.9014550150087194e-142
-1.836,0.18660927671803318,0.18548155134145228,10835,0.711920353381548,0.016591068770611027,42.90985488786742,0.0,-0.23918863500684204,0.14772765453355405,-1.61911888306948,0.10545083403672338,-0.9221626921487629,0.04140374169224756,-22.272448200531326,1.7420498169218473e-107,-1.0662594867128807,0.0708743340957602,-15.044366911048915,1.2206649315406113e-50,0.15864583740476695,0.19186846939883853,0.8268468388883041,0.40834211323883873,0.013674681077799242,0.023459474005690855,0.582906550866486,0.5599683593282263,-1.2191471972692467,0.09912130144592511,-12.299547922444736,1.5487679959739781e-34,-0.8916711070272343,0.03965029319872025,-22.48838621591867,1.7025243955886091e-109,0.16784874948124628,0.055133205345486075,3.044422112399249,0.002336880057827906,-0.150576171838992,0.05255086974681073,-2.86534119348482,0.004173628022411843,-0.9672291632160771,0.04296587787346138,-22.511565248699434,1.0334648390519894e-109,-1.1133683835908774,0.07285243360418736,-15.282514646523545,3.5020007735160495e-52,-0.17426216630057909,0.04542362147411142,-3.8363776520966617,0.0001255718116164117,0.04345500950294402,0.049521843010981885,0.8774917664778249,0.38023907382618427,-0.8050956804293334,0.08005886364594239,-10.056296626815012,1.0949969216934972e-23,-0.9647403928236593,0.03586852040885403,-26.896576212982463,2.6595090957281447e-154
-1.782,0.1903565262685083,0.18923399626518345,10835,0.6625464091915476,0.015527106609052542,42.67030721649537,0.0,-0.3020947360206245,0.13825408554215166,-2.185069141616941,0.02890515407276347,-0.8876775653839475,0.03874857733143643,-22.908649207716362,1.8573833368400746e-113,-0.9594465373969868,0.06632926163863687,-14.464906041379905,5.53349481296772e-47,0.060142557164393345,0.1795642113513934,0.3349362142476096,0.7376796965722006,0.013858668281119722,0.021955050570575365,0.6312291669094768,0.5279040288098508,-1.2036640052405372,0.09276479026505965,-12.975440377769102,3.249448855966546e-38,-0.8789813290345674,0.037107575050696784,-23.68738263908901,5.652917290270519e-121,0.12379369186212717,0.05159758957871045,2.399214631398312,0.01644709192702617,-0.14975468489489346,0.049180855569867746,-3.0449792538104106,0.002332559173798159,-0.9272613241104166,0.04021053589232979,-23.060158327491795,6.671583045608908e-115,-1.000152278671395,0.0681805083771875,-14.669181889028502,2.9485951089924034e-48,-0.17282583922605102,0.04251066781466914,-4.0654698716921605,4.827511453367616e-05,0.02511211655475027,0.04634607610513572,0.5418391084022653,0.5879405057446975,-0.7576116311818177,0.07492480008473662,-10.111626995667558,6.266698598539472e-24,-0.9041944527898622,0.033568322089279255,-26.935944262720106,9.837717389262832e-155
-1.728,0.1878851826855117,0.18675922628845865,10835,0.6145224789890253,0.014704745745105684,41.790758551099906,0.0,-0.1650924923248452,0.1309317458369331,-1.260904994961704,0.20737026817093981,-0.8822628912466732,0.03669633963298373,-24.04225871219237,1.7866605042134167e-124,-0.824419828254332,0.0628162704368952,-13.12430398239798,4.746582484169963e-39,0.028123910311144543,0.1700539668674162,0.16538226557850047,0.8686462014681151,0.010478921334944083,0.02079224704189418,0.5039821484339891,0.6142841839369555,-1.1164537138958104,0.08785169634569753,-12.708391076508653,9.718859075492234e-37,-0.8554389996464313,0.035142249620402334,-24.34218096128354,1.8093661171193375e-127,0.09572494560756435,0.04886483070663667,1.9589742606959095,0.05014144873026374,-0.15758372442660337,0.046576093981349875,-3.383360667592767,0.0007185855196273607,-0.8765593060607486,0.03808086860345425,-23.01836429175456,1.6734127778387828e-114,-0.8733202251408898,0.06456946974744622,-13.52528104314238,2.402874236383764e-41,-0.12584687323076782,0.040259178828907456,-3.125917539589891,0.0017772053427818652,0.025030990963825682,0.04389145270710059,0.5702930620880604,0.5684907885082241,-0.611094431842661,0.07095656409073585,-8.612232563307643,8.159346305175425e-18,-0.8392396200001245,0.03179044582104446,-26.39911452404261,6.8374487725002475e-149
-1.674,0.1725527716434302,0.1714055576287017,10835,0.5644526312627556,0.014144017661695913,39.90751742281662,0.0,-0.20868931430450116,0.12593899668143857,-1.6570666735767214,0.0975349911049682,-0.8219715429833254,0.03529701804339381,-23.287280018181754,4.3901971096106506e-117,-0.6629752209860345,0.060420931711589215,-10.972608369408354,7.257162592618217e-28,0.06123406352422747,0.1635693913044873,0.374361382871684,0.7081428063601635,0.005530065887080817,0.019999387577631474,0.27651176145343453,0.7821603093028645,-0.9182129449255287,0.08450169532085043,-10.866207375356215,2.311867793206647e-27,-0.8423144201012125,0.03380218930124214,-24.918930918781044,2.547422645022456e-133,0.11142050744206916,0.04700149465559376,2.370573707464189,0.017777926994260552,-0.17370206790822695,0.0448000330848486,-3.8772754381508054,0.00010625748925393733,-0.7879220220991616,0.03662875152256549,-21.511025883963168,1.5399320626769674e-100,-0.7728203780824537,0.0621072772249865,-12.443314416809418,2.651026123915674e-35,-0.09433137732077933,0.03872399742722303,-2.4359927587037857,0.014867009681056094,0.0034295201617197024,0.04221776377829238,0.08123405540212673,0.9352573193289007,-0.5820711938887124,0.06825081596848875,-8.528413699221609,1.6812777109233604e-17,-0.7489695606777099,0.030578198015814,-24.493580697278773,5.411486168755968e-129
-1.6199999999999999,0.15570815478993005,0.15453758656013517,10835,0.5205795518583638,0.013676616576556857,38.063474905825124,1.244122533461272e-297,-0.2229435075850993,0.1217772354960265,-1.8307486343978778,0.06716556068762418,-0.7822725117721092,0.034130598081947225,-22.91997667002145,1.4494033520018666e-113,-0.6347757303135735,0.05842427066926105,-10.864932040093914,2.3440439606982057e-27,0.00928778025231409,0.15816410174533346,0.05872242910890569,0.9531742788384183,-0.014017264496208968,0.01933849081693125,-0.7248375599163385,0.4685673658492482,-0.8823451627032959,0.08170926497794885,-10.798593806239932,4.800342457000621e-27,-0.7940962022006404,0.03268516722608856,-24.295307920799342,5.34205493016934e-127,0.07064913863386986,0.045448290316442215,1.5544949687207599,0.12009564578858367,-0.14799520242006636,0.043319577914403544,-3.4163583660139656,0.0006369809160990135,-0.7060071838209477,0.0354183232964116,-19.93338809159486,7.489502684775966e-87,-0.6316618954909982,0.06005488946188253,-10.51807606592833,9.492332946250885e-26,-0.07787599417416792,0.03744433001932502,-2.079780680652481,0.037569141008830846,0.0019303460953716404,0.04082264189184585,0.04728616292120033,0.962286028919379,-0.49833569967948677,0.06599540974599165,-7.551066075618299,4.664840058892365e-14,-0.6754296335447005,0.029567715472873315,-22.843483939919828,7.720047772747138e-113
-1.566,0.12976168994688875,0.12855514824702774,10835,0.45419730252786716,0.013343345613922681,34.03923691026557,2.3538302037182596e-241,-0.08910489320519956,0.11880977521273861,-0.7499794780829268,0.4532833729253567,-0.7073194674933445,0.03329890573944578,-21.24152286047815,3.9200939176884477e-98,-0.5186131512639596,0.05700059158765839,-9.098381908307216,1.0773999133977426e-19,-0.050058221431338694,0.15430996851378628,-0.32440043837392407,0.7456411594100707,-0.011246291752365759,0.018867251646455554,-0.5960747205318859,0.5511377812456928,-0.6859497808662235,0.07971817856831673,-8.604684567377308,8.710657475889845e-18,-0.7517679747083044,0.031888697054952134,-23.574747297226402,7.136006676376068e-120,0.06948639715974601,0.04434080913649885,1.5670980866821562,0.11712101203301001,-0.1152850951673652,0.042263969069070685,-2.7277394363732936,0.006387283800675408,-0.6228005129212774,0.03455525174404267,-18.023324429365452,1.4166314303519246e-71,-0.529769720875845,0.058591475560511815,-9.04175421096388,1.804610294703875e-19,-0.03741114649047135,0.036531888858100776,-1.024068222581806,0.3058259489473216,0.0033625028423496634,0.03982787823195894,0.08442585926285931,0.9327194100287544,-0.3764804839662774,0.06438723760689813,-5.847128995730408,5.145946107463221e-09,-0.5276382247557325,0.02884721117684525,-18.290788025265027,1.2542128687344017e-73
-1.512,0.0995700787249365,0.09832167787281287,10835,0.3984721385233916,0.013051840204631616,30.5299584024932,1.9251992074374588e-196,-0.04641836232328512,0.11621419737542085,-0.39942075384588543,0.6895910885427203,-0.633574317300676,0.03257144117190932,-19.451835549944633,7.253458274785975e-83,-0.4150243288423245,0.05575532812365459,-7.443671175638682,1.0536568282992944e-13,-0.13930526152899037,0.15093883567867725,-0.9229252425502158,0.35606674646126046,-0.027718552745293546,0.018455068220159614,-1.5019479968659695,0.13313972415807104,-0.5378043415074313,0.07797661532444419,-6.896995198749538,5.60782481820508e-12,-0.6654783674496938,0.03119204061242821,-21.334877564391842,5.795357865015864e-99,0.044339157066166854,0.04337211761867252,1.0222963392287308,0.3066635231007993,-0.08365055075664288,0.041340649239230615,-2.023445502090999,0.04305177387311908,-0.5078751824517029,0.03380034041263771,-15.025741641992813,1.607851993289418e-50,-0.40377078811123734,0.05731145684868191,-7.045201959833333,1.9645241375508063e-12,-0.04118181118053753,0.03573379492260047,-1.1524611721127713,0.24915707959549666,0.011054393580639454,0.038957778462296394,0.28375318144328926,0.7766049657910915,-0.2702103812569364,0.06298060177546648,-4.290374712840461,1.799223358002621e-05,-0.43026762235646554,0.028217000557685553,-15.248524430399538,5.832425560149067e-52
-1.458,0.06510154131876056,0.06380535157107425,10835,0.3306963069250867,0.01296799730444874,25.500954323273927,2.387572002105561e-139,-0.07423531901361716,0.11546765625956175,-0.6429100703901212,0.5202960792908669,-0.5462660173408129,0.03236220752759764,-16.879751385160347,4.0595817159051995e-63,-0.33512627986321375,0.055397164957599575,-6.049520406318915,1.5008398451596752e-09,-0.23172699475761988,0.1499692291300899,-1.545163605239377,0.1223359432757069,-0.039249265674189224,0.018336515861381738,-2.1404974625987436,0.03233687518904657,-0.39394159486815705,0.07747570622099641,-5.084711247993715,3.743476788692616e-07,-0.5450608151747882,0.03099166801311919,-17.587333955179716,2.734875198889155e-68,0.016944557671550283,0.043093502184280985,0.39320446964579897,0.6941762163648444,-0.04075782277460886,0.041075083627537784,-0.9922760753013726,0.3210850621961884,-0.3823152212899003,0.03358321251933433,-11.38411702185418,7.417748868587915e-30,-0.3168697254893923,0.056943297364612074,-5.5646536142867244,2.689263678448274e-08,-0.02005596324354933,0.03550424683176591,-0.564889133927638,0.5721608870925317,-0.01649945883624675,0.03870752002519096,-0.4262597765371911,0.6699270445029966,-0.19196281814658442,0.06257602462578271,-3.0676735905574204,0.0021626518774485893,-0.2967373109191369,0.028035739132160387,-10.58425139142286,4.726898365407319e-26
-1.404,0.041469200182518096,0.04014024538103356,10835,0.2576290863221485,0.012872720675316578,20.013569222872356,1.5921864814516535e-87,0.07201433860786212,0.11461930868484192,0.6282915106901689,0.5298262543416205,-0.45967552805989637,0.03212444050990654,-14.30921506378116,5.0361185362048675e-46,-0.1890215547089812,0.05499015877023495,-3.437370593868783,0.0005896016596060904,-0.13128004301336962,0.1488673964962905,-0.8818589301831505,0.3778726903343581,-0.048076914516012516,0.018201796414709617,-2.6413279997549908,0.0082700444595489,-0.30492400700773825,0.07690648770906489,-3.9648671534871975,7.39095003926544e-05,-0.45086070399921563,0.030763970428816012,-14.655478396146915,3.5939327333146037e-48,0.031944524094342744,0.042776891721676306,0.7467705765577053,0.4552182867689232,0.011933979916915303,0.040773302603261126,0.2926910295454163,0.7697639401176445,-0.26130632488562566,0.03333647470707603,-7.83845104144022,4.989516463020116e-15,-0.15113176409071347,0.05652493165268295,-2.673718652493762,0.007512800037963663,0.010079676745477984,0.03524339506887678,0.28600186576177167,0.7748821682550551,-0.006604164293761757,0.03842313362816413,-0.17187989812785362,0.8635351650683787,-0.15242812490685198,0.06211627493962335,-2.4539160639463846,0.014146645115184311,-0.16130293344181557,0.02782975892897014,-5.79605931382693,6.978810482218874e-09
-1.35,0.01913775405469198,0.017777837824986986,10835,0.1787307117675418,0.013055725495925983,13.68983376858792,2.62743276357269e-42,0.08501082761233202,0.11624879219134453,0.7312835343046395,0.46462182338266966,-0.3316600387501759,0.0325811370871861,-10.179510858158942,3.1472096968263165e-24,-0.05559248854635121,0.055771925453040876,-0.9967826660953144,0.31889230655105877,-0.11395465189870754,0.15098376737681712,-0.7547477048595939,0.45041680526422934,-0.06049230720628421,0.01846056195244323,-3.2768399663087253,0.0010530658465167423,-0.1262478341607841,0.07799982751980779,-1.6185655555292595,0.10556992030711522,-0.29738093011171957,0.031201325905685324,-9.531035027506077,1.8902131203321946e-21,0.002677531887944957,0.04338502869545251,0.06171557259395355,0.9507904784774218,0.03681257498328214,0.041352955585467956,0.8902042057718995,0.3733760411730198,-0.15934560380989052,0.033810402148476706,-4.712916548881383,2.4724141553637465e-06,-0.033042047179455275,0.05732851740879225,-0.5763631901352423,0.5643817093886104,0.04702781536029065,0.03574443221206699,1.3156682719501835,0.18831328633653532,0.0071021548848271745,0.038969375472000335,0.18224964600549226,0.8553902279983658,-0.06714196496306256,0.06299934993510954,-1.0657564726020188,0.2865575248961395,-0.023249316905796135,0.02822540023657382,-0.8237019390665791,0.41012709425457605
-1.296,0.012294004257298652,0.01092459951230007,10835,0.09443153133080283,0.013089083630506048,7.2145257832042695,5.774440364044951e-13,0.10125614347507543,0.11654581458630059,0.8688097795231988,0.38497045550666886,-0.21536384443254442,0.032664383778920315,-6.593231511427675,4.5040395153123826e-11,0.10914167179787382,0.05591442595181687,1.9519412019346214,0.050970947794211574,0.026383916980386887,0.15136953964455763,0.17430136236353083,0.8616318899112622,-0.06366983255209065,0.018507729757114472,-3.4401751801900833,0.0005835319935172593,0.04161159682912956,0.07819912159537942,0.53212358374609,0.5946513310486464,-0.1632554747890061,0.03128104709995853,-5.218990089024946,1.8323381692313465e-07,0.02270535795922039,0.043495879955800655,0.5220116935740342,0.6016728757466216,0.10805297621472446,0.04145861478136128,2.6062852505941003,0.00916556605151766,-0.00403316358961047,0.03389678968361805,-0.11898364497802735,0.905290522197354,0.046501767716007454,0.057474995090143234,0.8090782372938793,0.41848793731010947,0.06218514629120919,0.03583576130600284,1.7352818532361574,0.08271936934845467,0.0011552410372694469,0.039068944482692367,0.029569292249019455,0.9764111012394188,0.058217430127166105,0.06316031692191146,0.9217406270957045,0.35668443689026774,0.1038306286685296,0.028297517768453732,3.66924864287145,0.0002444330679152225
-1.242,0.013207147299538202,0.011839008581495336,10835,-0.006863704463501581,0.013125236628401255,-0.5229394835175347,0.6010270759115669,0.2981389924984784,0.11686772257530706,2.5510807084168516,0.010752586692096151,-0.07540185904520462,0.03275460517495871,-2.3020231397217463,0.02135276560424411,0.19275583335362678,0.0560688656498746,3.4378407895266183,0.0005885799812173192,0.01756122303637462,0.1517876332867599,0.11569600669112248,0.9078956184076061,-0.03317361734100047,0.018558849448442178,-1.7874824316646984,0.07388753077809207,0.19105194266159264,0.07841511323835859,2.4364173533850755,0.014849577595264452,0.0049709418442160196,0.03136744761980309,0.15847454037279507,0.8740858387593587,-0.004723138461220977,0.04361601872952101,-0.1082890781598132,0.9137683941528244,0.12312930541422187,0.04157312648097602,2.9617523587158208,0.003065584558315204,0.1351081472842065,0.03399041507410986,3.974889597247577,7.08694679646559e-05,0.1747454492031956,0.057633745193296226,3.0319988509704108,0.002435152555880153,0.11605136322073434,0.0359347422766836,3.2295031456517425,0.0012437573987762668,0.010900107438490016,0.03917685573970037,0.2782282353365141,0.7808424784806282,0.15559487909190362,0.06333477029612755,2.456705508907752,0.014037347943495575,0.2071044518857085,0.028375677563990388,7.298661024698506,3.110329361019045e-13
-1.188,0.02852753316784651,0.027180635395179786,10835,-0.09804688547968675,0.01323928451871659,-7.405754090493054,1.4011224888615648e-13,0.23381464002247723,0.11788321034006327,1.9834430988771097,0.04734319564782618,0.04799008136185569,0.03303921670037932,1.452518738475562,0.14638642288370962,0.3140505433152431,0.05655605959698449,5.5529070722598215,2.875901898863988e-08,-0.10787871022352419,0.15310654736369575,-0.7045989350622907,0.48107502800083113,-0.03368791488591914,0.01872011112213229,-1.7995574206870393,0.07195840131746162,0.3092427950864062,0.07909647834337477,3.9096910704913674,9.297828752904702e-05,0.13330806788947946,0.03164000584689625,4.2132757033784305,2.5373485511597447e-05,-0.0313747415240184,0.043995007319280396,-0.7131432277377692,0.47577251387919905,0.18492060132301286,0.04193436395830334,4.409762873877979,1.0448306337815451e-05,0.26842004155786586,0.0342857648068344,7.8289063426218215,5.380934913531248e-15,0.25920976750625,0.05813453670177416,4.458791317732122,8.32534476871296e-06,0.17782543512257515,0.03624698666981041,4.905937057401888,9.433660442284265e-07,0.03489138920060872,0.03951727152592953,0.8829402398825662,0.37728817833450634,0.2702645166232294,0.06388509918850345,4.230478156193664,2.3511604228150874e-05,0.3294013840327302,0.028622239683521136,11.508581706915779,1.796198436350037e-30
-1.134,0.045533500253301495,0.044210180399692156,10835,-0.19306109229471285,0.013442224085515764,-14.362287897189546,2.378290621853986e-46,0.3054710907213131,0.119690193761674,2.5521814370988847,0.010718694614936538,0.17815504060575157,0.03354566131338542,5.310822134088142,1.1129569597220041e-07,0.3419529459392397,0.057422984257320515,5.954983886015052,2.6818285836245478e-09,0.03099547278267029,0.15545345488367385,0.19938748100429332,0.841963399594956,-0.005708489963886173,0.019007064033838898,-0.3003351782118039,0.7639272732091275,0.4333715901604297,0.08030891584539024,5.396307316546913,6.94621010761406e-08,0.2620082245828302,0.03212500253013959,8.15589739913685,3.849190308020763e-16,-0.022923870132929527,0.044669388756893524,-0.513189698155246,0.6078291101058733,0.23679700219578487,0.04257715863830785,5.561597104385732,2.7366641293196922e-08,0.40109986475896364,0.034811317244916755,11.52211109786526,1.5382103471004973e-30,0.3974087484410892,0.059025657190774156,6.732813616232046,1.7484425475945322e-11,0.2175927673416872,0.03680260187410243,5.912428911576623,3.4728578998151252e-09,0.03903285386325212,0.040123015586586284,0.9728295167400474,0.330659789327336,0.37830352624868935,0.06486436769322579,5.832224065420098,5.625942992344837e-09,0.4239326420067574,0.029060978265956182,14.587693439879075,9.541670014632e-48
-1.08,0.0745791672265459,0.07329611773106559,10835,-0.28458099766607214,0.013468879434468424,-21.128780538178727,3.90377507688105e-97,0.24296162481943293,0.11992753423901113,2.0259036122198544,0.04279915556749742,0.290826431209456,0.03361218090883834,8.65241181458068,5.755701716374308e-18,0.428409240500127,0.05753685155141892,7.4458234844023545,1.0367046183971125e-13,0.02399631717672651,0.1557617123609678,0.15405786706502417,0.8775669822751306,-0.015322519602749147,0.019044754219716208,-0.8045532867463528,0.42109518662160017,0.6361625703047165,0.08046816495195552,7.905767090433153,2.921774819618884e-15,0.4346931247255863,0.032188705020672295,13.504523541609295,3.1709705723857516e-41,-0.04051581279180824,0.04475796622273863,-0.9052201476309435,0.3653689276839145,0.24366368260483556,0.04266158730232185,5.711547507084299,1.1490561704627043e-08,0.5129048086589255,0.0348803465813392,14.704693586196385,1.7640590306958403e-48,0.5564070937996641,0.05914270251598009,9.407874008620514,6.086019807713845e-21,0.25193752995297836,0.03687557984181664,6.832096770646112,8.817850633006432e-12,0.03010112451058774,0.04020257779107638,0.7487361797299767,0.45403250953652985,0.48414487221014724,0.06499299092881963,7.449185908991064,1.010756333645024e-13,0.48591569725745376,0.029118604928899512,16.68746488521482,9.534772137763057e-62
-1.026,0.10367428568866432,0.10243157511331824,10835,-0.37168089017910155,0.013554398153799083,-27.421423361016238,4.183534230296854e-160,0.290523043315079,0.12068899692716598,2.4072040592930386,0.01609182524220108,0.41283378778796287,0.033825596633525745,12.204774752702772,4.905094286858185e-34,0.5398237909538465,0.05790217354297253,9.32303155343922,1.35039569110344e-20,0.06613597583439289,0.15675069902661212,0.42191821947259545,0.6730930941628358,0.006887459563269983,0.019165676156746046,0.35936428785194174,0.7193296003560298,0.7762816831702486,0.08097908603095551,9.586199612990235,1.1142764356090657e-21,0.5512756663628577,0.0323930825892498,17.018314476369348,4.08774376329176e-64,-0.07240510129116765,0.04504215051363206,-1.6074965441371225,0.10797466741625412,0.2770430736346754,0.04293246093575649,6.45299774567404,1.1434754587976922e-10,0.6426967605522469,0.0351018143421844,18.309502588299875,8.988186060475681e-74,0.6660623487017456,0.0595182206280494,11.190898210217119,6.511196408474501e-29,0.21972941467671664,0.037109716050251124,5.921075073147311,3.2956473838013873e-09,0.03976897050988005,0.0404578382960955,0.9829731934471168,0.3256426130179907,0.5321062681466654,0.06540565460858189,8.135478061201876,4.552149647264527e-16,0.5812894806311247,0.029303489337014578,19.83686904811269,4.7931846309751444e-86
-0.972,0.14092970287734818,0.13973864506638234,10835,-0.4485292696741457,0.013783488693841188,-32.54105543501189,1.0873444601404005e-221,0.3087483018089791,0.12272882984113678,2.515694985510988,0.011894156459701544,0.6039249545096119,0.03439730215022173,17.557334929120856,4.57341217738079e-68,0.6326068682196463,0.05888081088681161,10.743854554512266,8.645027799321788e-27,-0.05678804468203663,0.15940003113892867,-0.35626118938798534,0.7216519182769612,-0.0017045768576493397,0.019489606076112508,-0.08746081634449038,0.9303068487042618,0.9049054700352006,0.08234775930884267,10.988829296998613,6.076308137710277e-28,0.7030111630634803,0.03294057637685997,21.34179909363487,5.0279794297954285e-99,-0.06671247503463629,0.04580343334365823,-1.4564950739412865,0.14528482977855642,0.27194380842469823,0.043658086710468766,6.228944713683224,4.870315465698826e-10,0.7426466436818591,0.03569508993530653,20.805288487235227,2.682520396341929e-94,0.732984622540912,0.06052417169657422,12.110609728218723,1.529021582680292e-33,0.20181579398415445,0.03773692832439982,5.347965585573775,9.076074663350623e-08,0.03579381710347284,0.041141639075666876,0.8700143676250129,0.38431185437926485,0.602753952506749,0.06651111252460802,9.062454823376168,1.4950387619944561e-19,0.674400900515426,0.029798764163765416,22.631841267279178,7.692769466019687e-111
-0.918,0.17011715026426966,0.1689665593828541,10835,-0.5197595457805511,0.013883648725860944,-37.43681189602555,1.511225402507687e-288,0.34168436306550104,0.12362065946422257,2.7639746021933247,0.005719858473829412,0.7297471780992411,0.034647255914561435,21.06219262785961,1.5092062173744273e-96,0.6955968075573259,0.059308678173154536,11.728415283957224,1.4150738489013258e-31,-0.004506860671401355,0.16055833819583212,-0.02806992599726812,0.9776068979216608,-0.003204609824029767,0.019631230566979477,-0.16324039458942782,0.87033221141187,0.9378416639016407,0.0829461531111907,11.306632420245558,1.7801426458662486e-29,0.8381777258526198,0.033179944599081516,25.26157701528598,7.450116800850713e-137,-0.11078933525455358,0.046136271673069384,-2.401349984229944,0.0163514705324508,0.23898794822522632,0.04397533551880534,5.43459067237877,5.611402048309347e-08,0.8007043873324089,0.03595447429221944,22.26995118395269,1.837384311010388e-107,0.7813304987958041,0.06096398073982513,12.816264445234866,2.4831937057981428e-37,0.1871983729374518,0.03801115004237374,4.924827918354705,8.568284920121104e-07,0.026273511197944653,0.04144060169526879,0.6340040955762537,0.5260915531232242,0.6501649412664562,0.06699442667736756,9.704761627374275,3.543152851591057e-22,0.7290831489041403,0.03001530188067344,24.290382012569054,5.9851215071864576e-127
-0.864,0.19283298351082212,0.19171388699105718,10835,-0.5931415133132545,0.014287256811404518,-41.51542322944675,0.0,0.17181980696320384,0.12721440478904134,1.3506316933851266,0.1768416915477564,0.9055050055566976,0.03565447764028594,25.396670081447745,2.9316369384484454e-138,0.7643564560990905,0.06103282594772325,12.523694327275432,9.7971333495683e-36,-0.11053647003636503,0.16522588955620113,-0.6690021178476776,0.5035084015732425,-0.00037448818315487486,0.020201925169130018,-0.01853725226777493,0.9852106014812739,0.9843945632233135,0.085357460017714,11.532613119216817,1.3636174897200158e-30,0.917349704225702,0.03414451048392218,26.866681970961615,5.65462059764174e-154,-0.11814661861176691,0.047477487707252145,-2.4884766300243837,0.012844091873507999,0.20226608998703632,0.04525373151760506,4.46960025624293,7.916275111564353e-06,0.8807838644020142,0.03699969783700547,23.805163714636958,3.942244015640839e-122,0.7980234225990129,0.06273624940200208,12.720292178855466,8.365115549960788e-37,0.16201548137609187,0.0391161626943674,4.141906317396046,3.470483183892378e-05,0.007253317720891181,0.04264531107997443,0.17008476517591228,0.8649466547894673,0.7196685708761534,0.06894200492767112,10.438753146665473,2.177308003292e-25,0.7768946618359415,0.030887869227217264,25.152096317196598,1.0138236135388514e-135
-0.8099999999999999,0.1935735724777139,0.19245550274734757,10835,-0.6430806999939513,0.014859428354622686,-43.277620420296486,0.0,0.13186477570836483,0.13230904704742258,0.9966421696099246,0.3189605190001071,0.9997770251191549,0.037082356887042096,26.96098924252878,5.222027563337872e-155,0.7831142991408634,0.06347704926297852,12.336967584874746,9.801332498114152e-35,-0.07676096909923735,0.17184280373748073,-0.446692950939644,0.6551057130132099,-0.009160882811990973,0.021010965480547417,-0.4360048480624269,0.6628419113696546,0.9610460371791231,0.08877582858686674,10.825537226484391,3.589679241459221e-27,0.9528610879363401,0.035511919043444966,26.83214857441577,1.3503582129477233e-153,-0.11618424914008799,0.049378851122788704,-2.3529151954381557,0.01864468578525453,0.15394084249376436,0.04706603864840012,3.2707414287349876,0.0010760156552453485,0.8838413470330173,0.03848145003684741,22.967984475291512,5.060010424420255e-114,0.8183994931249999,0.06524869088113963,12.542772614638944,7.728521434865005e-36,0.144489375948375,0.0406826744096005,3.5516194066700213,0.00038449603857497846,-0.04298120234487862,0.04435315701385381,-0.969067485578385,0.3325331818928341,0.6392435901822097,0.0717029725418693,8.915161638646683,5.653132155790549e-19,0.7847318885125094,0.032124856847426525,24.42756063441799,2.506150966268561e-128
-0.756,0.18588123710981863,0.18475250234289453,10835,-0.6990137464029177,0.01570965939143811,-44.495792619404966,0.0,-0.03499149586907341,0.13987954407910647,-0.2501544889886442,0.8024726287293862,1.0693120762980475,0.03920414582745049,27.27548461339826,1.757835253771775e-158,0.7916753668591541,0.067109097288033,11.796841245848896,6.355993852538765e-32,-0.03662331976339216,0.18167535460714687,-0.20158661499566682,0.8402436999672271,0.013396136756142258,0.02221317693435892,0.6030716270675073,0.5464736819500517,1.0031839781418956,0.0938554294289865,10.688608898230349,1.560835938684329e-26,0.9924806376558759,0.037543850220543074,26.435238576378477,2.7861599596940763e-149,-0.12963292816108452,0.05220422439993918,-2.483188470878528,0.013036252540144521,0.07480854367998858,0.04975907675752596,1.5034150260570087,0.13276124238132608,0.8760091494123863,0.04068329269069426,21.53240535549772,9.896114789652722e-101,0.883359869379568,0.06898210920483053,12.805637281350482,2.8418706718865335e-37,0.08971762482836629,0.04301046735144259,2.085948615607338,0.03700664616728177,-0.08708781683435594,0.04689096868291406,-1.8572407284494563,0.06330406781699681,0.5650259469252003,0.07580569380624792,7.453608278678279,9.775982497955616e-14,0.7936666744262106,0.033962986127577297,23.36857752863399,7.192052058147555e-118
-0.702,0.17360125104658675,0.17245549069587962,10835,-0.7497948958834817,0.01665863285532557,-45.00938956967174,0.0,-0.07636694619519536,0.14832924831292923,-0.5148475237606849,0.6066700908720202,1.1371341709690952,0.041572350836713845,27.353136112881458,2.41052958807462e-159,0.8386513947329091,0.07116295682279121,11.784943068362162,7.307423998379876e-32,0.030854934075090778,0.19264981855118943,0.16016072222197417,0.8727574590651042,0.017857875022094113,0.023555008411038313,0.7581349456757392,0.44838671473164726,1.0289351422209028,0.09952495476690773,10.33846380167385,6.16601539768345e-25,0.9865125210373398,0.039811761745784574,24.779423913381468,6.802237540531683e-132,-0.12038387361755135,0.05535772521265371,-2.1746535493484096,0.029677680342066262,-0.029542337567726392,0.052764873525861164,-0.5598864470554843,0.5755684851148384,0.8601147058724261,0.04314084853102501,19.937361808121814,6.937215165391254e-87,0.924213937225888,0.07314911177867682,12.63465700065136,2.4542123969750593e-36,0.012046907043256382,0.04560860084173086,0.2641367378284871,0.7916795871420303,-0.12500272482625294,0.0497235116341836,-2.5139560887392527,0.011952927563710525,0.5542803289440656,0.08038488868509513,6.895329930920705,5.673622515071967e-12,0.7445955426818309,0.03601458837982055,20.674831399684624,3.6415811366309157e-93
-0.648,0.16028130045893108,0.15911707266587116,10835,-0.8014902268753747,0.01778943158456674,-45.054290974125855,0.0,-0.06351521967530871,0.15839793323793117,-0.40098515414277436,0.6884389728365674,1.2103175154002859,0.044394308791246444,27.26289806856804,2.424596987548232e-158,0.9248370308853004,0.07599354417309295,12.169942077958218,7.476954494064409e-34,-0.02772995049321632,0.2057270123340264,-0.13479003159873285,0.8927803949202697,0.026736655551360487,0.025153937555451984,1.0629212819034553,0.28784137500796864,1.0517195924067277,0.10628077280765563,9.895671292399278,5.442220892876829e-23,1.0031899608154553,0.04251420977870303,23.596580203120485,4.3689156218332176e-120,-0.1262908033375542,0.05911544325997467,-2.1363419839746345,0.032673922503017136,-0.08450014332135658,0.056346587130440676,-1.499649714821969,0.13373434117497066,0.8142601474548952,0.04606927711942945,17.67468904154968,6.090582776586359e-69,0.8434523543826614,0.0781145206068091,10.797638490648808,4.850001197214316e-27,-0.04743359105417102,0.048704542046642485,-0.9739048774700658,0.3301255456330229,-0.13586047719317704,0.05309877563439645,-2.558636721280048,0.010521838133205232,0.6102020171423084,0.0858414667107186,7.108476130756926,1.2472712295909854e-12,0.7116539347772097,0.038459281838625334,18.50408797967941,2.760400208828408e-75
-0.594,0.14043568792080674,0.13924394518292083,10835,-0.8413931153706905,0.019336337615240885,-43.51357181038798,0.0,-0.15262657668063254,0.17217165709230378,-0.8864791061330562,0.3753791121467679,1.2242737315511185,0.04825468081439571,25.371087548171776,5.416185641137298e-138,0.9348163450629241,0.0826016739053349,11.317159820928861,1.5810589672431225e-29,0.01062381047741579,0.22361630545389033,0.047509104740156884,0.9621083509053803,0.04885838530682065,0.02734123496935512,1.7869853121697905,0.07396784941261533,1.0560319029075198,0.11552257278419352,9.141346816091792,7.269755844432303e-20,0.9944865973030229,0.0462110950436081,21.52051571953779,1.2655593554869526e-100,-0.17560024995110238,0.06425591305239706,-2.7328263129326373,0.006289542073891844,-0.20942622183775247,0.06124628699019354,-3.4194109084732727,0.0006298846860382857,0.7617884325134396,0.050075298462273814,15.212858553151966,9.949466385319433e-52,0.8430504654070019,0.08490708294560378,9.92909467808601,3.906287451993167e-23,-0.1536528174084452,0.05293971670385504,-2.9024110247506534,0.0037104992201945288,-0.17017086762660827,0.05771605729737668,-2.9484146283558235,0.003200911476439428,0.6391906405110989,0.09330593694437832,6.850481989073581,7.759901840763723e-12,0.6766286298958746,0.0418035649164039,16.185907380123044,3.0563121458690493e-58
-0.54,0.12882018044439658,0.12761233338890776,10835,-0.8865344578138712,0.020987164830251776,-42.241744656047274,0.0,-0.20805979495854734,0.18687070004640857,-1.113389070126438,0.26556610276149156,1.2831356354228047,0.05237439272288454,24.499293809704636,4.738436003615692e-129,0.9783284848130318,0.08965373795188435,10.912300001792277,1.401389702566738e-27,0.13968670000845113,0.24270740171570288,0.5755353937333736,0.5649412304512729,0.08063736985383713,0.029675475076118823,2.7173067877430412,0.0065920298657008705,1.0345079538204511,0.1253852371053785,8.250636021456112,1.758292868520974e-16,1.0051346264187073,0.05015633714950276,20.040032497242915,9.539064488752377e-88,-0.20666916033204608,0.06974171972907932,-2.9633505043305357,0.0030497245031931696,-0.3280279574198375,0.06647514880434012,-4.9345953084714385,8.151362891214462e-07,0.7380640330647252,0.05435044441525705,13.57972397475997,1.1586286091999528e-41,0.8384367158083519,0.09215596978564895,9.098018476269326,1.0809830431526885e-19,-0.26843696289924857,0.05745941049637584,-4.671766740735703,3.0221994167304114e-06,-0.23482009371550114,0.06264352805350056,-3.748513230528038,0.0001788120985272423,0.6191173870208673,0.10127187046782188,6.113419098125433,1.0088217225962522e-09,0.6398826909372933,0.04537251701176244,14.102869602129616,9.077879620669756e-45
-0.486,0.11609706585951418,0.11487157884480792,10835,-0.9124864629885754,0.022885800276273266,-39.87129363942719,0.0,-0.3304543107598736,0.20377623911281634,-1.6216528099575174,0.10490684761550498,1.3449251856760518,0.05711252096897244,23.548692350784346,1.2808859794976302e-119,0.9412290669319577,0.09776439825881669,9.627523758088234,7.485563715067636e-22,0.09301160960628001,0.2646642920168156,0.35143240857127206,0.725270816075985,0.09801689098373173,0.03236011158194315,3.028941687531908,0.0024599088569793835,1.0416550944044434,0.13672840124887106,7.618425176408213,2.7823756940245993e-14,1.008685940588645,0.05469380566060835,18.44241643830468,8.356415774990509e-75,-0.2577230415483064,0.07605100934561955,-3.388818159888774,0.0007044505988389909,-0.4441530843649594,0.07248892316692318,-6.127185574852452,9.255971223588158e-10,0.6554863225624352,0.05926733915108544,11.059823706467688,2.7847548478257455e-28,0.8472981619968587,0.10049299826056274,8.431414891214073,3.848678090908468e-17,-0.36205684188756343,0.06265756252683329,-5.778342266865416,7.752271530627081e-09,-0.2637322252055077,0.06831066907937063,-3.860776490112774,0.0001136850417783146,0.614867762733216,0.11043358261475966,5.567760713497288,2.6418957141400424e-08,0.599376629670729,0.0494772100358326,12.11419619733299,1.4644507315189254e-33
-0.432,0.10058376551400439,0.0993367700876906,10835,-0.947623324402481,0.024916508793582214,-38.031946299256894,3.5865239499866685e-297,-0.48667104928851523,0.22185776300082288,-2.193617400202084,0.028284125408776357,1.3710235709941283,0.0621802433722357,22.049183094807706,1.9984717777812344e-105,0.9451732853388234,0.10643925313988412,8.879931580285161,7.74641637783217e-19,0.10718659412794147,0.288148549745976,0.3719838056531407,0.7099121921070746,0.1427339845184655,0.035231497044423514,4.051317613284833,5.128579318898534e-05,0.9493689793319685,0.14886061972593154,6.377569709704684,1.8726072544015276e-10,1.007433448970626,0.05954691001607135,16.91831614266342,2.1466857816225574e-63,-0.30247267068501726,0.08279918640579448,-3.653087473620991,0.0002603302263195779,-0.5203138472008109,0.07892102831110019,-6.5928417094335945,4.515838096037937e-11,0.5718258079210835,0.06452626341676317,8.861907968043441,9.09686881032047e-19,0.7849363406179855,0.10940996795505094,7.174267164948462,7.745175211363945e-13,-0.4678001116363437,0.06821730893556924,-6.85749876293387,7.389831490910719e-12,-0.26946453909222606,0.07437202834354141,-3.623197391464271,0.0002923167755902758,0.62289609665993,0.12023260271043151,5.180758651296225,2.2496308739694907e-07,0.5061804594783776,0.05386743413197727,9.396780589886948,6.75712758684676e-21
-0.378,0.08864617664307572,0.08738263034948546,10835,-0.9717883390811108,0.026908641563057098,-36.11435890599844,9.27149611666115e-270,-0.5730957768174676,0.23959580662072882,-2.391927408498667,0.016777123775259493,1.3272448199822704,0.06715169830045019,19.7648734666979,1.9037397280371796e-85,0.9716450235249713,0.11494931873113626,8.452812372012627,3.2085544130405106e-17,-0.10698258610631084,0.31118669578726554,-0.343789074387186,0.7310115981939,0.13968793772251864,0.038048337090567194,3.671328326124128,0.00024245480823961921,1.0531221837674516,0.16076237213824182,6.550800226198809,5.982786335625962e-11,0.9628856477134524,0.06430782382413029,14.973071555752876,3.498151375731742e-50,-0.3555100272740417,0.08941917373593473,-3.9757695404780224,7.060828750183232e-05,-0.6461649956596597,0.08523094789099307,-7.581342360360447,3.699994076069418e-14,0.4474220520117279,0.06968528809831934,6.420609919563765,1.4141740809467575e-10,0.8360252204551265,0.11815754909798352,7.075512540987481,1.5810856737278358e-12,-0.5839339915791226,0.07367144128219007,-7.9261920415324845,2.4817151196620048e-15,-0.32707257494953373,0.08031824480680633,-4.07220769995981,4.690136254060791e-05,0.6578015476559345,0.1298454786475451,5.066033523134701,4.1289178185980974e-07,0.34919323672426006,0.05817426064731484,6.002538456677023,2.0048775269445637e-09
-0.324,0.07922343387307573,0.07794682341999293,10835,-0.9848870907922009,0.02859274224242593,-34.44535268571843,8.284115501813502e-247,-0.7628772977700464,0.2545911180621605,-2.996480409751701,0.0027373509277051756,1.250603106081156,0.07135444560241064,17.52663195015989,7.734153693166381e-68,0.8825197969828612,0.12214352157911153,7.225268975164263,5.337833868360325e-13,-0.23497803995804004,0.3306625851426529,-0.7106278439596271,0.477330202086107,0.16653176990238727,0.04042962527982496,4.119053014955578,3.8326319327491646e-05,1.0158803174097326,0.17082382468316173,5.946947501579204,2.81636158887762e-09,0.9438877443507792,0.06833258477451716,13.81314269708084,4.9200584964043375e-43,-0.3842114896077453,0.0950155503082859,-4.0436695715715905,5.2986024611287716e-05,-0.730783596182913,0.09056520071494589,-8.069143450397195,7.828157070812141e-16,0.2827550060569641,0.07404660231603565,3.818608784372679,0.00013495569643888898,0.8424703076647068,0.12555254182707257,6.71010156707992,2.0420993992780184e-11,-0.7487524684727841,0.07828223235548429,-9.564781763921275,1.368533614910178e-21,-0.3286113475285103,0.08534503184575366,-3.8503863719029163,0.00011861100232796629,0.6439111462708944,0.1379719705884656,4.666970715316616,3.0934330173077374e-06,0.21327732423740012,0.061815147224526065,3.4502437317301933,0.0005622177776820574
-0.27,0.07533396738376585,0.07405196438078565,10835,-1.012148031582733,0.030170137946179783,-33.54800807965459,7.917099156095508e-235,-0.8408223688924578,0.26863632339574545,-3.1299652938362628,0.0017529203400546037,1.1836327902465698,0.07529090594548234,15.720793572382178,4.424969899641693e-55,0.865555018602537,0.1288818982114296,6.715877331218398,1.963138140153294e-11,-0.283358290394092,0.3489044780249044,-0.8121371556998653,0.4167308034570343,0.19884130747978204,0.04266003454522752,4.661067662028579,3.183321856059688e-06,0.9523241528392337,0.18024778146455084,5.283416778289315,1.2926035810948476e-07,0.9713385765617699,0.07210233601893554,13.471665832112246,4.914873654925505e-41,-0.41281000164293585,0.1002573392761069,-4.117504061284377,3.858433620237077e-05,-0.8244095253203958,0.09556147415056582,-8.627007197706718,7.178007599826577e-18,0.11645814900353907,0.07813158274150793,1.4905387158075565,0.13611179708754018,0.8931244901025459,0.1324789862511243,6.741631373971706,1.6459459185907426e-11,-0.822743745457315,0.082600882730144,-9.96047158654718,2.858541948136641e-23,-0.4266109068256481,0.09005332059360498,-4.7373145600134965,2.193239339766066e-06,0.6806429948044868,0.14558356627940877,4.6752735366997005,2.9711131954432586e-06,0.11280065938834179,0.06522534645732991,1.7293991602196457,0.08376620364889102
-0.216,0.0712647344156423,0.06997708962557259,10835,-1.0116877515817273,0.03153956453296148,-32.076782497248146,9.622101555350331e-216,-0.9355510157075901,0.2808297619570697,-3.331381293734128,0.0008670558296299262,1.0601901405850769,0.07870837021192197,13.4698525421187,5.035034872222869e-41,0.9189301809008482,0.1347318647671169,6.820436891370966,9.560734352878743e-12,-0.43395764914568774,0.3647412988345022,-1.1897683386344242,0.23416356526729667,0.2256871158606754,0.044596379205085385,5.0606600778688335,4.2467215901444223e-07,0.8925035938444853,0.18842925231451185,4.736544792709711,2.201565151698091e-06,0.9712324101388459,0.07537507067097914,12.88532669346855,1.0306131628666215e-37,-0.455128146790702,0.10480803328253184,-4.34249296104822,1.4215741511950332e-05,-0.8618677419857668,0.0998990222124038,-8.62738916656538,7.154247166977333e-18,-0.052309613145871,0.08167798570673213,-0.6404371103578709,0.5219020262807383,0.9026349413707123,0.13849222511286935,6.517585666885464,7.46266559563248e-11,-0.9292804073702869,0.08635014781816193,-10.761769734629597,7.133213979359855e-27,-0.47534175323027106,0.09414085283057554,-5.049261175546597,4.507455821143003e-07,0.5777529203474636,0.15219162377709622,3.796220225586498,0.00014772126461540084,-0.008992514097437794,0.0681859336356204,-0.13188224635146883,0.8950798836906522
-0.162,0.07122497363023761,0.06993727371383629,10835,-0.997310038093178,0.03275331739117357,-30.44913057759258,1.8669135609593776e-195,-1.0668689297584846,0.2916370743373719,-3.6582074901914154,0.00025519184114274805,0.973793674350909,0.081737343843124,11.91369365047978,1.6036030451597902e-32,0.9368519863849789,0.13991681859811952,6.695778218599163,2.2515794565504196e-11,-0.48560465248705126,0.37877782091475165,-1.2820303240414443,0.19985947982303617,0.218291795086965,0.046312604001705934,4.713442480559378,2.4660515153819695e-06,0.901784965479811,0.1956806696043254,4.608451960550107,4.103180965751229e-06,0.9941721791791877,0.0782757672664958,12.700893442467999,1.0681327895613226e-36,-0.4729508391663766,0.10884141331944754,-4.345320634327622,1.4034153601360289e-05,-0.9347720380463982,0.10374348631767638,-9.01041666542805,2.397559838977284e-19,-0.2000574573396167,0.08482124053832454,-2.358577357156493,0.018362818206300875,0.8954029919671617,0.1438218907743982,6.225776807313069,4.969401782629448e-10,-1.0435676257156916,0.08967320380429634,-11.637452231473558,4.0724130931003205e-31,-0.5286557314485624,0.09776372241960299,-5.407483659220402,6.527630112084955e-08,0.5704654739193564,0.15804849025863368,3.609433237773011,0.00030825276738468186,-0.07905396324190027,0.07080996706999462,-1.1164242339465653,0.2642653789734027
-0.108,0.07428149529987493,0.07299803309722208,10835,-0.9672883883436034,0.033808321028229574,-28.610956087879323,1.289429801954076e-173,-1.273449118935556,0.3010308762064068,-4.230294031574338,2.3530825864950398e-05,0.9556210829820804,0.08437015181209728,11.326530324496348,1.422534588779219e-29,0.9591807039361374,0.14442362170277542,6.641439209370724,3.2553454856626695e-11,-0.6701702126810395,0.3909784775361447,-1.7140846649777146,0.08654182032934239,0.24173870762523086,0.047804360243670636,5.056833861870109,4.3325748773947897e-07,0.8118946563024725,0.20198365918148956,4.01960564331076,5.869088824291786e-05,1.0259912337383834,0.08079707581589349,12.698370867730858,1.1025995478726286e-36,-0.5729941591338843,0.11234725932408085,-5.100205938099524,3.450299303681218e-07,-1.0220132168042355,0.10708512509212044,-9.543932604318707,1.6709493868165332e-21,-0.2734489817483615,0.08755338263552932,-3.123225779712998,0.0017935257258341725,0.9434609088918032,0.14845447855300745,6.355220253964445,2.1650177133475585e-10,-1.1072574832772242,0.09256163049494635,-11.96238092778279,8.999729240286367e-33,-0.6045045389529731,0.10091274947823643,-5.990368333818363,2.1602887404516807e-09,0.5908854282139728,0.16313932518270163,3.621968078832209,0.0002937080415124594,-0.08799147804195034,0.07309079779948865,-1.20386533860718,0.22866796913519774
-0.054,0.0769398130830029,0.07566003650441389,10835,-0.7887250904794003,0.03475778779033019,-22.692039413936122,2.086255572512749e-111,-1.3325018539639186,0.3094849727906575,-4.305546217474192,1.6804178209225355e-05,0.9558727128664055,0.08673958786874385,11.020028297953779,4.315062023688952e-28,0.8804674686340829,0.14847958852687412,5.92988893200443,3.1240718656368045e-09,-0.6113137825192259,0.40195864625872946,-1.520837499601241,0.1283298449463942,0.21358918868655274,0.04914688923518578,4.34593505327368,1.3994990439520212e-05,0.7931181615165612,0.20765613166896243,3.8193823372426117,0.00013453377930432452,1.0188463971648658,0.08306616625366053,12.265479955504357,2.3463138005364947e-34,-0.6169673564569244,0.11550239939898266,-5.341597747469466,9.399941531319442e-08,-1.156591945997687,0.11009248434268654,-10.505639443992797,1.081620348996021e-25,-0.3801758139143643,0.09001221596985848,-4.223602427937894,2.4239629744096262e-05,0.8806255312548599,0.1526236472305459,5.769915391450642,8.14881501734618e-09,-1.1903184841237038,0.09516111455472584,-12.508454631846163,1.1837752183801859e-35,-0.7435618124732007,0.10374676485042153,-7.1670843283184995,8.160403255662571e-13,0.6019351263017441,0.16772090043227297,3.5889094606000533,0.00033353225351116816,-0.1825565363874767,0.07514346652172674,-2.429439907921907,0.01513833838417249
0.0,0.0804408053300244,0.07916588270131109,10835,-0.42355065296108085,0.03594767998218152,-11.782419704721574,7.526702200389988e-32,-1.3796235026122428,0.3200798286785047,-4.310248191234717,1.6451414798843462e-05,0.9332425638194997,0.08970901615779435,10.402996307282711,3.1592686487426023e-25,0.583032884798267,0.15356261349103995,3.7967111365442197,0.0001474295551605595,-0.6173192472532782,0.4157192301461613,-1.4849427269367286,0.13758813091676833,0.2552848796843918,0.05082937547704606,5.022388673645526,5.184688396020495e-07,0.7029108778205798,0.2147649963399094,3.272930364816434,0.001067725612865542,0.9979419907548395,0.08590983925231302,11.616154790185702,5.210021921445489e-31,-0.6667749073194551,0.1194564888828703,-5.581738702978642,2.4386292675108894e-08,-1.2554750024536177,0.11386137171524026,-11.026347070483899,4.025602107290486e-28,-0.5589358910322515,0.09309367885236008,-6.00401550269255,1.986773851681023e-09,0.683611745296828,0.1578485391951036,4.330808183481962,1.4990158024368768e-05,-1.3412720480610485,0.09841884395510038,-13.628203646376395,6.03715039927825e-42,-0.8716762338240399,0.10729841394184317,-8.123850127891894,5.007506546368724e-16,0.5125342123979212,0.17346262919356534,2.954724108476351,0.0031362299034065266,-0.35808606932137055,0.07771591516610564,-4.607628547589222,4.1194263134317665e-06
0.054,0.08734135787799335,0.08607600251873382,10835,-0.22696296304089172,0.036809122071641574,-6.165943393030505,7.25639632721388e-10,-1.5073350890359416,0.32775014944878816,-4.599037076172155,4.292648640209807e-06,0.8886016954029186,0.09185878277307194,9.673562707641373,4.796252715322356e-22,0.4448791784397917,0.15724255330062542,2.82925435323634,0.004674247032474072,-0.7584699631918057,0.42568143194676,-1.7817783588142684,0.07481342369759814,0.3418052314472401,0.05204743915844637,6.567186339498727,5.362615586974416e-11,0.5187812796991276,0.21991157623829607,2.3590448878278987,0.01833971171418249,1.0578049269749035,0.08796856324972742,12.024806225059963,4.276984483165191e-33,-0.776548870178388,0.12231911722032712,-6.348548680085964,2.2606401384144286e-10,-1.292829441699878,0.11658991992774753,-11.088689678327794,2.0249341270300103e-28,-0.7583858027518146,0.09532455476050913,-7.9558284290670205,1.956917046707298e-15,0.5663894924030661,0.161631185960899,3.5042092219757897,0.0004598170843851438,-1.4095485775669294,0.10077733091784595,-13.986762347536258,4.539413872407637e-44,-0.9090567198923999,0.10986968891557243,-8.273953707022413,1.4479756775762008e-16,0.38534842336663677,0.17761944848787886,2.1695170582231245,0.0300651486331602,-0.4866174635549569,0.07957828181614189,-6.114953131046994,9.991981726791782e-10
0.108,0.09394448692614166,0.0926882864735945,10835,-0.07651905712653298,0.03765131546217374,-2.0323076680656107,0.042146894962482494,-1.5158025961922919,0.3352490789009621,-4.521422105502888,6.207842958373137e-06,0.8777860455681941,0.09396051341373324,9.342073746479732,1.1298951667173653e-20,0.22241863185998598,0.160840265814454,1.3828541673548902,0.16673812553364475,-0.8465626572251337,0.43542103094507545,-1.9442392467531504,0.05189249273856827,0.36244335210124506,0.05323828552441116,6.807945607772347,1.0424642802576722e-11,0.2799647213850988,0.22494315715046598,1.244602080506181,0.21330501524292508,1.1602162208545748,0.08998128559608864,12.893972487374727,9.2288133345128e-38,-0.9051263582045062,0.12511778087381464,-7.234194467670071,4.99988996470099e-13,-1.303627367580865,0.11925749944172545,-10.931198236450326,1.1406860427793181e-27,-0.9380968938427023,0.09750558232803629,-9.620955759093667,7.975021855502182e-22,0.4715062770206162,0.16532931047077473,2.851921874457732,0.004353810050225065,-1.4891382106459337,0.10308311810422037,-14.445995018702934,7.244759131306098e-47,-0.9692708101402289,0.11238350942029478,-8.62467113849706,7.325026903385314e-18,0.29461772841952405,0.1816833847386624,1.6215997343032167,0.10491821907022336,-0.5691618983828537,0.08139903436886563,-6.992243861317264,2.864791035926801e-12
0.162,0.1037415954279226,0.10249897817414866,10835,0.06472204009409603,0.03849502034100191,1.6813094140687888,0.09273169330966971,-1.545341006119516,0.34276146671581964,-4.5085027232677355,6.597304548030158e-06,0.9588912508576446,0.09606601603990336,9.981586521287046,2.3155180275186528e-23,0.09402544393340691,0.1644444351592411,0.5717763805285148,0.5674853595181014,-0.8125296987551828,0.4451781096458668,-1.8251789141239205,0.06800159231550863,0.35634559221726964,0.05443126910774755,6.546707399231827,6.1483255424331e-11,0.1534948042697181,0.22998376826370923,0.6674158155966659,0.5045208013424054,1.3344956351375221,0.09199762018436941,14.505762567152315,3.0879826631927163e-47,-0.9683903093626933,0.1279214673016486,-7.570193883714255,4.029975731312363e-14,-1.3621001202060148,0.12192986647275036,-11.171177002071312,8.111026617641227e-29,-1.0820694323909188,0.09969052419562639,-10.854285711925177,2.6305679112101176e-27,0.3518746551260463,0.16903407202147347,2.0816788646098843,0.037395263042663614,-1.5874970334918324,0.10539304349731127,-15.062635832623354,9.313206156434295e-51,-1.065150239694859,0.11490184149007315,-9.270088502340336,2.2126929817222393e-20,0.1422709939761701,0.18575461455425876,0.7659082619162221,0.44374759863361923,-0.6101381264614214,0.08322305463444997,-7.33135943088607,2.44103434798927e-13
0.216,0.11412895788703448,0.11290074218949364,10835,0.1932873331573178,0.03939342728475778,4.906588395067242,9.402470186322217e-07,-1.716325499203678,0.35076092428258043,-4.893149094968657,1.0066595992408755e-06,1.0641837592309573,0.09830803007456759,10.824993222056872,3.610829886151141e-27,-0.0981559070017867,0.1682822827847355,-0.5832812900889064,0.559716113628481,-0.744056290957704,0.4555677938536177,-1.6332504206756613,0.10244543803319085,0.30199900835195687,0.05570160043088127,5.421729465865167,6.029402033702736e-08,-0.002522935577569093,0.23535119014136913,-0.010719876011902184,0.9914471379028811,1.4677266800634774,0.0941446849228862,15.59011728878471,3.2977849163823684e-54,-1.0314441330442987,0.13090693226467998,-7.879217052912276,3.6102683970933865e-15,-1.5223968038639626,0.12477549787442202,-12.20108779206115,5.129197924900187e-34,-1.1971852721253922,0.10201712795815558,-11.735139932741905,1.3082923021169378e-31,0.17900494864841573,0.17297903380328788,1.0348360995701973,0.300768590614603,-1.7059490748327426,0.1078527341602279,-15.817392930422653,9.922939922944659e-56,-1.1925518453002586,0.11758345098996648,-10.142174219754958,4.599160575621349e-24,-0.01868584911249974,0.1900898047703421,-0.09830011207110838,0.9216958102364956,-0.7085522283702292,0.08516533624650892,-8.319725601967246,9.875513935814896e-17
0.27,0.11982124406246708,0.11860092043375259,10835,0.2545332956156571,0.04042266904665079,6.296795872679921,3.15645214792202e-10,-1.838963227514864,0.3599253412068096,-5.109290780551664,3.288847055638816e-07,1.2325169974343853,0.10087654815121967,12.218072684116553,4.174670205622081e-34,-0.2260391422748599,0.17267903536929052,-1.309013232506504,0.19055767028222226,-0.8822289844719218,0.4674705256321506,-1.8872398067854697,0.059154823658779596,0.23073902246452468,0.0571569298429003,4.036938707147612,5.4526424435213856e-05,-0.10911409528076019,0.24150026856132284,-0.451817697474127,0.6514093765865929,1.613187008391062,0.09660442625695352,16.698893320894246,7.911332505863561e-62,-1.0764340824181338,0.1343271698752379,-8.013524616188354,1.2292582150647169e-15,-1.5843377431583212,0.1280355379908868,-12.374203037840086,6.208507017179071e-35,-1.2472038106868695,0.10468255454731515,-11.914151465640339,1.5949331978477957e-32,0.027556523852315537,0.17749849955668107,0.15524933405713573,0.8766276529701564,-1.752955516161387,0.11067062906766091,-15.839392356662934,7.050985192567897e-56,-1.3029733992236634,0.1206555827288873,-10.799114054684402,4.773511578497763e-27,-0.12094445497880894,0.19505632784449528,-0.6200488664752751,0.5352386742453218,-0.7254286409477535,0.08739047192959999,-8.301003815749436,1.1551715362904356e-16
0.324,0.1267119824274585,0.12550121246132606,10835,0.34756791311262336,0.04148669107456444,8.377817177271046,6.058381971146734e-17,-1.8611149031937197,0.3693994432510464,-5.038217943195148,4.774743292392742e-07,1.4253594287354685,0.10353186191115267,13.767350479591112,9.180919788621424e-43,-0.378583076989653,0.1772243635656984,-2.136179639033148,0.03268715100850018,-0.8858222413636149,0.47977547600786535,-1.8463266374813474,0.06487208847869808,0.15799406577046018,0.058661437927969455,2.6933207120572384,0.007085322910529715,-0.24897147932049865,0.24785713740637008,-1.0044959040751833,0.3151621096596213,1.755569738115589,0.09914728747704595,17.706684497264025,3.507448206664847e-69,-1.0933337848785638,0.13786298458182256,-7.930582586725179,2.3960147158877726e-15,-1.680707037166965,0.13140574178967246,-12.790210034026508,3.4560560070429198e-37,-1.301967780972503,0.10743805156430007,-12.11831154805795,1.393689448089327e-33,-0.09685252071859209,0.1821706876606375,-0.5316580947370464,0.5949737361589478,-1.8087415398589282,0.11358374663135154,-15.924298973244793,1.8780479573039515e-56,-1.3999753910419483,0.1238315283267926,-11.305484232960444,1.8033070428589036e-29,-0.3323732978322286,0.20019068028596734,-1.6602835724292544,0.09688639801419978,-0.733242101954662,0.0896907996752902,-8.17522092131229,3.282995018504073e-16
0.378,0.13305808839070865,0.1318561169816932,10835,0.43665884274638034,0.042755733462972956,10.212872225067377,2.2398619350651317e-24,-1.9271712066568423,0.38069905620155947,-5.062190660216688,4.2128398201365514e-07,1.6330669353945066,0.10669881299626013,15.305389905806607,2.4829155687303513e-52,-0.512692141111706,0.18264550523301934,-2.8070339889153737,0.005008940212148049,-0.8436860469852934,0.4944513973745165,-1.706307336707258,0.08797957201067487,0.10925414863970324,0.06045584112975264,1.8071727495316425,0.07076311541750555,-0.38760974651430896,0.25543887519965297,-1.5174266102266158,0.12918822746790376,1.8806188749276094,0.10218011818118561,18.404939320904866,1.63536791425672e-74,-1.1368359286485687,0.14208009533940014,-8.00137363318135,1.3560832155941597e-15,-1.8049902769761381,0.13542533101436238,-13.328306185086687,3.2862375176581447e-40,-1.2904621489618155,0.11072448964918048,-11.654713000263232,3.334296055683387e-31,-0.2062317913011718,0.18774313315047836,-1.0984784787621211,0.2720200549454688,-1.8565217522768491,0.11705817627073564,-15.859821256594929,5.131896583977908e-56,-1.4828088664537558,0.12761942884133753,-11.618989991698312,5.042057331087628e-31,-0.4219876608206792,0.20631434193424444,-2.0453627065595525,0.04084324923189414,-0.7705937600436914,0.09243436450753069,-8.336658818927788,8.56743242873126e-17
0.432,0.1407779859145477,0.13958671775563458,10835,0.529987060477201,0.04414803180713057,12.00477209929889,5.432545301928146e-33,-2.045731923012326,0.39309614596335307,-5.204151564495477,1.9845503822111442e-07,1.8647319099615074,0.11017335473899337,16.925434596950943,1.9082118709008756e-63,-0.6184504519962951,0.18859317619799035,-3.279283293617308,0.001043998949751856,-0.9741603671885679,0.5105527200761172,-1.9080504889746401,0.056411134246947554,0.0053722026046316524,0.06242452604478293,0.08605916528349243,0.9314209770373002,-0.3970418069018766,0.2637569905532805,-1.5053318817029488,0.1322679652333029,2.0052047436607032,0.10550751307835649,19.005326589126526,2.990518229109851e-79,-1.2328488905674122,0.14670679368969541,-8.403488751686941,4.876733646241794e-17,-1.9710902186176533,0.1398353235196151,-14.095796176573101,1.001675830444365e-44,-1.2415591128673302,0.11433012358666765,-10.859422468184158,2.488229620919547e-27,-0.30350775373926014,0.1938568033472192,-1.5656285902726037,0.11746483928657837,-1.9457873758894944,0.12087006047412553,-16.098174918229862,1.2247854861752966e-57,-1.6297034701461202,0.13177522983144363,-12.367297497645854,6.757810956445103e-35,-0.5702497305730296,0.21303276525166406,-2.6768170140371175,0.00744372867629726,-0.7768334980857967,0.09544439853626624,-8.139120891317907,4.4180779230770276e-16
0.486,0.14922628389121806,0.1480467288730435,10835,0.5755514279891337,0.04552323034974892,12.643026946182173,2.2098267123320063e-36,-2.0374370276940708,0.40534097829017907,-5.026476810433641,5.075675796084241e-07,2.1503076051608048,0.11360522317503921,18.92789385086354,1.2437935092744323e-78,-0.6318933644276022,0.19446779960562668,-3.249347016364961,0.0011602352105639672,-0.851726690328173,0.5264562910358789,-1.6178488220784248,0.10572433314122243,-0.0959097704777608,0.06436903214678681,-1.489998641878732,0.13625374391798384,-0.4212696514337577,0.2719729452440554,-1.5489395500560934,0.12142550169398446,2.1693462381895214,0.10879404188341202,19.939936053798593,6.601314121385782e-87,-1.2966379054097013,0.15127666828242178,-8.571301312565788,1.1623899055421909e-17,-2.1175382398319167,0.1441911537851827,-14.685632122665751,2.3245049825610054e-48,-1.1741429361249973,0.1178914741814266,-9.959523742302812,2.8856751968993695e-23,-0.3237830971131159,0.19989538723255315,-1.61976272487186,0.10531240164288433,-1.9444213103595975,0.12463512822927204,-15.600909133601125,2.795401890962685e-54,-1.8071316766814727,0.1358799904877982,-13.29946867227482,4.804730133154053e-40,-0.6287869046192832,0.21966867485651148,-2.8624331850228963,0.004212089673362417,-0.7382356838704156,0.0984174642063639,-7.501063859179168,6.826462823642202e-14
0.54,0.15656495778869195,0.15539557747321275,10835,0.5805139980292552,0.04704284709120073,12.340111917627517,9.431094545286107e-35,-2.2017690380202506,0.4188717170333185,-5.25642803867112,1.4967787965081613e-07,2.4434574887346674,0.11739749357691569,20.81354051339929,2.2733762965878543e-94,-0.6941972154273075,0.2009593539545512,-3.45441603869958,0.0005535997472100759,-0.8837123853592851,0.544029995435904,-1.6243817303698678,0.10432349404779627,-0.20876002025407295,0.06651774299462862,-3.1384110593008328,0.001703228584150241,-0.3650915517673198,0.28105170871579355,-1.299019150018794,0.19396504029976044,2.3208701195306594,0.11242570963075925,20.64358879435241,6.785698479162856e-93,-1.3523341989924293,0.1563264539840704,-8.650706035526344,5.841794813238365e-18,-2.232178324185413,0.14900441702634074,-14.980618485899061,3.129934136769095e-50,-1.053681630019827,0.12182682447322585,-8.649011698169947,5.928568717721251e-18,-0.3279328900073234,0.20656812057427335,-1.5875290393098789,0.11242209785327824,-1.992321579183984,0.12879558929442664,-15.46886496733625,2.0962880249257e-53,-1.9142827486852554,0.14041581773000333,-13.63295659728385,5.6627024653578985e-42,-0.5703172156517287,0.22700146282695766,-2.5123944513365504,0.012005926981233286,-0.6666740516024106,0.10170275009469386,-6.5551231503738165,5.812675741345092e-11
0.594,0.1655758042433113,0.1644189170137753,10835,0.5467768861954879,0.04812953511569636,11.360527062667783,9.689066935719366e-30,-2.4011556732722523,0.42854763817426433,-5.603007599112815,2.1581568204939673e-08,2.71082094157774,0.12010937132803293,22.569603950171103,2.9550257931178227e-110,-0.6916959667804354,0.20560150758376122,-3.364255325310012,0.0007701711031172762,-1.023752099770932,0.5565970681698414,-1.8393055916322967,0.06589763590663296,-0.2936931899719466,0.06805430039279387,-4.315571363996348,1.6060567019573925e-05,-0.3725948850849793,0.28754399277193043,-1.2957839302889147,0.19507757951835775,2.495180852657553,0.11502273935696436,21.692935384836805,3.5316038874084976e-102,-1.3553331050440178,0.15993758927796575,-8.47413738798137,2.6753672124067638e-17,-2.277759009761252,0.15244641353785215,-14.941374853634642,5.577731334440098e-50,-0.9130075659693079,0.12464101960390597,-7.325097057700066,2.557188514409787e-13,-0.36783924778407684,0.21133983650454963,-1.7405107047868762,0.0817978127143201,-2.029747065305967,0.1317707626342284,-15.4036223569577,5.638777376161224e-53,-2.034540451231986,0.14365941791604517,-14.162249024432043,3.9661046620207e-45,-0.4708016315418174,0.2322451882060533,-2.027174966157367,0.042668991907091586,-0.5600292640922137,0.10405207985298666,-5.382201536802235,7.511742625190743e-08
0.648,0.17397094692368564,0.17282569913774015,10835,0.4752646029654536,0.04920216222625387,9.65942514436604,5.499986645091177e-22,-2.276439114207116,0.4380983602779814,-5.196182685465141,2.071267018558723e-07,3.0124859975086475,0.12278615945010334,24.534410156649884,2.0932687877782582e-129,-0.7003411441584869,0.21018359528678404,-3.3320447449902533,0.0008649935379302913,-1.1040068478285079,0.5690015325707679,-1.9402528545759237,0.05237491695491282,-0.3079619733498061,0.06957097591055778,-4.426586939727996,9.667378778206289e-06,-0.2624029007245516,0.29395227162573007,-0.8926717908091276,0.3720528154865511,2.6826526517600526,0.11758616549994061,22.81435609669071,1.457679303139393e-112,-1.3942690951290384,0.16350199923630773,-8.527535453030858,1.694001259408835e-17,-2.2884803144369803,0.15584387324060822,-14.684441979337763,2.3648664986032033e-48,-0.7238699550341737,0.12741880119671173,-5.681029394686021,1.3734340530087716e-08,-0.35536264558280445,0.21604981007131366,-1.6448181346028792,0.10003637281833332,-2.061358335236571,0.1347074395009496,-15.302483239777116,2.5938899911378755e-52,-2.063383312644046,0.14686104839041486,-14.049901830734285,1.8947726082338323e-44,-0.359575081404629,0.23742106377949304,-1.5145037078032286,0.1299273465368017,-0.4375807804961567,0.10637101107665038,-4.113722113450988,3.922125983293184e-05
0.702,0.1825234283519901,0.18139003815190513,10835,0.40277873912790896,0.050036175470216535,8.049750712215374,9.165184515824138e-16,-2.2839786436570195,0.44552445332141266,-5.126494464287686,3.0028675467492393e-07,3.2549734469290583,0.1248674761752869,26.067424013277726,2.4715696980603964e-145,-0.6533462819651218,0.21374636355145454,-3.0566427943362116,0.0022437666608014287,-1.136373273552782,0.5786465317441143,-1.9638470313260297,0.04957340146843307,-0.2974591074433453,0.07075025569582405,-4.204353814948862,2.639355208306329e-05,-0.22001337544874117,0.2989349812575022,-0.735990731239386,0.46175229464650547,2.8606828080255413,0.1195793384601608,23.92288538189739,2.7205558358072493e-123,-1.4856176252248392,0.1662734797283722,-8.934783993525455,4.740915383713443e-19,-2.3350203821103004,0.15848554280129576,-14.733333658312773,1.164683797180943e-48,-0.5491281497883029,0.12957864464503885,-4.237798221246693,2.27594203321433e-05,-0.3111928971054682,0.21971201503959342,-1.41636722529439,0.15669680479295495,-2.1002452225470214,0.13699083078947602,-15.331283199345101,1.681306297685549e-52,-2.0572132418345337,0.14935045238889386,-13.774402480400616,8.341057664668004e-43,-0.21389050599270112,0.2414455273930483,-0.8858747904843544,0.3757046912202908,-0.33598152178095475,0.10817407882809746,-3.1059337451338287,0.0019016970728669832
0.756,0.1879939508927977,0.18686814529740003,10835,0.35864209579647743,0.05098076759760514,7.034850840757543,2.1153058655635707e-12,-2.3379269450170415,0.4539351459295441,-5.150354551704869,2.645684261982567e-07,3.4317464526692776,0.1272247473666526,26.973890879729794,3.767564340437322e-155,-0.6118060641900164,0.21778150673278796,-2.809265457698784,0.004974375898614707,-1.371144563743604,0.5895703274437188,-2.325667524158931,0.02005468438928716,-0.27497375045004824,0.07208589204118752,-3.8145293435910763,0.00013720143871618146,-0.17217362576111586,0.304578330838946,-0.5652852101686686,0.5718915084187768,2.9866888273044774,0.12183677921470126,24.513852438936542,3.3774731636621344e-129,-1.5242635975964958,0.1694124210736878,-8.99735443207851,2.69822402385644e-19,-2.3547899459832164,0.16147746204028962,-14.582777783537878,1.0240079903147329e-47,-0.4166797245086308,0.13202485414165085,-3.1560703264369505,0.0016034889405920091,-0.2975035648549729,0.22385977888742428,-1.328972834394619,0.18388495829805332,-2.1939876201753155,0.13957696889999543,-15.718836979095533,4.5606020044092676e-55,-2.0979571449743153,0.15216991771018823,-13.786937500813611,7.032514316352642e-43,-0.15151495825103536,0.24600358048614326,-0.6159055000403533,0.5379698481683689,-0.2747163829133369,0.1102162089926892,-2.49252251936518,0.012698769611858946
0.8099999999999999,0.19111177011638647,0.18999028722071654,10835,0.3140314042614427,0.0519832939648389,6.041006260085233,1.5819484097915342e-09,-2.29205627194678,0.4628616877266482,-4.951924803291123,7.45926868727238e-07,3.5906769524901043,0.1297265960011505,27.67880344642867,5.4970558710452684e-163,-0.5624536186779447,0.22206413551780008,-2.5328431237508857,0.011328168673330797,-1.5021238451320058,0.6011641073425671,-2.49869183270457,0.012479978537899162,-0.23151450547737465,0.07350344636377587,-3.149709529694517,0.0016387780675254338,-0.08776335005552684,0.31056780141663964,-0.28258998407175073,0.7774965649919786,3.101379078597413,0.12423267455754257,24.96427843675622,8.7269129466439095e-134,-1.5004852389112315,0.17274388168259514,-8.686184565820216,4.287283674055243e-18,-2.4113250083503255,0.16465288330281655,-14.644899985842383,4.186686519414507e-48,-0.2816328478362384,0.1346210958940684,-2.092040968510995,0.036458101311380435,-0.2948829076258547,0.2282619356511115,-1.2918619426612172,0.19643255456436332,-2.2612789553819947,0.14232172144443114,-15.888501996969596,3.28315156670101e-56,-2.1081785414495773,0.1551623080172228,-13.586924352888412,1.0518561768054081e-41,-0.06175804096577288,0.25084119057899046,-0.24620374677389809,0.8055291859679214,-0.20361590258169232,0.11238358819897853,-1.8117939268960181,0.07004575832044754
0.864,0.19416451155806835,0.19304726113505066,10835,0.2842823596147841,0.05275485364058208,5.388743215014774,7.244136042471871e-08,-2.260945042312888,0.4697316912692838,-4.813269115829684,1.5048978876441989e-06,3.7043872839796697,0.1316520571005109,28.13770909140845,3.5068645265859215e-168,-0.5511030486904921,0.22536011234662884,-2.445432969268468,0.01448366201038776,-1.6189095664914586,0.6100868582564165,-2.6535722652970812,0.007976111769214034,-0.21620028518566595,0.07459441792246164,-2.8983440210016624,0.003758923595894771,-0.13804466252155115,0.3151773898801828,-0.43799037289454656,0.6614020062149186,3.2091117897054557,0.12607659237781688,25.45366851357015,7.452508294190724e-139,-1.487833876847354,0.17530782488765237,-8.486979276600152,2.397519377058613e-17,-2.471278420741484,0.1670967362325141,-14.789507422231846,5.147467748402952e-49,-0.1337795085144943,0.13661920338541886,-0.9792145262118573,0.3274958879331661,-0.2838509358121507,0.23164990304645597,-1.2253445051312029,0.22047212101316843,-2.3106489702730153,0.14443412512018033,-15.997943480118547,5.929493002379805e-57,-2.1127578470159394,0.1574652975150085,-13.417291811959812,1.0127130407969914e-40,-0.006174372059532276,0.2545642895383805,-0.02425466694770387,0.9806499203292591,-0.12010054223039138,0.11405163649403866,-1.0530365536374298,0.29234775658343265
0.918,0.19670592221879146,0.1955921953339853,10835,0.26176293910985304,0.053805113316919305,4.8650197531977,1.1605902907506066e-06,-2.319618640066361,0.4790832526895644,-4.841786113465802,1.3045823217127675e-06,3.81752706389989,0.1342730263068997,28.431079338112188,1.5317171977436556e-171,-0.4969600017155523,0.2298466500264608,-2.1621372408879593,0.030629448630308455,-1.5770862051623427,0.6222326530425303,-2.5345603408160375,0.011272829580857697,-0.21685964180689715,0.07607946628896003,-2.850435897949587,0.004374190045922613,-0.14408865076788346,0.3214520372470316,-0.44824307850677353,0.653986752042987,3.3070390292433145,0.12858656353623493,25.718387196119526,1.2427843324513618e-141,-1.528452137598125,0.17879790640091534,-8.548490127009117,1.4148234564174472e-17,-2.5453184696027202,0.17042334889470082,-14.935268471783123,6.101622256655275e-50,-0.06636197979038944,0.13933906005124502,-0.47626257681071876,0.6338969405589958,-0.2516274980696652,0.23626165979313693,-1.0650373754674463,0.28688278461560596,-2.3888971389891758,0.1473095636255026,-16.21685028585343,1.869957135216215e-58,-2.137702138551567,0.1606001645649521,-13.31070951479012,4.1438540200288025e-40,0.03325744428818228,0.2596322328627826,0.12809443543074664,0.8980766204572095,-0.05981305146797705,0.11632221117226722,-0.5142014656117307,0.6071216456535147
0.972,0.19427188859347855,0.19315478704332634,10835,0.2238839260980427,0.054900260279498146,4.078012107014536,4.574772632634515e-05,-2.2974087576944697,0.4888344926119676,-4.699768106417425,2.6367021210540374e-06,3.898425782314459,0.13700601370997667,28.45441361841899,8.25399202370361e-172,-0.46826694983567646,0.23452493885660897,-1.9966616433998086,0.045886962692773335,-1.642768106586707,0.6348975497036181,-2.587453845669402,0.009681730137403961,-0.18359250158421972,0.07762798447402953,-2.3650298642706695,0.01804616082037056,0.09784289096290881,0.3279948581892034,0.29830617316100816,0.7654752217702143,3.3708210140560437,0.13120380892062253,25.69148747880764,2.3868979059958548e-141,-1.5017417190764237,0.182437151298646,-8.231556502535508,2.0602673188754929e-16,-2.5254490527134514,0.17389213840909545,-14.523077787289765,2.4105110535623146e-47,0.022703143848729956,0.14217516128729105,0.15968431928031424,0.8731327346952531,-0.2046735084414584,0.24107051945620034,-0.849019236790773,0.3958893733011325,-2.4411072054250864,0.15030789614852982,-16.240711685651274,1.2794783872761334e-58,-2.112058655606681,0.16386901340794233,-12.888700625473557,9.871597209734469e-38,0.0937201602636217,0.26491677616506065,0.35377208503106594,0.7235165888479439,0.053894001458419806,0.11868982845606364,0.45407430577229435,0.6497844546831029
1.026,0.19309822090659112,0.19197949212515097,10835,0.1902071744873133,0.056114568454874295,3.38962197740632,0.0007023906771151601,-2.332538509415079,0.49964674956234556,-4.6683752300164345,3.0724071754875707e-06,3.9611887917494863,0.14003637315958112,28.286856495743702,6.927785188565036e-170,-0.4352778860073062,0.2397122649117738,-1.8158348558740223,0.06942337654047179,-1.660884552150754,0.6489404937845097,-2.5593788152512413,0.01049941509004372,-0.17104717731486774,0.07934499447917132,-2.1557399863424145,0.031125954108006348,0.16092500055574577,0.33524959315316905,0.48001549842962005,0.631226076881463,3.4314803193765844,0.13410583264513115,25.587852904630303,2.9333813297480857e-140,-1.5633219051272829,0.18647237669077424,-8.383664824092032,5.766565038131261e-17,-2.5624120460419086,0.1777383614366147,-14.416764199526614,1.0980495772861302e-46,0.08922252863129206,0.14531985422331073,0.6139734250915584,0.5392457975678691,-0.13379866515583458,0.2464026235505621,-0.5430082814373075,0.5871352868652008,-2.5507093888453287,0.1536324725018574,-16.60267095430942,3.794111779328458e-61,-2.0929089151725795,0.16749354053511875,-12.495460472601058,1.3907724224570953e-35,0.13590080853232106,0.2707763222847656,0.5018932504349443,0.6157528266968109,0.0946932025716697,0.12131506244028234,0.7805560222027885,0.4350807430698501
1.08,0.1911577515168572,0.19003633237208906,10835,0.14143136565588482,0.05733452670766427,2.4667748000608993,0.013648985698748546,-2.2867706336736715,0.5105093150670318,-4.479390612830267,7.5624008434630335e-06,4.010179824047793,0.14308083262582813,28.027372712701826,6.320503917109009e-167,-0.37675855164493505,0.24492372717418548,-1.5382688969819203,0.12401212539440015,-1.625353768167337,0.6630487785447973,-2.4513336284768132,0.01424849996222038,-0.1513920536237458,0.08106999359255276,-1.8674240235496078,0.06186941691743744,0.2536183211545828,0.3425380838102894,0.7404091198660593,0.4590678540876578,3.5559671412501737,0.13702135925056633,25.951918450520527,4.19501511093758e-144,-1.531273534117053,0.19052637765924307,-8.037068425537065,1.0158760906532736e-15,-2.5312437663884966,0.1816024806278072,-13.938376599470907,8.844522140364608e-44,0.14657353717104113,0.1484791791604085,0.9871655945288556,0.32358354142818824,-0.13127092853995184,0.25175953749264013,-0.5214139247606037,0.6020891259850205,-2.6124879115037545,0.15697251783920846,-16.642963669473673,1.9699452443517927e-61,-2.0692580604787585,0.17113493229293208,-12.091383288929022,1.9265421668679195e-33,0.15029440287894363,0.27666313239713536,0.5432397210886918,0.5869759530878599,0.18001629974334088,0.12395251142522412,1.452300543760567,0.14644705543172565
1.134,0.18744002556456585,0.18631345197952742,10835,0.08922703376952498,0.058479825339984005,1.5257746282719897,0.12709523227180516,-2.273070018578352,0.5207071078091596,-4.365352391946678,1.2809681186846496e-05,4.025823454686741,0.1459389757261116,27.58566335453891,6.10296743065239e-162,-0.4004661097247886,0.24981625574053273,-1.6030426384291248,0.10895443230284266,-1.3811453764184658,0.6762936573784637,-2.04222730961612,0.041153183103360774,-0.12403275563156953,0.08268942534014767,-1.4999832822800945,0.1336479125559261,0.3512800585756758,0.3493805297400454,1.0054368480036473,0.3147090303086339,3.6335099627577434,0.1397584599882844,25.998497429510394,1.3408985220471607e-144,-1.5128540990826096,0.19433227983170828,-7.784883192811513,7.614520025964497e-15,-2.5644076505172455,0.1852301215037734,-13.844441874239147,3.2085124782600512e-43,0.19712878762499406,0.1514451581365224,1.3016513043440419,0.19306332779916047,-0.12946104925228225,0.2567886163133994,-0.5041541603786698,0.6141633162010064,-2.637426323176203,0.16010815739737017,-16.472779189072874,3.106880485503312e-60,-2.0088649895522095,0.1745534763213251,-11.508593422993247,1.7959574104335995e-30,0.2278103776843045,0.2821896785350906,0.807295216702889,0.419514166558861,0.24577254831389356,0.12642855247692306,1.94396395038023,0.05192568854789274
1.188,0.18079461202343483,0.17965882490635854,10835,0.046172616106275134,0.05975121909509118,0.7727476829015596,0.4396886020390184,-2.2736483420447655,0.5320276574390479,-4.273552906984441,1.9402990543996715e-05,4.031497487525138,0.14911179475021452,27.03674443915402,7.664895908514344e-156,-0.3873445181703424,0.25524744206207617,-1.5175255628071689,0.12916326245009238,-1.4470368599701313,0.6909967712747647,-2.094129698031163,0.03627163785355272,-0.10825829689540742,0.08448715333231704,-1.2813580837502039,0.20009538214436567,0.35429617447598544,0.35697631548470327,0.9924921041187881,0.3209797255726708,3.6234081927682187,0.1427969101241984,25.37455600136403,4.983843241567314e-138,-1.4916167326192018,0.1985572043344298,-7.5122770670505234,6.269093380438372e-14,-2.523782052173315,0.18925715849248725,-13.335199959020304,3.00062190975396e-40,0.2164087145897862,0.154737685553911,1.3985520968283378,0.1619760033579794,-0.16332249523262107,0.2623713868033148,-0.6224859243323467,0.5336355154660817,-2.687673330277709,0.1635890246926005,-16.429423277803053,6.246472772534699e-60,-1.981105610651775,0.17834839531154043,-11.108065240459068,1.6343114929270377e-28,0.19491056832984793,0.28832468651364407,0.6760106832566499,0.4990483120163205,0.28881130794935467,0.12917720076976427,2.2357761758912105,0.02538674922577669
1.242,0.1746207010038867,0.1734763540693326,10835,-0.0006525826273176987,0.06126500123978861,-0.010651801421883891,0.9915014492109429,-2.1433858706539763,0.545506444659016,-3.9291669083648673,8.577081365345794e-05,4.009438268660567,0.15288950465932005,26.224417938920663,5.17372591127751e-147,-0.37159420100302243,0.26171407196728935,-1.4198479975103004,0.15568075116476632,-1.4732991270414622,0.7085030011097514,-2.0794536152052787,0.03759917033263626,-0.06776536410661202,0.08662761416487741,-0.7822605385118299,0.4340785929415877,0.33325180550372396,0.3660202208751628,0.9104737566326561,0.362592999504441,3.6779759543477546,0.1464146340156551,25.12027557268964,2.1611475515942532e-135,-1.4900343798285998,0.2035876012899154,-7.318885680600667,2.677755409761591e-13,-2.550795672661825,0.19405194111987026,-13.144911913486817,3.630860025055311e-39,0.217634084328131,0.15865792599503964,1.371718954242067,0.17017938992016748,-0.12318236620431444,0.26901850006120964,-0.4578955208518627,0.6470367008691402,-2.714693331030463,0.16773351159008157,-16.184561482650007,3.122263625894117e-58,-1.9796306619127635,0.1828668071606508,-10.825533034946211,3.5898417359094414e-27,0.2204635341928573,0.29562932010823617,0.7457431289702284,0.45583880205556404,0.34535947776711073,0.13244987274179654,2.6074730810830546,0.009133847144099849
1.296,0.16951317530027066,0.16836174703790863,10835,-0.038458654594709374,0.06259674114853479,-0.6143874886945225,0.5389722208282492,-2.085805223762844,0.5573643192714276,-3.7422654297091626,0.0001833122732923322,3.9964121388852316,0.15621292016348914,25.583108840822327,3.2896594542527797e-140,-0.4243742516838199,0.2674030471940287,-1.5870210012075603,0.11253711155218755,-1.6306656316621284,0.7239039919356769,-2.252599308510268,0.024304380484431815,-0.056770052036143756,0.08851067053716569,-0.6413921812094506,0.5212814986278147,0.32666999960942544,0.37397653729862473,0.873503995649266,0.38240781664519474,3.7140985137544744,0.14959730287058495,24.82730933302656,2.2069593315560884e-132,-1.465120614256632,0.20801306000332526,-7.04340686220957,1.9898949114249683e-12,-2.5887414841900664,0.19827011967417282,-13.056639540260905,1.1409009743880907e-38,0.22405526273617152,0.1621067317995072,1.3821465663331118,0.166955236462043,-0.14812762639697755,0.27486625433318507,-0.5389080109391,0.5899614177223712,-2.7447120182764504,0.1713795967430772,-16.015395475525423,4.508642445106643e-57,-1.9391445262998632,0.18684185033624237,-10.378534160361612,4.0726696039674115e-25,0.2673447461062528,0.30205552358194065,0.8850847782418665,0.37613057850553966,0.39001644842357647,0.13532898443475525,2.881987550949302,0.003959529571271523
1.35,0.1642620675866805,0.16310335892726657,10835,-0.06753055609562125,0.06402661882965584,-1.0547262580784988,0.29157409184435396,-2.0728482216071806,0.5700960172121932,-3.635963344812588,0.00027822943142592575,3.971463782567274,0.1597812427941273,24.855632069931826,1.1330666764993338e-132,-0.5099657583686772,0.27351125094443185,-1.8645147379048215,0.06227651233001411,-1.538647144362177,0.7404399032682987,-2.0780175913947843,0.03773125986845026,-0.03739046212159968,0.09053249196141268,-0.4130059972008334,0.6796104045433207,0.3196859350088705,0.3825191657827075,0.8357383462204614,0.40332057392512133,3.760081100085444,0.15301450703498354,24.57336348654694,8.447279242129551e-130,-1.4827178859235426,0.21276463694524098,-6.968817314811334,3.3821359755460637e-12,-2.6226765764981317,0.20279914169278845,-12.932384992393654,5.645942570269886e-38,0.19121212551294278,0.1658096849166602,1.153202393509465,0.2488527979482409,-0.18111068128403923,0.28114493777825056,-0.6441897290247066,0.5194660668278558,-2.7667514282696084,0.17529436699926304,-15.78345885057014,1.6793822719021006e-55,-1.91196105776912,0.19110981999078408,-10.00451498442791,1.8411198539748522e-23,0.3170937113523897,0.30895528295766106,1.0263417680281062,0.3047534618441073,0.4074165989470936,0.1384202618862901,2.9433306467934544,0.0032539118739221716
1.404,0.15760049969589585,0.15643255510724985,10835,-0.09381557592433512,0.06565421834527882,-1.4289344735010676,0.15305193823082086,-2.0685041571489533,0.5845882396414585,-3.538395090564283,0.00040425505916612004,3.974004967550276,0.16384298895737945,24.25495892646365,1.354563678339003e-126,-0.5162078707568711,0.2804640900555986,-1.8405488939940198,0.06571506215378954,-1.4324503572451193,0.7592623813240853,-1.8866341761158438,0.059236300487838525,-0.033169065530455205,0.09283388851737585,-0.3572947989165282,0.7208780922507874,0.2057072376460799,0.39224305906841817,0.5244381841571321,0.5999845484350765,3.7576391813895524,0.15690423824499827,23.94861492219339,1.5142733793115958e-123,-1.4277691820838938,0.21817325645949492,-6.544198886947297,6.251991151030606e-11,-2.6542490016045948,0.20795443164595798,-12.763608741570117,4.840336954051943e-37,0.18721966407777374,0.17002467811462926,1.1011322953456895,0.2708635801729477,-0.1696501343366755,0.2882918303193852,-0.5884666733314223,0.5562313812284936,-2.7920261426048896,0.1797504671656409,-15.532789353098174,7.920068259210547e-54,-1.8897942322112062,0.19596795956044266,-9.643383726860382,6.422839112320173e-22,0.2851908213156781,0.316809133091914,0.9001976001523205,0.36803513943683763,0.40692238641260664,0.1419389976139713,2.866882204701103,0.004153375866898321
1.458,0.15216535676146248,0.15098987662017604,10835,-0.11423660930752039,0.0669690774625444,-1.7058113033050601,0.08807192063919674,-2.009282404317211,0.5962958068947373,-3.3696067976407975,0.0007553854650125395,3.9067719929117333,0.16712427770409324,23.376448033654224,6.0348167236489605e-118,-0.5671755334336248,0.28608095330017813,-1.9825700623924467,0.04744072768972709,-1.4179792328964251,0.7744681531639162,-1.8309070903736824,0.0671419003129348,-0.029994487539334213,0.09469307575293702,-0.3167548133888121,0.7514357650849861,0.21913312446201158,0.4000985232777082,0.5476979086721382,0.5839106469344242,3.7971153765672465,0.16004656441068452,23.725066455183185,2.4143685970664094e-121,-1.4142350481619692,0.22254261920006765,-6.354895315088209,2.1695820473496883e-10,-2.729239634756641,0.21211914165723986,-12.866541008198018,1.3097108332057067e-37,0.18311932170034811,0.1734297677465469,1.0558701892973859,0.29105110222580255,-0.19705574707366924,0.2940654599669901,-0.6701084414871079,0.5028029662709863,-2.784976154589242,0.1833503354839648,-15.189370377960431,1.413421889884098e-51,-1.8561722288274562,0.19989261611434264,-9.285846895743703,1.9107786370797653e-20,0.31636719607800357,0.3231538796684127,0.9789986009223441,0.32760256114936026,0.4099435221675731,0.1447816144299506,2.8314611891961965,0.00464213754382869
1.512,0.14727613810697715,0.14609387930963957,10835,-0.11394511878783024,0.06815493880590137,-1.6718541720407798,0.09458199922989405,-2.1906676946603962,0.6068547719185249,-3.6098714157503746,0.0003077331518710138,3.8356532135840826,0.17008364683347366,22.55156968347176,4.3616502190494775e-110,-0.7031366668553296,0.2911467591383896,-2.4150592262684625,0.015749124050136714,-1.553551828009788,0.7881821220477166,-1.9710569226990609,0.048742812898537304,-0.02609152599039413,0.09636986244724062,-0.2707436259409252,0.7865933855822048,0.1946444594503953,0.4071833061396882,0.4780266197446234,0.6326409168702898,3.8091408104293274,0.1628806042550869,23.386092087820607,4.867157471531474e-118,-1.4050158954811018,0.22648331391109114,-6.203617702417841,5.719664963888081e-10,-2.7554239556555093,0.21587526164288653,-12.76396347912107,4.818663764779578e-37,0.12015493122293372,0.17650079194384208,0.6807614283179186,0.4960370288214503,-0.1894732301456106,0.2992726522205548,-0.6331124101709588,0.5266736204068487,-2.818371526566651,0.18659702908316472,-15.104053587640598,5.037529226128491e-51,-1.8356290338199321,0.20343223372972746,-9.023294883831836,2.133603077096079e-19,0.28847208127222435,0.32887615789553826,0.8771450114174967,0.38042735539190686,0.38948360596704856,0.14734534871279656,2.6433383162045003,0.008221129900121487
1.566,0.14250497528024875,0.1413161015053347,10835,-0.11590287525978937,0.06918683316582853,-1.675215788269869,0.09392079967901384,-2.1768823456474333,0.6160428077000696,-3.5336543474545095,0.000411566514316018,3.774464409380684,0.17265878458516523,21.860830414446138,1.0557904719235061e-103,-0.7511637903523327,0.29555484318819825,-2.5415377472735905,0.011050437153309133,-1.5482013045672454,0.8001155299648263,-1.9349721966217872,0.05301973986479414,-0.02391101468970047,0.09782894258535754,-0.244416570983967,0.8069128440597897,0.11640163729736717,0.41334823218061156,0.28160671374664487,0.7782504774927745,3.780734966014297,0.16534668492095056,22.865502068104977,4.772487386762212e-113,-1.3980504700710643,0.22991236627819903,-6.080797186782865,1.2362443849079098e-09,-2.7751923967430248,0.21914370364929042,-12.663801654024892,1.70280789050693e-36,0.08198401026813626,0.17917308796406473,0.45756877441649674,0.6472714698455473,-0.16831185581066016,0.30380376569989226,-0.5540150413307396,0.5795800020288344,-2.8746006560671904,0.1894221863683681,-15.175628109776818,1.7353022683693324e-51,-1.8138840582015001,0.20651228307451414,-8.783419713330133,1.8248387155507987e-18,0.3133932631288475,0.3338554808674714,0.9387093550614894,0.34790094454546727,0.409423438629503,0.1495762190937567,2.7372228092814006,0.0062061526813356385
1.6199999999999999,0.13982473977412657,0.13863214998732676,10835,-0.10190197698349683,0.07013265706355229,-1.452988967623971,0.1462558196232552,-2.177349616762065,0.624464468049041,-3.486747009905248,0.0004908739968762141,3.6921782687184432,0.1750191297135681,21.095855491688077,7.622114868236578e-97,-0.9252018165189057,0.29959524829107925,-3.0881725320957116,0.002019014478042774,-1.5337139542599418,0.8110535705507682,-1.8910143669282304,0.05864911791761209,-0.02735739138825748,0.09916632063190724,-0.27587381697667934,0.7826502538214891,0.1907177357306129,0.4189989408225469,0.45517474425164495,0.648992662309644,3.799266168674258,0.16760706943129228,22.667696425726863,3.537533362022766e-111,-1.4022313059621911,0.2330554008768044,-6.016729501597887,1.8373894962830342e-09,-2.797732155588262,0.2221395244212919,-12.594481611846387,4.056639787119671e-36,0.04892377672971024,0.1816224873753543,0.26937070093418986,0.7876495673393591,-0.24773661336845382,0.3079569383292668,-0.8044521247434095,0.42115358430539773,-2.9627993801093457,0.1920116968637664,-15.430306739133043,3.7638385212610987e-53,-1.8274097457222112,0.2093354250448542,-8.729577162253609,2.9317534933990643e-18,0.3000461352247281,0.338419477768929,0.8866101242245814,0.3753085482786108,0.4133449043464083,0.1516210122440799,2.7261716448707296,0.006417682500279437
1.674,0.13614859939795299,0.13495091282719507,10835,-0.0705301671629388,0.07130564465467401,-0.9891245988239674,0.3226243039391775,-2.1709475013801525,0.6349088045790856,-3.4193060258778227,0.000630127280892494,3.6179434986898196,0.17794637182813544,20.331650831207224,3.234312498284235e-90,-0.9729675932959464,0.30460605956386505,-3.194183315620974,0.0014062904328477363,-1.5436958860025465,0.824618660108532,-1.872011828836584,0.06123192410395209,-0.043530690771207706,0.10082490407118885,-0.4317454221476099,0.6659350540362173,0.17975454028625987,0.42600681103388977,0.4219522684391072,0.6730682415460651,3.797456156169153,0.1704103428399844,22.284188229906743,1.355926362400234e-107,-1.3878041475888105,0.23695331526816515,-5.856867400307115,4.8541134353646725e-09,-2.8354363180025475,0.22585486783695255,-12.554240451658028,6.70054073377869e-36,-0.001194307875936579,0.18466017242651242,-0.006467598617735869,0.9948397581386079,-0.3263846539782273,0.3131076011215339,-1.0424041218071223,0.2972476482622997,-3.0420438546663213,0.19522314424365575,-15.582393503864386,3.7116361308805386e-54,-1.864896439048237,0.21283661644755975,-8.762103392616767,2.2023545388024238e-18,0.29445520996528873,0.3440796347434057,0.8557763384772135,0.3921404574199122,0.38306629114210883,0.1541569145378495,2.4849115090978042,0.01297336344261134
1.728,0.13259694828145263,0.1313943375248413,10835,-0.036060549290401485,0.07223692589756207,-0.49919828179757153,0.6176498552065428,-2.1388372976941588,0.6432009764472805,-3.325301695759268,0.0008861672947319447,3.545225770690827,0.1802704251218976,19.66615304919579,1.2521535540492126e-84,-0.9780472928505597,0.30858434082218167,-3.1694650812309,0.0015314526433889742,-1.57989007020485,0.8353885212382319,-1.8912039488681276,0.058623813216894104,-0.06365600991038134,0.10214171906433867,-0.6232126352825986,0.5331579366200521,0.08943097327673291,0.43157063637169796,0.20722209932676902,0.8358403090598296,3.7729846268480736,0.17263597247491122,21.855147410812034,1.189464418089489e-103,-1.3362488823963674,0.2400480236747446,-5.5665898095746495,2.6596503759315638e-08,-2.9185983348707203,0.2288046259248311,-12.755853703017191,5.339121080739764e-37,-0.05851015705439614,0.18707191073590046,-0.3127682655521603,0.7544627554000712,-0.4467390793912364,0.31719691603260874,-1.4083966672151074,0.1590423809408952,-3.076114377897743,0.19777283933851428,-15.553775676105696,5.748958783394625e-54,-1.8958910580520676,0.2156163507821596,-8.792890943449434,1.6783364458562088e-18,0.21701104453851164,0.34857345723737715,0.6225690454414834,0.5335808791082235,0.3653730881722914,0.15617026766951056,2.3395816221913535,0.01932344346712031
1.782,0.13036579664207704,0.12916009250580118,10835,-0.005724403000155411,0.0730693550285905,-0.07834204911095181,0.9375574186689064,-2.15783973322396,0.6506129644748428,-3.316625783757183,0.000914117426367474,3.4842300054904127,0.182347788623594,19.10760767536716,4.513402440832081e-80,-1.1315442270433855,0.31214034201530905,-3.62511369000771,0.0002901603263672573,-1.5513309144938083,0.845015200836857,-1.8358615477655962,0.06640556355850348,-0.061350700756716545,0.10331875894229595,-0.5938002099984692,0.5526581630999898,-0.01918258441589922,0.4365438819154206,-0.04394193850966809,0.9649514964066794,3.805847624846364,0.17462535963066209,21.794358121270854,4.250019616335283e-103,-1.3483876890305606,0.2428142400560455,-5.553165616313651,2.87166183466958e-08,-2.9430641211994972,0.2314412779357982,-12.716245552428653,8.80295771393058e-37,-0.09026958609076538,0.18922765180819553,-0.477042256922705,0.6333416668438036,-0.5127916867136625,0.32085216506068004,-1.5982179413272233,0.11002368459393963,-3.1026773382101296,0.20005189358599215,-15.509362508865461,1.131980450895898e-53,-1.878668947191351,0.21810102644196877,-8.613755642691657,8.052349902790173e-18,0.18897786135543737,0.35259027684178773,0.5359701437264376,0.591990203272014,0.3413748618207403,0.1579699106996273,2.1610119313788134,0.030716290182440834
1.836,0.127731096251258,0.12652173923524634,10835,0.04303560566081835,0.0737936304653009,0.5831886219645268,0.5597784855714041,-2.059211784692015,0.657061946935275,-3.13396901813713,0.001729200033117234,3.414659117729205,0.1841552498251723,18.54228495234814,1.387644474997014e-75,-1.2549705240334192,0.31523432830326265,-3.981071892735327,6.90536454994828e-05,-1.3986416742190104,0.8533911301628182,-1.6389222066933882,0.10125853848445009,-0.08827341945808807,0.10434287143410634,-0.845993772692308,0.3975749285306035,-0.05821458351230933,0.44087097650375834,-0.1320444905989702,0.8949515568469102,3.7427405463272803,0.17635627484891903,21.222610590599132,5.7687257598542395e-98,-1.3940521305375144,0.24522105464592772,-5.684879434803723,1.3429395253941949e-08,-3.020600228460455,0.23373536185899932,-12.923163206612399,6.353684684985174e-38,-0.19484823610029403,0.1911033073425497,-1.0195963576445675,0.3079427318428437,-0.5747207329307059,0.32403250436814857,-1.7736514861414603,0.07614893898611755,-3.176120632423091,0.20203484078095565,-15.720657982286392,4.434238107044385e-55,-1.8933536581771373,0.22026287960341293,-8.595881710010115,9.400199504753691e-18,0.14550852167001854,0.3560852095210143,0.40863399484002266,0.6828163668979923,0.2784483199146999,0.15953573437515184,1.745366459779616,0.0809494885770863
1.89,0.12531993504832228,0.12410723507842913,10835,0.09472086209140976,0.07441822807212731,1.2728180251699197,0.20310997405134104,-2.0269262746033023,0.6626233933230558,-3.058941617557854,0.0022266358185214948,3.3958741998741253,0.1857139606190451,18.28550846987793,1.3777400026247815e-73,-1.406450885882433,0.3179025071935848,-4.424157891356242,9.776579447411754e-06,-1.3869824870274592,0.860614328889126,-1.6116190963468675,0.10707402208002376,-0.09008768097955029,0.1052260412602309,-0.8561348493264852,0.39194215504412944,-0.05064631422599043,0.44460255814714905,-0.11391368155202594,0.9093083335672056,3.667032870908344,0.17784897423943422,20.618802478846447,1.111151364457252e-92,-1.389798855872744,0.24729663329559612,-5.619966747430418,1.9572065497172228e-08,-3.0883089510357724,0.2357137243101662,-13.101947967068693,6.344920528113207e-39,-0.26764886377763614,0.1927208272784864,-1.3887905503377527,0.16492503733430827,-0.6542186009725998,0.3267751520124799,-2.0020451277997244,0.04530479547394835,-3.1945958834034163,0.20374488644819896,-15.679391709374876,8.375864507336754e-55,-1.9140762305323764,0.22212720944604994,-8.617027311988384,7.827175789817069e-18,0.1834248276157711,0.3590991548749794,0.5107915881328949,0.6095074221682306,0.23149470021166868,0.16088606281496032,1.4388735491520939,0.1502152813198864
1.944,0.12266181054060488,0.12144542521461443,10835,0.1527355301140071,0.07518140542750638,2.0315599215723923,0.0422226174500249,-2.0443461853873273,0.6694187602919986,-3.053912299224463,0.002264271215779055,3.3218808802154776,0.18761850326933294,17.70550783814111,3.5794181478585936e-69,-1.441470151525676,0.3211626761198488,-4.488286649435442,7.254012270913219e-06,-1.27422041204578,0.8694401419263076,-1.4655642759059324,0.14279608996749715,-0.10993964740274324,0.10630516036809459,-1.0341891872611244,0.3010708438198856,-0.19813534851588957,0.44916206746780424,-0.4411221758615933,0.6591333648129676,3.6157756690867076,0.17967285950697082,20.12421730810393,1.8617553981977308e-88,-1.440423880015327,0.24983272150250369,-5.765553332456061,8.361758404588827e-09,-3.1363637652364105,0.23813102691741495,-13.17074807863705,2.593388577448975e-39,-0.3624562498976956,0.19469722708131845,-1.861640534542949,0.06268087251600127,-0.6780414327189469,0.33012631210829363,-2.0538848551294033,0.04001081538527817,-3.2468219268324607,0.20583434070745435,-15.77395645290823,1.9456046639050585e-55,-1.9735627474603705,0.22440517897924633,-8.794639929602033,1.652582855374057e-18,0.1064546856933226,0.36278180562380835,0.29343997974284375,0.7691914986364825,0.1811975015925132,0.1625359892256976,1.114814647855634,0.2649546212277352
1.998,0.1202375052953204,0.11901775879189402,10835,0.20913882535654965,0.07586129837080785,2.7568579743294803,0.005845751022810249,-2.021309114719946,0.6754725589493676,-2.9924370545324552,0.0027738421665011795,3.2639039025588104,0.1893152060069348,17.240579726275396,9.913224298036905e-66,-1.4608190160344605,0.32406706764996257,-4.507767563757351,6.620155240947165e-06,-1.194010252125433,0.8773028070860953,-1.3610012899551307,0.1735416291998206,-0.12931092891864204,0.10726651680935574,-1.2055106548156655,0.2280325921671411,-0.2833568364815587,0.45322400430356247,-0.6252026234068808,0.5318512664722774,3.567457079641934,0.1812977068822886,19.677342537808165,1.0118731072973559e-84,-1.5080083923592578,0.2520920501674771,-5.98197520055636,2.2742426600704663e-09,-3.2070827440757075,0.2402845328789176,-13.34702115717035,2.567164807801658e-40,-0.3805328558321424,0.19645794530705835,-1.936968521366647,0.05277519229155953,-0.7813645091337701,0.33311176507667417,-2.34565269393568,0.019011757111648493,-3.2735390977079057,0.20769577592458463,-15.761221349521062,2.3694246091560815e-55,-1.982698429628134,0.2264345570782686,-8.756165380458254,2.3206078808362256e-18,0.07714339283566343,0.3660625741622421,0.21073826793741776,0.8330954804157664,0.14102774688838784,0.1640058616160672,0.8598945519308911,0.3898662252802416
2.052,0.11686811122898677,0.11564369322995127,10835,0.26183821774823907,0.07665286497837559,3.4158960375728395,0.000638062151528342,-2.0613050072229093,0.6825207051513894,-3.0201354943007814,0.002532512531897641,3.2261982914582266,0.19129059528444764,16.865430768621398,5.141433839508149e-63,-1.5428941238981917,0.32744851082155507,-4.7118678903963644,2.4851477389424295e-06,-1.2621586221335317,0.8864569294347582,-1.4238239673283806,0.1545262745002891,-0.1299089155864003,0.10838577781120887,-1.1985789852676187,0.23071794659769146,-0.4514991091528344,0.4579531217225822,-0.9859068270012635,0.3242008839242203,3.4999162739309164,0.18318943842233099,19.105447912679843,4.697726378961013e-80,-1.5300448509649378,0.25472247771395123,-6.006713128329219,1.95412016901523e-09,-3.2340826412991244,0.2427917561485783,-13.32039725154425,3.6473497838956895e-40,-0.4275640378765025,0.1985078647341727,-2.1538896630068796,0.031270843665241466,-0.8071753164731035,0.3365875841766029,-2.3981137582590972,0.016496580835346077,-3.2943776116701136,0.20986295529384832,-15.697756695827303,6.3123468046979826e-55,-1.9570411474182348,0.2287972642561294,-8.553603793214089,1.3539042281368795e-17,0.030362496981630016,0.3698822149568244,0.08208693403972983,0.9345791016853395,0.07032015361149062,0.16571716324533922,0.4243383861657333,0.6713274855660861
2.106,0.11444309942673225,0.11321531927065509,10835,0.3086053359896715,0.07742311663887883,3.9859585791293517,6.764960619267245e-05,-2.029356203468981,0.6893790620649765,-2.943745052816395,0.003249561952331818,3.1677571987015,0.19321279217425813,16.395173233894926,1.083199761902746e-59,-1.538273378565847,0.33073890002306455,-4.651020422631185,3.3421070039141123e-06,-1.3466953174651062,0.895364553723222,-1.504074861870622,0.13259128192222175,-0.12274719699243529,0.109474899859779,-1.1212359833135825,0.2622123126427649,-0.4648009655987599,0.46255489560982,-1.0048557911942078,0.3149887677362204,3.4647872451536976,0.18503023027233245,18.725519824809876,5.0283930370866324e-77,-1.5775272236878752,0.2572820742989193,-6.131508493106477,9.008732638863167e-10,-3.265922315145813,0.245231466045693,-13.317713129591972,3.778662534050923e-40,-0.4327227302582444,0.20050258485947503,-2.158190282491989,0.03093497073006532,-0.8334032373077491,0.33996980799419846,-2.4514036767699414,0.014245728644857897,-3.328173345680714,0.21197177783869128,-15.70102104919564,6.002637933207413e-55,-2.014305743255625,0.2310963495253049,-8.716302734306323,3.2938517745582787e-18,0.06864707726117356,0.3735990021942157,0.18374534422735778,0.8542166783747445,0.010103435204011841,0.1673823837194809,0.060361401119393594,0.9518689149189832
2.16,0.11268316806330847,0.1114529478508074,10835,0.35431662542899395,0.07788402752986663,4.549284836266616,5.441433976909376e-06,-2.027953875255225,0.6934830342572448,-2.924302073845636,0.003459458170785978,3.1193541747863796,0.19436301557080066,16.049113899707383,2.653608290992858e-57,-1.5192137575999909,0.3327078360167547,-4.5662097285964895,5.0210426298595515e-06,-1.2849560444953758,0.9006947870195685,-1.4266276023949707,0.15371611984206351,-0.12229810238750725,0.1101266196022239,-1.1105226223164446,0.26679856559383586,-0.569051403268668,0.46530855108536356,-1.2229549659926027,0.2213733440800966,3.4442950801550416,0.18613174170711852,18.50460887845072,2.734655200244318e-75,-1.6271096950984039,0.2588137112989307,-6.286798666625072,3.3656839905476015e-10,-3.2528286359738674,0.24669136405058176,-13.185822894501104,2.1304444442008565e-39,-0.4651377750016953,0.20169620543489028,-2.306130519405566,0.021122150559378158,-0.8953290678359768,0.34199369690379156,-2.617969500437453,0.008857790411519077,-3.341037906099129,0.2132336761609146,-15.668434584309512,9.91412080292261e-55,-2.0570097602346027,0.23247209915910677,-8.84841564934104,1.0257645576075036e-18,-0.0008300515797672476,0.3758230905085193,-0.0022086231546979192,0.998237815837195,-0.03074752695347313,0.1683788349986983,-0.1826092154261005,0.8551080745586771
2.214,0.11129078857873664,0.1100586379020273,10835,0.41316859702235,0.07851632831938322,5.262199670642922,1.4506492122552608e-07,-2.0780248049944494,0.6991130701450148,-2.9723729876247504,0.002961580656034872,3.0560215975262492,0.1959409499958163,15.596645813912309,2.984048089790115e-54,-1.5714508779001106,0.3354089216444988,-4.6851791246199985,2.8312475976739446e-06,-1.433031806279097,0.9080070696917448,-1.5782165735401052,0.11454509955257851,-0.13542457164368174,0.11102068159066661,-1.2198139094749239,0.2225620169681494,-0.6981987636335776,0.4690861544470704,-1.4884233035114218,0.13666844066525516,3.402108420978947,0.1876428506079824,18.1307649609658,2.1379974723486785e-72,-1.659400173979308,0.2609148881278932,-6.35992904002441,2.0999182050909408e-10,-3.309135227342287,0.24869412571049063,-13.306044997598825,4.406340662193424e-40,-0.5483448703546264,0.20333367429704013,-2.6967735287839063,0.007012328876463606,-0.9616306839227861,0.3447701697111209,-2.789193405939167,0.005293186496154381,-3.4049031177491074,0.21496481187723804,-15.83935104547984,7.0555136742026715e-56,-2.082138662839557,0.2343594218425994,-8.88438214461019,7.444685469496925e-19,-0.014123660535773266,0.3788742069489983,-0.03727796792900844,0.9702640600934271,-0.07556875128532188,0.16974581708326927,-0.4451877082087473,0.6561930156315052
2.268,0.11000611428108864,0.10877218246800213,10835,0.4538508957511885,0.07904719402368475,5.741518106451724,9.635731797129667e-09,-2.03128622005866,0.703839923276242,-2.8860059693735556,0.003909363998611196,3.038682484888311,0.19726574870517422,15.404004520976466,5.606253911863453e-53,-1.628917302501225,0.33767669316704807,-4.823896157071766,1.4270154476602305e-06,-1.4788635048267067,0.9141462998732928,-1.617753640781227,0.10574485244137843,-0.10876661077093976,0.11177131618586732,-0.9731173836234427,0.330516721048017,-0.6481945999685086,0.47225774635780887,-1.3725441349931826,0.1699225609369441,3.391719915232028,0.18891154409094754,17.95401086552527,4.7714400342648265e-71,-1.6723934545879733,0.262678989542383,-6.3666814673738275,2.0098911276672953e-10,-3.3238969572164647,0.25037559993409314,-13.27564250706307,6.572230875229257e-40,-0.5600105168931707,0.20470845679801034,-2.7356491551579794,0.006235885458836676,-1.0494110915542596,0.3471012346358758,-3.023357415179284,0.0025057246419191784,-3.4118275859065954,0.21641823498934612,-15.76497279018357,2.235823629936311e-55,-2.086279818423698,0.23594397606462175,-8.842267784163708,1.0833965935553927e-18,-0.05542939636309658,0.38143585657040596,-0.14531773929561168,0.8844627165085012,-0.08838234176864629,0.17089350489123192,-0.5171778870408137,0.6050425595828421
2.322,0.10879966592022794,0.10756406142709585,10835,0.5002563484010467,0.07938719010256616,6.30147442874258,3.0629512308517673e-10,-2.120582445519519,0.7068672643100352,-2.999972629358348,0.0027061872809611173,3.0015772042659825,0.1981142238710007,15.150740545617852,2.515059735130454e-51,-1.6350924609423703,0.33912910084608644,-4.82144545208008,1.4446244230458697e-06,-1.4987091095062146,0.9180782061391589,-1.6324416585476007,0.10261558088069925,-0.10327996420258291,0.11225206455023333,-0.9200718455950059,0.3575557294409485,-0.6388773145178157,0.47428901114799127,-1.3470211189828059,0.1780016438958796,3.3510366865478405,0.18972408633282786,17.662684540059963,7.489896800034239e-69,-1.7523189593264918,0.2638088187229379,-6.642382039422436,3.234667301069288e-11,-3.3383180953788125,0.2514525100417393,-13.27613748943956,6.529635083473152e-40,-0.6272928871413754,0.20558894437868694,-3.05119951385093,0.0022848126752330585,-1.118227074279914,0.3485941789485573,-3.207819125530874,0.001341350772877512,-3.4172285983427626,0.21734908841436162,-15.72230471851827,4.322972921626366e-55,-2.106550301218016,0.2369588131842496,-8.889942825549381,7.08396413776909e-19,-0.1328231272579556,0.38307648021531177,-0.3467274398660578,0.7288028368567014,-0.11592743079291745,0.17162854833315233,-0.675455405984603,0.4994009102473601
2.376,0.10832288264032774,0.10708661711112966,10835,0.5447682427507352,0.08016725545460388,6.795395946406321,1.1369481099439155e-11,-2.085504153925429,0.713813002793354,-2.921639344988472,0.003489145098729489,3.000634894602774,0.2000609112595825,14.998606552928264,2.400551393936954e-50,-1.6745942351794791,0.34246141253385315,-4.889877147878497,1.0234994164089505e-06,-1.4667264563603315,0.9270993214871746,-1.582059680517868,0.11366517752864755,-0.07377671617858407,0.1133550629828168,-0.6508462369234242,0.5151595716406479,-0.7024623138436235,0.4789494157292692,-1.4666732869357901,0.14249401814474663,3.340977432833475,0.1915883315089582,17.438313735078687,3.488744025001854e-67,-1.778826546700647,0.26640102684595984,-6.677251089310597,2.5539763115017863e-11,-3.3929115463162436,0.25392330401382796,-13.361954151838994,2.107549187346095e-40,-0.6462633928466818,0.2076090790133128,-3.112885987058594,0.001857506135943971,-1.093293409563989,0.3520194953071346,-3.1057751747814364,0.001902716174260933,-3.4794784822393976,0.21948477923488288,-15.852937476433452,5.711998841381606e-56,-2.1416210360951227,0.23928719084550956,-8.950002833531581,4.1349971207783786e-19,-0.1502012213054882,0.38684062262935176,-0.388276754092091,0.6978188777216163,-0.11957272430511606,0.1733149851978688,-0.6899156709883064,0.4902620183615273
2.43,0.10756564357618215,0.10632832817306204,10835,0.5848043520443508,0.08050536150769111,7.264166523722539,4.0117313391490647e-13,-2.042384888202655,0.7168235149488247,-2.849215805020661,0.004390988095497286,3.0006790199221394,0.20090466978292765,14.935835106094329,6.051013704527623e-50,-1.6706759746946367,0.34390574633161003,-4.857947250127343,1.2027196084975121e-06,-1.4704671189002123,0.9310093704296056,-1.5794332104538098,0.11426595892811311,-0.057575616316390674,0.11383313888457046,-0.5057895871146427,0.6130146738862463,-0.6558579614141881,0.4809693887926149,-1.3636168469278236,0.1727165586083299,3.311873786940396,0.19239635685817005,17.213807168821962,1.5553320063186778e-65,-1.8073559938868953,0.2675245753473337,-6.755850342124123,1.492933592438837e-11,-3.392152679831078,0.254994227617488,-13.302860662867952,4.594965601830525e-40,-0.6554118618043696,0.20848467199566223,-3.1436932774511415,0.0016728120888959207,-1.1578994398724278,0.35350414039686767,-3.2754904612220144,0.0010581048821605831,-3.4879724948472024,0.22041045807968068,-15.824895629890047,8.831919217517832e-56,-2.1864558319394964,0.24029638652262636,-9.098995884125038,1.0713732856213489e-19,-0.23559079984043577,0.3884721261072908,-0.6064548368017754,0.5442254884001667,-0.15000948631332606,0.17404594256012135,-0.86189591154363,0.3887639015936154
2.484,0.10726195618404721,0.10602421973361387,10835,0.628693570579572,0.08091707178424705,7.769603579525058,8.585915618548565e-15,-2.065634142392505,0.7204894025624489,-2.8669875435308225,0.004151994752875555,2.9920553080515284,0.20193211088260904,14.817134803245464,3.44124962701996e-49,-1.6897071322197645,0.34566450534193804,-4.88828649197948,1.0317837335790251e-06,-1.3407003668587143,0.935770620092948,-1.43272329572128,0.15196582230471764,-0.04478823525461136,0.11441528983965835,-0.39145323424323464,0.6954699591287627,-0.7654529893044696,0.4834291012436401,-1.5833821078112842,0.11336362737673664,3.282160704414088,0.1933802858264645,16.97257137865352,8.739077393915954e-64,-1.8844547965282457,0.26889271549153065,-7.0082032273856845,2.5576662098592883e-12,-3.3877450225473007,0.25629828665164983,-13.21797764162109,1.3996010288854746e-39,-0.6816284997718793,0.20955087777820267,-3.252806702596317,0.0011462154943684187,-1.181929931720229,0.3553119862928526,-3.326456684031108,0.0008825067577674039,-3.539524345987873,0.22153765320000987,-15.977077913668698,8.224298230311e-57,-2.2276921555059275,0.2415252797279711,-9.22343266930471,3.411449647784837e-20,-0.28197194550747773,0.3904588008265718,-0.7221554358886633,0.47021452647833795,-0.1598576270992025,0.17493602617446574,-0.9138062101615058,0.36083904639334186
2.538,0.10812309304941148,0.10688655052198215,10835,0.6795400742405211,0.08124088707247595,8.364508300288442,6.777943526235076e-17,-2.1557831039466646,0.7233726690773161,-2.9801832390162484,0.0028871635962858465,2.995690756238186,0.20274020617382857,14.77600724973957,6.265199363278075e-49,-1.7845016056491854,0.34704779132794417,-5.141947738151469,2.766578978752667e-07,-1.3193851078561651,0.9395154025767912,-1.4043251491540345,0.1602507548949973,-0.04097245824959994,0.11487315885592735,-0.35667564692799253,0.7213415946532722,-0.7172276927227337,0.48536369588857287,-1.4777118659640973,0.13951402597217796,3.269754578207344,0.19415415828145952,16.841022655138183,7.687269224357456e-63,-1.9475522017766382,0.26996877484772813,-7.213990591597588,5.797084340681735e-13,-3.4428846883683986,0.25732394541233716,-13.379573684258196,1.669437567038042e-40,-0.7184257409681724,0.2103894619779287,-3.41474204180217,0.0006407684254996926,-1.1787595573089584,0.3567338797291275,-3.3043106480494795,0.0009551965478402896,-3.5787502089916923,0.22242420627765697,-16.08975151078773,1.3988762502346378e-57,-2.2794556113231557,0.24249181962301591,-9.400134053457377,6.546885723933435e-21,-0.3901814378641595,0.39202134537178585,-0.9953066139654171,0.319609421605552,-0.1989334682597217,0.17563608808338335,-1.132645747411989,0.25738814980502506
2.592,0.10850195576348032,0.10726593851017163,10835,0.713360811038346,0.08154360654224828,8.74821265930578,2.488856839622886e-18,-2.251415188333722,0.7260680974351519,-3.1008319967326554,0.0019347377034904054,2.972758743303232,0.2034956559224228,14.6084629169505,7.077696986440013e-48,-1.7554690862003801,0.34834095942546545,-5.039513840392916,4.7426032518408623e-07,-1.4231528533536646,0.9430162211271508,-1.5091499186012145,0.1312896766744324,-0.014145714306646195,0.1153011987628392,-0.12268488496587308,0.9023589122475397,-0.7500434768341093,0.4871722561586626,-1.5395857776224322,0.1236905994687524,3.2529655690555037,0.1948776147326012,16.692351112358484,8.803578290213863e-62,-2.0106299676705004,0.2709747314210984,-7.4199906283732195,1.2591373115507206e-13,-3.558126458061618,0.2582827848726381,-13.776088328210363,8.151878051391798e-43,-0.729806980912338,0.21117341435302805,-3.4559605106932967,0.0005504409209704901,-1.2334848493468926,0.35806314009066303,-3.4448808359178473,0.0005734785823425277,-3.6281755640624085,0.22325300246902346,-16.251407703087086,1.0791619270677669e-58,-2.2224364523377402,0.24339539167528706,-9.130971778227769,7.995558575129202e-20,-0.49560420512187847,0.39348209374722537,-1.2595343295094308,0.20786456949822468,-0.19940101949758668,0.17629054257512292,-1.1310931181269448,0.2580409722376119
2.646,0.10837797694781803,0.10714178780410955,10835,0.7267874396093725,0.08206365210123485,8.85638673151906,9.55529279636946e-19,-2.2834381764801117,0.7306986074849784,-3.125006881208617,0.0017827114016264656,3.0049244120594283,0.2047934524833425,14.672951579366742,2.792263789478032e-48,-1.6881826822199804,0.3505625090557051,-4.815639546759762,1.4871792891721254e-06,-1.427324025197995,0.949030321050428,-1.5039814782926755,0.13261532541457585,0.02613237259718495,0.116036533866412,0.22520814545589632,0.8218216065360173,-0.7144184537073895,0.49027920444093565,-1.4571665435454058,0.14509943596134162,3.2436993855141845,0.19612044960813593,16.53932260503864,1.0600617435799736e-60,-2.008812864409817,0.2727028767858747,-7.366306098732979,1.881953131524747e-13,-3.6098566709181292,0.25992998716024,-13.88780382885468,1.771812638265241e-43,-0.7248625446048134,0.21252017593210326,-3.4107940172061366,0.0006501080366757242,-1.2983123041949063,0.36034669307215234,-3.6029532923587695,0.00031603359806449085,-3.645031476589595,0.2246768018002964,-16.223443841921316,1.6838995017271305e-58,-2.239292315319865,0.24494764939218056,-9.141922042838553,7.231478299592071e-20,-0.5186996070160727,0.39599153163047573,-1.3098755038532073,0.1902657671562645,-0.18140382372801453,0.17741483812256142,-1.0224839458055783,0.30657476907641174
2.7,0.10889548958092032,0.10766001794248004,10835,0.7456065753996166,0.08225987237284936,9.064037590772035,1.4736552955869975e-19,-2.2999448818985053,0.732445761987098,-3.140089002165622,0.0016935118204354,3.0002664757350654,0.20528312879974114,14.61526085108485,6.417883665611085e-48,-1.6857627349128856,0.35140072998523325,-4.797265887819088,1.6299412159060554e-06,-1.613797500324591,0.9512995228541351,-1.6964136547475577,0.08983633693987675,0.047897396223384466,0.11631398581510649,0.4117939548518481,0.6804986103983516,-0.7272501890329865,0.4914514983396238,-1.4798005326873804,0.1389556031355136,3.2316735686757734,0.19658938813214646,16.438697934719944,5.380398357154416e-60,-2.055457594890737,0.2733549295666475,-7.519372700354357,5.939772380891546e-14,-3.648775096798345,0.2605514990156766,-14.004045689941739,3.5751646041776087e-44,-0.7158537215655706,0.21302832741667915,-3.3603686901478365,0.000781077495705468,-1.3336789521286,0.36120830871049586,-3.692270969319058,0.00022335364270991385,-3.6718100051064377,0.22521402067791044,-16.303647499627353,4.6910351213038735e-59,-2.2712546816732226,0.24553333736809196,-9.250290433140918,2.6596020448172136e-20,-0.6185495846192508,0.3969383767184536,-1.558301290323422,0.11919109269039375,-0.20811711012215717,0.1778390501437606,-1.1702554076504599,0.2419239784856853
2.754,0.10955271946025336,0.10831815903802433,10835,0.7720277385754474,0.08268165642974798,9.33735210338239,1.1809999101932511e-20,-2.283579527619774,0.7362013470134016,-3.1018410070610813,0.0019281614892057832,3.038608035843775,0.20633570946125182,14.726525252355318,1.2855854943963894e-48,-1.708371191899018,0.3532025225386973,-4.836803484923714,1.3376270932200522e-06,-1.745471653812289,0.956177271390584,-1.8254686720108098,0.06795788872413358,0.04232814444700318,0.1169103809151229,0.3620563385019973,0.717317001365601,-0.7517854459305592,0.49397139535331047,-1.5219210120311695,0.12805809881314997,3.2089976732485357,0.19759739200180676,16.240081110074538,1.2923822018135432e-58,-2.115868580663776,0.2747565455409984,-7.700885074448762,1.4692162657760923e-14,-3.705272840090774,0.2618874659350967,-14.14833973386511,4.81650964101043e-45,-0.7331993476120912,0.21412062126032713,-3.424235103076176,0.0006188197243680512,-1.3938734877158991,0.36306038921388945,-3.839233166509739,0.00012412241060246756,-3.7151213865536774,0.22636879615435926,-16.411808737191688,8.291774739411132e-60,-2.28230311589786,0.24679229929146532,-9.247870060979604,2.7200246690222493e-20,-0.7055099140433472,0.39897366165194104,-1.7683120011536602,0.07703693453162326,-0.2040547849169072,0.17875091243920213,-1.1415594031516432,0.253662472331004
2.808,0.10913509301857094,0.10789995357826032,10835,0.7982474654692748,0.08308318229553942,9.6078104306331,9.05172662512586e-22,-2.4101273158512506,0.7397765521558813,-3.257912553226481,0.0011258109223358812,3.031614785276174,0.20733773491602137,14.621625853605849,5.855733494050818e-48,-1.7077248946519765,0.35491777541080893,-4.811607118508858,1.5174419273697602e-06,-1.7307567569776148,0.9608207427882743,-1.801331590692982,0.07167846375380238,0.06478167793802689,0.11747813129584776,0.5514360606816749,0.5813461746450195,-0.6879965961896556,0.4963702622938146,-1.3860552262142012,0.1657586064069008,3.190549400523402,0.19855698167777155,16.068684029963695,1.9499064982729647e-57,-2.101086151595253,0.2760908422229227,-7.610126198603803,2.9659827185704966e-14,-3.7256539323068436,0.2631592666710781,-14.157411135225294,4.243438038552655e-45,-0.7768871125319913,0.21516045248224278,-3.610733773652516,0.00030671291532465364,-1.4569817065352404,0.3648235147172778,-3.993661723434514,6.549107437183584e-05,-3.7526179106977655,0.22746810803064313,-16.49733645383042,2.0902179590664046e-60,-2.2804126235370386,0.24799079356362427,-9.195553555708825,4.414209881631987e-20,-0.7284021475564102,0.40091119231884165,-1.8168665817069967,0.06926520060473934,-0.22796361102043985,0.17961897819861447,-1.2691510290653591,0.20441450496208985
2.862,0.10922656411862386,0.10799155149839834,10835,0.8254887936619404,0.08346677838020575,9.890028220589691,5.754988374779972e-23,-2.3673094431847805,0.743192109686231,-3.1853263945229955,0.0014500111716047987,3.0406327507029034,0.20829501581354953,14.59772207619531,8.260464035277035e-48,-1.75485570333925,0.35655643518844937,-4.92167727224377,8.707097788479832e-07,-1.9027484000374333,0.9652568640924478,-1.9712352958260828,0.048722413123914274,0.045254859105637396,0.11802052928728125,0.38344904381406114,0.7013943795897621,-0.7654809466842497,0.49866200996042903,-1.5350697093307628,0.12479594723833921,3.1716851311824126,0.19947372172852965,15.900265477068018,2.7329439733702475e-56,-2.0984741206655073,0.2773655570708953,-7.565734342887904,4.1699308771504116e-14,-3.796743974947055,0.2643742762740999,-14.36124583849693,2.4136456951083994e-46,-0.8189509648207877,0.21615385096394313,-3.7887410340766854,0.000152233324015561,-1.4917851516985927,0.3665079094163392,-4.070267280382156,4.729313915870556e-05,-3.775680597227417,0.2285183311108885,-16.522440798831443,1.3930725922511062e-60,-2.29536017642463,0.2491357701378955,-9.21329030814868,3.747060998281091e-20,-0.7940735555494896,0.4027622042736482,-1.971569196721282,0.04868424557180943,-0.23597621738033953,0.18044828125207316,-1.3077221669443218,0.1909953486603583
2.916,0.1106312510088554,0.1093981859164378,10835,0.8489748531954888,0.08358419713667989,10.157121588512894,3.951766425487847e-24,-2.4049302767402487,0.7442376118013749,-3.2314011528109736,0.0012355349420348001,3.024726429234321,0.20858803948369983,14.500958140846272,3.307495630897411e-47,-1.7353616744312217,0.35705802892484556,-4.8601670704805375,1.1893406741373645e-06,-2.017132489920814,0.9666147607653442,-2.086800835033486,0.03692949347090694,0.049660508140086275,0.11818655730532944,0.4201874500142235,0.6743568666796884,-0.7911523769302823,0.4993635138910556,-1.5843215511794184,0.1131497913915034,3.1828751540009055,0.1997543358460165,15.933947768995965,1.615219603491412e-56,-2.112848707972911,0.27775574726910407,-7.606858647377958,3.041499711877717e-14,-3.909727680055446,0.264746190697614,-14.767833560714125,7.056165873687434e-49,-0.8500553757955222,0.21645793022613377,-3.927115883014628,8.650420171336338e-05,-1.4511615065115557,0.3670235026115811,-3.953865341553649,7.738846047327366e-05,-3.8226058315719698,0.22883980438194687,-16.70428727159642,7.243904988724226e-62,-2.305928202149793,0.24948624745222966,-9.2427066649889,2.853497957964651e-20,-0.8526825882218751,0.4033287990086837,-2.1141128288325297,0.034528449031060976,-0.23245604458727942,0.18070213090583598,-1.2864045566148439,0.19832943571397335
2.9699999999999998,0.11112402807596267,0.10989164619419356,10835,0.8609975789160775,0.08404618824553373,10.244338225081036,1.623611432304647e-24,-2.3931535254358467,0.7483512023041897,-3.197901624354013,0.0013883005601082541,3.0151790081526886,0.2097409586114285,14.375728174956457,1.96593128268056e-46,-1.7087757520528282,0.3590315794327054,-4.759402375559307,1.966818770726751e-06,-2.0504744276598736,0.9719574863098659,-2.1096338641772343,0.03491281092985849,0.050836491404463544,0.11883980445648436,0.4277732670208017,0.6688247159485792,-0.8092979509853623,0.5021236229954886,-1.6117504015393307,0.10704543422844566,3.213502983379366,0.20085842884777086,15.998845564080641,5.846163862723936e-57,-2.0863600196181316,0.27929097390365015,-7.470202099470226,8.624458447501663e-14,-3.9512362964885366,0.2662095102053101,-14.842581294113817,2.3733881747899227e-49,-0.8744242268872235,0.21765434824091534,-4.017490272784941,5.9219280708989e-05,-1.4999720003595434,0.36905213482622895,-4.064390525923436,4.849869307567925e-05,-3.870661652210348,0.2301046601632787,-16.821309266243397,1.0633739382580492e-62,-2.3611609443303134,0.25086522137376843,-9.41206968188061,5.849761758338898e-21,-0.8897636395982803,0.4055580998271387,-2.1939239777914064,0.028262067875612144,-0.24019401304948754,0.18170091752686346,-1.3219196486114397,0.18622285753603457
3.024,0.1106579636990731,0.10942493564245848,10835,0.8741861306229683,0.08436002875964871,10.36256321241454,4.805655426073438e-25,-2.3445736200678153,0.7511456529624824,-3.1213302118183464,0.0018051012750366416,3.0227143890974277,0.21052416141521632,14.358040278026497,2.525717291934746e-46,-1.7130228542165833,0.36037225481400287,-4.753481521768975,2.025206425781933e-06,-2.152972126788268,0.9755869148844283,-2.2068480972229083,0.027345596083759204,0.03748973165199247,0.11928356932085855,0.3142908270220316,0.7533062245947842,-0.9257993447184575,0.5039986245783065,-1.8369084746869495,0.06625082267301116,3.179241319390414,0.20160846301219665,15.769384240571688,2.0882881100389864e-55,-2.0848509918837967,0.2803338864338594,-7.437028103898834,1.107716390262954e-13,-3.978128580270618,0.2672035746749688,-14.888006588645696,1.2209224649401942e-49,-0.9059091124972394,0.21846710077588732,-4.1466614848638415,3.39933038938183e-05,-1.5124487540592357,0.3704302283977153,-4.082951762876607,4.478720909249644e-05,-3.90500593833384,0.2309639039476003,-16.90742956622254,2.570057953334471e-63,-2.3525133049998277,0.2518019880694752,-9.342711402067012,1.1231632944306017e-20,-0.9256544328043665,0.4070725119047145,-2.2739300879668316,0.02298969085730477,-0.26618113378580993,0.18237941479797348,-1.459491105839252,0.14445902021044946
3.078,0.10985060115146283,0.10861645372723439,10835,0.8816209085335752,0.08512747062164681,10.356479548793153,5.118028334302088e-25,-2.3738006795588555,0.7579789912983868,-3.131749965117942,0.0017423102270367288,2.998838978171242,0.21243934632929926,14.116212603680221,7.538772139519481e-45,-1.7037828336603984,0.36365064101554007,-4.685218837789948,2.8306997813272014e-06,-2.238739549143195,0.9844620450794764,-2.274074008574358,0.022981034591125223,0.040340146777611365,0.12036871836468115,0.3351381266301499,0.7375273908939367,-0.9727593017485539,0.5085836116696796,-1.9126831447733557,0.055815002393520344,3.208426102660808,0.20344253984364816,15.770674634354164,2.046995306305583e-55,-2.0984942185887876,0.2828841458748433,-7.418210773527147,1.276083429185895e-13,-4.020899099724044,0.2696343847623546,-14.912412240256044,8.535758926045718e-50,-0.9550001349368069,0.2204545443681893,-4.331959396318117,1.4912109727505426e-05,-1.5655488255642531,0.3738001142121438,-4.188197825631891,2.834074801376662e-05,-3.9179036602479567,0.23306503372560103,-16.81034515396547,1.2734786107212551e-62,-2.3475021700259338,0.25409268651304057,-9.238763233374113,2.959778370677704e-20,-0.9741839796564066,0.4107757406861374,-2.371571354309246,0.01773002951127944,-0.28730425299631407,0.18403856071981117,-1.56110899733518,0.11852728420902547
3.132,0.11047762469586653,0.10924434660828342,10835,0.8909546213534763,0.08543187081761841,10.42883191982888,2.4145157035183294e-25,-2.1599418885692003,0.7606893849211348,-2.83945317416666,0.004527518788032386,2.983047968242383,0.21319899040403198,13.991848472589991,4.231502863968233e-44,-1.6846515964698165,0.36495098890068184,-4.616103662424325,3.955126312581131e-06,-2.2634885560804463,0.9879823004948016,-2.2910213623734403,0.021981312615295942,0.0425362234853585,0.12079913478832785,0.35212357737407024,0.7247524455121175,-0.9963632120506665,0.5104022132318976,-1.9521138157721427,0.05095045248277765,3.2267446296478135,0.20417001299121304,15.804204458696313,1.2176027523905815e-55,-2.098588542284452,0.2838956876111681,-7.392111377044728,1.5518995538569708e-13,-4.067042107189377,0.2705985477870864,-15.029800198297538,1.5142086284365112e-50,-0.9976162402628139,0.22124284931861787,-4.509145689161323,6.5773813568899644e-06,-1.590708938804657,0.3751367547488526,-4.240344137618848,2.250322178503361e-05,-3.981315641325234,0.23389843146926853,-17.021557674910408,3.8730769147637075e-64,-2.3622633760440603,0.2550012752800355,-9.263731616439511,2.347428707334411e-20,-0.9917472195523136,0.41224459927023643,-2.4057251964196116,0.01615707261762183,-0.29741858417835876,0.18469664880278067,-1.6103085037343732,0.10735969680675655
3.186,0.11001239286082465,0.10877846975267358,10835,0.9043809333365274,0.08593359394675719,10.52418375399107,8.902310528668295e-26,-2.214783402754214,0.7651567511961875,-2.8945485997369707,0.0038046318086020683,2.9761408573941073,0.21445106253555646,13.877948759991137,2.02813252023713e-43,-1.7171989339332097,0.3670942681052826,-4.677814619106821,2.9346141063965367e-06,-2.3498557086586858,0.99378450951345,-2.3645525626165766,0.018069419527159878,0.02745623185032163,0.12150856230434987,0.22596129301201295,0.8212357938096364,-1.0695642631298947,0.5133996964087411,-2.0832974203365433,0.03724754119908193,3.1863688151114977,0.20536905986697374,15.515330387038068,1.0335856226007916e-53,-2.11522397664787,0.28556294634463725,-7.40720742562682,1.385935327111677e-13,-4.118699487508489,0.27218771525862623,-15.13183460023168,3.3328536323210484e-51,-1.0547661310514422,0.22254216131538646,-4.739623830455341,2.1684432965350743e-06,-1.5818979942071538,0.37733985278060905,-4.192236739772336,2.7841537502624498e-05,-4.02477982463426,0.2352720669967866,-17.106917433973287,9.331298293841827e-65,-2.3791444679195344,0.2564988433017052,-9.275458857025255,2.104847557210832e-20,-1.0770185915639925,0.41466562374666366,-2.597318248454537,0.009408204159400009,-0.3067214892771585,0.18578133277015632,-1.6509812084114288,0.0987714360587312
3.2399999999999998,0.11064035441449838,0.10940730194349535,10835,0.9184213587287443,0.08620698237340413,10.653677155182365,2.264343473834767e-26,-2.1695013662928275,0.7675910145702692,-2.8263767098777315,0.004716418843830966,2.967077171207602,0.2151333153762288,13.79180702913785,6.5811723436641205e-43,-1.7705399386917953,0.3682621387805228,-4.807825057864565,1.5463631100445113e-06,-2.40217003260258,0.996946127351176,-2.4095284255579554,0.015989742418454033,0.01813119086255211,0.12189512864176034,0.14874417923490754,0.8817582712126782,-1.1029573158134816,0.5150330219662542,-2.141527375473313,0.03225380202573192,3.212615691984835,0.20602241929930212,15.593524738284236,3.1301416356415495e-54,-2.142044713040614,0.28647143394563523,-7.477341400284671,8.17107006289867e-14,-4.148133888155045,0.2730536510098213,-15.191644106622267,1.3662237375629064e-51,-1.1189134246860655,0.22325015511094815,-5.011926751540224,5.474043362697027e-07,-1.6268222854128251,0.3785403186743873,-4.297619580154115,1.7415247995768752e-05,-4.042567961864151,0.23602055960923424,-17.128033119475692,6.555241907133743e-65,-2.396737109089491,0.25731486660512315,-9.31441366257138,1.4636937367199907e-20,-1.1278144666172063,0.41598483754017623,-2.7111912859282543,0.006714775828000387,-0.29962952130197373,0.18637237596913936,-1.6076927696172536,0.10793166292554086
3.294,0.10980871783215196,0.10857451233880533,10835,0.931771575242454,0.08663516625102158,10.755119607466176,7.661064678747332e-27,-2.1773361506666977,0.7714035839004353,-2.8225642142566523,0.004772821355269743,2.908910941601123,0.21620186707176886,13.45460601704934,6.168112048032536e-41,-1.8453233803480813,0.3700912703220925,-4.986130525970219,6.255596460153837e-07,-2.505871970822317,1.0018978870211286,-2.501125117922793,0.012394605816847903,0.01591266891643839,0.12250057297361773,0.12989873051341083,0.8966489635639625,-1.0769414343777812,0.5175911539223332,-2.080679753153936,0.03748669834238329,3.2031442521211657,0.207045717829688,15.470709975059775,2.0383247439068064e-53,-2.1296648319938543,0.2878943169423067,-7.397384063057534,1.4918248677278187e-13,-4.191295642510974,0.27440988884425294,-15.273850589582185,3.988679512706837e-52,-1.1859322470637323,0.2243590225653273,-5.285868308320076,1.2754539033585942e-07,-1.6315334211566692,0.38042050119582715,-4.288763134552553,1.8123034478116907e-05,-4.057486085435058,0.23719285674374224,-17.106274367354466,9.432125549678461e-65,-2.407449760529464,0.2585929310300483,-9.30980499327617,1.5280899489594415e-20,-1.2177351522671171,0.4180510042921512,-2.912886561124283,0.003588371545713912,-0.3168827312086283,0.18729807414840732,-1.6918632647420786,0.09070084489453627
3.348,0.1098159085652185,0.10858171304146202,10835,0.9376221996284985,0.08680295874591956,10.801730876167563,4.640792705441869e-27,-2.1715307119354903,0.7728976161452732,-2.80959685548743,0.00496926115382556,2.8859730880299646,0.2166206006212892,13.322708365468056,3.537928069266796e-40,-1.9130302054493855,0.37080805243580583,-5.159084849648913,2.525544558998832e-07,-2.4729831766475954,1.0038383339940034,-2.463527335928943,0.013773187148312204,0.01573609211837458,0.1227378285553306,0.1282089825410322,0.8979859746631784,-1.199874074228175,0.5185936095625997,-2.3137077898823155,0.020702403581130967,3.1783207761450383,0.20744671801305384,15.321142732877743,1.9587872467102173e-52,-2.1471151757841165,0.2884519023639903,-7.443581263245492,1.054370902223335e-13,-4.228875441010537,0.27494135801394837,-15.38100877786454,7.938378455078579e-53,-1.2167079740818454,0.2247935546586811,-5.412557205784897,6.34577973506166e-08,-1.6320363492886236,0.3811572886664144,-4.281792314660334,1.8699316406748338e-05,-4.075123865708441,0.23765224503751775,-17.147424233527055,4.738091253392908e-65,-2.4348818047581005,0.25909376637137843,-9.397685783254246,6.6997282364460545e-21,-1.2349086425003408,0.41886067343737504,-2.948256355427398,0.003202549530451177,-0.3490324651427916,0.18766082766422434,-1.8599111465462814,0.06292521780094361
3.402,0.10968176803149343,0.10844738652862562,10835,0.9555751372047561,0.0872982736195138,10.946094322203827,9.69615389612623e-28,-2.1275716260032196,0.7773079230123795,-2.7371027144018134,0.006208417258290977,2.8838095345582166,0.21785668066930583,13.237186602212475,1.0884231396329648e-39,-1.9844933617507947,0.37292395662010414,-5.321442418815664,1.0500496245464491e-07,-2.542422808348908,1.00956643433407,-2.518331356792721,0.011805541333951482,0.004676898576475142,0.12343819491281921,0.03788858529386547,0.9697772131804122,-1.272451725551595,0.521552807404221,-2.4397370841211905,0.014713903175914422,3.1801015207204246,0.2086304500700559,15.242748695852308,6.3598415521934376e-52,-2.1217142140766967,0.29009786604566207,-7.313787733077409,2.7808678446640496e-13,-4.293198393765547,0.27651022785384777,-15.526363806096747,8.735641536250582e-54,-1.2465555047884753,0.22607627120105697,-5.513871483132668,3.590857419602959e-08,-1.7079247319419473,0.3833322476422707,-4.455468441402298,8.455109530718928e-06,-4.076282836735945,0.23900833581380915,-17.054981881098186,2.2200797175185594e-64,-2.4577215093301095,0.2605722067148111,-9.432017099275733,4.844918705687061e-21,-1.314977486022762,0.42125077539374395,-3.12160252949956,0.0018034341158603415,-0.3685069238449252,0.188731657512377,-1.9525443092172208,0.05089936789794269
3.456,0.109871552805066,0.10863743442925278,10835,0.9656457140511457,0.08771185877944848,11.009294837534597,4.854831028431891e-28,-2.03297222311849,0.780990504675549,-2.6030690654338473,0.009251942700815117,2.8630173228494415,0.21888880062290492,13.079779845757217,8.456853643309319e-39,-2.0544663272164403,0.37469072482578974,-5.4830989696146135,4.273282162773215e-08,-2.3512852036396157,1.0143493662054215,-2.3180230421354096,0.020466623308764025,-0.0008835962213214335,0.12402299691941532,-0.007124454683961196,0.994315687048136,-1.30426338038674,0.5240237211155827,-2.4889395800826004,0.01282738916829779,3.187936945544765,0.20961885974280092,15.208254397797573,1.0658718847120853e-51,-2.1701795280197285,0.29147223654980436,-7.445578878140958,1.0386176233504313e-13,-4.34696835108695,0.2778202254296182,-15.646695068240064,1.3848158010025602e-54,-1.2802948687843423,0.22714733236762313,-5.63640724035565,1.7798092433839004e-08,-1.8205693913194436,0.3851483262698991,-4.726930554135784,2.308144143122798e-06,-4.0996738167646125,0.24014066405690948,-17.071968351820065,1.6725145512868976e-64,-2.4725969139633652,0.26180669616483604,-9.444360859305883,4.3107409077970736e-21,-1.2927733276501914,0.4232464972114877,-3.054421799512776,0.002260432160181049,-0.36718101296387795,0.1896257944697377,-1.9363452846204223,0.052851436674026954
3.51,0.10927948793845443,0.10804454869444646,10835,0.9898758504859582,0.08834117798301552,11.205146604183518,5.554226555142364e-29,-2.108561785932149,0.7865939923821736,-2.6806227944182996,0.007359666797726256,2.8096500511692977,0.22045929436907127,12.744529819938814,6.160572642383202e-37,-2.0839931666902127,0.3773790736056764,-5.522280678625488,3.423576360131718e-08,-2.3502641997395486,1.0216271681373617,-2.300510668705657,0.02143823637575426,-0.023685143687580106,0.12491284299874171,-0.18961335855448183,0.8496156755539501,-1.4169819490403892,0.5277835113584497,-2.6847787370114164,0.007268844332734435,3.229329826557607,0.2111228430775707,15.295975459041577,2.8605876562622594e-52,-2.16542682807399,0.29356350537388276,-7.376348859563113,1.7460254913395842e-13,-4.3738639205990495,0.2798135431569487,-15.631351761075159,1.7527192156019464e-54,-1.326925868067693,0.22877707981896162,-5.800082198434085,6.8139384160100395e-09,-1.824088950292719,0.3879117067445145,-4.702330243139829,2.6038879033899863e-06,-4.1313224313794645,0.24186363668058125,-17.08120529435155,1.4336299135664667e-64,-2.48652423551707,0.26368511926305427,-9.429899732174475,4.9429105550481534e-21,-1.3060728678493194,0.42628322624954657,-3.0638617412657547,0.002190373164543586,-0.37662995020154577,0.19098633061173795,-1.9720256889337724,0.04863210547860398
3.564,0.109037276500481,0.10780200144248198,10835,1.0038979719149532,0.08898364143909211,11.281826138820195,2.3531013145376213e-29,-2.1828881668676496,0.7923145171296713,-2.755077837997502,0.005877629581127533,2.8147533755731717,0.22206259017538021,12.675495558932914,1.4701855892342058e-36,-2.167211923580999,0.3801235724839493,-5.70133525111103,1.2198523910024361e-08,-2.339269149811363,1.0290569776129548,-2.2732163531290883,0.02303266110454702,-0.03750989108211822,0.12582127481563185,-0.29812041832418346,0.7656169829414855,-1.5389612399273056,0.5316218303226,-2.894842070336783,0.0038010796091440023,3.225930873556374,0.21265823930521,15.169555076238895,1.899886226704761e-51,-2.1825726149051086,0.29569845340770595,-7.381075517144488,1.685436010470559e-13,-4.39914854979232,0.28184849424202724,-15.608203129212782,2.499793887660854e-54,-1.370511462645583,0.2304408669307869,-5.947345542044056,2.8095461848690213e-09,-1.8743844187562635,0.39073280446426145,-4.79710021104129,1.6312865668685282e-06,-4.164395325066378,0.24362259610888926,-17.093633314723668,1.1650035116791671e-64,-2.506004222179546,0.2656027759765552,-9.435158246993442,4.703076001356883e-21,-1.3227161459994425,0.4293833818175018,-3.0805014865750637,0.002071708274154895,-0.37486756017881884,0.19237528354206673,-1.9486264205913255,0.05136586998740883
3.618,0.10744077580423117,0.10620328727821804,10835,1.0281456222331427,0.08959444675434003,11.475550767696866,2.6208166886239863e-30,-2.2650656850016992,0.7977531563063129,-2.8393064535014925,0.004529599699387002,2.8032140920303172,0.223586881699117,12.537471209078488,8.255312038063938e-36,-2.1821722393975405,0.38273283295890004,-5.701554848397013,1.2182863719276306e-08,-2.3262232386312047,1.0361206745066045,-2.2451277113439905,0.024780049687991173,-0.06790813194111883,0.12668494258855909,-0.5360394894100984,0.5919422787414924,-1.5814797963970058,0.5352710116149292,-2.954540339529377,0.003138096834212104,3.162679381601342,0.2141179770817067,14.770732587271146,6.764855059393398e-49,-2.1688740675633467,0.2977281993714699,-7.2847451875301985,3.447108758437857e-13,-4.425315181264986,0.28378317072405773,-15.594001469410706,3.107373953687937e-54,-1.3802266413295188,0.2320226689799647,-5.94867151299213,2.786958076183668e-09,-2.016607921298784,0.3934148892828722,-5.125906457111254,3.0122329042059587e-07,-4.182710685077263,0.24529488074695566,-17.05176509326387,2.3423311058558436e-64,-2.5307528192879483,0.26742593790483077,-9.463378306215647,3.5996691865203896e-21,-1.3799964514903529,0.43233077358133254,-3.1919921870441175,0.0014169919374436306,-0.37453191778967304,0.19369579418660185,-1.9336089323078334,0.05318728178820197
3.672,0.10690360564766876,0.10566537236221873,10835,1.0348128707585151,0.08993008335824615,11.5068599084494,1.8319710527819035e-30,-2.2481803288707916,0.8007416803704461,-2.8076224630029483,0.004999804025301103,2.778089907994178,0.22442447760343923,12.378729529240998,5.872759200695794e-35,-2.2144015553697542,0.38416661767336924,-5.764169642799389,8.4304295766193e-09,-2.1848558513223053,1.0400021653470115,-2.100818559924149,0.03567997564891286,-0.0819479447993432,0.12715952673341185,-0.6444499040260342,0.5192973957036138,-1.5663668653396599,0.5372762312576201,-2.9153846275187223,0.0035597934686274653,3.1640921082247573,0.21492010079881615,14.722178597834466,1.369225571171412e-48,-2.146085975386161,0.29884354173189676,-7.181302841443004,7.358588362570975e-13,-4.486760895049525,0.28484627254697203,-15.751516967137578,2.753079717738263e-55,-1.4021039066938288,0.23289186683169313,-6.020407349420685,1.7962570647668941e-09,-2.0124874886842887,0.39488869086487277,-5.0963411595216925,3.5212788140119155e-07,-4.163867296644241,0.24621379864546344,-16.911591956062622,2.399159827467467e-63,-2.5741704199765656,0.2684277626478408,-9.58980693570696,1.0763162767649082e-21,-1.3586623492114405,0.43395036093150413,-3.1309165091946896,0.0017472578637368983,-0.3763838233564974,0.19442141280367917,-1.9359175408140787,0.052903818462929825
3.726,0.10566364393209238,0.10442369150201403,10835,1.0424318059214943,0.09048097542696086,11.521005393702664,1.5578365929960571e-30,-2.2297523815825433,0.8056468491897399,-2.7676548152891844,0.005655719776021432,2.795098042126875,0.22579925298582898,12.378685957399043,5.875903476878763e-35,-2.2146071930289355,0.3865199385515246,-5.729606605362015,1.0335146349710233e-08,-2.208195906427666,1.046372991692779,-2.1103334317290985,0.034852537905638734,-0.0883060442922641,0.12793847824911206,-0.6902227187689485,0.4900689441952041,-1.5292199450925898,0.5405674682214476,-2.828915972550041,0.004679188218891849,3.1121487341794087,0.2162366544426706,14.392327434960904,1.553578201552879e-46,-2.1404004661568985,0.3006741920635648,-7.118670383603797,1.15882147041685e-12,-4.4881125803239925,0.2865911786616919,-15.660330514296843,1.1230034519055352e-54,-1.4413745449275894,0.23431851159298675,-6.151347305548224,7.954295400802427e-10,-2.0546513550374192,0.397307692823939,-5.17143612406193,2.364539658065844e-07,-4.184208804421125,0.24772205065432215,-16.890740220215115,3.3860544466876625e-63,-2.5825230525876943,0.27007209255329023,-9.56234695770395,1.4008472210981398e-21,-1.4072875556006608,0.4366086461584924,-3.2232242031455427,0.0012713202236275807,-0.37077663752878665,0.19561239595750532,-1.8954659581457909,0.0580573251067339
3.78,0.10437845167702187,0.10313671739244434,10835,1.0516558993800271,0.09090423810617272,11.56883244708275,8.992680387579836e-31,-2.2229950572839625,0.8094155999384751,-2.7464198335847936,0.006034922342475417,2.766171263608243,0.22685552361434325,12.19353718850048,5.620382305378146e-34,-2.2686181829068577,0.3883280475378406,-5.842014753481829,5.305972102705103e-09,-2.1073981416863607,1.0512678398509574,-2.0046253312430213,0.04502798846605958,-0.10459165543949184,0.12853696409458928,-0.8137087737852879,0.4158297143254034,-1.5690586687870827,0.5430961990824327,-2.8890989689083177,0.0038711452610838935,3.0776132887177554,0.21724819200922896,14.166347071772247,3.7453460694380833e-45,-2.133122426992955,0.30208072159645455,-7.061431844176285,1.7490860179023241e-12,-4.49184060549852,0.2879318289978143,-15.600361450600925,2.8189547534637264e-54,-1.4625018091294015,0.23541463462368778,-6.212450689258222,5.408205528761738e-10,-2.0083429178686285,0.39916626605154415,-5.031344301046953,4.948762820175818e-07,-4.212920410609403,0.2488808743558244,-16.927457449326543,1.8453973754155703e-63,-2.5967436394314136,0.2713354679417081,-9.570232963385681,1.2988377439416504e-21,-1.3654743200648531,0.43865106606464477,-3.1128941103807115,0.0018574550577021955,-0.3937360528491809,0.19652745491226717,-2.0034658924624584,0.04515219735206203
3.834,0.10300677785730172,0.1017631418158802,10835,1.0519277318087543,0.09114038588993845,11.541839784166232,1.2265511568280507e-30,-2.331077953995478,0.8115182708815794,-2.8724897979969692,0.004080430637242632,2.746191699300394,0.22744484079308658,12.074099767330784,2.370666273297331e-33,-2.2817272991652104,0.3893368322734107,-5.860548270868125,4.74805673110634e-09,-2.1475132970956996,1.053998785906905,-2.037491243643026,0.04162512004772084,-0.12159910781613681,0.12887087283014748,-0.9435732461935376,0.3454088391080651,-1.544955828825048,0.5445070349956618,-2.8373477834631777,0.00455746226341279,3.068087330054998,0.21781255160498478,14.0859069298226,1.1493463187763344e-44,-2.1213134718776456,0.3028654561083927,-7.0041446757746035,2.632560276557806e-12,-4.474720478473603,0.2886798080217849,-15.500635493480457,1.2928973882969874e-53,-1.436982194856725,0.23602618635538453,-6.088232060374273,1.1803788960257997e-09,-1.9644971784707013,0.40020320592416064,-4.908749228867941,9.299705053130409e-07,-4.191015875735326,0.24952740820424807,-16.79581375808149,1.616965285730738e-62,-2.6009284172949387,0.27204033353154594,-9.560819101823862,1.4215085300607417e-21,-1.371256035844017,0.4397905781408216,-3.1179750181117765,0.001825758723775842,-0.41913062925385086,0.19703798691708357,-2.1271564727781507,0.03342964205846875
3.888,0.10167287366545819,0.10042738823288422,10835,1.0601734779471035,0.09153809622656729,11.581773290576772,7.7474286614435115e-31,-2.3337294028553024,0.8150595023734288,-2.863262615869826,0.004201086879645225,2.7150428891276777,0.22843734442704694,11.885284763475902,2.2440022716004276e-32,-2.226719805901158,0.3910357858285608,-5.694414390189351,1.270222065811093e-08,-2.1200804714190373,1.0585981323750628,-2.0027245529542363,0.04523176722918424,-0.13350094513804522,0.12943322812099323,-1.0314271464607954,0.30236361230239367,-1.665949959453319,0.5468831065260853,-3.046263341421859,0.002322628346091855,3.0512272664408346,0.2187630227092592,13.947637167621247,7.785877867795848e-44,-2.1095008034846465,0.30418707353765806,-6.934879838749928,4.297625883263135e-12,-4.471576076402453,0.28993952337744444,-15.422444047344788,4.240224275777431e-53,-1.412121190427146,0.23705613650439947,-5.956906289160495,2.650586405798697e-09,-2.0334755090902656,0.40194957719737695,-5.059031342360958,4.283064859798362e-07,-4.186981546768102,0.25061627378832485,-16.70674247716453,6.958988228280994e-62,-2.6368009080162733,0.27322743902346375,-9.65057139736919,5.991781698869136e-22,-1.3806848029935805,0.441709697279617,-3.125774261912029,0.0017780705962430446,-0.41117039771730296,0.19789780381757482,-2.0776905543445343,0.037761396799941255
3.942,0.09996826527649294,0.09872041649001995,10835,1.0705551929038217,0.09207558822509151,11.626916683787037,4.6004541139517886e-31,-2.3909990645906714,0.8198453563392196,-2.9164025216499128,0.003548208178486844,2.681906832392312,0.22977867934502202,11.671695737990207,2.738007834003258e-31,-2.237086525006645,0.3933318637970087,-5.687529363655023,1.3223338841900372e-08,-2.04610067587769,1.0648139927573452,-1.9215569008248043,0.05468777596388489,-0.1502264858605777,0.13019323217751197,-1.1538732340230358,0.2485776327480007,-1.7153115061800714,0.5500942864173328,-3.1182136381593657,0.0018242824284004698,3.020020868148555,0.22004755209239346,13.724401109813346,1.6451374936962205e-42,-2.116043914488076,0.3059731945607162,-6.9157820100092975,4.9154277790848825e-12,-4.473849544412893,0.29164198585258244,-15.340210811327795,1.4696252338722843e-52,-1.4582185319471168,0.2384480791143573,-6.115455143791575,9.960683508586721e-10,-2.01958203054325,0.40430973859967495,-4.995135752945412,5.971270929958312e-07,-4.173592861993296,0.25208783860575096,-16.55610554272126,8.077372236494491e-61,-2.6465338656853428,0.27483177173635837,-9.629650345608948,7.33355070834945e-22,-1.4424786564581822,0.4443033215491312,-3.246607861108849,0.0011714473524446502,-0.42860138549238314,0.19905981712637452,-2.1531286006370767,0.031330606424229995
3.996,0.09925112251893442,0.09800227945005413,10835,1.0684747808279453,0.09261526359020697,11.536702908449366,1.301080059202855e-30,-2.39700372352325,0.8246506511035491,-2.906689905980884,0.003660164988181749,2.684100915407006,0.23112546295033684,11.613177021450696,5.392415742499501e-31,-2.2338543384057004,0.39563726875067856,-5.64621817721986,1.681494779366198e-08,-2.0062088774766997,1.0710551028213566,-1.8731145318219162,0.06107951308109702,-0.14337899591882525,0.13095632347527478,-1.094861188172375,0.27360182802611743,-1.8021895301161481,0.5533185105639595,-3.2570562808016312,0.0011292092452249182,3.013558710873964,0.22133729941095434,13.615232131655882,7.189152853347567e-42,-2.127842762901413,0.3077665710535867,-6.913820287944541,4.98361575368985e-12,-4.455565665405084,0.2933513639649788,-15.188494797443667,1.432027187910582e-51,-1.4764674409763996,0.23984567598707598,-6.155906021236583,7.729574599337753e-10,-2.0624750358444315,0.4066794873029372,-5.071500039312496,4.012312120226888e-07,-4.193881972574632,0.2535653811223206,-16.539647305211165,1.0545036834926068e-60,-2.664490909049758,0.2764426214698899,-9.638495304675637,6.733399573757618e-22,-1.439494215298042,0.44690748147795906,-3.221011674580874,0.0012811662331403853,-0.4239014440655003,0.20022655069341808,-2.117109057702181,0.03427335104859007
4.05,0.09846591949348571,0.09721598778005591,10835,1.0822468160953935,0.09297769410087765,11.63985433883951,3.960709739937867e-31,-2.390445626055296,0.8278777493702755,-2.887437943432574,0.003891627361376938,2.6678716664200968,0.23202992422722454,11.497963787668512,2.0283768113112043e-30,-2.2904383871228235,0.3971855126555723,-5.766671527893881,8.306661126689087e-09,-1.9817645779653805,1.0752464534996806,-1.8430793903250657,0.06534475738822265,-0.14026969673841605,0.1314687937242686,-1.0669429053453225,0.2860214261161257,-1.7784708128973339,0.5554838071098352,-3.2016609487694367,0.0013703282323549847,2.9696817140721086,0.222203456752048,13.364696289967764,2.0325213389766145e-40,-2.1783071833999506,0.30897095131651897,-7.050200590438123,1.8955370722046673e-12,-4.489605272373647,0.2944993333225806,-15.244874145286932,6.16044769952847e-52,-1.5155044612264017,0.24078426199828443,-6.294034538009796,3.2129394087502537e-10,-2.125348794655011,0.4082709426262699,-5.205731225894636,1.9677824569792635e-07,-4.162232032545749,0.2545576563370756,-16.350842054557095,2.205218000872477e-59,-2.7059413088861026,0.27752442199160293,-9.75028175706993,2.273938213719448e-22,-1.4343114078662342,0.44865636066326575,-3.1969042091498205,0.001393105294299315,-0.4548930994930599,0.2010100955239844,-2.2630360843681223,0.023653198266762095
4.104,0.09775506143099844,0.09650414414857544,10835,1.101434367149096,0.09358525498796064,11.769315233375076,8.774974404600147e-32,-2.4555058387764976,0.8332875000063575,-2.9467690788086505,0.003217979542227792,2.6423038225057844,0.23354611913780535,11.31384170398771,1.6412977707430685e-29,-2.347331921253729,0.3997809134636813,-5.871545744684422,4.444446081777318e-09,-2.0158150458856614,1.0822726299975869,-1.862576018290471,0.06254902536167797,-0.15104799904490845,0.1323278739338959,-1.1414677388406025,0.25370059354975516,-1.8829322656960898,0.5591136049648102,-3.3677096192545677,0.0007605967706383864,2.9585980198079627,0.22365544080696234,13.22837490173797,1.2215542329267034e-39,-2.18429210034484,0.31098991583354674,-7.023675010459033,2.2908527826956967e-12,-4.533643757674374,0.29642373334055355,-15.294469530433275,2.9260945590602022e-52,-1.5558504473437296,0.24235766195437042,-6.419646215421303,1.4231209364594796e-10,-2.1675744884217782,0.4109387809553544,-5.27468953741134,1.355484548738878e-07,-4.18090656034671,0.2562210582636723,-16.317575880294026,3.755036251875717e-59,-2.675484275814871,0.27933789979015394,-9.57794942191792,1.2061457006386838e-21,-1.5239721463824245,0.4515880967007744,-3.37469512043454,0.0007415717786643369,-0.4681943863049734,0.20232359198278757,-2.31408696196341,0.020681591575991996
4.158,0.09709121392595099,0.09583937625231109,10835,1.1189238216935147,0.09410801433099883,11.889782497779738,2.1278563979215132e-32,-2.4168999297012075,0.837942173716669,-2.884327827755841,0.0039302431360971335,2.630148233555424,0.2348506880661617,11.199235800469376,5.932984838578969e-29,-2.4169490724287215,0.40201405593584066,-6.012100912248834,1.890460969046361e-09,-1.854244191573695,1.088318113649029,-1.7037704034499503,0.08845270639171321,-0.15092036542358442,0.13306704627949908,-1.134167847286439,0.2567492772405897,-1.9449723642242653,0.5622367664163949,-3.4593475211896956,0.000543572349116443,2.9524177470200605,0.2249047612401674,13.127413269242815,4.558629608658314e-39,-2.250804429454939,0.3127270792800059,-7.197344197493177,6.546616023356912e-13,-4.544271729760995,0.298079531319861,-15.245165307525465,6.133622307771422e-52,-1.565813380508816,0.2437114514178905,-6.424865846061232,1.3753159442060926e-10,-2.1728878505388414,0.41323425033446515,-5.258247226071268,1.482087981878244e-07,-4.195625602773431,0.25765228748998253,-16.28406114165222,6.412896978460138e-59,-2.652238291974505,0.28089825774396576,-9.441989114763317,4.4086444734538434e-21,-1.5384590753368417,0.454110629729995,-3.3878508332905097,0.0007069369845108981,-0.5128444045291941,0.20345375450721148,-2.5206927528634826,0.011726666512084684
4.212,0.09661255370723609,0.0953600523952488,10835,1.1510956305594195,0.09471308513244465,12.153501587977555,9.119267921017596e-34,-2.4269799443859146,0.8433297525134411,-2.877854050746577,0.004011741147327911,2.586053753607229,0.23636066885853604,10.94113401394631,1.0235475799551892e-27,-2.399103821358914,0.4045988195050946,-5.9295868047600795,3.12980655608602e-09,-1.8213470323114254,1.0953154933933036,-1.662851519308711,0.09637112691409874,-0.17055762034049007,0.1339226055526464,-1.273553629252248,0.20284901530776395,-2.0605499398746554,0.5658516875607444,-3.6415018019248273,0.0002723178043178088,2.930930435652236,0.2263507943447863,12.948620057359857,4.5851762812127496e-38,-2.2452113555332294,0.3147377690797953,-7.133593664648497,1.040338392280312e-12,-4.577232580752074,0.29999604419278103,-15.257643123489622,5.087022102307976e-52,-1.6046083919677372,0.24527840280114135,-6.541988098596141,6.344769195336796e-11,-2.1894457338950812,0.4158911545398319,-5.264468142674546,1.432897602489444e-07,-4.28575000802196,0.25930887197106184,-16.527587257023114,1.2817915100896036e-60,-2.6541218090283523,0.2827043030116948,-9.388331839146282,7.31688233794152e-21,-1.6324864161374781,0.45703035006018256,-3.5719431235201546,0.0003558814333715291,-0.554880858089582,0.20476186760652584,-2.709883752163519,0.0067412848335970605
4.266,0.09574992872322785,0.09449623142503483,10835,1.1626681345864238,0.09548309972415224,12.176690303785032,6.891216629477845e-34,-2.347858302067288,0.850185998555352,-2.7615819433121715,0.005761908868718318,2.603187304298872,0.23828227413274214,10.924804682905998,1.2229978530086984e-27,-2.4085373994576234,0.4078881959874563,-5.904896055221203,3.6347860733853658e-09,-1.8241848670932213,1.104220376084611,-1.6520115971428542,0.09856120595041945,-0.1679194870915996,0.13501139239018667,-1.2437430954441802,0.2136210771822688,-2.08546724445717,0.5704520451095968,-3.655815177341514,0.00025758078239172284,2.9096800114816412,0.22819101963410465,12.751071519585649,5.6718314119140086e-37,-2.267878636501335,0.31729657786966875,-7.147504242648586,9.406479365705572e-13,-4.564615042371424,0.3024350031936411,-15.092879442426252,5.946870509343978e-51,-1.6412380963766589,0.24727250898956823,-6.6373658078015385,3.346180454806449e-11,-2.251067798171558,0.4192723373733334,-5.3689871654163905,8.081832218461327e-08,-4.307640431192001,0.2614170454604771,-16.47803961522188,2.8541198740066396e-60,-2.6865778433335272,0.28500268066619866,-9.426500259764595,5.104354459385604e-21,-1.670123907101609,0.46074599334122923,-3.624825676703633,0.00029048347900231195,-0.597574573923912,0.20642657555751107,-2.8948529146986015,0.0038009484055981386
4.32,0.09502938621697787,0.0937746899227968,10835,1.176434761735793,0.09584560727940275,12.274268953258636,2.1081027454262014e-34,-2.4821932099940556,0.853413782830631,-2.9085459596879666,0.0036385252012758875,2.609630807571566,0.23918692767776673,10.910424047451572,1.4302912372594495e-27,-2.452549418486094,0.4094367690142026,-5.990056595041711,2.1644199503922464e-09,-1.7705803353778073,1.1084126177498759,-1.5974018222312911,0.11020537065934717,-0.15436844406033784,0.13552397157883606,-1.139048998210178,0.25470793740347925,-2.1155353883709056,0.5726178019488464,-3.69449811230265,0.0002214076260909796,2.8808452090116536,0.22905736110077946,12.576959741294472,5.048308908725138e-36,-2.25406333307038,0.31850121415677274,-7.077094946209168,1.5632254979447302e-12,-4.5492256312726305,0.3035832165837241,-14.985102544422169,2.929708799470988e-50,-1.6310892199238893,0.24821129452306503,-6.571373889564564,5.214502212123821e-11,-2.2179003381266766,0.42086413100429493,-5.26987256631771,1.3914485876015022e-07,-4.311725416495474,0.26240953161063835,-16.43128353619862,6.062284386365978e-60,-2.703330261527072,0.2860847111543857,-9.449404865498803,4.109622917421979e-21,-1.766145910926501,0.46249524429893923,-3.818733127956083,0.00013488779201351435,-0.6373553255158603,0.20721028695209578,-3.075886505881864,0.002104014261096103
4.374,0.09480591638058733,0.09355091025670426,10835,1.182223037739579,0.0963994677160817,12.263792173847827,2.3950296939410443e-34,-2.5149492881607998,0.858345382137509,-2.929996875963735,0.0033967367796080184,2.6282255356188786,0.24056911075294218,10.925033257149932,1.2199560536649697e-27,-2.446441117344646,0.41180277027514256,-5.940807818534288,2.9235498765674707e-09,-1.8102604080510745,1.1148177719756482,-1.6238173211420757,0.10444393436692467,-0.13987717488771917,0.13630712031365813,-1.0261912552025598,0.3048243851661539,-2.12749351257616,0.5759267730622849,-3.6940347490080607,0.00022181118404037426,2.8617670709329284,0.23038100872162423,12.421887927363322,3.453054077964804e-35,-2.2265652861174505,0.3203417285690963,-6.950593967458067,3.846946286244611e-12,-4.574325747941224,0.30533752476412196,-14.98121055207663,3.102735518864795e-50,-1.6581737993923293,0.24964562646456376,-6.6421103500793786,3.2406127795795055e-11,-2.25492315986846,0.4232961672550646,-5.327057824527186,1.0181931933634928e-07,-4.348637884037583,0.26392591052347575,-16.476737260894204,2.9147210123193023e-60,-2.713387108886877,0.287737901191413,-9.430064991965864,4.9351922966142646e-21,-1.7902158614645765,0.4651678531460261,-3.8485373599163775,0.00011950845124995718,-0.6715935446834506,0.20840768747230012,-3.222498905049812,0.0012745401605689535
4.428,0.0937876903093805,0.09253127246620108,10835,1.1951840697655072,0.09690222366224824,12.333917887491516,1.017421532552451e-34,-2.6602215816924994,0.8628219446638208,-3.083164027230433,0.002053277495290341,2.5998503016554517,0.24182376032477648,10.751012630701696,8.006215046165806e-27,-2.462070829778563,0.4139504615052793,-5.947742685986021,2.802762141218414e-09,-1.803041133936407,1.1206319250724646,-1.608950355238019,0.10765637417028052,-0.11794466690024366,0.13701800821445403,-0.8607968283675698,0.3893690276593931,-2.1690522821856044,0.5789304266775348,-3.7466544894413887,0.00018013994040140188,2.8314634755046377,0.2315825238830956,12.226585270890213,3.764935746937946e-34,-2.172482234017838,0.322012419421018,-6.7465790230202485,1.5910371560994742e-11,-4.582053279574575,0.30692996360014396,-14.928660681509383,6.723839531169526e-50,-1.6548750896721531,0.2509476131467847,-6.594504203170806,4.465727138998457e-11,-2.238327159157656,0.4255038004517932,-5.260416374145273,1.4647533155294817e-07,-4.366220562654821,0.265302373734392,-16.457525431061807,3.973042211950646e-60,-2.749842248551151,0.28923855201645204,-9.507177481633702,2.373436257779638e-21,-1.8307420463220696,0.46759386139768444,-3.915239692945925,9.086864490756294e-05,-0.6642930019662646,0.20949460430478836,-3.170931319070164,0.0015237510177214463
4.482,0.09407543941609697,0.09281942052259873,10835,1.2307323805604415,0.09718144294460257,12.664273582169486,1.6927477615823124e-36,-2.730181557457657,0.8653081262506161,-3.155155342510818,0.0016085217386461377,2.5541287368384555,0.2425205643222725,10.53159654306433,8.234860409873421e-26,-2.5006559559563675,0.4151432406430895,-6.023597908236817,1.7613023764080711e-09,-1.81408939712679,1.1238609742116534,-1.6141581910514387,0.10652228032382005,-0.11962550273439168,0.13741281927737256,-0.8705556247479607,0.384016149998348,-2.186592366619573,0.5805985879659012,-3.7661000421654354,0.00016669604300997522,2.7730742601979004,0.23224981823074467,11.940049216498407,1.1733252998982205e-32,-2.1690912033848617,0.32294028333643554,-6.716694433333134,1.952211635058691e-11,-4.640418195893986,0.30781436811565005,-15.075378788525288,7.710138814009283e-51,-1.7011586398642509,0.2516707071048305,-6.759462233146001,1.4563403167092364e-11,-2.220706187734198,0.4267298700022227,-5.204009242949482,1.9860678735556852e-07,-4.453780542950717,0.266066830272141,-16.739330259225696,4.083332431177937e-62,-2.7903315576076175,0.29007197954650266,-9.619445359631118,8.091984000316155e-22,-1.9488787529431468,0.4689412115149307,-4.155912735089388,3.2648532064025355e-05,-0.7184424234179305,0.21009825333223453,-3.4195544799786433,0.0006295527441080369
4.536,0.09285495348364248,0.09159724244771084,10835,1.2497649856923823,0.09781978371845106,12.776198619386724,4.127370596150497e-37,-2.811982748950496,0.8709919424421814,-3.2284830799535924,0.0012481973295029815,2.5233292734823998,0.24411357179379053,10.336702113448759,6.2792591109582e-25,-2.5105401867867125,0.41787012809670704,-6.007943659963418,1.9393993203358118e-09,-1.8392107750845201,1.1312431066665642,-1.6258315867259738,0.10401461223271832,-0.11201097181657231,0.13831542169545175,-0.8098227257926626,0.41805987980911863,-2.2214734622174275,0.5844122764717281,-3.8012094400705063,0.00014478171318993804,2.7768221283799415,0.2337753618345796,11.878164176876913,2.440881977755663e-32,-2.148665230070682,0.3250615314278983,-6.610026171452023,4.023365671652165e-11,-4.600679068233431,0.30983626093789013,-14.848743185535938,2.168995966240723e-49,-1.7281259820507713,0.25332381770970064,-6.821806167595095,9.470412618687364e-12,-2.1609818890558232,0.42953286476323654,-5.031004764319912,4.957515533937277e-07,-4.468685333753081,0.2678145024735936,-16.68574812969171,9.805789442356318e-62,-2.8159522412928673,0.2919773306740943,-9.644420800723186,6.35879968559479e-22,-2.0077513193317595,0.47202147341244677,-4.2535169106118405,2.122088737311411e-05,-0.7309352132214841,0.21147829336408266,-3.4563131827581963,0.0005497219784694668
4.59,0.09248891850420249,0.09123069997915989,10835,1.2566605452561155,0.09823545367002733,12.792332078775098,3.3643249339122955e-37,-2.774447375024387,0.8746930871879142,-3.171909571097754,0.0015186324690019913,2.52062645845053,0.24515089443660779,10.281938657590029,1.1039707793043143e-24,-2.5236083802713596,0.41964580219154113,-6.013662872575324,1.8723866453165672e-09,-1.7977623929881903,1.1360501482433734,-1.5824674604092035,0.11357212508762098,-0.08863362222689529,0.13890317156007911,-0.6380964612356531,0.5234243952587116,-2.2055270893950354,0.5868956455145463,-3.7579544272498286,0.00017220846009649728,2.8139483366859226,0.23476875386265023,11.986042820384023,6.791312544818513e-33,-2.1470091237103555,0.32644282983085576,-6.576983555812252,5.022345649231854e-11,-4.586888282344024,0.31115286192273095,-14.741591171618703,1.0331429478926291e-48,-1.7661173206027005,0.25440027785955727,-6.942277482800915,4.079358944025636e-12,-2.06261438394195,0.4313580978429829,-4.781675351073981,1.7613285990976005e-06,-4.45899188241173,0.2689525385338147,-16.57910316340484,5.5629844816797494e-61,-2.807437362756492,0.29321804291336884,-9.574572338258012,1.2458777573065945e-21,-2.0236959316998147,0.47402725522403855,-4.269155221345573,1.978882024035549e-05,-0.7770686761066964,0.2123769374687874,-3.6589127113714994,0.0002544915894227629
4.644,0.09213986595727353,0.09088116348840947,10835,1.2842116029136834,0.09860611331492584,13.023650965860496,1.746823874892242e-38,-2.719081101246902,0.8779934580517909,-3.096926379474811,0.0019603871522307663,2.4854209580105033,0.24607589187982876,10.100221273298319,7.032442637320861e-24,-2.5655637486983855,0.42122919961286265,-6.090659790575552,1.1626759456937547e-09,-1.9413152667555904,1.140336665267555,-1.7024053736798013,0.08870812999716565,-0.07928078281044279,0.13942727765744267,-0.5686174480522159,0.5696275835625186,-2.2083487303516773,0.5891101060115642,-3.7486179711001726,0.00017873754890100496,2.7740130792334265,0.23565457766341666,11.771522143718018,8.551216169175903e-32,-2.1627725260522492,0.3276745560443999,-6.600367609132257,4.29329813551539e-11,-4.596145870191188,0.31232689639807254,-14.715818340323867,1.501468752155527e-48,-1.8396066874793773,0.25536017485326634,-7.203968624067719,6.237581053342243e-13,-2.1130129541607228,0.4329856878158214,-4.880098843035044,1.0754574667522504e-06,-4.471542195437435,0.2699673437665808,-16.563270701746873,7.19170296258334e-61,-2.828070342103188,0.29432440616211175,-9.6086844410229,8.97587611107096e-22,-2.1632624941521055,0.47581584343256605,-4.5464280435602795,5.515638178448839e-06,-0.8444625374106214,0.2131782730079018,-3.9612973944081067,7.502177315862303e-05
4.6979999999999995,0.09192044107368325,0.09066143438324104,10835,1.2911401559253672,0.0988762034873463,13.058148577585719,1.118856768799263e-38,-2.7311136605098554,0.8803983536155362,-3.102133993429199,0.0019262558029832406,2.4614929839449973,0.24674991378204159,9.975658942354388,2.456703302676138e-23,-2.580687162544931,0.4223829806851235,-6.109827527517668,1.0317078788532187e-09,-1.9783421586693823,1.1434601402346276,-1.7301365295194675,0.08363440246391253,-0.056802432072421354,0.13980918032246653,-0.40628542375692284,0.684540929921214,-2.2599314770363375,0.5907237265545333,-3.8256995198375687,0.0001311344387975135,2.771570018852385,0.23630005473753582,11.729028255752352,1.404992178804352e-31,-2.1599617469325887,0.328572083331143,-6.573783521212075,5.131095817021363e-11,-4.604045534851163,0.31318238519550934,-14.70084446791926,1.865176721921293e-48,-1.8792009791724074,0.25605962716242653,-7.338919454023777,2.3077016171974914e-13,-2.1037494503492438,0.4341716708664287,-4.8454323289933265,1.2808997352831283e-06,-4.482637950762434,0.27070680630064226,-16.559014573811986,7.705392621777208e-61,-2.8059330973280217,0.29513058467311326,-9.507429060379744,2.3677522746809317e-21,-2.191330439150318,0.47711914176643955,-4.592836982053055,4.421969324073414e-06,-0.8597079456234931,0.21376218565365335,-4.021796198399789,5.814842381288659e-05
4.752,0.09215284864979634,0.09089416418078322,10835,1.3173649290106482,0.09914660970646827,13.287039596319188,5.658043377520452e-40,-2.79216429853497,0.882806063273936,-3.162828637787185,0.0015667620060204586,2.4272764662337023,0.2474247243926959,9.810161341763454,1.264988330030637e-22,-2.5513214827471624,0.42353811185723755,-6.02382976011174,1.7587882828995926e-09,-2.004483403549098,1.146587270143869,-1.7482170400318362,0.08045481531011088,-0.04837314305745779,0.1401915298718642,-0.3450503971364825,0.7300631908501167,-2.2222126330570973,0.5923392352796806,-3.751587773867201,0.00017663590046967614,2.749512453605165,0.23694628711829333,11.603948249387404,5.998935791758845e-31,-2.153424443743909,0.32947066086172117,-6.5360127609289655,6.602321952608868e-11,-4.640739616554473,0.3140388750453361,-14.77759597720032,6.122032258426555e-49,-1.9410943460280365,0.2567598979374835,-7.55995917439046,4.3582973599562886e-14,-2.1395701893516814,0.43535904169811607,-4.91449581707617,9.031643793174593e-07,-4.535540546925529,0.27144713411866683,-16.708743533622112,6.735055019320503e-62,-2.815200264763995,0.2959377065359478,-9.51281368540994,2.24927415251205e-21,-2.272627505426776,0.47842396515817,-4.750237594547403,2.057898362154873e-06,-0.8909610480578464,0.21434678156627102,-4.156633664137299,3.254588783164875e-05
4.806,0.0918415670563234,0.09058245101101847,10835,1.3509942813421065,0.099304318765856,13.604587374770064,8.295968369814943e-42,-2.8844310402372337,0.8842103121360293,-3.2621549428316157,0.0011091130371249306,2.37924107016509,0.24781829428549168,9.600748310470397,9.688335723886517e-22,-2.5091254593470214,0.424211819182517,-5.91479385035114,3.4234852438692407e-09,-1.942817212768203,1.1484111065858382,-1.691743663594555,0.09072365732321397,-0.0666486702756116,0.14041452765641455,-0.4746565144505323,0.6350413980808802,-2.200436475291472,0.5932814486736734,-3.7089251319263696,0.00020918215848595063,2.733080722051498,0.23732318932581686,11.516281783569406,1.644518484973039e-30,-2.1802159031553465,0.32999473836849813,-6.606820199420106,4.111069382466296e-11,-4.688267220497776,0.31453840574781006,-14.905229806043861,9.484492024959505e-50,-1.9668497547823236,0.25716831696574977,-7.648102915586888,2.21275142755565e-14,-2.216833372115466,0.4360515521648424,-5.0838790989498115,3.7598841929924007e-07,-4.526609290075568,0.27187891562205957,-16.649357599939943,1.7751012600824946e-61,-2.8279006259302224,0.2964084443400273,-9.540553516370721,1.7258345216909433e-21,-2.311268073755537,0.4791849774989553,-4.823331661645374,1.4310531078485934e-06,-0.9578497882927127,0.21468773552731604,-4.4615952836804675,8.217327631482797e-06
4.86,0.09106718594578345,0.08980699625997024,10835,1.3702042592354864,0.09988928769146319,13.717229253528732,1.813127031405669e-42,-2.874683563249576,0.8894189028874604,-3.2320918230060536,0.0012325553333071288,2.330426959880312,0.24927810996275132,9.348702781116796,1.061817191342141e-20,-2.466712281184858,0.4267107108236968,-5.780760169866053,7.642000397847286e-09,-1.971984262769002,1.1551760169092131,-1.707085529740515,0.08783484992380779,-0.052676538411483564,0.1412416632372595,-0.37295325758800263,0.7091905393826603,-2.1739657513217816,0.5967762736312021,-3.642848831931372,0.00027089792247142556,2.734065441379567,0.23872118180798596,11.45296542465468,3.391322792624998e-30,-2.1943593055889092,0.33193862832170945,-6.610738005045235,4.0041423496860005e-11,-4.689943561385343,0.3163912475532739,-14.823240521518064,3.1479363558478553e-49,-1.9589732846901153,0.2586832105367974,-7.5728659800727725,3.948340795280724e-14,-2.24624372429507,0.4386201877604466,-5.121159004933583,3.0888871406409345e-07,-4.574842810218396,0.2734804644685067,-16.728225246762452,4.897359367966783e-62,-2.822492981456033,0.29815448853409,-9.466545331358708,3.49309294719389e-21,-2.3538491187539266,0.4820076978492714,-4.883426404301947,1.057497458806142e-06,-0.9857451262240121,0.2159523900313015,-4.564640965914441,5.058661076407913e-06
4.914,0.09123622175045898,0.08997626642429735,10835,1.3881214627781164,0.10010771835525159,13.866278101076073,2.379763012568095e-43,-2.896853400386557,0.8913638197632694,-3.2499113562360096,0.001157937565317863,2.300569646566456,0.2498232132894991,9.20879055342435,3.906221526075546e-20,-2.5051147432195204,0.42764381091846115,-5.857946915773723,4.82277278877214e-09,-2.0834919240042513,1.1577020722050053,-1.799678841410338,0.07193921443064155,-0.04437409767031273,0.14155052028257942,-0.3134859383188988,0.7539175456250528,-2.2820488533963674,0.5980812607884344,-3.8156167113278285,0.00013659942269106485,2.7443353676593594,0.23924320000841334,11.470902276691044,2.7637056987025075e-30,-2.19602111584502,0.3326644876865823,-6.601309118134626,4.2662245288081696e-11,-4.70269479716921,0.31708310903128717,-14.831111034379274,2.8062756467453765e-49,-1.9880341100341232,0.2592488802566877,-7.668438560142398,1.890389959202536e-14,-2.291201839045289,0.43957933063730287,-5.212260175480727,1.8999197206854318e-07,-4.575035958804576,0.27407849175218835,-16.69242971076021,8.79228516750217e-62,-2.841137821790968,0.2988064711875569,-9.50828745608934,2.3484595029551314e-21,-2.399951224421335,0.4830617173925636,-4.968208280663643,6.860789864220106e-07,-0.9972059015675714,0.21642461908600186,-4.607636163477807,4.119275775344916e-06
4.968,0.09126256449145087,0.09000264568817629,10835,1.4051744220054907,0.10043667245999076,13.990650900598544,4.3020781020496133e-44,-2.711993790882027,0.894292842541379,-3.032556744136687,0.002430659529411036,2.323017107946067,0.25064413272329417,9.268188657384727,2.25213878327097e-20,-2.4740431459680616,0.4290490490886961,-5.7663410540658475,8.322907836777242e-09,-2.1152003219888353,1.1615062828590272,-1.8210838401857863,0.0686217196604715,-0.03960847637272577,0.1420156554933299,-0.2789021832496916,0.780325223670919,-2.251350973869614,0.6000465566610839,-3.75196049186099,0.0001763737856631004,2.71545662192341,0.2400293535035357,11.313018938258361,1.6565837527695805e-29,-2.195126002966353,0.3337576236657394,-6.577006328295251,5.02157988758953e-11,-4.739512382496464,0.3181250445780464,-14.898268662823583,1.0504025453261976e-49,-2.028885204537647,0.26010077244552804,-7.800381311680069,6.739884915961046e-15,-2.285792216833111,0.44102378894229083,-5.182922722411722,2.2237388593198184e-07,-4.594408131006842,0.27497911406547154,-16.70820762740886,6.794313110947833e-62,-2.872482581603184,0.2997883496763959,-9.581701839660754,1.1634671364305237e-21,-2.4135432554856795,0.48464905888220505,-4.979981310708159,6.457199237513597e-07,-1.0276603430507607,0.21713579069179462,-4.73280033557174,2.2425001035786236e-06
5.022,0.09174866612042809,0.09048942127264248,10835,1.4247135104243076,0.10066736581224356,14.152684923548764,4.5329896011943114e-45,-2.6640026739726004,0.8963469469704534,-2.9720664336244065,0.0029645369272325254,2.3063037957791748,0.251219838128344,9.180420674425095,5.0753244309428994e-20,-2.5249095043433236,0.430034533384331,-5.8714110340686485,4.448048154912297e-09,-2.1785401018012305,1.1641741507950363,-1.8713180500644726,0.06132797666436611,-0.03404956486796767,0.14234185176044722,-0.2392097928111195,0.8109474406414974,-2.3133573771731193,0.6014248057435496,-3.846461527826549,0.00012052361994217354,2.695660863140784,0.2405806777842247,11.204810327945394,5.575116030769483e-29,-2.183734910190368,0.33452423274544635,-6.5278825760047825,6.969239075885692e-11,-4.779179264321721,0.31885574713092635,-14.988531043661343,2.785266701580495e-50,-2.022320418570825,0.26069819884018386,-7.7573240918728805,9.454120844481504e-15,-2.374439184134285,0.44203677806073116,-5.371587392685371,7.966440268371606e-08,-4.6410123448847855,0.2756107145762166,-16.839012779386604,7.945954383639144e-63,-2.8812275454904945,0.30047693460916264,-9.58884764062897,1.0862842768097647e-21,-2.488360865544462,0.4857622510392256,-5.12259003292441,3.065585048668322e-07,-1.0843058668521062,0.2176345306661671,-4.982232661026294,6.382672269321025e-07
5.076,0.09165819100665396,0.0903988207196681,10835,1.436959966925255,0.10076958201396059,14.25985836406644,1.0094396511664097e-45,-2.5759907928986125,0.8972570848249678,-2.870961775020281,0.004100191463629317,2.2787928754530222,0.2514749231545812,9.061710197053136,1.505204587287824e-19,-2.457027863553212,0.4304711842915544,-5.707763848576421,1.1748077727434241e-08,-2.1269694157347265,1.165356236557103,-1.825166716418481,0.06800343257748422,-0.028776236283146846,0.142486383638429,-0.20195779798979901,0.8399535137439467,-2.32899050702831,0.6020354838790655,-3.8685269712377095,0.00011013689966441689,2.6799514176938213,0.24082495995939832,11.128212865251365,1.307326878200864e-28,-2.1769994795368444,0.33486390386108195,-6.501147046413133,8.322050007162407e-11,-4.748696718590268,0.3191795086906373,-14.877824513455566,1.4173228411136338e-49,-2.07267559415849,0.26096290805816036,-7.9424145353889,2.1793090605883416e-15,-2.394271508116157,0.44248561587533014,-5.410958960507183,6.402529163386207e-08,-4.659931251315376,0.2758905657491284,-16.89050598255224,3.3991777044758204e-63,-2.9374904016184464,0.30078203458581854,-9.766176379727652,1.946788295561414e-22,-2.576790999244658,0.4862554870729503,-5.299253309727846,1.1856324963414872e-07,-1.09733563414891,0.21785551365213948,-5.036988120030229,4.805438847222559e-07
5.13,0.09245680645983334,0.09119854341305433,10835,1.4672725545980856,0.10090558326322822,14.541044282658495,1.8636671082078517e-47,-2.6387254406054867,0.8984680463275522,-2.9369162892227036,0.003321921971459626,2.210098760857705,0.25181432025264366,8.77670006471565,1.9363685760193584e-18,-2.5067760593658104,0.431052159399988,-5.815481965929992,6.217104911143659e-09,-2.1881114019121313,1.1669290316490946,-1.8751023777512075,0.06080555522390941,-0.025072107941711556,0.14267868696837402,-0.17572426880595704,0.8605138569108755,-2.334168893444013,0.6028480066292308,-3.8719028142687306,0.00010862434710034828,2.661256918409256,0.24114998359008846,11.03569189095577,3.632473266116877e-28,-2.216220104922284,0.33531584489675514,-6.609350970589134,4.041683161796119e-11,-4.807435764241935,0.31961028165858063,-15.041555419601345,1.2725259508649107e-50,-2.153149111783277,0.2613151103874656,-8.239665546285059,1.9261389753154132e-16,-2.4293308066734944,0.44308280597316807,-5.482791870783197,4.280688923749046e-08,-4.69774475398727,0.27626291483357573,-17.00461589937705,5.133224362886141e-64,-2.97851172295687,0.30118797784412504,-9.889211861232889,5.801684898588346e-23,-2.6734552673954353,0.4869117501275693,-5.490636171123409,4.095342715679716e-08,-1.1273141932059676,0.21814953712057492,-5.167621293566541,2.413178456040986e-07
5.184,0.09277186108859292,0.09151403484922971,10835,1.4712735390525005,0.10097996161957312,14.56995541942572,1.2310686448480136e-47,-2.699960609383461,0.8991303147011458,-3.00285794532562,0.0026806844569568214,2.212500741705364,0.2519999347116141,8.779767122707096,1.884651661600153e-18,-2.5043994823756246,0.4313698915816796,-5.805689111015339,6.5904528542215926e-09,-2.0581327901062223,1.1677891848788595,-1.7624180945978896,0.07802691619271013,-0.018246398501540487,0.14278385663172627,-0.12779034641571782,0.8983172649303726,-2.3221449566165244,0.6032923709786436,-3.8491203740063997,0.00011922478667196812,2.6626318063106447,0.24132773727657417,11.033260562415707,3.7309318527065914e-28,-2.2299778370159986,0.3355630090336965,-6.6454817038312735,3.167587416481005e-11,-4.816267665231594,0.31984586909241647,-15.058089319390206,9.96214713796735e-51,-2.1821741008757525,0.2615077279589631,-8.34458743497702,8.015218134139728e-17,-2.457616785525292,0.4434094060459014,-5.542545449004033,3.050922015836571e-08,-4.703023820354293,0.2764665505577831,-17.01118566013046,4.602190143740992e-64,-2.9771262802341547,0.30140998604246677,-9.87733127002201,6.525285800230189e-23,-2.6987792960684693,0.4872706568846417,-5.538563133111848,3.1209010719659026e-08,-1.1370839369318595,0.21831033698400865,-5.208566633357135,1.938027845631302e-07
5.2379999999999995,0.09292493235023358,0.091667318336485,10835,1.499961965344617,0.10126571445772667,14.812140252768133,3.701297341904728e-49,-2.6581398832160907,0.901674671375232,-2.9480032739102033,0.0032051703986235515,2.2009940779879074,0.25271304348491347,8.70945973993346,3.497417579980358e-18,-2.5208793519060206,0.43259058100200076,-5.827402312059036,5.7903470668582294e-09,-2.0677458982812307,1.17109379173939,-1.7656535393378447,0.07748219348117209,-0.015132829223689444,0.14318790602549347,-0.10568510737907685,0.9158341560564125,-2.248946486510842,0.6049995661932049,-3.717269585268838,0.0002024034895923462,2.64375251071203,0.24201064589275834,10.924116585695781,1.2322003357212622e-27,-2.2612115304738456,0.33651258438184295,-6.719545227788672,1.9145544020298185e-11,-4.808292597292743,0.32075096811799514,-14.990734480102674,2.6962021921714185e-50,-2.2654182147531707,0.2622477418613735,-8.638466049979149,6.49798727655535e-18,-2.5227154601968427,0.4446641648535838,-5.673305068393597,1.4366573661853938e-08,-4.741510752110594,0.27724889489827736,-17.10200054665774,1.0130376482016814e-64,-2.9866799537499262,0.30226291525315446,-9.88106645914035,6.288651464869123e-23,-2.6966787521710702,0.48864953414821494,-5.518635675918041,3.495135546463256e-08,-1.1594129930222892,0.2189281110194797,-5.295861676343279,1.2077954171047816e-07
5.292,0.09247994425261852,0.09122171328522688,10835,1.5228028473860258,0.10166276682898956,14.978963241749902,3.2072396375139436e-50,-2.791374895091593,0.9052100443126015,-3.0836764490514548,0.002049747692776516,2.169510980067172,0.25370390513736973,8.551350358176297,1.3804236268435262e-17,-2.5073720998648783,0.43428672383664735,-5.773540756009851,7.97585592965485e-09,-2.1087407639259403,1.1756855291252502,-1.7936265367618456,0.07290071434611409,-0.015893556952471147,0.1437493309650995,-0.11056438903586896,0.9119638385401496,-2.231243982170139,0.6073717067904089,-3.6736054004901058,0.00024030601722711828,2.631706369036711,0.24295954455344668,10.83187068807574,3.3522977312105655e-27,-2.282831210880591,0.33783201534921536,-6.757296843287156,1.478171740412638e-11,-4.828263253031084,0.32200859942152266,-14.994205936440494,2.5616022727141236e-50,-2.3309608156582122,0.26327598807799274,-8.853677969932031,9.788469928646723e-19,-2.582835286092411,0.44640764695921253,-5.785822227029189,7.416057276897532e-09,-4.726099429385215,0.2783359590812426,-16.97983776507199,7.74645707065485e-64,-2.9881585760758274,0.3034480568174911,-9.847347870390404,8.773273642580924e-23,-2.751078032918878,0.49056547832822717,-5.607973154356754,2.097332999879298e-08,-1.183201693068037,0.21978650545319178,-5.383413738838597,7.461441618613521e-08
5.346,0.0924323931967792,0.09117409630223738,10835,1.5412294482532614,0.10203619050605658,15.104733336372238,4.9869120179836743e-51,-2.8454085916308305,0.9085350262485529,-3.131864495505313,0.0017416313491406845,2.1237709826271614,0.2546358003444127,8.34042573650136,8.300546438727789e-17,-2.5074341351431833,0.4358819287516313,-5.7525535466094935,9.02896372092689e-09,-2.065430812824886,1.1800040109751389,-1.7503591459134473,0.08008470498764236,-0.018964432707987287,0.14427734535443054,-0.1314442864290261,0.8954263011351629,-2.216814876603524,0.6096026806579378,-3.636491352385358,0.0002776607031816585,2.628257833029063,0.24385197399773176,10.778087172890839,5.9859461318710255e-27,-2.3501067061083827,0.3390729266222174,-6.93097714854358,4.41734696027725e-12,-4.873154892159201,0.32319138874541997,-15.078232471094141,7.390632910864643e-51,-2.372319468748202,0.26424304308365587,-8.977793477791417,3.2194352009874976e-19,-2.6118581339710496,0.4480473739723358,-5.82942404240565,5.720852176216125e-09,-4.740019280476286,0.2793583317801377,-16.967524291370715,9.502176567602384e-64,-3.003944542264919,0.304562670286218,-9.863140940555553,7.50743195276382e-23,-2.788897093107271,0.49236740415095853,-5.6642602040573,1.5142872820969334e-08,-1.1915783092822343,0.22059381660157026,-5.40168499570605,6.741656414911889e-08
5.4,0.09316757030387313,0.09191029269545814,10835,1.5471618647001342,0.10210964451609533,15.151966026639709,2.4695504749828056e-51,-2.840224738709386,0.9091890641992803,-3.1239099220916855,0.0017893647012207454,2.121916596891087,0.2548191080565289,8.32714867057914,9.279465434248976e-17,-2.544060660946327,0.43619571227698084,-5.832383467655153,5.620586256145198e-09,-2.283978385049585,1.1808534745432908,-1.934175945015482,0.05311754362995225,-0.00554386828708819,0.14438120800866594,-0.03839743664393943,0.9693715131893936,-2.189226056609944,0.61004152261394,-3.588650895810216,0.0003338627680595281,2.6261796296229085,0.24402751862809438,10.761817537575707,7.12955331202235e-27,-2.363430885586452,0.339317019096,-6.965258895304002,3.4683455240579185e-12,-4.890486128421902,0.3234240483870197,-15.120972459567346,3.9174001425737225e-51,-2.39021850546995,0.2644332668762443,-9.039023469723197,1.8499143795994052e-19,-2.6919824877608924,0.4483699151819044,-6.003932013745282,1.987792887537703e-09,-4.773042355877497,0.279559436795968,-17.07344388220751,1.631849804235499e-64,-3.0128363986512428,0.3047819194499674,-9.885220239075979,6.035466990251811e-23,-2.79953450996541,0.49272185054951456,-5.68177462972911,1.367479327216275e-08,-1.1787969385116703,0.2207526181046328,-5.339900149917777,9.488152794092154e-08
