peth_time,r_squared,r_squared_adj,n_trials,Intercept_beta,Intercept_se,Intercept_tstat,Intercept_pvalue,C(word_l2)[T.LR]_beta,C(word_l2)[T.LR]_se,C(word_l2)[T.LR]_tstat,C(word_l2)[T.LR]_pvalue,C(word_l2)[T.Ll]_beta,C(word_l2)[T.Ll]_se,C(word_l2)[T.Ll]_tstat,C(word_l2)[T.Ll]_pvalue,C(word_l2)[T.Lr]_beta,C(word_l2)[T.Lr]_se,C(word_l2)[T.Lr]_tstat,C(word_l2)[T.Lr]_pvalue,C(word_l2)[T.RL]_beta,C(word_l2)[T.RL]_se,C(word_l2)[T.RL]_tstat,C(word_l2)[T.RL]_pvalue,C(word_l2)[T.RR]_beta,C(word_l2)[T.RR]_se,C(word_l2)[T.RR]_tstat,C(word_l2)[T.RR]_pvalue,C(word_l2)[T.Rl]_beta,C(word_l2)[T.Rl]_se,C(word_l2)[T.Rl]_tstat,C(word_l2)[T.Rl]_pvalue,C(word_l2)[T.Rr]_beta,C(word_l2)[T.Rr]_se,C(word_l2)[T.Rr]_tstat,C(word_l2)[T.Rr]_pvalue,C(word_l2)[T.lL]_beta,C(word_l2)[T.lL]_se,C(word_l2)[T.lL]_tstat,C(word_l2)[T.lL]_pvalue,C(word_l2)[T.lR]_beta,C(word_l2)[T.lR]_se,C(word_l2)[T.lR]_tstat,C(word_l2)[T.lR]_pvalue,C(word_l2)[T.ll]_beta,C(word_l2)[T.ll]_se,C(word_l2)[T.ll]_tstat,C(word_l2)[T.ll]_pvalue,C(word_l2)[T.lr]_beta,C(word_l2)[T.lr]_se,C(word_l2)[T.lr]_tstat,C(word_l2)[T.lr]_pvalue,C(word_l2)[T.rL]_beta,C(word_l2)[T.rL]_se,C(word_l2)[T.rL]_tstat,C(word_l2)[T.rL]_pvalue,C(word_l2)[T.rR]_beta,C(word_l2)[T.rR]_se,C(word_l2)[T.rR]_tstat,C(word_l2)[T.rR]_pvalue,C(word_l2)[T.rl]_beta,C(word_l2)[T.rl]_se,C(word_l2)[T.rl]_tstat,C(word_l2)[T.rl]_pvalue,C(word_l2)[T.rr]_beta,C(word_l2)[T.rr]_se,C(word_l2)[T.rr]_tstat,C(word_l2)[T.rr]_pvalue
-2.16,0.05323671703530819,0.05192407730479065,10835,0.6976357364522001,0.03185195478629166,21.90244652590196,4.406257153628367e-104,-1.2309122882433505,0.2836112994253102,-4.340138389188244,1.4368655633109092e-05,-0.10448005880801665,0.07948795382614757,-1.3144137416913597,0.18873487277574338,-1.162761387773287,0.13606634487137645,-8.54554731276456,1.4510994561769808e-17,-1.1589332745275227,0.3683539557760338,-3.1462490258477804,0.0016582754997143117,-0.04915892779335685,0.04503809342669189,-1.0914966432442885,0.2750787143706116,-1.022899062401732,0.19029558949249759,-5.37531671190971,7.803723247792476e-08,0.08428968578616987,0.07612163891852355,1.1073025618430121,0.26818775487057345,-1.019202011687442,0.10584612650141413,-9.629091260829703,7.373216701694272e-22,-0.7555753953864964,0.10088849309820996,-7.489212814894372,7.468500074827358e-14,-0.7442282386828578,0.08248698250247923,-9.022371968334388,2.1515239542945792e-19,-1.0763952490848971,0.13986395049741152,-7.696016344860917,1.5259479560165227e-14,-0.634970705944438,0.08720542102663703,-7.281321487462176,3.535308821445046e-13,-1.12482748744672,0.09507329071613126,-11.831161822358888,4.24724755893377e-32,-1.168158537393507,0.15369903773827415,-7.600298314051267,3.1988720096270724e-14,-0.812863106388966,0.06886129556269219,-11.804353951617497,5.819711786864388e-32
-2.106,0.04986076597727762,0.04854344566021129,10835,0.609896837240986,0.02945432816056352,20.70652686139277,1.9350108442705393e-93,-1.0462909447598117,0.2622627194897349,-3.9894764562630263,6.665562419852817e-05,-0.10812544207934684,0.07350457114847773,-1.4710029647127068,0.14131939814147754,-1.0992867487806812,0.12582407580129965,-8.736696389621537,2.754052159337136e-18,-1.0909664766989078,0.3406264502591353,-3.202823726310576,0.001364812913314268,-0.05298901393291874,0.04164789233239855,-1.2723096167749586,0.20329047698253272,-0.913522351051646,0.1759712638683068,-5.191315507828068,2.1260208487290875e-07,0.050927227534394146,0.07039165250200183,0.7234839036197631,0.46939828111128945,-0.9318229056393712,0.09787865659783383,-9.520184870007641,2.0965436370015177e-21,-0.6883469802426434,0.09329420449316765,-7.3782394520878745,1.721537993001664e-13,-0.6776346102450288,0.07627785069719886,-8.883766441388646,7.485725228133078e-19,-0.9241350481107261,0.12933582015369902,-7.145236694772649,9.562333639133158e-13,-0.5852494291467167,0.08064111309752735,-7.257457228286472,4.2147448027268255e-13,-0.9874679173433399,0.08791673612643641,-11.231853693058222,4.120910377186439e-29,-1.0554969670250878,0.14212948391645724,-7.426305492289705,1.200778608500791e-13,-0.7298607940345592,0.06367782482028418,-11.461773326812295,3.0672033310780856e-30
-2.052,0.045412041420114235,0.04408855316993421,10835,0.5060153819652935,0.027059263646775855,18.7002643002662,7.958075100008497e-77,-0.9304416039415293,0.24093695271905274,-3.861763807673293,0.00011322713170014339,-0.08449686188187243,0.06752758233382158,-1.2512940484699047,0.21085427171017587,-0.9127733636320788,0.11559275165467357,-7.896458476556857,3.147013962163663e-15,-1.0714023705966451,0.3129285744486315,-3.4237920665583714,0.0006198282964995163,-0.05787846818958226,0.03826131401848774,-1.512715119026377,0.13038124638682483,-0.8520931382131862,0.1616622452670391,-5.270823356471824,1.3842775362335172e-07,0.08853457433125268,0.0646677891683901,1.3690675909874583,0.17100656870920972,-0.8331312276810439,0.08991970075960311,-9.26528025163683,2.31387588742663e-20,-0.6320867036774833,0.08570803117067417,-7.374883019057821,1.7652467438138574e-13,-0.5752338383332793,0.07007535399121528,-8.208789618178614,2.488046427634589e-16,-0.800494033413514,0.11881894020576332,-6.7370911744143465,1.6979631816093374e-11,-0.4658665062299806,0.07408381981012445,-6.288370489318564,3.3319123981675753e-10,-0.887042496728851,0.08076782905523763,-10.98262151038128,6.5038339155903195e-28,-0.92881637702667,0.13057229335907639,-7.11342623409705,1.2035243557102138e-12,-0.6195028651877035,0.058499893152284044,-10.589811909143904,4.4570746927233683e-26
-1.998,0.04068668442696177,0.03935664470669231,10835,0.40520440143357794,0.024560964493683397,16.49790265922939,2.071189954826832e-60,-0.9086846681618455,0.21869197987780517,-4.15508912887238,3.276617163875468e-05,-0.06980576793441821,0.061292966937143235,-1.1388870766527743,0.2547754728358478,-0.7767483284874557,0.10492042600190561,-7.403213636145054,1.4280636903994351e-13,-0.9730780929269602,0.28403683508984084,-3.4258869720864746,0.0006150726937126032,-0.053737323006201106,0.034728763774091786,-1.5473433882000145,0.12180971344505126,-0.7281045424783879,0.1467364640000462,-4.961987788380662,7.083741039464058e-07,0.09791733011349694,0.05869720973870925,1.6681769124865755,0.09530955051360526,-0.7375024581140888,0.08161768947110264,-9.036061457917246,1.9003266689556132e-19,-0.5605215964718623,0.0777948704697018,-7.205122819635834,6.185222103393105e-13,-0.4881815877369774,0.06360551062022736,-7.675146115118671,1.7945610762278063e-14,-0.6890389327696141,0.10784875041928806,-6.388937563864291,1.7390589585671095e-10,-0.345387151000789,0.06724388703495668,-5.136335304668509,2.8502408959381404e-07,-0.7560609668707919,0.0733107821244776,-10.313093721835388,8.011284391829224e-25,-0.8240089525564156,0.1185169523795672,-6.952667411809672,3.7910545513636536e-12,-0.4997735767032343,0.05309877672036058,-9.412148594971256,5.845406226063199e-21
-1.944,0.038285006607796435,0.03695163708188065,10835,0.3262240185242188,0.022367371778493593,14.584816748022483,9.944414578546551e-48,-0.8376652760816475,0.19916012745182393,-4.20598885328729,2.6203740365738392e-05,-0.07782091321673537,0.0558187598554032,-1.3941713040262462,0.16329451129990658,-0.7117046205521931,0.09554975644975582,-7.448523648790649,1.0158160819732018e-13,-0.7479302185183021,0.25866889270065324,-2.891457920237246,0.003842225337838179,-0.04948428572676617,0.0316270629739466,-1.5646184335083468,0.117701651161579,-0.6680597465928304,0.13363111390005344,-4.999282929666301,5.844559718940746e-07,0.09082854166321186,0.05345483533122559,1.699164184126753,0.08931700151616132,-0.6326994601812559,0.07432823758086929,-8.512235467615891,1.9315371907471022e-17,-0.47167836335774405,0.07084684279003309,-6.657718887426568,2.915810140398597e-11,-0.44215143761585185,0.05792476527415834,-7.633202060002244,2.4827230777161082e-14,-0.6559735093790889,0.09821654589723369,-6.678849305751901,2.526395741592709e-11,-0.2981017241241376,0.06123819044356823,-4.867905500879261,1.143811651785402e-06,-0.6483142608033196,0.0667632380467815,-9.710647352799768,3.346063741752088e-22,-0.7368623837065427,0.10793194772988511,-6.8271016988468,9.128905869935042e-12,-0.4456749540797825,0.04835641044116871,-9.216460651520006,3.6387902615735184e-20
-1.89,0.03566856586245881,0.03433156877288834,10835,0.2508284004582203,0.020409639466724548,12.289702660704306,1.7465024696419107e-34,-0.6905697551945258,0.18172838712087586,-3.800010367863972,0.00014548311232007088,-0.08995771305333329,0.050933152782118386,-1.7661917265980764,0.07739188500386557,-0.5980141601551625,0.08718664399131265,-6.859011114302658,7.312364535690013e-12,-0.6137818131793934,0.23602857293914684,-2.600455553055601,0.009322667734968997,-0.03888806026881137,0.028858864558700348,-1.3475256515969694,0.17783921546320483,-0.6793772544091399,0.12193488279473563,-5.5716398690668285,2.5838932781581486e-08,0.061758749047779934,0.048776133721371906,1.2661673719481281,0.20548042788088708,-0.5625813541887863,0.06782256521891447,-8.294899380064921,1.2156681714004425e-16,-0.4459686772066998,0.0646458838803131,-6.898639951035036,5.543572175496587e-12,-0.3934995746262532,0.05285482743113051,-7.444912674040616,1.0438454526036963e-13,-0.6141465389168388,0.08962001934250266,-6.852782932011456,7.636590163881383e-12,-0.23001535996828507,0.05587824090041658,-4.116367234577177,3.877475136332115e-05,-0.5595866542356781,0.060919701771849716,-9.185643362657704,4.8367822932297913e-20,-0.6625175684762945,0.09848506842571347,-6.72708644129162,1.8183360012607047e-11,-0.3762149949646334,0.044123954874222444,-8.526320816822816,1.7117549643364772e-17
-1.836,0.031516586952614056,0.030173833352862722,10835,0.1861137463699681,0.018982623613181066,9.804426941317812,1.3382653574031243e-22,-0.6216937346071776,0.16902217102709416,-3.678178613073905,0.0002360443179777644,-0.0874549217266574,0.047371971968045934,-1.8461321767573626,0.06490031452424982,-0.47082209585298196,0.0810906655005754,-5.806119520003706,6.573595008259194e-09,-0.6425142528952088,0.219525757393456,-2.926828544058411,0.003431503165762038,-0.062197980641208586,0.02684108970737718,-2.3172673434385076,0.02050774382130157,-0.5809942900298404,0.11340935194781669,-5.122983951951111,3.0592005365351113e-07,0.013195493132687289,0.0453657689176018,0.29086894033812954,0.7711571322680538,-0.5115750411531312,0.06308049831698942,-8.109876345338717,5.614414627778212e-16,-0.3924356231408498,0.06012592646930926,-6.526895237800036,7.015133818784607e-11,-0.39912787521624743,0.04915928558662615,-8.119073954256788,5.207294752205592e-16,-0.5236001982880197,0.08335390236355587,-6.28165188960546,3.4786214692850446e-10,-0.15159814748901349,0.05197130585812828,-2.9169585983243795,0.003541893622236252,-0.5070204601405591,0.05666027424186787,-8.948429334743803,4.1939169638673243e-19,-0.5460340415188069,0.09159911856805229,-5.961127683921308,2.5832206953912366e-09,-0.36921396837742454,0.041038864457548965,-8.996690655496653,2.714459788673523e-19
-1.782,0.02643089118966624,0.02508108652822305,10835,0.11177537800026804,0.017653606938432983,6.331588688367487,2.522684591295108e-10,-0.5443923194939508,0.1571885442179343,-3.463307852378716,0.0005356424369413194,-0.09216794591375486,0.04405535241407051,-2.0920941693413404,0.03645334188818533,-0.44735147280704796,0.07541332348438275,-5.9319951984305455,3.0843760797939116e-09,-0.32999529182488185,0.20415625958020228,-1.6163858629827808,0.10604006870249241,-0.06388091085514185,0.024961883939174333,-2.5591382049048517,0.010506680688000834,-0.504621636257615,0.10546930515121035,-4.78453551518277,1.7364861175699748e-06,0.0014504453800549284,0.04218960820436952,0.03437920952071576,0.9725753962896666,-0.4405127418206238,0.05866408908805205,-7.509069835882643,6.42377614403775e-14,-0.28310977964015815,0.055916373538654154,-5.063092645742639,4.1929953066047324e-07,-0.35103922561310635,0.045717532139122545,-7.678437771856594,1.7492987529634164e-14,-0.46193557699063953,0.07751810598451546,-5.9590668673317815,2.6158965331206543e-09,-0.075979983559917,0.048332676472571466,-1.5720210239760928,0.11597491743649992,-0.43074209789141954,0.05269335950986246,-8.174504375846425,3.30244297537623e-16,-0.432682900234422,0.08518605584027228,-5.079269088895512,3.8520442697732593e-07,-0.33266346422885995,0.03816564017157951,-8.716307724259837,3.293707688191593e-18
-1.728,0.020441368601862853,0.019083259768239436,10835,0.04567491143390108,0.01675854128662962,2.7254705915449606,0.006431317651078764,-0.45403476413869803,0.14921883767144112,-3.0427442756149774,0.0023499367603329905,-0.06895878114246529,0.04182167672040363,-1.6488765288748508,0.0992019661148893,-0.41347193052081943,0.071589749311999,-5.775574499064747,7.88039859528548e-09,-0.3224203620700135,0.19380521595562328,-1.6636309837184156,0.09621515813402716,-0.08405489939060455,0.023696277143000807,-3.5471774272116803,0.00039103003428534697,-0.4280561728423316,0.10012184541169972,-4.275352407680564,1.9247186909717644e-05,-0.015486430764891103,0.040050528678102215,-0.3866723180949761,0.6990064166808327,-0.3526299392160908,0.055689727456450615,-6.332046417211281,2.515237653550837e-10,-0.23014659103295024,0.05308132540926047,-4.33573557665535,1.4658808953702506e-05,-0.3164477221441126,0.04339958131776042,-7.2914925106573,3.279567269028266e-13,-0.3756677594276939,0.0735878160272524,-5.105026615935574,3.363698309288736e-07,-0.022669933068781702,0.0458821337182666,-0.4940906455655167,0.6212521950339247,-0.36134062214791274,0.05002172326351979,-7.223674007477345,5.400542288847601e-13,-0.32152922673855455,0.08086698875890228,-3.9760257142400257,7.053242257782073e-05,-0.2884237389384108,0.03623058215676117,-7.96078124526041,1.880585586207595e-15
-1.674,0.014907443591579916,0.013541662248930386,10835,-0.022245765134899457,0.016024931088922344,-1.3881972416266692,0.16510557502088483,-0.3281084303299652,0.14268673806124815,-2.299501935415504,0.021495406067957114,-0.06387744184913587,0.03999092021227109,-1.5972986245396592,0.11022836160946525,-0.24803464462599162,0.06845588645076711,-3.62327708376658,0.00029222679782559647,-0.3200167881713039,0.18532133419275537,-1.7268210892462594,0.08422834396032322,-0.06598271494137814,0.02265896546637699,-2.911991504611632,0.003598661745188888,-0.47608473916208965,0.09573898144096171,-4.97273662197536,6.702757315023488e-07,-0.011892074347859686,0.03829730470954209,-0.3105198770005524,0.7561716279506546,-0.29297036820500505,0.05325189284597734,-5.501595390277965,3.849375009324595e-08,-0.16398832912613232,0.050757674384864934,-3.2308085646853595,0.0012380967178245497,-0.23139875961160503,0.04149975156012294,-5.575907105765804,2.5215156914372164e-08,-0.27643099618436406,0.07036648719312115,-3.9284467252954935,8.602765857399064e-05,0.08414204885936408,0.043873629480780024,1.9178274023630681,0.055159196533393025,-0.2921794855359718,0.047832007245557855,-6.108451272721916,1.0406111502404587e-09,-0.17494586386185507,0.07732701194369217,-2.262415932859876,0.023691463965742746,-0.22307810351718038,0.03464457749892876,-6.439048174972783,1.2532119816776398e-10
-1.6199999999999999,0.010657887237024655,0.009286214097968926,10835,-0.09083854532824447,0.015334129073286656,-5.923945526615715,3.2387858470209298e-09,-0.27271970993093364,0.13653580451212796,-1.997422660711015,0.045804286126247824,-0.045594707525669985,0.03826699340494397,-1.191489152105148,0.23348774949328938,-0.1847009108128961,0.06550489314665188,-2.819650593115068,0.004816336616575397,-0.22144908416188477,0.17733251037253014,-1.2487788262664135,0.21177300032765173,-0.039335230033995354,0.021682183792275867,-1.8141728900945977,0.06967879958058797,-0.3877082647696151,0.09161186969318996,-4.232074577978357,2.3345571518147438e-05,-0.00028637662335295207,0.0366463862038735,-0.00781459382542561,0.9937650637796254,-0.24083601058071544,0.050956312620996126,-4.726323358050068,2.3150390146529605e-06,-0.07341806167616625,0.04856961481821362,-1.5116047749391346,0.13066364289116617,-0.18803804389770687,0.03971078211825552,-4.735188628059368,2.21630734926178e-06,-0.16888937030344142,0.06733313179730209,-2.5082654823165154,0.012147062449276293,0.11731241961840064,0.041982327015240725,2.7943286606245774,0.005209910877405612,-0.19542744991749775,0.04577006720763946,-4.269765413079382,1.9734851973242922e-05,-0.04447805036511442,0.07399360255694518,-0.6011067015000965,0.5477815134280394,-0.17897621863261343,0.03315112059516393,-5.398798454454731,6.850716658710164e-08
-1.566,0.00820743192138218,0.006832361349131677,10835,-0.14444247335430613,0.01486924338875963,-9.714177754565313,3.2330930767803426e-22,-0.2208101554848907,0.1323964405717497,-1.6677952559096698,0.0953853179214455,-0.05798081548060384,0.03710685073633687,-1.5625366833900067,0.11819085915844618,-0.09218568670888105,0.06351897748461396,-1.4513093623273603,0.1467227295993802,0.014619010537944165,0.17195631032364403,0.08501584216612519,0.9322503691422814,-0.02915663283688999,0.021024843762976603,-1.386770487599672,0.16554033051011943,-0.25981805168309585,0.08883446730212016,-2.9247437348779477,0.0034545563559206,0.0012009523714653194,0.03553537557820267,0.03379596674931392,0.9730404756262632,-0.18090634995874777,0.0494114671223983,-3.661221989434566,0.0002522111762629854,-0.024853080754351477,0.0470971269759589,-0.5276984468083993,0.5977194730900373,-0.13604767974205714,0.03850686802310751,-3.53307570120781,0.00041246734775609423,-0.15323754164727954,0.06529178931757376,-2.3469649591305433,0.018944966728269622,0.1653304122210185,0.04070954636110381,4.061219713786456,4.9161195907973186e-05,-0.15807766923452635,0.04438245341340453,-3.5617154320446653,0.00037002280552944476,0.033660172611153345,0.0717503341971378,0.46912914048135657,0.6389867841700355,-0.14228767343099424,0.03214607614059697,-4.426284340541971,9.680918657024565e-06
-1.512,0.006599650708828619,0.005222351028694949,10835,-0.18363606388996445,0.014621380062340551,-12.559420732311398,6.28190421707707e-36,-0.1298185863120351,0.13018945388734537,-0.9971513239802727,0.3187133648765093,-0.025173007568646228,0.03648829690572317,-0.6898926423912609,0.4902765005816546,0.11155377084316241,0.06246014586565098,1.785999204726637,0.07412738412044544,0.0824061900920023,0.16908987912999035,0.48735140456662884,0.6260191992434176,-0.014060762141572451,0.02067436945999544,-0.6801059722174256,0.496451915494731,-0.19036454956673457,0.08735363831906542,-2.1792400778020764,0.02933533546516693,-0.007188110207475687,0.03494301750280638,-0.20570948707845246,0.8370217178077488,-0.12406489355799094,0.04858780109689879,-2.5534165110820304,0.01068077909197095,0.06544193046128559,0.04631203991726783,1.4130651678956818,0.157665331546979,-0.06557364817116103,0.03786497655972592,-1.7317757497546349,0.08334200148394302,-0.024272090216771226,0.06420340575527757,-0.3780498858469987,0.7054009524159077,0.18515327893965974,0.04003093728098729,4.625254653420227,3.7847814338762954e-06,-0.12751569918257452,0.04364261869215689,-2.9218159451437926,0.003487169016642749,0.19921645094831553,0.0705542897151955,2.8235909078312162,0.004757572567653623,-0.07389654409758713,0.03161021610016259,-2.3377424521057617,0.019418742923992517
-1.458,0.007707350240620414,0.0063315863302414455,10835,-0.2129057852578935,0.014156650893937427,-15.039276369319117,1.3161710547533175e-50,0.012500640770920855,0.12605148357387566,0.09917091347516381,0.9210044060025335,-0.04978929118450684,0.0353285448299859,-1.4093218790672366,0.15876875406984023,0.1637216343738954,0.06047489881491293,2.7072659497120504,0.006794641193180078,0.17428033960591577,0.16371548912176795,1.064531771189285,0.28711162713036137,-0.02204008699602476,0.02001725074169132,-1.1010546493340536,0.270897368663999,-0.13747461733376307,0.08457717101434316,-1.6254340939170122,0.10409922291804137,-0.01646137609717771,0.033832380928397035,-0.4865568324031531,0.6265822768787179,-0.06306656444512618,0.04704347571160519,-1.3406017198165534,0.18007794662918333,0.11108042860467955,0.04484004782718883,2.4772593694096323,0.013254724037696067,0.007867003203238458,0.036661467794262076,0.21458505827935592,0.8300948886033469,0.08104957499125409,0.0621627505477607,1.303828647816707,0.19231975334655038,0.22628189118451883,0.03875858514229233,5.838239201812506,5.427206583150221e-09,-0.1003778801730129,0.042255472074993174,-2.375500148119671,0.017542504332948506,0.22234793152733595,0.06831177661131499,3.254898972873541,0.001137813133963669,-0.011049381294260054,0.030605510020528682,-0.3610258834715928,0.7180871469970198
-1.404,0.008099173907901602,0.006723953241353775,10835,-0.23764952690356703,0.014026495020764859,-16.942901740723542,1.4290573554538138e-63,0.12135697508135555,0.12489256957421764,0.9716909139998032,0.33122606140160005,-0.0007870636887945336,0.03500373512501308,-0.022485134400188945,0.9820613846944618,0.21527059091495493,0.059918894197772264,3.5926996617197005,0.0003287223770860398,0.30040594891775985,0.16221029325318556,1.8519536762619122,0.06405969906932839,-0.006566339263865961,0.019833212668822348,-0.33107794352390496,0.7405920234451195,0.01812470137806715,0.08379957074530271,0.21628632720750673,0.828768643840931,-0.021954025009272387,0.0335213269146876,-0.654927087616364,0.5125286226501575,0.015682861183439194,0.04661095924254833,0.336462957173455,0.7365283063596804,0.13697346039669003,0.04442778961571123,3.08305818456139,0.0020540072840227147,0.06341620682050739,0.03632440323087769,1.7458292822440704,0.08086900550828795,0.15544318349158218,0.06159122786651571,2.5237877028278795,0.011623997769450375,0.24151757171824637,0.03840223973758303,6.2891532725337616,3.315217472287086e-10,-0.006718616571644462,0.041866976384490905,-0.16047532331790956,0.8725096548688012,0.2591919932790616,0.06768371994738873,3.8294584499867073,0.00012915030721818952,0.02708889998910581,0.030324123772435242,0.8933118790963958,0.37171004801740093
-1.35,0.01387600850220616,0.012508797126620008,10835,-0.25796832027024685,0.013908302271841439,-18.54779362917112,1.2564751197684358e-75,0.3423820145129465,0.12384017579400146,2.7647087249171256,0.005707012054071434,0.02278351003814536,0.034708779922670095,0.6564192140693563,0.5115683917460487,0.2647568697264243,0.05941399409213632,4.456136534363475,8.428864899410862e-06,0.486046233649483,0.1608434456954111,3.021859122378588,0.00251814942567247,0.00919634664285704,0.019666090239317285,0.4676245522595697,0.640062522515449,0.12864298441938932,0.0830934426919061,1.548172518213884,0.1216100152698452,-0.06528629768485508,0.03323886306539794,-1.9641555596051332,0.0495376169981401,0.0626748809726389,0.0462181970168691,1.3560650353747747,0.17510677737023198,0.19956845970071554,0.0440534236336538,4.530146427671944,5.957395922845952e-06,0.12788091762379156,0.03601831956104397,3.5504409751004222,0.00038621945246810214,0.19791650351581033,0.061072236021415746,3.2406952227262225,0.0011959916472231104,0.261947600780184,0.03807864740231454,6.87912041655823,6.3549384541971705e-12,0.03927956197623362,0.041514188819196135,0.9461719738112955,0.34408200930334776,0.35113195659729235,0.06711339037424148,5.231921001744816,1.7089505404012192e-07,0.1162749827339086,0.03006860081092189,3.8669901358254677,0.00011083204453914346
-1.296,0.01823793907503779,0.016876775297066327,10835,-0.25193724947528173,0.01401776530022363,-17.97271134731172,3.4399228429930287e-71,0.36131012452143474,0.12481483973305312,2.8947689657270264,0.003801964193127245,0.020777328016472855,0.03498194972352196,0.5939442535560595,0.5525618171135716,0.2566878171970258,0.05988160225843092,4.286588994216265,1.830093097614371e-05,0.5820925973489286,0.1621093378450872,3.590740700607761,0.0003312001912132194,0.008794277571361225,0.019820869000373654,0.44368779043923046,0.6572771968528752,0.14695744967715238,0.08374741610274958,1.7547699560885617,0.07932696851986465,-0.04498554980695188,0.033500464124966926,-1.3428336287862188,0.17935402236949236,0.08474577398089746,0.046581949810916,1.819283527737565,0.06889581268039244,0.25368633772994875,0.04440013893127185,5.713638376732031,1.1350619235502509e-08,0.16316602231863903,0.036301795880391126,4.494709376259129,7.0388794753662094e-06,0.22254471027231948,0.06155289511080805,3.6155035416562065,0.0003011268866206356,0.2753946503910788,0.03837833919645925,7.1757834277645465,7.660211379976892e-13,0.09751494256023847,0.0418409194826632,2.3306118451972315,0.019792120093275224,0.447211181166948,0.06764159538530412,6.611481864369354,3.984150205882051e-11,0.17299217255511468,0.030305250837621582,5.708323401842908,1.170964413683918e-08
-1.242,0.023998358130143727,0.02264518088381351,10835,-0.2555823294316621,0.014026648133789553,-18.221197751155955,4.3174135591688583e-73,0.4140464698067983,0.12489393289977124,3.315184814774591,0.0009188379857277012,0.05046322745080272,0.0350041172252992,1.4416369116239407,0.14943377332417618,0.2984994349423512,0.05991954827158852,4.9816703154934805,6.401209658177866e-07,0.5104949919663353,0.16221206393849216,3.147084005785819,0.0016535515507164376,0.017565499309560452,0.01983342916789618,0.8856511479110852,0.3758252243449387,0.2866159448821815,0.08380048550025225,3.4202181905177476,0.0006280203383314042,-0.03507995732491712,0.0335216928330263,-1.046485256566625,0.2953604271998775,0.20767569463483065,0.04661146804713158,4.455463501489325,8.455303875450532e-06,0.3025336456205776,0.04442827458884517,6.809484465024357,1.031421825578413e-11,0.19994074608933612,0.03632479974755849,5.504249093700091,3.7920058309162536e-08,0.28421635555868047,0.061591900195503056,4.614508639229021,3.985559952120241e-06,0.274106745803418,0.03840265893589826,7.137702268505864,1.0098617038547486e-12,0.15168346390675702,0.041867433403823213,3.622946323069943,0.00029260041777434497,0.4746240320803135,0.06768445878193495,7.0123044583905445,2.484108501483756e-12,0.24095332469294722,0.03032445479014887,7.945841940453378,2.1202241225769593e-15
-1.188,0.027899304669974256,0.026551535890054656,10835,-0.23943704979514543,0.01422376913870459,-16.833586615491978,8.688486930546967e-63,0.42023992022322376,0.12664910757344738,3.318143556436154,0.0009091695745565864,0.05067280721578609,0.03549604136125815,1.4275622089817739,0.1534467694674631,0.38645647413934836,0.0607616169865581,6.3602072049011085,2.0961329564350985e-10,0.5806044128261925,0.16449168232970784,3.5296885812282377,0.0004177774507550735,0.025331423934854116,0.02011215473734059,1.2595082061408038,0.20787399862723946,0.30821043813020954,0.08497816071935071,3.6269370332467754,0.00028812232741229956,-0.028460961928815698,0.033992783981436965,-0.8372648131543999,0.4024622271442787,0.2389984791612793,0.047266514023502945,5.05640164287214,4.3423777006019504e-07,0.28488924933352766,0.0450526394442305,6.323475224713188,2.658315989918068e-10,0.2321684450169254,0.03683528386046121,6.3028819296308916,3.035355507110116e-10,0.34271022635101567,0.06245747101080832,5.487097392907717,4.177973185937644e-08,0.23173838849609577,0.038942343873357974,5.950807410301703,2.7509441761857987e-09,0.20344191692155814,0.04245580993305931,4.791851038581715,1.6744686204496166e-06,0.5075673365167443,0.06863565028577577,7.395097655568274,1.5175892364096342e-13,0.2987451638161609,0.03075061412235134,9.715095855565872,3.204338305845152e-22
-1.134,0.02882682486306487,0.02748034204329841,10835,-0.20184686323004392,0.014541652203340883,-13.880600388975777,1.955744195482854e-43,0.3908136097321824,0.12947955329119654,3.018342277203039,0.00254753503741614,0.013307887779063788,0.03628933252763889,0.3667162455779025,0.713837858889439,0.3998657572057561,0.06211956148295639,6.43703444872943,1.269880588258752e-10,0.5772458536552978,0.16816786123673622,3.4325575018325716,0.0006001553070694488,0.005793134257558701,0.02056163569572793,0.2817448156015299,0.7781445766838196,0.3593678447300267,0.08687731402345747,4.136498103900806,3.553126718131427e-05,-0.034161261050906694,0.03475247926629187,-0.9829877399291442,0.32563545390320725,0.22926111244447717,0.04832286021317639,4.744361394029479,2.118413339473672e-06,0.25192991061690234,0.046059508366021094,5.469661304564759,4.609290714313689e-08,0.2460730841022663,0.03765850538536974,6.534329538151699,6.676700951931711e-11,0.33696172381614237,0.06385331567762892,5.277121794541317,1.337668398070022e-07,0.20732300629067818,0.03981265549708212,5.20746490537093,1.949537286620736e-07,0.2516975410393135,0.0434046430335919,5.798862136581073,6.863536404466889e-09,0.48712366530210177,0.07016956936470524,6.942092843270623,4.084672062897882e-12,0.3066950437107724,0.03143785105381009,9.755598217760582,2.1588691382267156e-22
-1.08,0.030227543685038993,0.0288830028915531,10835,-0.1945433691872377,0.014735961083892041,-13.201946454642453,1.7259504060129603e-39,0.4240865641358741,0.1312096886776347,3.2321284229078553,0.001232397623607146,0.04079309834746817,0.03677423888358751,1.1092846401689715,0.2673320653894508,0.4473387663673023,0.06294961726226522,7.106298430752444,1.2670075661042173e-12,0.5259707411360779,0.17041495863699488,3.0864118111630163,0.0020309992459996073,0.023889070568079374,0.020836384971702204,1.1465074484140607,0.2516106028610328,0.4202867618658081,0.08803818855113399,4.7739142386113365,1.830472167242589e-06,0.0057265453854375824,0.035216849837681224,0.16260810980629817,0.8708300381275923,0.290456009106954,0.048968561316583004,5.931479326687759,3.0940528034541294e-09,0.29289552195743807,0.04667496604470785,6.275216604911649,3.6250489009732696e-10,0.2931069813150432,0.03816170694199752,7.680656993685853,1.7194189594304447e-14,0.3330897788955828,0.0647065382767741,5.147698946137917,2.6833110181472117e-07,0.19410246932942843,0.04034464129988035,4.811109061217606,1.5212205872964522e-06,0.31322225299250717,0.043984625794879655,7.121175804773359,1.1380436998382262e-12,0.39826642029475773,0.07110719118933397,5.600930280515671,2.18410720801444e-08,0.32825764560011983,0.031857930805394064,10.303796803543202,8.81656727406418e-25
-1.026,0.033891328767168716,0.03255186762764639,10835,-0.16942830810275022,0.015043115456843304,-11.262847020540226,2.911965648019248e-29,0.47841670998844255,0.13394460562139365,3.5717504842317425,0.0003561430511214636,0.05315403642035463,0.03754075612808507,1.4159021261851708,0.15683294940015324,0.46379945866751676,0.06426173054131347,7.217350898593416,5.656341248810818e-13,0.5461292522026535,0.173967064907069,3.139268070622384,0.0016982593459213182,0.02577036820726539,0.02127069575225592,1.2115432662578631,0.2257137237466817,0.40336105511097015,0.08987324460524827,4.488110525915244,7.259999315687657e-06,0.0032586556633703544,0.03595090507626596,0.09064182546885728,0.9277788747614714,0.37085919049097005,0.049989255362929384,7.41877805137279,1.2706581459295786e-13,0.2934801263864045,0.04764785270248105,6.159356817586931,7.563598914338746e-10,0.31453798277470124,0.03895714438240525,8.073948636665483,7.527772946096435e-16,0.32359401248068786,0.06605527257900938,4.8988369867618635,9.780184632674184e-07,0.1747968677364431,0.04118557952778828,4.244127914201282,2.2127522057726042e-05,0.3915200553885699,0.04490143536560322,8.71954431301976,3.2015494440074044e-18,0.36425959309956046,0.0725893398322182,5.018086594278224,5.301843248510525e-07,0.36043835032118493,0.03252197319152332,11.082917638439334,2.158282704900327e-28
-0.972,0.034134635702431027,0.032795511895751805,10835,-0.1556248649766999,0.015557548066992681,-10.003174298839408,1.8659929481585226e-23,0.565048501303707,0.13852513771149982,4.0790322293741985,4.5547776397363944e-05,0.07738217584568557,0.03882454532835786,1.9931251014333147,0.046272822448647624,0.44028735653162243,0.06645930257151718,6.624916896439397,3.6394355174615414e-11,0.4330012841874492,0.17991625352673474,2.4066824186237694,0.01611481351735062,0.049059856572479056,0.021998094246731242,2.2301866708189504,0.025755484021565418,0.5202501341670563,0.09294665901448483,5.597297844626997,2.230214326715201e-08,0.043129241514670624,0.0371803258028883,1.1600017101334865,0.2460737075566744,0.44485895290706945,0.051698748532050615,8.60483020457022,8.699679947449668e-18,0.28526502357469763,0.04927727642817611,5.788977075274939,7.278542416636671e-09,0.34995431915654207,0.04028937011224835,8.68602110635015,4.2934112008219e-18,0.3959284221587151,0.06831417874671349,5.795699068954448,6.993762464994677e-09,0.16447570990403299,0.04259401152698274,3.8614749822246677,0.00011336090629312907,0.42192334414939575,0.04643693927507252,9.085942155879456,1.2069829060508347e-19,0.3494398578768258,0.07507169288375452,4.654748607013822,3.282320580649601e-06,0.37210300342699365,0.03363413400715493,11.063255065459298,2.6813659100072045e-28
-0.918,0.029290621257470173,0.027944781468105417,10835,-0.12869584182330537,0.015943196079646043,-8.072148217985323,7.638966996396344e-16,0.4488699012660575,0.1419589657048913,3.161969369368203,0.0015713881845153099,0.06182945752791918,0.039786946902409095,1.5540136236031574,0.12021041692823392,0.38379795500846936,0.06810672785014518,5.635242906588284,1.7918410757239518e-08,0.39295690660335836,0.18437610448254385,2.131278929589069,0.033088644971203784,0.0735318767521872,0.02254339362757726,3.261792699313731,0.001110529819937221,0.514940651306312,0.09525066567269048,5.40616328158588,6.575778097768649e-08,0.0393728160241306,0.038101969669514645,1.0333538230605637,0.3014614456015273,0.4400143970776016,0.05298028207076749,8.305248290106496,1.1148674258144169e-16,0.2867264624389133,0.05049878534729783,5.6778882990352155,1.3988107347626901e-08,0.35649285342816583,0.04128808247025861,8.63427972672166,6.738711895586356e-18,0.38610059747407655,0.07000758359150464,5.515125328806943,3.565421495566836e-08,0.13920441702759456,0.04364985244906003,3.189115408581232,0.001431156185837198,0.4350313321113361,0.047588040545531146,9.14161052071703,7.252183242430206e-20,0.3219866347420097,0.07693260625149576,4.185307770406511,2.8703170604522818e-05,0.3422631724483567,0.03446787315945077,9.92991853210738,3.87443643849888e-23
-0.864,0.026757404817063457,0.025408052850361962,10835,-0.09645513962081768,0.01647299821829547,-5.85534814868682,4.898556540153233e-09,0.3613706495383527,0.1466763487976659,2.4637281504521833,0.013765478006024727,0.06884505382558465,0.04110909143691297,1.674691690309818,0.09402364039675143,0.2869296638587611,0.07036995599406089,4.077445549105893,4.58591342689979e-05,0.3475606558813001,0.19050303499150306,1.824436318806166,0.06811370199966983,0.08167711132619317,0.023292524360000108,3.5065804832410525,0.0004557440522644089,0.5356680970437797,0.09841590344114509,5.442901790401398,5.356372738564069e-08,0.02532504774348732,0.039368121381932936,0.6432881949787335,0.5200507488919095,0.46886715214421526,0.05474084918711734,8.565215174896448,1.225025487175464e-17,0.28095433802981473,0.05217689081263503,5.38465082250128,7.410444580608588e-08,0.35327570916896034,0.042660110656087866,8.281171889518896,1.3633580254713213e-16,0.3704724715257444,0.07233397833213064,5.121693567367097,3.080162669618416e-07,0.08170660413025145,0.04510036369308641,1.8116617570154214,0.0700661921524766,0.464029460014556,0.04916942018416868,9.437358794886945,4.6061621139435626e-21,0.265536363725714,0.07948912372266655,3.340537060795344,0.0008389944553627675,0.3226610939500283,0.035613261626314535,9.060138813896645,1.5268822461576233e-19
-0.8099999999999999,0.023437606159275703,0.022083651458507658,10835,-0.035278381570290764,0.01711924773549032,-2.060743679592551,0.039351349329299144,0.26956797436720004,0.15243058481094476,1.7684638204434981,0.07701156979210365,0.05799607758990858,0.042721835525230664,1.3575277578056602,0.17464189459789667,0.2716223125518973,0.07313062830662612,3.7142072868979645,0.00020486683154082234,0.20291695605174914,0.19797662861155696,1.0249540942021265,0.3054077643410564,0.06973302707378107,0.02420630959948257,2.8807789467945857,0.003974731633249528,0.5806674807506755,0.10227684176216653,5.677409184191994,1.4027212955489544e-08,0.042408095007525994,0.040912565756830395,1.0365542767369929,0.2999667983731555,0.4590373950881688,0.05688837854936304,8.069089096815338,7.831621521266343e-16,0.2884887723113355,0.05422383394038599,5.3203315100976045,1.056465176053178e-07,0.33586128808745275,0.04433370252744232,7.575755439770825,3.861895063919326e-14,0.3784549628284678,0.07517170088600093,5.034540370483311,4.867100461887382e-07,0.037390344221530064,0.046869688734935716,0.7977510674966369,0.42503247091676577,0.44437196108104954,0.05109837772023389,8.696400568996685,3.920976297100619e-18,0.23169293454154583,0.08260754862305668,2.8047428885558014,0.005044654022262629,0.29227798215689327,0.03701039970808633,7.897185236100922,3.1288298619970357e-15
-0.756,0.0164114595795658,0.015047763479528298,10835,0.05157123622567926,0.017950543794432783,2.8729623356409775,0.004074337170475411,0.338828077206238,0.1598324839115073,2.1198949607379762,0.0340376070228877,0.06908055083760299,0.0447963713957109,1.5421014846800116,0.12307818085636736,0.1824187735813067,0.07668178920099489,2.37890606729531,0.01738134602025247,0.10057073109259879,0.20759020472602102,0.48446761361082874,0.6280638507424932,0.06057978781741786,0.02538174733380978,2.386746153473937,0.01701530155030044,0.479215290017736,0.10724331790595813,4.468486236484783,7.957530516871625e-06,0.017839080769957934,0.04289924503154932,0.4158367066096051,0.6775377444862487,0.430830589282529,0.05965082965810377,7.22254144245585,5.445509328212934e-13,0.20257323811486047,0.056856897037074826,3.5628613004112415,0.0003684127203924035,0.28338356187521063,0.04648650928383889,6.096038748466093,1.124369968692242e-09,0.32437287289100125,0.07882197452279076,4.115259416613718,3.8961165603393386e-05,-0.09276891573520916,0.049145640817131346,-1.887632640306757,0.0591020246563073,0.36488975060301804,0.05357967133041524,6.810227490064563,1.0261311720921393e-11,0.14607640508839836,0.08661890067954224,1.6864264489897742,0.09174252243677222,0.22705154078922923,0.0388075931299348,5.850698857541096,5.03703780328777e-09
-0.702,0.00954931250022062,0.008176102377982386,10835,0.1816071546194075,0.018694105840151038,9.714674570278362,3.217501326317955e-22,0.24925787500980506,0.16645319524317903,1.497465246285317,0.13430141478258917,0.05807836753175855,0.04665196317817713,1.2449286927099024,0.21318492751732124,0.05213470282227059,0.07985816473037086,0.6528412341843268,0.5138725090898953,-0.11020623775958902,0.21618917526779502,-0.5097676034106509,0.6102246828113497,0.03407499245571608,0.026433130745229592,1.2891016499006884,0.1973903107717011,0.37339680771595124,0.11168563796962655,3.3432840113023152,0.0008307411251897583,-0.017021788191180064,0.04467625250055539,-0.38100304386471223,0.7032084709431926,0.3057656269944943,0.0621217349096275,4.922039402784086,8.691033353082626e-07,0.03998056607615608,0.05921206973592038,0.6752097377184282,0.4995569505526106,0.16730661498820457,0.0484121113345195,3.455883463378495,0.0005505981029472049,0.18597851071049348,0.08208700255174081,2.2656267731699438,0.02349392239937613,-0.2312245628188769,0.051181391580038836,-4.517746698178023,6.3163413858799136e-06,0.26323241289899024,0.05579909211674882,4.7175035097027616,2.41744842978553e-06,-0.003532969879895998,0.09020689933433074,-0.0391651847693143,0.9687594134950779,0.11353165962254254,0.04041511286123372,2.809138749961092,0.004976332745161752
-0.648,0.008714226246596013,0.00733985831921824,10835,0.32846260039663466,0.019723026845506572,16.653762273383872,1.652169860777118e-61,0.12210554631538348,0.1756147561361535,0.6953034528642655,0.4868800840389793,0.044331077403324516,0.049219680792784985,0.9006778729418928,0.3677796647187921,-0.07022586367675336,0.08425354709542315,-0.8335063163241966,0.4045776377677619,-0.3758270042112754,0.22808819763696153,-1.6477266605853214,0.09943781333886936,0.022906784530590012,0.027888006613251113,0.8213847926909824,0.41144522206102085,0.1714254223087759,0.1178328000690658,1.4548192201857006,0.14574832711796468,-0.029920395562537658,0.04713522727214669,-0.6347777934703694,0.525586771345264,0.16261663253848027,0.06554090662525783,2.481147132557545,0.013111108147025983,-0.15818450861096675,0.06247109388197031,-2.5321232394270616,0.011351439359109249,-0.005352693132670968,0.051076707260723775,-0.10479714569985611,0.9165387176378093,-0.0037785747340956474,0.08660505984286596,-0.043629953503310295,0.9652001801477168,-0.3693774819375225,0.053998408308751404,-6.840525369294234,8.316368683987434e-12,0.18829239083486374,0.05887026644568518,3.198429397437599,0.0013857643669467166,-0.22035221466189403,0.09517187462369366,-2.315308125779377,0.02061468825265397,-0.054157984519710586,0.042639555095182365,-1.2701348407321829,0.20406391792322
-0.594,0.01603549004961491,0.014671272686711201,10835,0.45637668513924806,0.02112980253357815,21.598719837253707,2.5043771222214605e-101,-0.07085991695192129,0.1881407528472133,-0.3766324726544797,0.7064541382395918,0.02113479155707846,0.05273035138388183,0.4008088511152756,0.6885687765959093,-0.2631910356224555,0.09026306290737562,-2.9158221219739873,0.003554809859569261,-0.5338240511201217,0.2443569445024988,-2.1846076533939582,0.02893901252011045,0.010356714452095257,0.029877162233208056,0.3466431775298897,0.7288661453787153,-0.04493967807424885,0.12623740853474488,-0.35599335090818107,0.7218524857758544,-0.055706649386230225,0.0504972209609243,-1.1031626756121309,0.2699810637719604,0.026519128141608714,0.07021571413511973,0.3776808150177976,0.7056751302349734,-0.3187171413153291,0.06692694220427865,-4.762164993920093,1.940132246178466e-06,-0.17896547323975973,0.05471983316446939,-3.2705778305619058,0.0010766376273295846,-0.1304733949205558,0.09278230097351343,-1.4062315069961677,0.15968411116888395,-0.5605530792762878,0.05784992910210368,-9.689779883514216,4.0981985788423345e-22,0.09391623445368098,0.06306928012826067,1.4890963439361997,0.13649114848116042,-0.4451110112120302,0.10196015719601653,-4.365538691317555,1.279878687723708e-05,-0.20721729960935587,0.04568088794576139,-4.536192463145476,5.789538863255197e-06
-0.54,0.02249895471913599,0.021143698625299967,10835,0.5346773447512327,0.023222688188864842,23.023921279174207,1.4809469057542404e-114,-0.24084423709233513,0.20677590488817713,-1.1647596813689771,0.2441419648766485,0.01873892289776581,0.05795323956914424,0.3233455633728349,0.7464398004643518,-0.3486905889094262,0.09920352835947262,-3.5149010793841478,0.0004417168945445795,-0.6662589089161207,0.2685602536960544,-2.4808544814310665,0.013121870724289164,0.011124954630464834,0.032836465054859446,0.33879879006094354,0.7347678878126744,-0.16152752030439768,0.13874109668152634,-1.164237015332065,0.244353645759696,-0.059519739830851376,0.05549891982739563,-1.0724486173057186,0.28354250191309277,-0.09951869472808923,0.07717050988655062,-1.2895948837761078,0.19721891993293958,-0.45344571902073727,0.07355598840899094,-6.164633618944225,7.316499171516617e-10,-0.2986080152214759,0.06013977751594203,-4.965233121162113,6.966566715024374e-07,-0.2413894231831691,0.10197229441824043,-2.3672059607986053,0.01794045258799403,-0.6842480876731238,0.06357990630301424,-10.762017867910643,7.114232611639536e-27,0.019315241772840767,0.06931622879046109,0.2786539618482364,0.7805157222192467,-0.6472777461862538,0.11205920805402678,-5.776212034928746,7.850704118659038e-09,-0.3187061334193101,0.05020553387894101,-6.348027972131438,2.2682745565895448e-10
-0.486,0.02802501816065428,0.026677423676174206,10835,0.5929190500156053,0.025853450979422092,22.933845484981322,1.0696602694420036e-113,-0.4037959521146653,0.23020034017058583,-1.7541066699355854,0.07944054106963166,0.019910715746626555,0.06451842379806823,0.30860511733739393,0.7576278694892024,-0.43921783971895845,0.11044171702124995,-3.976919696335843,7.026827678928507e-05,-0.7941778654464307,0.29898387721027647,-2.6562564940178444,0.007912939035737901,-0.02765762200653297,0.03655631650948901,-0.7565757343017263,0.44932055787056413,-0.2471787689452506,0.15445826567171578,-1.6002948619829913,0.10956238400459532,-0.1130908792031009,0.06178606849901414,-1.8303621180380716,0.06722330343947341,-0.16905320509858351,0.085912706495607,-1.9677322714449434,0.04912435366142123,-0.6251560638007185,0.08188871697836561,-7.634214906137559,2.4633885414892428e-14,-0.4322621431229214,0.06695266186570453,-6.456235362082609,1.1193820573048159e-10,-0.34632911944864353,0.11352414042510743,-3.050709022343305,0.002288544896663507,-0.8117184354970616,0.07078250276250976,-11.467783757527595,2.8638726321752296e-30,-0.09073127260581783,0.07716865974077357,-1.1757528627632519,0.2397195195461208,-0.789028289828103,0.12475374162784458,-6.324686374392436,2.6376263091511385e-10,-0.4784500531659744,0.05589302575475711,-8.560102923489573,1.2802037008928669e-17
-0.432,0.03167570643827744,0.030333173449699435,10835,0.616756781091327,0.028175866451598527,21.88954090021732,5.778696213062435e-104,-0.5189620018586457,0.25087923646717597,-2.0685729483497717,0.038609879768511796,0.003717184524912838,0.07031411373471665,0.05286541104588407,0.9578401198608375,-0.5022452821001964,0.12036269633608244,-4.172765295135988,3.0327719181799325e-05,-1.0394770514409206,0.32584159856117545,-3.1901299773600362,0.0014261459715400964,-0.05274331980760414,0.039840170380099585,-1.3238728475405757,0.18557324759456417,-0.26025450736307787,0.1683332515019266,-1.5460671319599575,0.12211760418860504,-0.14592406805191535,0.06733631096224568,-2.1670932958256723,0.030249488746725752,-0.2805601717416745,0.09363024482272478,-2.996469487748049,0.0027374489050529974,-0.7332135707834166,0.08924478033171081,-8.21575859179843,2.3485576853729377e-16,-0.5887647992711978,0.0729670194052095,-8.06891667044252,7.842621831319609e-16,-0.5305314985540934,0.12372201383081449,-4.2880929765625755,1.8177692953620523e-05,-0.8959760244872939,0.07714089490543359,-11.614799459944868,5.292266182985969e-31,-0.18502136784904813,0.08410072035781609,-2.199997420495968,0.027828143920509234,-0.8381142666128499,0.13596037009686468,-6.164401185549416,7.327215685986207e-10,-0.5900873962108033,0.06091389619495184,-9.687237774485126,4.2005678430611405e-22
-0.378,0.03072307838739685,0.029379224627882228,10835,0.6219906603806331,0.029981676019948108,20.74569346846373,8.847354689735372e-94,-0.4836470696471816,0.26695824956481795,-1.8116955382933437,0.07006096900733955,-0.021802727891014277,0.07482059092115179,-0.29140010286727963,0.7707509223039836,-0.4925369707173557,0.12807681966533047,-3.8456371106369853,0.00012092904600963959,-1.049675129970546,0.3467249980995315,-3.0273996271512686,0.0024724833525282316,-0.09711846133528391,0.04239355275791036,-2.2908780938904028,0.0219896028179066,-0.14551689027500314,0.17912183884690705,-0.812390556125177,0.41658543817409355,-0.18132444482979926,0.07165193883625867,-2.5306285883508015,0.011399890432036252,-0.3288246888564636,0.09963106798385946,-3.3004232064413306,0.000968514691404495,-0.8245215180662426,0.09496453622724306,-8.682415044846048,4.43081099697239e-18,-0.6649555193554414,0.07764352303792747,-8.564211067942171,1.2356746205642434e-17,-0.5446249797534783,0.13165143799865542,-4.136870724944461,3.5473732207191584e-05,-0.9016619410940434,0.08208490492800304,-10.984503690232623,6.3711502553437085e-28,-0.30327235918744305,0.0894907901108838,-3.388866706972557,0.0007043260293864478,-0.8493267419159249,0.14467415846106738,-5.870618159804147,4.469306739625382e-09,-0.6722087493373108,0.06481790733807878,-10.370725883376464,4.416027626593311e-25
-0.324,0.032111225520866093,0.030769296357617493,10835,0.6775882925341192,0.031476213718730314,21.526994910792332,1.106826213880697e-100,-0.6898220056774749,0.2802656833357009,-2.4613145550581352,0.013858387242834046,-0.026468708737542836,0.07855027546922118,-0.3369651930490585,0.736149675295791,-0.5223585391789416,0.13446124044296176,-3.884826121327694,0.00010301326338875193,-1.0308262174186442,0.3640086743164702,-2.8318726726892254,0.004636172596687129,-0.1830131420682994,0.04450680228871891,-4.112026311867559,3.9510081776853335e-05,-0.3055282599444153,0.18805077066025125,-1.6247115546067556,0.10425316333998481,-0.251134396157516,0.07522367124075721,-3.338502256207989,0.0008451570844064137,-0.3794927401677258,0.10459751438841469,-3.628123884077294,0.00028680296763112514,-0.8842953585400233,0.09969836362717067,-8.86970785044086,8.486056834447661e-19,-0.7391193445546026,0.08151392615245782,-9.067399638832345,1.4292313509246162e-19,-0.5737233914822223,0.1382140476758785,-4.150977423276419,3.3359514883006304e-05,-0.969926659762111,0.08617670369316315,-11.255091204411668,3.1765952650286224e-29,-0.3898928710345339,0.09395176018558989,-4.149926198980728,3.351284319637609e-05,-0.9684070193437373,0.15188592953469898,-6.375883680011983,1.8932493377221066e-10,-0.7768060966416834,0.06804897440746066,-11.41539756338366,5.200978353475315e-30
-0.27,0.042582841045621045,0.04125543025124867,10835,0.7945841295379497,0.033126125674588294,23.986630291253494,6.365042204347175e-124,-0.8488108780352225,0.29495657677937814,-2.8777486072809855,0.0040130811769413,-0.042997672338927546,0.08266770330824634,-0.5201266107345504,0.6029859745250291,-0.6912469806303051,0.14150939465200257,-4.8848133534187435,1.0500971663430282e-06,-1.125025021590754,0.383089186005631,-2.9367182961260028,0.0033240417028919667,-0.2477487461761144,0.04683974823543765,-5.289284326013405,1.2519238349241965e-07,-0.5629103444624345,0.197907966878106,-2.8443036091070453,0.004459211730767543,-0.32835360801333296,0.0791667260075318,-4.14762141334598,3.385135844345414e-05,-0.5227754885309568,0.110080279599142,-4.74903852383594,2.0701103154399376e-06,-1.0642484320498131,0.10492432643190476,-10.143009426326923,4.5603637505913225e-24,-0.946617576058212,0.08578670185952561,-11.034549126370234,3.678425151440348e-28,-0.8091236503839988,0.14545891555502427,-5.562557972446338,2.721676248436053e-08,-1.1886050415693055,0.09069389165644005,-13.105679113119237,6.045106615808452e-39,-0.5178614373102329,0.09887649903090612,-5.2374572561308375,1.6586153504219586e-07,-1.149787730870379,0.15984744654895094,-7.193031579133003,6.755830670289405e-13,-0.923797737158169,0.07161594778812277,-12.899329907512266,8.618228256915338e-38
-0.216,0.05329368940396184,0.05198112866277138,10835,0.8308048153118561,0.034781823211439564,23.886177853914475,6.269803949713177e-123,-0.9833146576265323,0.30969898530759093,-3.175065803492739,0.0015022257887500714,-0.033437615441440534,0.08679956931905522,-0.38522789575754185,0.7000761504751918,-0.7879510198980678,0.1485822639174346,-5.303129721700316,1.1607836079698622e-07,-1.3168084530869484,0.4022366054139456,-3.2737161048080345,0.0010647642624980857,-0.2922783572528009,0.04918087489002979,-5.9429271623643505,2.8861083059285945e-09,-0.6579910525707263,0.20779972833859847,-3.1664673377174264,0.0015473104430643832,-0.35971420066607646,0.08312360748950362,-4.327461373852177,1.5219278845691786e-05,-0.667887091665556,0.11558227067345629,-5.778456226668833,7.74703969833684e-09,-1.2472223514475886,0.11016861459695117,-11.321031457194204,1.5135402304850887e-29,-1.1390185196571208,0.09007446048118567,-12.645299384224828,2.1477580103943516e-36,-1.0163466481205634,0.15272918828668455,-6.654567208285045,2.978716338967843e-11,-1.289946167160153,0.09522691959028672,-13.546024303948286,1.8204376407989774e-41,-0.6980599927500656,0.10381850696464806,-6.723849274655498,1.8590445886964376e-11,-1.21761657508331,0.1678368814174568,-7.254761675741342,4.299119794777851e-13,-1.1639512087964294,0.07519542911705539,-15.479015446331548,1.7965439260985427e-53
-0.162,0.055172912884933756,0.05386295759269555,10835,0.7808424847356745,0.035945192190422956,21.723141181137375,1.881528328205611e-102,-0.982900136732349,0.32005767726399725,-3.0710094041006584,0.0021386568370573527,-0.04894329617138414,0.08970280776406277,-0.5456161004471041,0.5853411033728209,-0.7946210326588973,0.15355198605125925,-5.17493165079372,2.3208046216420457e-07,-1.3663969122762665,0.41569045992023446,-3.287053815328021,0.0010156414936320001,-0.353312891393569,0.050825857784069284,-6.951439814249635,3.824048747028653e-12,-0.5952198981186477,0.21475013333377974,-2.7716858140130474,0.005586212780269867,-0.4325614088802931,0.08590389378406091,-5.035410967140036,4.845082190284576e-07,-0.7997833469770249,0.11944822178834023,-6.6956488343060006,2.2535644449550487e-11,-1.2468740679490145,0.11385349183586245,-10.951566331813325,9.13385159075567e-28,-1.2896969181000602,0.09308723621998052,-13.854712745497064,2.7879792071502637e-43,-0.9390260011348102,0.1578376151439519,-5.949316962742973,2.776026845750268e-09,-1.2608305568719076,0.09841203278984575,-12.811751989356338,2.6296386374008334e-37,-0.8564497655262334,0.10729098825790352,-7.982494890134854,1.5791272856818685e-15,-1.1791040060936386,0.17345062455517032,-6.797923092623948,1.1172706540429787e-11,-1.3013237031222085,0.07771053676579288,-16.745781940024294,3.673889360191312e-62
-0.108,0.05560596040313792,0.054296605509529305,10835,0.7135991610581893,0.036654255243742724,19.46838522056749,5.309482744445486e-83,-0.9200687835533408,0.326371207949186,-2.8190868592078435,0.004824797385501791,-0.04163274696421976,0.09147230579394086,-0.45514045593215513,0.6490173276120075,-0.7306852359076825,0.156580987523724,-4.6665003680410075,3.1005050059573146e-06,-1.4603649596045447,0.42389046467150887,-3.4451469927171985,0.00057291479890411,-0.3560559265563627,0.051828460238301545,-6.869892042311441,6.777998229597997e-12,-0.523807678385859,0.21898634340704365,-2.391965043282287,0.016775404500266648,-0.4385601299637544,0.08759845357096928,-5.006482558604165,5.630716668401001e-07,-0.8263049753238128,0.12180448463445805,-6.783863318363026,1.2311420366316441e-11,-1.176608998969059,0.11609939176385792,-10.13449752917087,4.971423528466189e-24,-1.362130743753244,0.09492349625691598,-14.349774265230998,2.8391849482329155e-46,-0.8603593835115225,0.16095115591262527,-5.34546880780764,9.201751489948335e-08,-1.2394955797211717,0.10035333097747835,-12.351314775982312,8.221420290304124e-35,-0.9089467076314609,0.10940743474467773,-8.307906220017445,1.0903380927422662e-16,-1.0699878097408622,0.17687215110580812,-6.0494984826682865,1.5010433978936967e-09,-1.385243806451114,0.07924347252483306,-17.480856937674087,1.6900468843710996e-67
-0.054,0.05585372523268772,0.05454471385256854,10835,0.5681423184634966,0.03709313004450681,15.316645367533061,2.096024520574084e-52,-0.8469467706759742,0.3302789697605049,-2.5643375698129387,0.010350669983588795,-0.03866807152808383,0.09256753715831569,-0.41772820920957315,0.6761541347746655,-0.6248258775916397,0.15845578894162077,-3.943218999855169,8.09020029303907e-05,-1.43829762267967,0.4289658602017526,-3.352941938090843,0.0008023177152138018,-0.3235241757536809,0.052449021343955904,-6.168354860847429,7.146996367225909e-10,-0.4878443540898327,0.22160834696962398,-2.2013807727048382,0.027730115972796055,-0.4329662095915073,0.08864730188619357,-4.884144247812012,1.0536610430228767e-06,-0.8647889263750389,0.12326289426713626,-7.015809027661333,2.422899554911196e-12,-0.9929864968297261,0.11748949223351329,-8.451704726548147,3.2389459109823544e-17,-1.4326940777265498,0.09606004998664143,-14.914567272511174,8.269981657539621e-50,-0.6970996335590948,0.1628782829546066,-4.279880785293968,1.8860368316274776e-05,-1.232913760196712,0.10155489810374732,-12.140367261628104,1.0684962219628875e-33,-0.9425352801022386,0.1107174099660097,-8.512981656557875,1.9192252689980856e-17,-0.984332981116039,0.17898990604479376,-5.499377047942029,3.897977500017538e-08,-1.4326120782382847,0.08019228359696984,-17.86471233863725,2.2662047639475977e-70
0.0,0.05478746784930377,0.05347697815688679,10835,0.40413507886886685,0.03734908700605218,10.8204808005984,3.791102813614041e-27,-0.7129089976425456,0.33255802255170375,-2.143713124622358,0.03207810445956483,-0.06390341871611933,0.09320628901129634,-0.6856127348700088,0.49297203900350783,-0.45732415522262365,0.15954919524699612,-2.866352002055829,0.004160333769414216,-1.3336423015486014,0.4319258907532913,-3.08766464363294,0.002022464864125363,-0.2676722736885564,0.05281093990200478,-5.068500469509636,4.075896345592371e-07,-0.41016595938900263,0.2231375303810907,-1.8381755802732558,0.06606393584532977,-0.37531633904794853,0.08925900259769354,-4.204800951446512,2.63415144624724e-05,-0.8823078538810724,0.12411345597088162,-7.108881522790498,1.2436306475364425e-12,-0.8586326804013038,0.11830021522748861,-7.258082149302711,4.1954172400881693e-13,-1.4832009500148229,0.09672290153060593,-15.334537390252866,1.6008425254988059e-52,-0.5954927743614674,0.16400220618127326,-3.6310046567499428,0.0002836240724522501,-1.2055929529286682,0.10225566622758847,-11.789986779269553,6.887964291336054e-32,-0.8994266792643735,0.11148140296986433,-8.067952638768878,7.904405405539286e-16,-0.844642376200005,0.1802250057099756,-4.686599247827092,2.8117210515585673e-06,-1.4214529244692011,0.08074564140808572,-17.604082396041992,2.0516917092194105e-68
0.054,0.05101636336057891,0.0497006452212323,10835,0.2904350618925667,0.03780749274705927,7.681944524479404,1.7023143254184772e-14,-0.5095543898537903,0.33663968877104034,-1.513649182940978,0.13014405065670734,-0.07753434657263787,0.09435026069590058,-0.8217714079512518,0.41122511817957486,-0.30405426217467885,0.16150742964941758,-1.882602322597085,0.059781091957478674,-1.2245891765197254,0.43722715308344745,-2.8008076988896553,0.005106533711118185,-0.14258548857042308,0.05345911740725776,-2.6671874786893746,0.00766028463849308,-0.24704227953464628,0.2258762191459395,-1.0937064577614135,0.2741080913756864,-0.24295722607499887,0.09035452708054686,-2.688932518659677,0.007179075477526093,-0.9158949577651992,0.1256367681938568,-7.290023222755767,3.315355712895571e-13,-0.7083807969799166,0.11975217837223343,-5.915389653940247,3.411154877807279e-09,-1.4899501099899215,0.09791003452106721,-15.21754248456863,9.276146173311692e-52,-0.4282127961290385,0.16601509481866195,-2.579360609327572,0.009911415187560942,-1.1171032458400258,0.10351070586059571,-10.792151754278423,5.14523495722854e-27,-0.7928133763599096,0.11284967510804617,-7.025393521078751,2.262957795520547e-12,-0.7281439711395585,0.18243700562518372,-3.9912076425740515,6.617156483915313e-05,-1.3102514784850516,0.08173667675994768,-16.030153542125614,3.5755513156937747e-57
0.108,0.05113947230665661,0.0498239248516793,10835,0.23637934489691834,0.03815539551041818,6.195174803845917,6.033696404569303e-10,-0.4771398261201178,0.33973743129428235,-1.404437021562151,0.16021746013034746,-0.08221353084539683,0.095218467340529,-0.8634200186333317,0.38792571684433574,-0.18565011993045205,0.1629936133922525,-1.139002418970095,0.2547273637389512,-1.4574486164308553,0.4412504967045373,-3.302995979190404,0.0009596814212461445,-0.05442018035345602,0.05395104568182339,-1.0086955621657336,0.31314321921233434,-0.26250348617862285,0.22795472145085757,-1.151559768132345,0.24952746880899151,-0.14994310448353954,0.09118596517308622,-1.644366040310287,0.10012966896311953,-0.9547913768456322,0.12679287180343896,-7.530323773451559,5.4646184949063666e-14,-0.6155411380500432,0.12085413226408968,-5.0932568586481315,3.5789336177642545e-07,-1.4553290211420769,0.09881099803637715,-14.72841131112044,1.2508945212783141e-48,-0.30196479575390717,0.16754275788357642,-1.8023148214125682,0.07152370933108203,-1.1073130904647734,0.10446320648916316,-10.600029691599063,4.0004613726359305e-26,-0.798269988598014,0.113888112490734,-7.009247683009601,2.538733078270186e-12,-0.6414270714996895,0.18411578233805803,-3.483824489972047,0.0004962590578791119,-1.268699280206184,0.08248881380068737,-15.38025850719182,8.028912414674703e-53
0.162,0.046971967315977525,0.04565064182468814,10835,0.27093562637036267,0.038175250809512506,7.0971538005678525,1.3532840433480415e-12,-0.35338414449744177,0.33991422380872616,-1.0396274111091488,0.29853626936487004,-0.01222470584154373,0.09526801711253526,-0.12831909608345587,0.8978988385870034,-0.1678747904943594,0.16307843198477592,-1.0294113602345112,0.30330942560769936,-1.2621723743695044,0.4414801145730035,-2.8589563441385546,0.004258496656340835,-0.0515241014289711,0.05397912071902676,-0.9545190944692379,0.33984227458860405,-0.18392173344032922,0.2280733444952219,-0.8064148567970088,0.42002140871674976,-0.138382279349018,0.09123341651220868,-1.5167937871810375,0.12934797278102683,-0.9554985149384211,0.12685885225938778,-7.5319813944455145,5.396031721194556e-14,-0.548505664873098,0.12091702231963199,-4.536215450486189,5.788909386904755e-06,-1.3873188690473173,0.09886241728897763,-14.032823666370055,2.400771672023723e-44,-0.2394252667337863,0.16762994375924,-1.4282965284392326,0.1532353930701559,-0.9927589005899865,0.10451756703716555,-9.498488423835678,2.5782569237900878e-21,-0.7850304997063944,0.11394737756993292,-6.8894126082418845,5.913606257218296e-12,-0.5354856326077665,0.18421159248174557,-2.906905181121163,0.003657649102162845,-1.2267841086726619,0.08253173931746,-14.864391794214006,1.7253068488954448e-49
0.216,0.039963958783713505,0.03863291704064631,10835,0.22722597234047395,0.03842819165462123,5.91300195394827,3.4608312753262317e-09,-0.1830494789604119,0.34216642095770283,-0.5349720713332058,0.5926801644398072,0.14780876951249433,0.0958992421143176,1.5412923632524382,0.12327489282404006,-0.0664019092145084,0.1641589539336967,-0.4044976385590757,0.6858548102539961,-1.1957795838212437,0.44440526505429295,-2.6907412622016427,0.007140298074283106,-0.04652063324318935,0.0543367745424692,-0.8561537491856309,0.39193170269218713,0.06024401512936405,0.22958450848969703,0.2624045303651993,0.7930145763439425,-0.027575832299849678,0.09183790913466457,-0.30026633401915154,0.7639797797191143,-0.9165556980396558,0.1276993912111847,-7.177447671022085,7.568008611477306e-13,-0.3597468466357911,0.1217181920085011,-2.9555717243209254,0.003127631972601835,-1.2470984376278538,0.0995174579985552,-12.531453904760703,8.896591252689501e-36,-0.10471723293458092,0.16874062302763723,-0.6205810495166287,0.5348883835595968,-0.8630476400160005,0.10521007752955243,-8.203089098319307,2.6081932730268044e-16,-0.7413792495063332,0.11470236792020665,-6.463504310757367,1.0670824399557454e-10,-0.32080175077814754,0.18543213812042794,-1.7300223900228369,0.08365479335123265,-1.1070471537955544,0.08307857653394396,-13.325302382175998,3.418996698454346e-40
0.27,0.0345236956603755,0.033185111265783274,10835,0.1229219061277282,0.03899705012417358,3.152082163556548,0.0016255321563576665,-0.18387498183703738,0.3472315634527647,-0.529545701458245,0.59643781548663,0.3813569153815763,0.09731885344005171,3.9186334600262387,8.960067424748714e-05,0.10184486188450395,0.16658902433974992,0.6113539729772142,0.5409781114955579,-1.1229353272602693,0.4509838649845707,-2.489967855720709,0.012790358914998114,-0.045869009671271894,0.05514113022707823,-0.8318474699807104,0.40551340506583833,0.27143669665896,0.23298308350738647,1.1650489493601126,0.2440248660898144,0.2011195945497131,0.09319739991962714,2.157995767297772,0.030950094973189457,-0.8256549888552797,0.12958974506650137,-6.371298812506959,1.95051277995674e-10,-0.19804219863554984,0.12352000524616118,-1.6033208405462296,0.10889302851997387,-1.141928340344177,0.10099063033410512,-11.307270155323916,1.7674043134449475e-29,0.0883961269036647,0.17123851659050718,0.5162163785560675,0.6057138422067917,-0.6754405474586302,0.10676751859320831,-6.326273724053715,2.610748142952459e-10,-0.6744536645899986,0.11640032482787374,-5.794259299425003,7.0538318995622014e-09,-0.06125093687313553,0.18817711876497825,-0.32549619887439246,0.7448118535065306,-0.9297083370641605,0.08430840156251784,-11.02746962145578,3.9762323901887056e-28
0.324,0.03280343775655026,0.03146246831079269,10835,-0.04167431596727742,0.03990246941328135,-1.0444044336114777,0.2963216477981895,-0.11495831185717952,0.3552934592714512,-0.3235587620805288,0.7462783666991335,0.7027357888401775,0.0995783670909023,7.057112999238777,1.8040390895982944e-12,0.25232653941685396,0.17045682755846966,1.480295879203205,0.13882342091938862,-0.9558623974965257,0.4614546439058791,-2.0714113729701435,0.03834401614243838,-0.024053923462787015,0.056421376880910444,-0.4263264172648257,0.6698784927200069,0.39797802622205564,0.23839239978058407,1.6694241367944358,0.0950622845920811,0.5792234273893768,0.09536122316557091,6.073993266463248,1.2896224500854183e-09,-0.7461554107846575,0.13259851251122243,-5.627177836715981,1.877378463295815e-08,-0.038492971544561834,0.12638784768512662,-0.30456228387131323,0.7607054070976729,-0.9472817328869981,0.10333539396193064,-9.167059770788528,5.739811181076443e-20,0.2977473854142381,0.17521427002481985,1.6993329674121915,0.08928521197206601,-0.5594288758822951,0.10924640790603199,-5.120798812565868,3.094779209401777e-07,-0.5714497916643199,0.11910286512315206,-4.7979516787731535,1.6243837005129433e-06,0.18851570428491427,0.19254614648774235,0.9790676558510889,0.3275684436033991,-0.666137529983525,0.0862658432860709,-7.721915240247636,1.2470941386213993e-14
0.378,0.03885805712292134,0.03752548210275719,10835,-0.255849463270544,0.04106609353550328,-6.230187515872477,4.831971864143657e-10,-0.10097583860253824,0.3656544230352209,-0.2761510110129639,0.7824373568223029,1.0768403401739732,0.10248224225708129,10.507579815366169,1.0598207739182396e-25,0.42958605928464266,0.175427639622508,2.4487934752416587,0.014349317856804203,-0.9649178727752811,0.47491144903236804,-2.031784819551731,0.042199830477618626,0.03377118489385819,0.05806672054291823,0.5815927708350132,0.5608531303934874,0.6022761407115057,0.2453443290976887,2.4548198971075363,0.014111148785810275,1.0323876900107758,0.09814211921615752,10.51931319861707,9.369771786920329e-26,-0.6875097389966048,0.1364653114837554,-5.03798167843148,4.780625585619276e-07,0.04941239554545303,0.13007353306963002,0.37988047513864287,0.7040415980065191,-0.7187306267029522,0.10634883044497162,-6.758237243378497,1.468651545301219e-11,0.5824695875423413,0.18032381723220461,3.2301311966587862,0.0012410310079572673,-0.46574047329005724,0.11243221964587492,-4.1424110878268605,3.46286358943847e-05,-0.4806483480552409,0.12257610798057068,-3.921223768431509,8.86441578062068e-05,0.4776383317550028,0.19816112079856635,2.4103534024745907,0.015953647781439338,-0.36067815242616635,0.08878150253341757,-4.062537151704616,4.888489797903056e-05
0.432,0.05664008132003151,0.05533216018312437,10835,-0.4921270374832759,0.041968368744862754,-11.726141668146585,1.4530998176467962e-31,-0.026476662723832242,0.3736883238203562,-0.07085226119229888,0.9435166474461383,1.5293698335879207,0.10473390971866234,14.602432370720571,7.719313617593614e-48,0.6344670205158127,0.17928201184642054,3.53893295808907,0.00040343323711222625,-0.8508849116045103,0.4853458680435758,-1.753151654580719,0.07960429777168412,0.047146702991056506,0.059342521524313865,0.7944843222029169,0.4269309590365745,0.8715170146778976,0.2507348614528151,3.475850983098755,0.0005112326147594779,1.5632098419327447,0.10029842855895355,15.585586577898567,3.5346196447747907e-54,-0.6686449031812418,0.13946363094608413,-4.794403377033373,1.6533364560161324e-06,0.10283907431393441,0.13293141689003923,0.7736250520748065,0.43916945589456924,-0.4671297667447159,0.10868545185192173,-4.297997190839818,1.7385663565540762e-05,0.8336625383829861,0.18428576481324307,4.523748967956519,6.140078224112514e-06,-0.45020905591359056,0.114902500984713,-3.918183260201515,8.976790985538085e-05,-0.46003595035480394,0.12526926367104374,-3.6723769013511194,0.0002414630767303211,0.6851511217448668,0.2025149770181958,3.383212105262252,0.0007189739557952336,-0.06016814717484219,0.09073214701622755,-0.6631403438968665,0.5072548024992003
0.486,0.07883027693657185,0.07755312139114712,10835,-0.7573525932337686,0.04322053771552066,-17.522979427481772,8.23250431849295e-68,-0.027207027196231786,0.38483769506777427,-0.07069740710155828,0.9436398911950523,2.0430013113547005,0.10785875244778194,18.941451342521194,9.694795950104789e-79,0.8286025459141967,0.18463107303095105,4.487882414978393,7.2677606166859954e-06,-0.8156247575318956,0.49982665569810153,-1.6318152468133633,0.10274751631281878,0.10270614040484272,0.06111306601569203,1.6805921728500877,0.09287102451846042,1.104796497864033,0.25821579108536974,4.278578367419721,1.8970856771154402e-05,2.0673244542647273,0.10329093419601487,20.014577952616563,1.5614140564260142e-87,-0.6553611300440177,0.14362467023421105,-4.563012252528134,5.098002662703161e-06,0.1787670268365664,0.1368975609274024,1.3058452292759812,0.1916329601319157,-0.17488486659117625,0.11192819285999507,-1.5624737800415511,0.11820566613609378,1.0471051058746048,0.18978411805722875,5.517348430382641,3.5207519368670504e-08,-0.39247626832075894,0.11833073397748707,-3.316773716585154,0.0009136340784340291,-0.3813136415242064,0.12900679957337124,-2.9557639038036774,0.003125685559662074,0.9129566989799269,0.2085572173506062,4.3774879171175005,1.2118202257661736e-05,0.25548591905466844,0.09343923291288389,2.7342467514996125,0.006262490628637896
0.54,0.106113922241734,0.10487459409991184,10835,-1.0217803633164495,0.044526438119588535,-22.947722891558605,7.891299973500698e-114,0.11607839638623904,0.3964654935185346,0.29278310038049354,0.7696935612894871,2.5580316499982074,0.11111768433176068,23.020922955528576,1.5818739497291272e-114,1.0614908497961786,0.19020966611698806,5.580635682012663,2.4541013315470184e-08,-0.5170241140225146,0.5149288239297024,-1.0040690868241204,0.3153677701507109,0.1371704390235828,0.06295958579129075,2.1787061858745216,0.029375010353151536,1.3939730653180562,0.2660177325636221,5.240150917325283,1.634646250956994e-07,2.56048921711011,0.10641185031212061,24.062068365504803,1.1357444156766484e-124,-0.6410577624944002,0.14796426258559495,-4.332517536952942,1.4874409334955324e-05,0.12854991644383307,0.14103389493850851,0.9114824241355702,0.3620615501056488,0.1371365906814107,0.11531008211932202,1.1892853440127011,0.234353500831935,1.2683788102574882,0.19551840942787038,6.487260273695157,9.122837553923672e-11,-0.4382676098784439,0.12190607481040219,-3.5951252680399377,0.00032567836257150915,-0.32663186677457207,0.13290471571683168,-2.457639407396933,0.014000922471332035,1.0980105873994934,0.21485873437943356,5.110383762479222,3.2699218105975263e-07,0.5737284318904403,0.096262481730839,5.960041976630638,2.6003855526596725e-09
0.594,0.13787897543848548,0.1366836879471811,10835,-1.273156611282565,0.04568218822462282,-27.869869215160104,3.855316784466539e-165,-0.04988626049635065,0.4067563466639366,-0.12264408633202431,0.9023912200950721,3.0683635413525505,0.11400190954179609,26.915018824554057,1.669306279959541e-154,1.2709647817252736,0.1951468416665529,6.512863702385555,7.700215567092015e-11,-0.4071962322085195,0.5282945694839178,-0.7707749723914497,0.4408571557773181,0.159538276561707,0.06459379573406153,2.4698699735581484,0.013531530726431698,1.6493729771383356,0.27292261953269975,6.043372220164107,1.5589904858751341e-09,3.0401724369927816,0.10917392858222193,27.847055395676662,6.981287398480316e-165,-0.6680097502693473,0.15180489568463884,-4.4004493218524265,1.0906159202004407e-05,0.11934748944011198,0.14469464000980284,0.8248231546934037,0.4094901837345656,0.48659303771243106,0.11830312726618476,4.1131037611337655,3.932634211802636e-05,1.5811973281923932,0.20059338132716065,7.882599703593993,3.5143759602735873e-15,-0.5141216877736401,0.12507032878436775,-4.110660720018024,3.9744130017856545e-05,-0.327831237023438,0.13635445581813355,-2.4042576024115547,0.016222052602732483,1.3376479989552663,0.22043571325566033,6.068200017135465,1.3368372718953931e-09,0.8779009808200373,0.09876111800334905,8.889135710171558,7.135229999939335e-19
0.648,0.16709036221964446,0.16593557484865784,10835,-1.4948405591472327,0.04711038766938936,-31.730593465664185,2.3537002885687423e-211,-0.017378202475999967,0.4194731015094844,-0.041428645635355574,0.9669549409511431,3.5768220662062307,0.11756604405981289,30.423938262194884,3.786103878329883e-195,1.5136868043904714,0.2012478762655455,7.521504487297892,5.844198482972823e-14,-0.30009912061716465,0.544811072745542,-0.5508315370773093,0.5817605366950178,0.18666073334271682,0.06661324416216957,2.802156473392773,0.005085247768953161,1.886528913838998,0.28145522159992586,6.70276750637301,2.1468577733636102e-11,3.467845371535324,0.11258712200057198,30.801439009318543,9.005758829884002e-200,-0.7041228580650146,0.15655089573751688,-4.497724875656997,6.93999194722624e-06,0.020315500795755278,0.1492183463503697,0.1361461327821835,0.8917082913956608,0.8393308634763834,0.12200173425595764,6.879663380157211,6.330870048097609e-12,1.7136324592931287,0.20686469553011896,8.28383236154295,1.333415666256345e-16,-0.5959761575112853,0.12898050430503868,-4.62066853221323,3.869253032395395e-06,-0.3365884951148811,0.1406174161897634,-2.393647275246862,0.016698712693701694,1.4923810473171675,0.2273273744372663,6.564898094703539,5.44528161315769e-11,1.1665734513290507,0.10184876724649278,11.453977135587003,3.3524294418986556e-30
0.702,0.19480588744188732,0.19368952625431257,10835,-1.6832478139605935,0.04849452669624833,-34.71005758039111,2.166631465773507e-250,-0.04690254780787265,0.4317975403273401,-0.10862161876215515,0.9135046272739331,4.05152907188342,0.12102022386742978,33.478115825679026,6.621628038840404e-234,1.6991836353106626,0.20716069196059914,8.202249274364455,2.6263705736234565e-16,-0.33921123758711935,0.5608180365036005,-0.6048507992038191,0.5452908219157845,0.1902334520177685,0.06857039194871715,2.7742797818633074,0.00554189327040831,2.097474232196502,0.28972459011507457,7.239545084396926,4.807469210720399e-13,3.8713438234114115,0.11589501729059484,33.40388494618725,6.293823256513578e-233,-0.7205962919003738,0.16115048014341687,-4.471573967754081,7.843684439232765e-06,-0.10815509270716908,0.15360249487736446,-0.704123281288625,0.48137115731547153,1.1047465251266324,0.1255862380157913,8.796716444262952,1.6225128458360944e-18,1.941002775356381,0.21294253764791124,9.115148137126656,9.242625710441695e-20,-0.6534451182999269,0.1327700496377033,-4.921630443635574,8.709177234481486e-07,-0.36051881097756155,0.1447488628458644,-2.4906503850151793,0.012765831948452374,1.6543632217093163,0.23400642562742352,7.069734163382902,1.6480213569684117e-12,1.4211719694473024,0.10484116150511497,13.555477152720847,1.6039076556698008e-41
0.756,0.22145877362429356,0.22037936532448443,10835,-1.8194551325384538,0.050033872682076,-36.36446740990031,2.846001269071356e-273,0.024915445814567814,0.4455039491877977,0.0559264308655207,0.9554014477098769,4.523130965426002,0.12486172946621947,36.225118655349924,2.5930203015937597e-271,1.8391607464335236,0.21373652641689256,8.604803199834198,8.701714420783802e-18,-0.30981159572652694,0.5786199010042877,-0.5354319738895935,0.5923621908837176,0.1758019029090105,0.07074699959464875,2.484937932580649,0.012972401106346076,2.313872060121197,0.2989212235327528,7.740741967984303,1.0764988099337648e-14,4.24486060935058,0.11957383512422692,35.499911874036115,3.284849036792795e-261,-0.8181374118663348,0.16626582741295032,-4.920658830478419,8.752430233360706e-07,-0.28985634093760587,0.1584782489059295,-1.8289976254701086,0.0674274756131302,1.357897438138047,0.1295726811163848,10.479812769470719,1.4178141228932494e-25,2.061368042995979,0.21970190335104384,9.382567977585003,7.724830111961956e-21,-0.7936301055454414,0.13698452613374365,-5.793574850714069,7.082563863104267e-09,-0.4339092066434139,0.14934357891290748,-2.9054426698616633,0.0036747722345345213,1.786068376076475,0.24143441547468442,7.397737280183873,1.4878831651760778e-13,1.662359268015295,0.10816910039032723,15.368152846022445,9.640267577189399e-53
0.8099999999999999,0.24282020983710206,0.24177041809549538,10835,-1.9330351553142329,0.05151392170789497,-37.52451941584517,8.21925126610621e-290,-0.1765109992658859,0.45868237513502824,-0.38482184804664465,0.700376975198936,4.923794717255365,0.1285552568937846,38.30099862289973,4.183242180117144e-301,1.864572760746081,0.2200590539516955,8.473056333121233,2.700157449362729e-17,-0.3268469162343778,0.5957360220417794,-0.5486438693335481,0.5832611948661522,0.1783506192804605,0.07283976240145794,2.448533787047206,0.014359660172913374,2.410130504087302,0.30776359455003277,7.831109808848719,5.287972367047421e-15,4.60278478848752,0.12311094166230326,37.387292521188634,7.80287633118409e-288,-0.837473565844759,0.1711841270107681,-4.892238436289592,1.0113195308519913e-06,-0.48197812129044404,0.1631661846049533,-2.95390936827613,0.003144514661710048,1.5843468597645027,0.13340556292582664,11.876167867492887,2.4990942702362765e-32,2.152719635154099,0.2262008923477875,9.516848553560337,2.1643571909492293e-21,-0.9170268211451676,0.14103665729186507,-6.502045913123476,8.272654675208514e-11,-0.5235390770205658,0.1537613024796373,-3.404881908371571,0.0006643309874042789,1.9695749637947422,0.24857627262599963,7.923423032246144,2.5373092899400627e-15,1.8566561880523489,0.11136884414539679,16.671235140309122,1.2426140700585514e-61
0.864,0.2571310893949851,0.25610113896896836,10835,-2.0003554715833483,0.052995017179332055,-37.74610478593227,5.12951839084814e-293,-0.1473405722847448,0.4718701186831258,-0.3122481514530658,0.754857958083274,5.225746692764293,0.1322513957724061,39.51373565657771,0.0,1.8336946686637372,0.22638605173114498,8.099857100919913,6.093639935995218e-16,-0.3978642419888425,0.6128642447661385,-0.6491882099283873,0.5162305121202149,0.1711633701677104,0.07493400486362362,2.2841882063986803,0.022379753318363966,2.51138523964059,0.31661221742805745,7.932054107202108,2.367949070493508e-15,4.895171599126793,0.12665054905648165,38.65100969237583,2.974161994405255e-306,-0.8761191797016464,0.17610590401573456,-4.974956317326917,6.626580245771322e-07,-0.6531540603793702,0.16785743483591806,-3.8911238040652374,0.00010037914563587273,1.7360494091099852,0.13724115471467066,12.649626948412777,2.03430899289029e-36,2.154868025714409,0.2327044763535067,9.260105604676463,2.4278837185944e-20,-1.065468525384469,0.1450916534462268,-7.343417075189291,2.23180164338889e-13,-0.5967403040227494,0.15818214952902737,-3.7724882725357323,0.00016248952422732123,2.1763840049433627,0.255723179316209,8.510702904456704,1.9570690263795255e-17,1.9871941553627424,0.1145708502294657,17.344674944654198,1.7098193862599023e-66
0.918,0.26920779384159466,0.26819458715961153,10835,-2.0325756321764326,0.05425251209942672,-37.46509707147571,5.912684397480647e-289,-0.3027926186394686,0.4830669124341412,-0.6268129959754795,0.5307950495484095,5.503677479905516,0.1353895296425483,40.6506876450208,0.0,1.8261322744079682,0.2317578645011808,7.879483521900782,3.602621878459232e-15,-0.3954622217367845,0.6274066247014665,-0.63031247386805,0.5285034758014044,0.16626420170211945,0.07671208015208876,2.167379653536775,0.030227659231630136,2.5384747800919087,0.3241249662910008,7.831777999516566,5.260095670494619e-15,5.121494453826987,0.1296557829547327,39.50070206752812,0.0,-0.9147684010882019,0.18028464178176043,-5.074022900938808,3.9595751672000786e-07,-0.8378823909765089,0.1718404483877772,-4.87593228973503,1.0983600486660867e-06,1.8719875556593255,0.14049768832985235,13.323974066138236,3.4793924523357624e-40,2.2000667602220223,0.23822621617873588,9.23520003596649,3.05917181381412e-20,-1.1825892966738016,0.14853446801385603,-7.961716310610705,1.8665073453995657e-15,-0.7414819200738413,0.1619355825887676,-4.578869623465158,4.7271156902884266e-06,2.291629848391927,0.26179111958788426,8.753657694727945,2.372410862984615e-18,2.0698071151936865,0.11728945038892877,17.647001570305427,9.811348387351436e-69
0.972,0.2775220281718066,0.276520348758051,10835,-2.033775658009148,0.055377648668484436,-36.72556901403029,2.2336722866472827e-278,-0.42289067384818546,0.4930851812192874,-0.8576422288791423,0.39110904721370177,5.707333414868689,0.13819735742735545,41.29842654819789,0.0,1.7438067806983382,0.23656426402861866,7.371387169819441,1.8119302604197435e-13,-0.2563550718235778,0.6404183380729501,-0.4002931468123831,0.6889485184551397,0.14651516594883177,0.078303003103443,1.8711308652527205,0.06135391346763144,2.5813463675685853,0.3308469564515718,7.802237007872955,6.642030227500032e-15,5.29796253259244,0.13234469923062478,40.03154310971061,0.0,-0.9736967952726385,0.18402354410090802,-5.291153368607653,1.2392279296658472e-07,-1.025162574322831,0.17540422755748697,-5.844571642304597,5.225370303452646e-09,1.9693757272016326,0.14341145362643962,13.732346178789129,1.4770631775392814e-42,2.178608848697987,0.24316676210294533,8.959320056150055,3.8025028944901134e-19,-1.291125887597666,0.15161490715410533,-8.51582414838227,1.8730302583605592e-17,-0.848839717987113,0.16529394589309493,-5.135334590754499,2.8654125482099083e-07,2.3990197709033296,0.2672203753164131,8.977682813530492,3.222650171498683e-19,2.126068877620826,0.11972190272506049,17.75839532473277,1.4347733383855731e-69
1.026,0.2818818744029937,0.28088623969701776,10835,-2.026693189733171,0.056519610225612416,-35.85823011947728,3.506913595878717e-266,-0.6169740491458081,0.5032532604873832,-1.2259712903763214,0.2202361630662099,5.890667816812794,0.14104717270975345,41.763813507517774,0.0,1.7836888200359344,0.24144253715516795,7.3876328548088885,1.6047882021052012e-13,-0.24613067235926517,0.6536246250884423,-0.3765627286853843,0.7065059748946703,0.1449207118209324,0.07991771628650188,1.8133740371333604,0.06980184744625882,2.5230258419765486,0.3376694654356975,7.471880345239595,8.515705900298454e-14,5.427109206785458,0.13507382483355143,40.17883711720733,0.0,-1.0048001645211908,0.18781835695451474,-5.349850679209861,8.982290100693137e-08,-1.1765825931828688,0.17902129851742413,-6.572305099598817,5.182113452890235e-11,2.0559575696820085,0.14636879058152846,14.046420425512947,1.9884808668596435e-44,2.1478194842320844,0.24818118761521665,8.654239690246351,5.664836310676692e-18,-1.3813120011294062,0.15474141034845368,-8.926582729334738,5.102992035791062e-19,-0.9111236847266004,0.1687025292543334,-5.400770745724885,6.776015599402401e-08,2.415449212436582,0.2727308186672937,8.856531961586658,9.54294719145753e-19,2.162479366399507,0.12219072929580727,17.6975731208252,4.104715067481956e-69
1.08,0.28520174897213146,0.2842107171054693,10835,-2.0010517121938363,0.05755982119956293,-34.764731204707616,3.918458976456612e-251,-0.6718601075805994,0.5125153477902805,-1.3109072937568345,0.18991691023121482,6.052877990257992,0.14364306493745482,42.1383238577758,0.0,1.7431989800359224,0.24588614842079287,7.089455795829255,1.4303606807593138e-12,-0.39109285456463383,0.6656542110170655,-0.5875315563122117,0.5568590248326806,0.13911493474110895,0.08138855596785217,1.7092689885794046,0.08742981287638411,2.5175743460844853,0.3438840780650508,7.320997122781151,2.6361573143332956e-13,5.5309613445852746,0.13755978102334943,40.207692273415645,0.0,-1.0465837196060528,0.19127504597330963,-5.471616615123398,4.558852344996661e-08,-1.3434104875866681,0.1823160827267517,-7.368579159306093,1.850305104094602e-13,2.1292431622179286,0.14906262413061006,14.284218962576869,7.164017136152176e-46,2.084608854340714,0.25274881987338166,8.247749110698242,1.8010095735185587e-16,-1.4310416303763693,0.1575893371569811,-9.080827778029494,1.2646228589188748e-19,-1.00534506094815,0.17180740244017223,-5.851581751829564,5.010450636888886e-09,2.4220999323134125,0.2777502727891423,8.720423234839378,3.176965831803507e-18,2.17945461471329,0.12443957950940829,17.514159267538442,9.571892780870138e-68
1.134,0.28826351719406385,0.2872767303152314,10835,-1.9581773521034824,0.05852044273675704,-33.461424085801376,1.099062465618875e-233,-0.8089736377393237,0.5210687670151758,-1.5525275912685108,0.12056528598320915,6.158600434316634,0.14604033822586698,42.17054348909888,0.0,1.7226925650647864,0.2499897666209223,6.89105233526231,5.846126288603045e-12,-0.3559138663188827,0.6767633798452654,-0.5259059176639531,0.5989643562526292,0.1259293994888119,0.08274685761150706,1.5218632238585423,0.12807258084610015,2.469560827409365,0.34962319338547737,7.063492566085421,1.7234474568407457e-12,5.656423473162776,0.1398555297860947,40.44476097451509,0.0,-1.123190545309448,0.194467254094539,-5.775730986376844,7.873099794806393e-09,-1.4822107475238742,0.18535877382610333,-7.996442342213748,1.4111550502432635e-15,2.159789001757503,0.15155034497731107,14.25129716518197,1.1385707272881238e-45,2.073454685914667,0.25696696987473383,8.068954103032908,7.840232445840207e-16,-1.4978947331101127,0.16021936115897173,-9.34902450162613,1.0586185066561382e-20,-1.0551178927487754,0.17467471313700703,-6.040473024399291,1.5871679469556513e-09,2.484856856907705,0.2823856745058665,8.799514569058221,1.5828463280667365e-18,2.2219340069398776,0.12651636393411433,17.562423846586277,4.191652907483465e-68
1.188,0.28804950621452197,0.2870624226202173,10835,-1.892374289050411,0.05944138246928842,-31.83597370111881,1.096629692140651e-212,-0.990205887223165,0.5292688575900888,-1.8708939190789597,0.061386758359007705,6.216256835263108,0.14833858382577672,41.90586612694163,0.0,1.6843592395890887,0.2539238706372415,6.633323741332627,3.438767334472178e-11,-0.3263420297836606,0.6874136459210937,-0.47473894607719286,0.6349826371899437,0.09809961665710482,0.084049049894285,1.167171036204363,0.24316702876940507,2.528804917501955,0.35512523464055745,7.120882074351892,1.1404605935632916e-12,5.722262839922504,0.14205644468302422,40.28161378169642,0.0,-1.1948793205415984,0.19752759698663827,-6.049176615166466,1.5040349143153733e-09,-1.5801326090997438,0.18827577601553713,-8.392649561934862,5.345004812723607e-17,2.154630125408712,0.15393530188538276,13.996985090612988,3.9416305112875986e-44,2.031456679913673,0.26101087455895444,7.783034646914025,7.726026734655532e-15,-1.5697110258667752,0.16274074289690266,-9.645470445352444,6.294627504926155e-22,-1.1474564200944073,0.17742357961978486,-6.467327637923793,1.0405405058129128e-10,2.4303438716849177,0.2868295948760516,8.473128000390435,2.6985070179072595e-17,2.2052879367450604,0.12850735957450007,17.160790977629418,3.7873168682940257e-65
1.242,0.287042096387386,0.28605361606996393,10835,-1.8505772810106333,0.06028612165129413,-30.69657211845055,1.752811544319204e-198,-1.0476417890520204,0.5367904548889528,-1.9516773808296362,0.05100228594657318,6.258143256639502,0.1504466676010088,41.59708790118485,0.0,1.6159675738453447,0.2575324583561535,6.27481127683932,3.634470475549684e-10,-0.32346290950108225,0.6971826858867264,-0.4639571751408014,0.6426877625212948,0.08884907972651959,0.08524349596378444,1.0422974647152783,0.2972970770972327,2.553853419310669,0.36017202507102636,7.0906490275224625,1.4181373450338079e-12,5.779578000516823,0.1440752511087021,40.11499515733094,0.0,-1.2809942614884808,0.2003347204714976,-6.394269842359816,1.6796677224864004e-10,-1.6534874986547772,0.19095141911830357,-8.659205081007343,5.425089552378098e-18,2.1505305175479963,0.15612292228710617,13.774598156657765,8.318877447688883e-43,1.9784526266179348,0.26472017780040313,7.473750747136744,8.396089480195887e-14,-1.621362107348077,0.16505350004222574,-9.823251896707934,1.1122621378333803e-22,-1.2116635491560113,0.179944998928866,-6.733521667001113,1.739986517558016e-11,2.423793555945057,0.29090581563817486,8.33188415510999,8.917908127935596e-17,2.2131912885950555,0.13033361591813009,16.980970511746456,7.602186277993981e-64
1.296,0.282790386650578,0.2817960115511935,10835,-1.8027809756597684,0.06100743116482486,-29.550186612335192,1.2461037400462357e-184,-1.1246047138178399,0.5432130286302772,-2.0702830281032725,0.03844951661835759,6.233935827004586,0.15224672721086885,40.94627149764798,0.0,1.584424533257707,0.26061377470504266,6.079588598303855,1.245566012655545e-09,-0.16693397134976198,0.7055243156055494,-0.23660980586683686,0.8129639916278918,0.09941232158576202,0.08626341469335455,1.1524273869652464,0.2491709550622035,2.49884934358741,0.3644814001158181,6.855903601098362,7.472411797042234e-12,5.787034697595413,0.14579907819265595,39.69184695357636,0.0,-1.3056700911462693,0.20273167910490325,-6.440385128318559,1.2422636976545915e-10,-1.7284678471273645,0.1932361087194843,-8.94484917224521,4.331085182514037e-19,2.12754951720574,0.15799089697251195,13.466279120979369,5.28045381655697e-41,1.9277223510081827,0.2678874935513722,7.196014735337047,6.610423575111137e-13,-1.719306245957077,0.1670283270266292,-10.293500968149967,9.80221526703183e-25,-1.2444336199562718,0.18209799925604636,-6.833867615461743,8.710089023422278e-12,2.372191269099652,0.2943864364944135,8.058086158275394,8.564964735511079e-16,2.1839748349238013,0.1318930275126988,16.558683018429658,7.746911757585802e-61
1.35,0.2776914976071858,0.27669005315428885,10835,-1.74634029255245,0.06164622365798585,-28.328422876982238,2.3132895955820048e-170,-1.3005481944921309,0.5489008669517887,-2.369368082281351,0.017835960908358855,6.2105423650900295,0.15384086196779506,40.36991398546727,0.0,1.520644641183198,0.2633425918297328,5.77439688209034,7.935535872473648e-09,-0.2746738634959317,0.7129116719971625,-0.38528456509409614,0.700034170141177,0.10159019114338246,0.08716665583444885,1.1654707889256126,0.24385417162924167,2.5401379677233096,0.3682977873631643,6.896967765974051,5.608902651929645e-12,5.759022648599553,0.14732570134136114,39.09041393433183,0.0,-1.3482915288281578,0.2048544282891502,-6.5817055559329,4.865980578693476e-11,-1.8064010698606552,0.19525943232614712,-9.25128711243703,2.6351082945751928e-20,2.068514250454697,0.1596451773945337,12.95694792798372,4.1205266818668684e-38,1.7986078880417775,0.2706924718404924,6.644469555479995,3.18934021801148e-11,-1.7439986879261369,0.16877723596137167,-10.333139288554818,6.5146190683772e-25,-1.325252829549485,0.18400469869779346,-7.202277109923482,6.315102030062404e-13,2.29390901258063,0.2974688781270235,7.711425232192182,1.3534145843391397e-14,2.114925865895095,0.1332740441243926,15.869000447837458,4.4486579122713e-56
1.404,0.26851216018996094,0.2674979890468655,10835,-1.6870521625005033,0.06257935150728489,-26.958607302028575,5.5463629022352696e-155,-1.2168706435320302,0.5572094810900815,-2.183865646276224,0.028993523653159308,6.114534247480223,0.15616952354905841,39.15318500385531,0.0,1.4124937927050558,0.26732876148882234,5.283732976723178,1.2903791464206916e-07,-0.24212898780300446,0.7237028883240804,-0.3345696026773034,0.7379562637605868,0.0886912173262667,0.08848608189598102,1.0023182790546294,0.3162123136088332,2.418687733754659,0.37387264502404005,6.46928243064998,1.0272206225857707e-10,5.7244295375356895,0.1495557441028098,38.27622651257392,9.65000397091539e-301,-1.434021634608455,0.20795527308946385,-6.895817611662719,5.6542754151323846e-12,-1.835722302537416,0.1982150393906237,-9.2612664920937,2.4018332728382e-20,1.9967096824054138,0.162061697859106,12.32067606832876,1.1963699612494102e-34,1.70640646765248,0.2747898953172545,6.209858865743132,5.497837878693123e-10,-1.8023867956414201,0.17133198676130762,-10.519849969127062,9.317083811782974e-26,-1.342523240663466,0.1867899448745809,-7.187342132173635,7.041907473259329e-13,2.1739007784517876,0.3019716112712314,7.199023674113479,6.466873435765537e-13,2.0585778256761516,0.13529138946660102,15.215882058660847,9.509477120479549e-52
1.458,0.25787038418140107,0.2568414587504667,10835,-1.6197208117714328,0.0632889106153855,-25.592489995833166,2.622411009673025e-140,-1.2654800178101382,0.5635274286703063,-2.245640502000324,0.024747147715244822,5.980093053838647,0.1579402595054556,37.86300638332231,1.0316286113884664e-294,1.3205788156805154,0.2703598820262343,4.884522088792647,1.0516471091467242e-06,-0.2065173386717814,0.7319086297323993,-0.2821627321805023,0.7778241303296454,0.06860502919182693,0.08948938576278638,0.7666275570790196,0.4433197134489084,2.3437274792334795,0.37811181871563054,6.198503625712225,5.907922383592418e-10,5.64258692508084,0.1512514893900482,37.305992475417575,1.1511914739770323e-286,-1.4775106549577999,0.21031318435802346,-7.025287831896368,2.2646636917374886e-12,-1.8321986740799083,0.20046251053205552,-9.13985696984936,7.369828931163082e-20,1.9174236592367313,0.1638992425287211,11.698795123477945,1.9982203132024913e-31,1.5325461654840173,0.27790561429388333,5.51462830061202,3.575483393928863e-08,-1.8082747077118442,0.17327464306546106,-10.435887650501176,2.2433408202284167e-25,-1.3811521004690142,0.18890787201021034,-7.311246936254535,2.8337052293921934e-13,1.9984506608529211,0.3053955314941883,6.54381107370902,6.268169596946643e-11,1.9841740304388544,0.13682539765510773,14.50150384682463,3.2818004878524424e-47
1.512,0.24850151519629238,0.24745960029916192,10835,-1.5588390510313963,0.06407914254982003,-24.326777622210464,2.5830100820736327e-127,-1.2679703711059807,0.5705636908801474,-2.2223117092327045,0.026282844877576126,5.8688730699494425,0.15991231804747363,36.70056904688939,5.0551112816622253e-278,1.2018750333834922,0.2737356236923445,4.390641660634924,1.1408986395536652e-05,-0.3338523285508838,0.7410473171687755,-0.4505141855534821,0.6523487556244143,0.08547788853388896,0.09060675956074038,0.9433941678113634,0.3455003909653689,2.27860113199927,0.3828329622940377,5.951946035015588,2.7319311774082127e-09,5.563534054331802,0.15314003125124662,36.329717376145,8.779146428742921e-273,-1.5083691442742806,0.21293917669848766,-7.083568029428721,1.492204253500766e-12,-1.8683175254671316,0.20296550633241042,-9.20509873439904,4.0417816245709515e-20,1.853377378692914,0.16594570555386184,11.168576930069177,8.349171895148141e-29,1.4200625740313877,0.28137557275956565,5.0468580484945855,4.5643623821887224e-07,-1.8709748072790855,0.1754381683188849,-10.664582429282499,2.016285505234827e-26,-1.4499707578712147,0.191266595389662,-7.5808886278193555,3.71288964547997e-14,1.9180289870204712,0.3092087319312589,6.203023359142632,5.741239364094909e-10,1.9319420034564867,0.13853381383129776,13.945635004383455,8.003519925493215e-44
1.566,0.23935144675086517,0.2382968457434952,10835,-1.4796167242766178,0.06471133511708872,-22.864877097642918,4.8381138796734094e-113,-1.3543306694366328,0.576192763151946,-2.3504819151633227,0.01876697515850103,5.751407259231792,0.16148998239911072,35.614637971893565,8.491764537259217e-263,1.0480232708716402,0.27643624701233377,3.791193384364245,0.00015073975996302355,-0.35836748889364034,0.748358348297887,-0.4788715054876233,0.6320397209940023,0.07832338886485844,0.09150066852486342,0.8559870668439507,0.39202389029533224,2.11053958512143,0.3866099190952243,5.459093212250439,4.891406107297459e-08,5.4607148536736005,0.15465088151633974,35.3099497405493,1.368379859750565e-258,-1.5610053932875,0.21503999389785075,-7.259139869716588,4.162902212805734e-13,-1.9162560528036843,0.2049679252070937,-9.349053276836141,1.058332875798793e-20,1.7172831098650618,0.16758289415294067,10.247365153497247,1.5740474688897614e-24,1.320137667648821,0.28415157035615135,4.645892563585624,3.4260476655812453e-06,-1.9500293383770386,0.1771690077404674,-11.006605293142531,5.000262893044741e-28,-1.5125744208538794,0.19315359504603422,-7.830941073053226,5.295034940893234e-15,1.7775535241880833,0.3122593261540131,5.692555434873882,1.2840921863829085e-08,1.8179998473588155,0.139900561948307,12.99494313704446,2.528593136038337e-38
1.6199999999999999,0.2303969154243608,0.22932989940914372,10835,-1.4306076610911536,0.06527202623962351,-21.917622962081424,3.2026423858011587e-104,-1.4135813325092328,0.581185183206076,-2.4322391095920395,0.015021904937066902,5.598608145271129,0.1628892117512118,34.37065036463029,8.419390598403188e-246,0.9016836885611171,0.2788314278468228,3.233795040695559,0.0012252358520311332,-0.4472644720560332,0.7548424964244277,-0.5925268836540813,0.5535102074027216,0.10703345715640608,0.09229347572711107,1.1597077292102151,0.24619341473518302,1.9679247222260496,0.389959699301866,5.046482305092476,4.5733224916350096e-07,5.38357613161428,0.1559908535042688,34.512126901510634,1.038977244450751e-247,-1.6227883179327378,0.21690320712549158,-7.4816243588037725,7.910409223104501e-14,-1.9611465600538516,0.20674386903300992,-9.485875296939149,2.907055289198902e-21,1.6237604076530077,0.16903491551628025,9.60606512976083,9.205094637351569e-22,1.2381140838836437,0.28661360058106844,4.319802275166087,1.5756247683129706e-05,-2.0190977421420637,0.17870408794934636,-11.298553744972955,1.9496181603518043e-29,-1.5472710318092333,0.1948271736521939,-7.9417619359988585,2.190741596343301e-15,1.6715764750231876,0.31496489592454024,5.30718342473209,1.1353375552387617e-07,1.7337398375365312,0.14111272984717838,12.286204365928779,1.8226427780215414e-34
1.674,0.22270821670978058,0.22163054070004284,10835,-1.3490592123588336,0.06588666978743501,-20.475449991799515,1.904750293634842e-91,-1.503856220714491,0.5866579981854955,-2.5634291620771297,0.010377777864367409,5.446440500383255,0.16442308175309336,33.12454943863615,2.9053382116505684e-229,0.765059701664845,0.2814570846239535,2.7182108515300607,0.006574056373443913,-0.6462053683020111,0.761950580802534,-0.8480935438376952,0.3964046390865342,0.1120558328868308,0.09316257069211968,1.20279884994961,0.2290804912969532,1.8816367591989307,0.3936318116429551,4.780194850983424,1.7743215669622817e-06,5.307898234485876,0.1574597641103533,33.70955281481252,5.762788080691395e-237,-1.6986607344863303,0.218945707786799,-7.7583650835504,9.377284509244828e-15,-1.9905236730439082,0.20869070280655053,-9.538152137467565,1.7659196957777884e-21,1.4894025969123796,0.17062665743333866,8.729014676351305,2.9462667694122344e-18,1.0893109600103124,0.28931253932192275,3.76517022927312,0.00016731678033720434,-2.148277050724958,0.18038688103780312,-11.909275432700397,1.689715821677869e-32,-1.6127734132648495,0.19666179212694532,-8.200746041324606,2.6592191841571924e-16,1.6169635632639605,0.3179308087699059,5.085897681700283,3.7202034415351725e-07,1.6509395168816696,0.14244153843351248,11.590295464635687,7.022483324439615e-31
1.728,0.21568795801729768,0.21460054877155044,10835,-1.2679766803965116,0.06642565867031004,-19.08865799419243,6.411584591587766e-80,-1.5572526826513553,0.5914571804797567,-2.6329085757116006,0.008477745381115058,5.300658615520981,0.16576815221178984,31.97633890947109,1.8222037370652885e-214,0.6105902232642992,0.2837595570376929,2.1517873429129724,0.031436167848367114,-0.9816917314936106,0.7681837519990399,-1.2779386819090617,0.20129846556354544,0.12675339098662253,0.09392469131629315,1.3495215071804507,0.17719775456581485,1.7719118847210207,0.3968519344858001,4.464919358442543,8.091009702024053e-06,5.219459215762444,0.15874787083405648,32.8789242232955,4.619167419800093e-226,-1.7556762078499446,0.22073680305433965,-7.953708595742156,1.990512496726031e-15,-2.0815409380957135,0.21039790654191914,-9.893353847040263,5.568574782151861e-23,1.3523227845555217,0.17202247652353395,7.861314474044989,4.162316330712331e-15,0.9916276063162693,0.29167927363819557,3.399719129670841,0.0006769873807272738,-2.2493058126977736,0.1818625440787422,-12.368164231354188,6.686300363847148e-35,-1.6893054890115966,0.19827059281431772,-8.520201937327373,1.8040221261975016e-17,1.5597875759473265,0.3205316561340737,4.866251261294735,1.1534011471949034e-06,1.5771798180449639,0.14360678788264947,10.982627223260373,6.503427069458284e-28
1.782,0.2086797279007142,0.20758260209597357,10835,-1.1960999327472557,0.06693565973154575,-17.869397829861864,2.0886895448116823e-70,-1.6346649230291093,0.5959982538504748,-2.7427344165327323,0.00610301973713557,5.151806227958716,0.16704088228687572,30.84158894174788,2.8837013631778624e-200,0.4947920165435284,0.2859381982152425,1.730415941738114,0.08358450278667505,-1.0110938832012577,0.7740816916896047,-1.306184985455891,0.1915174261786952,0.14644188705511568,0.09464582367999759,1.5472620065122287,0.12182932825325266,1.6789530819294431,0.39989887315065764,4.198444143394512,2.709056979614929e-05,5.124663053059841,0.15996670078945235,32.035811376799636,3.196634189910404e-215,-1.8166364000402178,0.22243156989692736,-8.167169799152294,3.5081598848558544e-16,-2.1425942085095935,0.21201329369450614,-10.105942750914936,6.637393750641282e-24,1.2777904661180979,0.17334322587460677,7.371447367908265,1.8111162032013822e-13,0.8927763712481667,0.2939187205939911,3.037494071299447,0.0023912259515156886,-2.364766257030121,0.1832588432248226,-12.903968045509364,8.122164916616915e-38,-1.721881215013416,0.1997928692173115,-8.618331684002964,7.739145060031771e-18,1.4717651156796812,0.32299262510390164,4.556652385503345,5.254449813528289e-06,1.5113165735573595,0.14470936805553583,10.443806049773876,2.0655286513696262e-25
1.836,0.2039398379041013,0.2028361404799921,10835,-1.1232841825580637,0.06748222223424778,-16.645631180592446,1.886192542145533e-61,-1.7161038529650003,0.6008648720109147,-2.856056216469628,0.004297560200742206,5.0245567910244855,0.16840485304689268,29.836175740288123,4.804043203822707e-188,0.29362879623275806,0.2882730238950286,1.018578819014573,0.3084257405085501,-1.1849704135185362,0.7804024484940125,-1.5184093999259507,0.1289404429720068,0.1384104530790173,0.09541865326692188,1.4505597002279123,0.14693149429176733,1.635914101128853,0.40316424365441533,4.0576864810737705,4.9909526913581234e-05,5.055671941640529,0.16127290738670005,31.348550872950057,1.4754596729267398e-206,-1.9265607844996664,0.22424783279790408,-8.591212501196903,9.787536569642539e-18,-2.183454202282361,0.21374448625871656,-10.21525392537848,2.186042978405691e-24,1.1818003598128435,0.17475865836216942,6.76247100366085,1.4265294289416388e-11,0.852095083040078,0.29631871115452524,2.8756033654443263,0.004040432405212953,-2.5114906567933226,0.18475524159300116,-13.59360976792153,9.615067887831476e-42,-1.7928082678052624,0.20142427601989465,-8.900656381796734,6.43697243366573e-19,1.3457244850325183,0.3256300183594415,4.132679449555728,3.612602126905751e-05,1.4264528051052308,0.14589099104522588,9.777524951235911,1.7421615291794463e-22
1.89,0.20067270151515693,0.19956447437057134,10835,-1.0448724036536414,0.06775153064852693,-15.422122476820519,4.26093689118215e-53,-1.8504470984507166,0.6032628067635015,-3.067397952773428,0.0021646455840026195,4.885387365700855,0.16907692403728683,28.89446560207987,6.569433359932756e-177,0.19364318894738855,0.28942346542428254,0.6690652696854273,0.5034681194253046,-1.2262296917976665,0.7835168827693678,-1.565032890502008,0.11760444438101673,0.12521621820413142,0.09579945053993942,1.3070661418034748,0.19121802814396022,1.5284284578412213,0.40477319367944153,3.77601205244746,0.00016021214184972635,4.9853199167363265,0.16191651617011762,30.78944652871915,1.2651443841072094e-199,-2.0189070980257044,0.2251427622512748,-8.967230737679524,3.5410425703897895e-19,-2.2915232938137438,0.214597498900408,-10.678238588778758,1.7433344164843463e-26,1.1051365505595303,0.17545608615287991,6.298650418980583,3.1190602512728695e-10,0.7703739703174564,0.297501261455629,2.5894813573163766,0.009624938098831175,-2.6265227075443964,0.1854925638016631,-14.15971968748457,4.108771713874882e-45,-1.8628882869297483,0.20222812110051372,-9.211816224133509,3.798481464412057e-20,1.334425423549653,0.3269295443824829,4.081691136450109,4.503050373724807e-05,1.3485301971591568,0.14647321359444213,9.206667649779252,3.9836134121868634e-20
1.944,0.1970143932710059,0.19590109406581746,10835,-0.9747979464236367,0.06815105814554846,-14.303489526777204,5.459817411347944e-46,-1.933320332999823,0.6068202183367211,-3.1859853620220586,0.0014467156389846522,4.766273987841586,0.1700739624749149,28.024713004170692,6.775972471242259e-167,0.0869885041360132,0.2911301815916283,0.2987958983175196,0.7651015194432581,-1.275072974596246,0.7881372439043935,-1.6178311384951134,0.10572814515073994,0.0970139527234588,0.09636437526302527,1.0067408464866867,0.3140818427501127,1.4385297382570867,0.40716012161131515,3.5330811194479943,0.00041245890413233024,4.889895398126969,0.16287133002912083,30.023058062168907,2.7271599109064433e-190,-2.0920878535973184,0.22647041822323213,-9.237797457216445,2.986398288964208e-20,-2.3776843167985344,0.21586296996478205,-11.014785524290955,4.570833860522017e-28,1.0053037994301972,0.17649074220074853,5.696071005734223,1.2579844124162926e-08,0.6583242489042631,0.2992556119952017,2.1998726924954672,0.027836997140651156,-2.77563145142259,0.18658640447245534,-14.87585046332966,1.4588924218356908e-49,-1.9139603720802851,0.20342065054268674,-9.408879417965732,6.028559497666892e-21,1.3021988870390693,0.3288574320821295,3.9597672425838795,7.550337222797425e-05,1.3027749961442256,0.14733695904562125,8.842146631659718,1.0845638698964837e-18
1.998,0.19295645189622124,0.19183752655917008,10835,-0.9279745151767061,0.06878508377250872,-13.49092658294601,3.801920206712066e-41,-1.998055168519588,0.6124656122579926,-3.26231404429925,0.0011084912984910395,4.681238691042205,0.1716562013076192,27.271014128135796,1.970559144035448e-158,-0.0014904680781757315,0.29383863544301936,-0.005072403347941494,0.9959529185582698,-1.4451288463346503,0.7954694735688255,-1.8166993132384672,0.06929082474019845,0.11058041454337426,0.09726087614071213,1.1369465187974668,0.2555858241978238,1.265373819437694,0.41094802980235906,3.0791577709869093,0.002081067330110037,4.840358285164363,0.16438656104600433,29.44497563769685,2.210423271928496e-183,-2.103193626338382,0.2285773267996959,-9.201234679682063,4.188648467663226e-20,-2.426839945014164,0.21787119490792425,-11.138874719256872,1.1614775836500842e-28,0.9359139721123555,0.17813267787308293,5.2540274097219895,1.5163807463452228e-07,0.5278746712282311,0.30203965867297183,1.7476998667905996,0.08054437976949112,-2.890744781767809,0.18832226251042236,-15.349989657265432,1.2681105669858925e-52,-1.9938919417406427,0.20531312160632811,-9.711468639416895,3.319439266128213e-22,1.1927102230726119,0.33191687158651867,3.5934004118911314,0.0003278402464490727,1.2450956664363941,0.14870767008628938,8.372773682177339,6.321734831122798e-17
2.052,0.1916019428902419,0.19048113959449875,10835,-0.8833696831631425,0.06934130119734402,-12.739444860561372,6.569204030981281e-37,-2.0097236456704444,0.6174181982979688,-3.2550443948860455,0.0011372312545806288,4.617924663198121,0.17304426635038497,26.686377772538357,5.266958323069122e-152,-0.0920758696554477,0.29621470537213035,-0.3108416563579249,0.7559269883508801,-1.498959238361933,0.8019018853339527,-1.869255161730528,0.06161431766700661,0.10252152840746336,0.09804735761456089,1.0456327523939106,0.295753982276683,1.1798432292207233,0.4142710824518808,2.8479980360631774,0.004407812440246636,4.815608352969769,0.1657158415331073,29.059432751984,7.739691005120032e-179,-2.151095578570817,0.2304256736376346,-9.33531209700882,1.203780980926116e-20,-2.4983430429043336,0.2196329686578591,-11.375082066100077,8.217339601714926e-30,0.8703408741843384,0.17957311370497447,4.84672151764459,1.2726257059141254e-06,0.504247196405583,0.30448204460799283,1.6560818785054436,0.09773423849029979,-3.035243965909065,0.18984509446973402,-15.988003136909906,6.929898655339137e-57,-2.0598656459716573,0.20697334689823088,-9.95232321862436,3.1002995060426415e-23,1.1141217412678728,0.3346008538897725,3.32970381968869,0.0008722904963181267,1.2266769889837694,0.1499101662202217,8.182747173942499,3.085421915967503e-16
2.106,0.1898219569655295,0.1886986858087205,10835,-0.8393906255763349,0.06996277082200797,-11.997675559646224,5.912280570457646e-33,-2.148917241101871,0.6229517929858578,-3.449572286808805,0.000563616286074843,4.582785374931444,0.1745951711272215,26.248064853936455,2.884793435373961e-147,-0.20609846227485448,0.2988695220339009,-0.6895934415536579,0.49046468286686773,-1.6150577670663941,0.8090889103117144,-1.996143744504133,0.045943298851024016,0.08765193873796834,0.09892610452994682,0.8860344714314958,0.3756186450994171,1.1703991239297635,0.41798397635024853,2.8001052436254894,0.005117651511019507,4.777166049270262,0.16720106549141392,28.571385207563633,3.6964858034698844e-173,-2.2198781437134754,0.23249085779823994,-9.548238432841641,1.6035077621627308e-21,-2.600568976269466,0.22160142347827222,-11.735344184395318,1.3051773647342555e-31,0.79818779894502,0.18118253310794122,4.405434592690522,1.0658752762446562e-05,0.5019355363610232,0.30721095708456875,1.6338464653877915,0.1023201892281623,-3.1140874398360063,0.19154657623553792,-16.257599070874154,9.778267343596626e-59,-2.125568576399894,0.20882834018493332,-10.178544609977466,3.1783134435631915e-24,1.097455844428711,0.3375997054182044,3.250760669560504,0.0011544876099357413,1.1577903957960638,0.1512537322209382,7.654623649913413,2.1038983845210232e-14
2.16,0.18705221993755838,0.18592510867949974,10835,-0.8010818388909465,0.07049220105380788,-11.364120100030176,9.303089231861383e-30,-2.3205175308297594,0.6276658646026,-3.697058676751476,0.00021918995067100576,4.527519605742484,0.17591638755182817,25.736770000512852,7.953323103478466e-142,-0.27407484820253364,0.301131161452541,-0.9101510679947632,0.362763121645436,-1.6313182937288746,0.8152115398802723,-2.0010981370166343,0.0454067489088291,0.0719334808364782,0.09967470939274731,0.7216823733394535,0.4705053777065149,1.0513837349798218,0.42114699220693536,2.4964768938993456,0.012558142870852586,4.69939918115447,0.1684663283993899,27.89518371892937,1.993906494449173e-165,-2.2742610214251515,0.23425018904383377,-9.708683825222371,3.4105772118411687e-22,-2.654081207090047,0.2232783509587142,-11.886872129312733,2.2023096468087342e-32,0.7139683741395466,0.18255359816689196,3.9110068566648084,9.247386793261409e-05,0.4172120173217144,0.3095357187586674,1.347863887873302,0.17773038601851748,-3.217310546032371,0.19299606925969012,-16.670342346212493,1.2608422476511494e-61,-2.183156510540258,0.21040860973760403,-10.375794570682372,4.190015413413974e-25,1.0163319492971792,0.3401544282828814,2.9878545295667025,0.002815736272971468,1.128556663693712,0.15239831665590944,7.4053092478823705,1.405803642550881e-13
2.214,0.18556997484208115,0.18444080852565925,10835,-0.7459335713922085,0.07102565813313359,-10.502311291420884,1.120051097608112e-25,-2.3500176028230495,0.6324157914585904,-3.7159375755039554,0.0002034715313525406,4.4436790664818435,0.17724765315151197,25.07045361375459,7.057088146783045e-135,-0.33250923781520564,0.30341000290565173,-1.095907302431959,0.2731437369977849,-1.62041668215404,0.8213807381830065,-1.972796057694995,0.0485442210634668,0.03635811604057689,0.10042900814580664,0.3620280306641165,0.7173381543569568,0.9689460250006368,0.42433406596929435,2.283450947515375,0.022423115871849725,4.637875084388719,0.16974121489987054,27.323211319799835,5.186685049753946e-159,-2.3765137315374525,0.23602290176681198,-10.068996329370705,9.63596434633307e-24,-2.7996492324306907,0.2249680331533187,-12.444653550056566,2.60755507720833e-35,0.6706781735254673,0.183935091549744,3.6462763460450773,0.00026731627115919143,0.3267927950610004,0.3118781625752528,1.0478219839523033,0.29474403899999485,-3.3226419208748923,0.19445658713102218,-17.086805697336146,1.305686029941144e-64,-2.2681261891845543,0.21200089882402268,-10.698663080043243,1.4020223052658787e-26,0.9346739616273816,0.34272858237537435,2.727154984125828,0.0063986008574569465,1.0982566541590983,0.1535516068026501,7.152361847770282,9.080948371686365e-13
2.268,0.1827960695218771,0.18166305732507781,10835,-0.7139004332830713,0.07169471028479309,-9.95750496022988,2.944318416512478e-23,-2.546321914756232,0.6383730631986944,-3.9887677935490933,6.685473948320481e-05,4.38079745204207,0.1789173022168586,24.485040841563094,6.59956766228434e-129,-0.3825279317112809,0.30626808434572134,-1.248997042994124,0.21169317843038335,-1.7940277212664428,0.8291180343187622,-2.1637784332365784,0.03050317384115578,-0.0006777299977061077,0.10137503590190335,-0.006685373688665526,0.9946660065450071,0.9041414191680042,0.4283312358276435,2.1108463346619493,0.034808403928563415,4.570853123967687,0.17134015432597455,26.6770690265146,6.651339755771507e-152,-2.431765672299389,0.23824620577297836,-10.206943965422838,2.3795896415546034e-24,-2.879211509910082,0.22708720178324815,-12.678880567907358,1.4089496216666335e-36,0.605475203949928,0.18566773538581188,3.261068503322718,0.0011133672662225296,0.39860782254983307,0.3148160129410383,1.2661612057976483,0.20548263493703894,-3.429348990289561,0.1962883420410647,-17.470976394370485,2.0001727292135282e-67,-2.3096816985992326,0.21399791879173752,-10.79301009860293,5.097899460529225e-27,0.9012553131529407,0.3459570395484657,2.6051076004385867,0.009197110146016338,1.0313083821253086,0.15499804229684172,6.653686503667039,2.996531048734623e-11
2.322,0.18063246571829206,0.17949645379350931,10835,-0.7058447435021035,0.07257376965268225,-9.725893347969643,2.8845777454089548e-22,-2.5928980847251295,0.6462002490424447,-4.012530308627007,6.047593816544712e-05,4.371778494211398,0.1811110335251577,24.138664603248067,1.963886428377682e-125,-0.3973102521783559,0.31002328228933695,-1.281549725054379,0.200028110734957,-1.6846486029426675,0.8392839722555858,-2.0072450548711824,0.04474840227474622,-0.010762896102192051,0.10261801009938148,-0.10488311059402353,0.9164705051049862,0.8241456595696502,0.43358306799096696,1.9007791595469314,0.05735749527038606,4.547242762813312,0.17344098111162615,26.217810425592084,6.090518072732124e-147,-2.455145152223733,0.24116737747751357,-10.180253970927932,3.1234940428453063e-24,-2.9102558828585634,0.2298715513016762,-12.66035690966924,1.7780621039737836e-36,0.6234574935732071,0.18794423474618777,3.3172472378052196,0.000912088512265735,0.31895901557977185,0.31867601829203324,1.0008880407419904,0.3169033236466759,-3.539237527397623,0.1986950622187907,-17.812408058235658,5.625506177751565e-70,-2.343264632330021,0.21662177868984445,-10.81730861274604,3.923148275571639e-27,0.889910940711347,0.350198869598329,2.5411588042304554,0.01106241442746331,1.0216388214061938,0.1568984960478128,6.511463443823339,7.772069706706284e-11
2.376,0.17874652627225585,0.1776078995871726,10835,-0.6973413072702965,0.07323673644771335,-9.521741971232656,2.065617923258563e-21,-2.6376739172134167,0.6521033364816974,-4.044871065135929,5.271543009110876e-05,4.385286650665384,0.18276549631544087,23.994062003348137,5.3722339404029154e-124,-0.35244468778902655,0.3128553680804984,-1.1265419223950848,0.2599611925146307,-1.7451372932499514,0.8469508938978005,-2.060494068574102,0.039375186223887776,-0.025071733368764264,0.10355543327022737,-0.24210929911653892,0.8087000617834164,0.8156331333474304,0.43754388163398683,1.8641173321896016,0.06233229284485161,4.492058195379551,0.1750253774014277,25.66518216999376,4.5160184918863173e-141,-2.446594407486569,0.24337045944607455,-10.052963753510436,1.132326402172027e-23,-2.984243828652978,0.2319714450561915,-12.864703360062663,1.3407532758914184e-37,0.6161441220495756,0.18966111933893468,3.2486580496685393,0.0011630459722445038,0.27330304646228293,0.3215871474715072,0.8498568696266002,0.39542347304227077,-3.6126319497208677,0.200510156421808,-18.017201792616767,1.5773182146181466e-71,-2.347476229042439,0.21860063478398473,-10.738652389377332,9.140761220316524e-27,0.9119360998188688,0.3533979623740277,2.5804792243077452,0.009879382566215457,1.0293695215863812,0.15833177550356964,6.50134515521285,8.31113863532856e-11
2.43,0.1771835246029546,0.17604273089457534,10835,-0.6850558457194582,0.07406591180750617,-9.249273100152823,2.6848355253314646e-20,-2.627026807332668,0.6594863527775606,-3.9834437760059953,6.836874858242533e-05,4.366876553198777,0.1848347398879376,23.62584304144527,2.262041423164056e-120,-0.37058317035253485,0.3163974696947131,-1.1712583248851662,0.2415207521343872,-1.6300446527742656,0.8565399450521476,-1.903057367248676,0.05705957704808814,-0.04294444606008123,0.1047278723739502,-0.4100574669056596,0.6817719116929339,0.7133220220604793,0.44249768792132765,1.61203559144314,0.10698336333212667,4.498277589498946,0.17700698850698693,25.412994297235826,1.9809757069065888e-138,-2.4704526100858057,0.24612586333300518,-10.03735477706914,1.324626093498822e-23,-3.0352566995303296,0.23459779100967962,-12.938129922140202,5.245258741835689e-38,0.5937639314981012,0.1918084341223951,3.095609086299166,0.00196910840732986,0.24137900895884773,0.32522810898403726,0.7421837236420884,0.45799214071527816,-3.691122662570721,0.2027803023780231,-18.202570068614104,6.006230252851661e-73,-2.3940982987869712,0.2210755984264097,-10.829319544209689,3.445983033769749e-27,0.861208097268949,0.3573990811678825,2.4096539209187564,0.015984247081163555,1.030196338498933,0.16012438414900726,6.433725531398523,1.2977419040532078e-10
2.484,0.17409523557347717,0.17295016010750086,10835,-0.6845649195301896,0.07507210373545788,-9.118765632870597,8.941578706762934e-20,-2.686374933708315,0.6684455328992296,-4.018838935248438,5.8881884042903695e-05,4.344638096913286,0.18734573609039643,23.19048294121276,3.7556074514462684e-116,-0.38357172490419894,0.32069575715600246,-1.1960611150761513,0.23169892250586402,-1.8196613066263123,0.8681761155609177,-2.0959587277411473,0.03610902633727942,-0.04327747194140171,0.10615060973372366,-0.40769875980893794,0.6835029150908425,0.6886891857003289,0.44850905794105933,1.5355078643491582,0.12468836861756928,4.485522948104215,0.17941164401827875,25.001292266444104,3.6354874025073306e-134,-2.4640145757784175,0.24946950483963304,-9.877017142285045,6.545583960898135e-23,-3.05595246336617,0.23778482263959766,-12.851755757338527,1.5812077351961567e-37,0.617677698883767,0.194414168574549,3.1771228579305717,0.0014916209131899064,0.2542890597620131,0.32964636145695925,0.7713995647885066,0.4404869800954637,-3.7498073267168848,0.2055350906256944,-18.24412228248539,2.874644415805407e-73,-2.4127052602876526,0.2240789298804512,-10.767211631967628,6.728226478211927e-27,0.8509379792261491,0.36225437912820596,2.3490067429246797,0.018841454058381158,1.080958702871532,0.1622996879948264,6.660263591547936,2.865969479607907e-11
2.538,0.17385892719600415,0.1727135241003337,10835,-0.6884847506370166,0.07577256793439588,-9.086200578989336,1.2041403799394897e-19,-2.7074887762436646,0.6746824989816759,-4.012982077244009,6.036044091244078e-05,4.353691092464598,0.18909377530103902,23.023978899006497,1.4790716646844792e-114,-0.34396325723946103,0.3236880257279699,-1.0626381883169524,0.2879697800907046,-1.8023757657101513,0.8762766783141132,-2.05685693835625,0.039723911443471975,-0.04794736292297192,0.10714105356191217,-0.44751625384442595,0.65451131442276,0.7517708506729909,0.45269389521555725,1.660660456476939,0.09681063670757373,4.505255667132042,0.18108565376696323,24.87914185035219,6.5117222130508376e-133,-2.4931602660957273,0.25179719313091525,-9.9014617085087,5.1387840470945536e-23,-3.1534935076326542,0.2400034863911396,-13.13936541110627,3.902540364142663e-39,0.5946841166425623,0.1962281601649891,3.0305747969228802,0.0024466557507282606,0.2409698116691597,0.3327221441115182,0.7242373732371539,0.4689356781084486,-3.8067042990032802,0.20745284656225507,-18.34973278065344,4.386804011468612e-74,-2.4238423715311574,0.22616971008118583,-10.716918594718521,1.1535346729553756e-26,0.8334316580805634,0.36563441260085217,2.279412520698335,0.022661937950436944,1.096061435065507,0.1638140337408813,6.690888503479752,2.327799805016e-11
2.592,0.17344211020937972,0.1722961292178964,10835,-0.6891855737381835,0.07658804350566416,-8.99860529388264,2.6678887155938796e-19,-2.674395138790378,0.6819435317179314,-3.921725208028769,8.846011061766289e-05,4.38567470809407,0.19112883044883866,22.946170380444133,8.164513281520137e-114,-0.3228673662681071,0.3271716040847409,-0.9868440972171932,0.32374114177015534,-1.6345074310271244,0.8857072973932497,-1.84542617616191,0.06500287596216385,-0.050450098145751056,0.10829412141009877,-0.46586183523943736,0.641323778759156,0.7642419912092288,0.4575658537999647,1.670233879697095,0.09490202600141304,4.51192339753516,0.18303452432763845,24.650668578014567,1.3897527319148003e-130,-2.4785859917674364,0.2545070717256326,-9.738770616320782,2.544299235770926e-22,-3.211204617675346,0.24258643937144042,-13.237362426340965,1.0859191017542788e-39,0.6339540123548933,0.19833999661677748,3.196299400870654,0.001396026232401711,0.2292457513688878,0.3363029489850955,0.6816644102013143,0.495465767922158,-3.8887247276017805,0.2096854847474629,-18.54551225748988,1.3092268765723185e-75,-2.463995825907431,0.22860378191694206,-10.778456092221026,5.962244721781456e-27,0.8401514711727314,0.36956942417059574,2.27332516227022,0.02302610577062757,1.1308651657906608,0.16557702457500834,6.829843504515722,8.956859497634196e-12
2.646,0.17255641143338252,0.17140920246503988,10835,-0.6912044325846355,0.07760140968092462,-8.90711180926578,6.0756899133859515e-19,-2.577655256569337,0.6909665916741438,-3.7305063481056777,0.00019207236492348436,4.39514049845905,0.19365773030093658,22.695404369498558,1.939318071012835e-111,-0.3310377224953921,0.33150053875795343,-0.9986038747801274,0.3180089559537924,-1.8030326468094837,0.8974264349410483,-2.009114704680974,0.044549763382736654,-0.05179902635927167,0.10972700302703715,-0.47207182307265055,0.6368850446136392,0.8210026641396059,0.4636200854785786,1.7708522340918726,0.07661342814815354,4.561948901305584,0.18545632526899294,24.598508002834407,4.699187338654803e-130,-2.4794985564258414,0.25787455372472906,-9.615134648270137,8.435214177461347e-22,-3.2697655960564473,0.2457961948500186,-13.302751078191477,4.601597873811978e-40,0.6708579393100244,0.20096431021159925,3.338194421704356,0.0008460930433286732,0.22901683682126886,0.3407527040322607,0.6720910329139654,0.5015400965533667,-3.9623897820129237,0.2124599149060092,-18.650058218115436,1.9788524380214724e-76,-2.4663819308593706,0.2316285274193404,-10.648005918520699,2.40507111496629e-26,0.8755043720814193,0.37445934088242905,2.338049225900619,0.01940281847997804,1.1573644370518847,0.16776783855098062,6.898607307861271,5.54484034159669e-12
2.7,0.1713123666074171,0.17016343283341873,10835,-0.6869438998673335,0.0784644412006081,-8.754843459740458,2.3477749159783867e-18,-2.590253245381275,0.6986510648056884,-3.707506330218915,0.0002103557316695571,4.44929583072172,0.19581146340923028,22.72234604274954,1.0802895679220098e-111,-0.3467693038736676,0.3351872683536723,-1.0345539243685549,0.30090040487652087,-1.7274353421975146,0.907407017808497,-1.9037050720298483,0.0569751129661295,-0.07318981483137497,0.11094731413429808,-0.6596808169937409,0.5094727214196666,0.8116611059234328,0.4687761612325055,1.731447059486589,0.08340056615056521,4.562695157833813,0.18751884777844105,24.33192829354823,2.2931885400645586e-127,-2.5140334373277247,0.2607424638426487,-9.641825885502403,6.520237360615225e-22,-3.277362615551903,0.24852977745433014,-13.187001771464393,2.0979157674598307e-39,0.649240837924592,0.20319930226595997,3.1950938348933153,0.0014018654032751882,0.20679510925403408,0.3445423300868181,0.600202329861546,0.5483839722449138,-3.9856535774889563,0.2148227534676678,-18.55321893585552,1.1393851544271803e-75,-2.4935952152770686,0.2342045466030473,-10.647082866001986,2.428782546263359e-26,0.9136961280847109,0.3786238298440371,2.413202910289828,0.015829525827858668,1.1812785729692927,0.16963364141788725,6.963704623066183,3.5066735270512977e-12
2.754,0.17190150300596252,0.17075338603998513,10835,-0.6894511407636862,0.07923053942539081,-8.701835753786874,3.7388677963905835e-18,-2.470518301586811,0.705472439332804,-3.5019345389641123,0.0004637561280696965,4.524134066820917,0.19772329521755716,22.88113831930103,3.390789800928631e-113,-0.30814201859522083,0.33845991475663334,-0.9104239679809282,0.3626192449277841,-1.8758961490029211,0.9162666094255604,-2.047325668867259,0.04065021927737454,-0.07179364654205159,0.11203056329916992,-0.6408398246675917,0.5216403288375135,0.861426219465177,0.4733531209284587,1.8198384702218338,0.06881122833682735,4.624630574942051,0.18934971350816793,24.423752691564328,2.737501892072722e-128,-2.5058805834416775,0.263288258289392,-9.517631358582467,2.1482536899488414e-21,-3.3139339878513088,0.2509563316794041,-13.205221664161272,1.6536381188203847e-39,0.6656688593976235,0.20518326624201175,3.244264854486103,0.0011811173182611587,0.2730735659732929,0.3479063159051478,0.7849054572718447,0.43252618853939595,-4.024136584595367,0.21692020458764388,-18.551229896934128,1.1809927852764292e-75,-2.5057141725736223,0.23649123449176757,-10.595378631933388,4.202252558585596e-26,0.8700042651225618,0.3823205750124931,2.275588398804152,0.022890121401850885,1.2042122887710152,0.1712898825070376,7.030259295796639,2.18577102140463e-12
2.808,0.170859457736105,0.16970989602670883,10835,-0.6889227374658952,0.08008529658114501,-8.602362317130916,8.887557663957946e-18,-2.4863873050281837,0.7130832371398153,-3.486812163753997,0.0004907545672111323,4.558263092595697,0.19985637928680872,22.80769374919102,1.685604597662533e-112,-0.32520325381437565,0.3421112976220323,-0.9505773591074539,0.3418402004694575,-1.8337876121089627,0.9261515028853939,-1.980008245298808,0.047727899212833914,-0.09050488691140152,0.11323917460407354,-0.7992365471387478,0.4241708096385619,0.9002221290772036,0.47845976251195044,1.8815001795573536,0.05993073686119083,4.636541457576989,0.1913924614653937,24.225308677663552,2.681396940354723e-126,-2.50760544486876,0.2661286721554473,-9.422530178950629,5.299509303389136e-21,-3.3556788265443753,0.2536637059045511,-13.228848859470082,1.213998122222215e-39,0.6915413537563702,0.2073968301825492,3.3343872861879347,0.0008577482438241006,0.2690494879051835,0.3516596087037162,0.7650849891375093,0.44423762609355455,-4.050656829694056,0.21926038929979713,-18.474184245634756,4.725123286087032e-75,-2.5277438325126544,0.23904255594459364,-10.574451157970994,5.242449162141505e-26,0.8306955435955494,0.38644513669860553,2.149582087362175,0.031610392069723985,1.2460710369264318,0.17313779688251726,7.196990254946781,6.563544191611718e-13
2.862,0.1695028325963206,0.1683513899943191,10835,-0.7002011437219003,0.08101532142970552,-8.642823744511624,6.256425793799653e-18,-2.30003271452005,0.7213642220139868,-3.188448559451087,0.0014344580997074912,4.599032425733242,0.2021772971932778,22.74752155449309,6.249464859218047e-112,-0.26689886682792224,0.3460842117691303,-0.7711963093132029,0.44060742346223725,-1.7005647810598605,0.936906834363031,-1.8150841884038693,0.0695386492137392,-0.09656884645958444,0.11455421307815303,-0.8429968995876361,0.39924881389049216,0.9001953204153609,0.48401608167625065,1.859845890446022,0.0629344532350624,4.694984125632068,0.19361508849668183,24.24906117640997,1.5517241756977637e-126,-2.4776919144748133,0.2692192054816016,-9.203250971796432,4.111365844097956e-20,-3.400551848266226,0.2566094844649157,-13.25185565668816,8.980474408166328e-40,0.7181506323462922,0.2098053148085257,3.422938227287983,0.0006217763768607224,0.26088830444197114,0.3557434067077374,0.7333608986780326,0.4633542309669004,-4.059033185603964,0.2218066445933297,-18.299871913422514,1.0669713721585905e-73,-2.4933831508356548,0.24181854013123685,-10.31096767635135,8.1887561593257445e-25,0.7943637809703782,0.3909328965631259,2.031969649916909,0.042181111002118576,1.282672812374614,0.17514843379340905,7.323347315155277,2.590601888052332e-13
2.916,0.16774018272238733,0.16658629629488353,10835,-0.7032445172715077,0.08202957486309836,-8.57306061192166,1.1448804778854456e-17,-2.2356631448714044,0.7303951821582265,-3.060895251616117,0.002212171641026392,4.647053276157549,0.20470841123706135,22.70084188566173,1.72339719352329e-111,-0.20490924943481098,0.35041693666406837,-0.5847584063302563,0.5587223694634783,-1.6987994279718082,0.9486362326638997,-1.7907806696370305,0.07335644521161719,-0.10855925972997515,0.115988349262195,-0.935949691676134,0.3493199810565254,0.9371119728911579,0.4900756141695388,1.912178336967751,0.05587970540223163,4.724722137268403,0.1960390098587023,24.1009283849873,4.6652851041747397e-125,-2.463033402110829,0.2725896358974326,-9.035682497619224,1.9068736095167544e-19,-3.4140715805105883,0.2598220502619364,-13.140037872338912,3.868553906795203e-39,0.7503325805190121,0.2124319261350419,3.5321083519340193,0.00041397742647631514,0.2352621616834414,0.36019705776154765,0.6531484825153298,0.5136744381582944,-4.071635756865058,0.22458350391892437,-18.12971872740456,2.177841928095418e-72,-2.50841949405673,0.24484593396561127,-10.24488932051875,1.6144738781512951e-24,0.8143038051918943,0.3958270946674856,2.057220984015634,0.03968888937736903,1.2877664681930123,0.177341165948184,7.261520252828806,4.090630166888232e-13
2.9699999999999998,0.16596278144072651,0.16480643073563472,10835,-0.69536502336701,0.08275337195219364,-8.402860293943311,4.902742672903784e-17,-2.275600476830956,0.7368399053890567,-3.088324153167875,0.002017985474250921,4.65297376716291,0.2065146787011313,22.530959040914997,6.803721407233061e-110,-0.19719539426541888,0.3535088795291927,-0.5578230298714025,0.5769767767514214,-1.8085356860114052,0.95700663010846,-1.8897838626326333,0.058813581730373564,-0.13180109279370752,0.11701178537904741,-1.1263916054844536,0.2600247818785341,0.9648097341172673,0.49439985092883554,1.9514765878360734,0.05102614807948107,4.728146525120533,0.1977687818942353,23.90744626039663,3.865679251846443e-123,-2.4351433748951052,0.2749948609069415,-8.855232300938017,9.65399050462235e-19,-3.4673010697444813,0.2621146190577178,-13.228186517063282,1.2245705443142086e-39,0.7533811579068344,0.21430634289294972,3.515440316589991,0.0004408218811642617,0.2295203928859317,0.3633752966143468,0.6316345525533168,0.5276390482385573,-4.094535095236674,0.2265651414766787,-18.072220062405947,5.998966734689101e-72,-2.4865096370240396,0.24700635933142462,-10.066581458689194,9.873182577247768e-24,0.8079454368858113,0.39931971911889247,2.0233046308570994,0.043066289219959954,1.2683925321980722,0.17890595547567187,7.089716654907845,1.4276796695358212e-12
3.024,0.1645680080166566,0.16340972352827976,10835,-0.6929349889465493,0.08353635665853354,-8.29501089901511,1.2145354620601616e-16,-2.324686462657075,0.7438116379400139,-3.1253698437621833,0.0017805149660645536,4.6683248588419275,0.20846865146674978,22.393414194395138,1.3099903164392489e-108,-0.2448837554530776,0.3568536622213906,-0.6862301872669383,0.4925826702864752,-1.845586631454353,0.9660615065148702,-1.910423527910171,0.0561051118223025,-0.1425862064046725,0.11811891172631274,-1.2071412132127637,0.22740415631867883,1.020457797216629,0.499077696833624,2.044687237459974,0.040909851608040344,4.736981959667169,0.19964000391167908,23.72761904854908,2.27907038215477e-121,-2.407333269524542,0.2775967702350181,-8.672050714013903,4.850351410964675e-18,-3.5077141602178576,0.2645946598486703,-13.256934823340824,8.401701827355995e-40,0.7330941477448385,0.21633403777713828,3.3887138393822847,0.000704718349455243,0.17236061383016735,0.36681343204253364,0.4698863203302255,0.6384457088415514,-4.13507554231413,0.2287088250098217,-18.080087386818384,5.223279533592249e-72,-2.49512754062833,0.24934345082585863,-10.006789961252787,1.7996624551915177e-23,0.7992330992506527,0.4030979486415597,1.9827267837607923,0.04742320699043581,1.2617969534902298,0.18059870374327722,6.986744241995702,2.9787869287828305e-12
3.078,0.1633857353299426,0.16222581167987793,10835,-0.6928217761128318,0.08436214158147008,-8.21247259878723,2.413341083107515e-16,-2.2601824209606836,0.7511644656270813,-3.008904872881408,0.0026279478518814953,4.710081630259932,0.21052943405498073,22.372556366773267,2.0484940569452645e-108,-0.23257743976128598,0.36038128044349804,-0.6453649298184075,0.5187044103138743,-1.8125011932475397,0.9756113487466819,-1.8578106902671514,0.0632230499530971,-0.14147493858438184,0.11928655681306188,-1.1860090723055419,0.2356447623557872,1.068502837023596,0.5040112473726276,2.1199980012224335,0.03402891435502608,4.762513946388701,0.20161351235566283,23.621997805321868,2.4665130245960196e-120,-2.392578500855909,0.28034090747879314,-8.534532196436226,1.5952160515841155e-17,-3.5225743848311564,0.2672102668673687,-13.18278083446399,2.216719396672591e-39,0.7374573994836514,0.2184725723489126,3.3755147914214687,0.0007393686194601617,0.14486347409033054,0.3704395059321277,0.391058382733273,0.6957617823515412,-4.152538254117463,0.23096968850674976,-17.978715220010834,3.096686620551308e-71,-2.507274809941196,0.25180829452459236,-9.957077921816941,2.9568737901568117e-23,0.8114448729969459,0.40708270715593337,1.9933169813723413,0.046251817219545834,1.2792466788337413,0.1823839825442512,7.014029746408033,2.453788332109825e-12
3.132,0.16249246899974845,0.16133130688079078,10835,-0.7009026776479402,0.08496781314863476,-8.249037508142601,1.7818205943668596e-16,-2.3058879045780225,0.7565573936699926,-3.047869102689441,0.0023102642685341934,4.755698423100654,0.2120409140846245,22.428211289462173,6.208328193418345e-109,-0.18910057705114847,0.362968610385712,-0.5209832796566044,0.6023890817519296,-1.6661655274555103,0.9826156760842993,-1.6956431369944567,0.08998225574922324,-0.1345105943356034,0.12014296555817268,-1.1195877653816857,0.2629143260665695,1.1137602092560506,0.5076297577179346,2.194040424783201,0.028253693675230448,4.757059312437873,0.2030609812048516,23.42675231948606,1.9640782204230637e-118,-2.4189533376285395,0.28235359366231155,-8.567106606482765,1.205211200478029e-17,-3.562530520562568,0.26912868261716044,-13.237275514146223,1.0871561639759014e-39,0.7527887981098387,0.22004107953467764,3.4211284533859145,0.0006259243245847797,0.16635935019731218,0.37309904813780953,0.4458852174178288,0.6556890834960458,-4.144323434183839,0.23262791778570097,-17.815245365354766,5.355125439115782e-70,-2.504683263683371,0.25361613298756563,-9.875883029121699,6.619389241018595e-23,0.7294781307985314,0.4100053264326224,1.7791918391538484,0.07523638332611754,1.3153037829516747,0.18369339444943186,7.160321615776765,8.571278167886996e-13
3.186,0.16083408094019558,0.15967061954950357,10835,-0.7099981134381419,0.08583948417512872,-8.27122996207214,1.4812339471979967e-16,-2.339143285714065,0.7643187933754118,-3.060428849830916,0.0022156169060293883,4.8001183368779134,0.21421620746207717,22.407820555443646,9.617509870454276e-109,-0.1322936771377541,0.3666922465424592,-0.360775768741093,0.7182741220014205,-1.565348505335485,0.9926961710774227,-1.5768656623673023,0.11485567608153198,-0.1295929048750146,0.12137549277328323,-1.0677023995039974,0.2856785988603647,1.1243186802072256,0.5128374491435669,2.1923490222580777,0.028375539929460486,4.798217504566665,0.2051441509060427,23.38949213699141,4.511724599780306e-118,-2.3793968858475267,0.28525021342574297,-8.341437705766825,8.230256847907389e-17,-3.5366460050773143,0.2718896301612086,-13.007653153157657,2.1468617175716014e-38,0.7332800365694188,0.2222984453130967,3.298628722016607,0.0009747203290312739,0.26176819102735316,0.3769266108138701,0.6944805262280003,0.4873958216930133,-4.153122102475368,0.23501440989810476,-17.671776399906875,6.404073722593563e-69,-2.4901555841759015,0.2562179397986928,-9.718896288575209,3.08797786903538e-22,0.7032017261427692,0.41421150463723655,1.6976875781338527,0.08959550231039479,1.3439525292566317,0.1855778752165171,7.241986835384432,4.722092828931229e-13
3.2399999999999998,0.15876687936170475,0.15760055189987154,10835,-0.7031328339828848,0.08684747429470165,-8.096180570512933,6.279417406097498e-16,-2.2198134519026045,0.7732939846796196,-2.8705944904282252,0.004104954221940081,4.834069177468413,0.21673169113080035,22.304394674570183,8.806636024601937e-108,-0.14822817951475145,0.37099821558445273,-0.39953879368729556,0.6895041319626478,-1.6020480347408104,1.0043531368874972,-1.5951043272544327,0.1107181167978533,-0.1205635539198716,0.12280077274379372,-0.9817817203105899,0.3262293493122288,1.1100791344446486,0.5188595622381545,2.139459721347732,0.03242076516612839,4.826323051396349,0.207553103839399,23.253437130628864,9.306855346153101e-117,-2.343748740111417,0.28859983044059595,-8.12110227692543,5.121507704300324e-16,-3.5501140957308155,0.2750823574177902,-12.905640801743477,7.950312494675841e-38,0.6914682087914258,0.22490883654069155,3.0744377118607438,0.0021142510753202467,0.2640641079116232,0.3813527592600716,0.6924405330748875,0.4886755800392404,-4.165931818467675,0.23777412129911044,-17.520543428807784,8.582538644545606e-68,-2.531770552912728,0.2592266385840618,-9.766629566859608,1.9381784458935374e-22,0.6372492846945327,0.41907547962613495,1.5206074219924168,0.12838760633420593,1.3296986027441229,0.18775706660410685,7.082016281964208,1.5089355583883728e-12
3.294,0.15671292605714415,0.15554375089223593,10835,-0.6866303791997849,0.08765933551753072,-7.8329407261188715,5.211931624766453e-15,-2.203875787670551,0.7805228350878423,-2.823589123337462,0.004757599033234187,4.846043755496419,0.2187577265131327,22.15256042718791,2.2355253448587015e-106,-0.12322037100846009,0.37446635403543094,-0.3290559209941765,0.7421197898465799,-1.4828081263170558,1.0137419576043645,-1.4627076596702875,0.1435764372428112,-0.12881248646079138,0.12394872996803984,-1.0392400671955708,0.298716324713849,1.0821292890791434,0.5237099273419895,2.066276067309487,0.03882616459322177,4.797190515584427,0.2094933366216816,22.899012412254166,2.2935038742813612e-113,-2.3213745609268956,0.2912976983193405,-7.969079653976689,1.7592137860715391e-15,-3.5798450154999744,0.2776538622414547,-12.893193657024845,9.321086545159618e-38,0.6579749633934865,0.22701131291714188,2.8984236729807575,0.003757969718617423,0.18224218613316714,0.384917693300773,0.47345754509331917,0.6358963359842299,-4.2227218394733015,0.23999686399189107,-17.594904238481956,2.401763938185117e-68,-2.5452200926295263,0.26164992213375465,-9.727578253695858,2.8376144744058887e-22,0.5963583946613352,0.422993050449121,1.4098538830085747,0.15861157796718534,1.3178284208990863,0.18951224351542098,6.953790406643843,3.76111634769832e-12
3.348,0.15478062162180195,0.15360876741386476,10835,-0.6710585011282343,0.08844961086842609,-7.586901678137087,3.5455241842330774e-14,-2.2225081929692476,0.7875594838798873,-2.82201946451096,0.004780930106748111,4.839893224426618,0.220729893402838,21.92676827688981,2.6422213125571753e-104,-0.1182654742399927,0.3778422811695658,-0.3130022237689123,0.7542850059125876,-1.3712000180823514,1.022881147133162,-1.3405272175808751,0.18010214897831744,-0.12850465552712317,0.12506616515609167,-1.0274933701432358,0.3042111766489076,1.0269332013039358,0.5284313303067064,1.9433616865750454,0.051998372725451,4.81381101333203,0.21138198224204263,22.77304320015309,3.586198445815524e-112,-2.3212877136056136,0.2939238349355403,-7.897582426803493,3.1189356042497875e-15,-3.584139752793745,0.2801569955599413,-12.793325919384001,3.322199767670541e-37,0.6331958135761732,0.2290578883778575,2.7643484276413277,0.005713313643512421,0.16999325091726641,0.38838784241088437,0.43768942370092695,0.6616201745833105,-4.263970095175248,0.2421605081124543,-17.608032492214416,1.917149431522259e-68,-2.548824273652235,0.264008775104807,-9.654316500049646,5.778656976785913e-22,0.5555850021812336,0.42680646038882025,1.3017258494051291,0.1930378353884795,1.2782165637791736,0.19122075355441356,6.6845075130166025,2.4310752447710456e-11
3.402,0.1533258352178304,0.15215196402162634,10835,-0.6393557242827977,0.08930325486990945,-7.159377619708992,8.630223326304209e-13,-2.2640627070127533,0.7951603701090588,-2.8473032511696097,0.004417437547237781,4.826576996805146,0.2228601995466568,21.657420242032405,7.397007020423737e-102,-0.13002924833057938,0.3814889088218569,-0.3408467332173447,0.7332255851224558,-1.3549257660373841,1.0327531674496735,-1.3119550815644536,0.18956312680727924,-0.14995155298285853,0.12627320248079893,-1.187516828882677,0.2350498933103348,1.0143279188230079,0.5335313214868057,1.901159084711941,0.05730772326119929,4.82717239155432,0.21342206991898,22.617962581783726,1.0388325178122644e-110,-2.3230311004298634,0.29676054971723614,-7.827964676043797,5.421152117603478e-15,-3.646296637445327,0.28286084395888,-12.890779036123487,9.613032789115046e-38,0.5585719686454209,0.23126856958364678,2.415252403951903,0.015740777706403454,0.17417474692566665,0.3921362472785588,0.44416895437350246,0.6569293197886148,-4.290530588199696,0.2444976451910319,-17.54835137511202,5.33385690528193e-68,-2.6055582108489728,0.2665567739596854,-9.774871492266195,1.7880110033000682e-22,0.48407965075767795,0.43092565063881744,1.123348424583367,0.26131447100773286,1.2616562730304377,0.1930662613822962,6.534835574052966,6.65425426853739e-11
3.456,0.15105890417305234,0.14988188999083552,10835,-0.6166263526173511,0.08989636140651579,-6.859302678880809,7.297521543868678e-12,-2.0434606494698033,0.800441418530519,-2.5529171806492306,0.010696093644689127,4.785873111080987,0.22434032299000795,21.333093611058715,6.0114110399742136e-99,-0.2044166398719071,0.3840225630071905,-0.5323037226541285,0.5945265853965878,-1.3812994311120228,1.0396121856927105,-1.3286679880456005,0.1839855532440267,-0.13861623603432097,0.12711184449780802,-1.0905060545849552,0.2755145741904818,0.9296960262750004,0.5370747636011945,1.7310365135036343,0.08347376234831694,4.814440770614354,0.21483951013333047,22.409475648247792,9.281950858764496e-109,-2.2949984569939743,0.29873148148339157,-7.68247941461626,1.6952577236687743e-14,-3.6769522136714423,0.2847394609896521,-12.91339177538539,7.200018332689684e-38,0.5140731065188056,0.232804537119561,2.208174775626447,0.027252986788050288,0.050440155943344916,0.39474061563937596,0.1277805068567498,0.8983250517391796,-4.328160708711957,0.24612147347992125,-17.585465613852875,2.823938735229555e-68,-2.63209240380408,0.26832710769771645,-9.809267600235382,1.2761419878630948e-22,0.3860072791307808,0.4337876383743992,0.8898531101008934,0.37356455034765734,1.218492681003833,0.1943485087291683,6.269627119711254,3.757101685818784e-10
3.51,0.14920001642276637,0.14802042498606627,10835,-0.5887275243092337,0.09038528973565947,-6.513532523168585,7.666124763826819e-11,-1.9356076878553161,0.8047948593062784,-2.4050944976509694,0.016184969688515443,4.724717371262061,0.2255604651355065,20.94656689249007,1.564791986163842e-95,-0.28210096203399454,0.38611118491743135,-0.7306210569743555,0.46502646757580035,-1.4610300940286802,1.045266428433522,-1.39775855636944,0.16221424105216203,-0.14431827723930196,0.12780318039586117,-1.129222894080464,0.25882885492418556,0.8299675233184948,0.539995805817857,1.5369888328326138,0.12432528711561726,4.804922933145871,0.21600797925799878,22.244191856481823,3.182510199662243e-107,-2.3266301594452954,0.3003562222606496,-7.746235925907477,1.0311991277103177e-14,-3.6988171606364366,0.2862881019660471,-12.919912267521006,6.623662419774572e-38,0.40689421104584506,0.2340707144327474,1.7383388265034447,0.08217957800772276,0.06168509038641313,0.3968875308941209,0.15542209211624006,0.8764914682829741,-4.3668632167116535,0.24746007894639566,-17.646738153904796,9.855922536210736e-69,-2.652684943034273,0.2697864851672599,-9.832534574108427,1.0151703563350433e-22,0.3306098222786883,0.436146922575842,0.7580239712024983,0.44845314312554263,1.1836459875478256,0.19540553139569009,6.057382199437228,1.4295546103151322e-09
3.564,0.14777933199316295,0.14659777084887038,10835,-0.5707323550675106,0.09088372351672379,-6.279808231696058,3.5199709277870186e-10,-1.936628119279936,0.8092329370717901,-2.393165219260138,0.01672065776213066,4.704109833638914,0.22680432855426547,20.740829170345414,9.751146912672995e-94,-0.3132864468094457,0.38824041256467867,-0.8069393001617365,0.41971919370128896,-1.6249865553707787,1.0510305975772778,-1.5460887238835124,0.12211239018529804,-0.13326659912688332,0.12850795683263597,-1.0370299428263796,0.29974507961152114,0.7297495548028029,0.5429736371888669,1.3439870830210643,0.17898074634792688,4.8103427854010175,0.2171991650599861,22.14715136714497,2.507588093804759e-106,-2.3090469899721304,0.3020125502755889,-7.645533233188841,2.257153747915583e-14,-3.727846191290566,0.2878668506933455,-12.949897434566756,4.5106619870255195e-38,0.3766971113985265,0.23536150800736946,1.6005043245505193,0.10951594571289806,-0.0031716152860487537,0.3990761851901838,-0.007947393013535219,0.9936591110969477,-4.390890053688578,0.2488247087791091,-17.64651941213175,9.89309042883157e-69,-2.63992282468846,0.27127423498003633,-9.73156490472727,2.7294873468022224e-22,0.2363799753778698,0.43855207456854817,0.5390009284767898,0.589897304506831,1.1625411895484896,0.19648310406419936,5.916748898514134,3.3831864611989786e-09
3.618,0.1468925032393944,0.14570971255158516,10835,-0.5426318356821705,0.09134712498290627,-5.940327468255984,2.932101555233632e-09,-1.8317573947000012,0.8133590854624114,-2.2520894245112038,0.024336588049603067,4.699812372965674,0.22796076729072676,20.61675975573389,1.1572144510642365e-92,-0.4032179325073137,0.39021998788853357,-1.0333092743124501,0.3014822852958147,-1.5780855701816996,1.056389633288775,-1.4938480277099744,0.13524450762441234,-0.1300895556964895,0.1291631982037864,-1.007171992530268,0.3138746543130353,0.6665711001165185,0.545742172299837,1.221402951704265,0.22196010433851435,4.80029776181427,0.21830662861504044,21.988786104516613,7.155182705442554e-105,-2.327967483132104,0.30355246361967037,-7.669077876596916,1.8810433242934842e-14,-3.7587379221857335,0.28933463739392096,-12.990971133083931,2.661196236683327e-38,0.340318432610059,0.23656157842342657,1.4386039984942773,0.1502916796316847,-0.08149733559203667,0.4011110103731728,-0.20317900402737835,0.8389989438663532,-4.425902963301928,0.2500934258871779,-17.696998422095827,4.145619159978623e-69,-2.652553110812941,0.27265741860591564,-9.728519856071838,2.8116997432081566e-22,0.19359619991947216,0.44078818095249306,0.43920460730397265,0.6605220583885925,1.142744514094634,0.19748493976128847,5.78648941775477,7.386766412302593e-09
3.672,0.14585183973576443,0.14466760622028585,10835,-0.5125336220733854,0.09179524008335797,-5.583444431410177,2.4148892904629463e-08,-1.9421661337188074,0.817349123335563,-2.376176933784329,0.017510376874830175,4.674694353533575,0.22907905822930474,20.40646748623471,7.427730188031739e-91,-0.43897886494213467,0.39213426235643456,-1.119460621227533,0.26296853350943217,-1.6437151767149112,1.0615718888521102,-1.5483785827187635,0.12156042383200644,-0.13392401195822673,0.12979682492765524,-1.0317972880528616,0.3021901541698911,0.6056003473153798,0.5484193808973341,1.1042650358644968,0.26950274363523247,4.826103943792539,0.21937755993148209,21.99907750500949,5.758804141976787e-105,-2.3249558395702925,0.3050415793718382,-7.621766987825055,2.711640711732663e-14,-3.781225772262488,0.2907540057662063,-13.004896569861708,2.224460197840931e-38,0.26465382862656445,0.23772206175005633,1.1132909864496483,0.26560821008617863,-0.09285373147438,0.40307871215622615,-0.23036128843835232,0.8178153950314673,-4.457559737498181,0.251320291436419,-17.7365691883494,2.092992886923075e-69,-2.6027498423343665,0.2739949747309755,-9.499261236049676,2.5593529008838862e-21,0.2098904812216534,0.4429505242120364,0.47384633214968436,0.6356190539863427,1.109566102353113,0.19845372759818417,5.591056997426061,2.3116459389739547e-08
3.726,0.1439131468619228,0.1427262254461662,10835,-0.47325398685832315,0.0923533500989288,-5.124383537266099,3.0366202039820133e-07,-1.7729052006455013,0.8223185610922197,-2.1559834406397123,0.031106933382831888,4.634736850341374,0.2304718463154757,20.109774466757337,2.4652141400595936e-88,-0.5272463658208679,0.3945184171238371,-1.3364302981459246,0.18143677364420316,-1.626938122958562,1.0680261876030996,-1.5233129504153744,0.12770965603043205,-0.12748185277945273,0.13058598249089745,-0.9762292272705373,0.3289727096901578,0.4140350619026568,0.5517537405976193,0.7503982872036433,0.4530311809955253,4.789164746474769,0.22071136344109832,21.6987683452595,3.1274593116879508e-102,-2.367669066637015,0.30689621541242557,-7.714885188320745,1.3173963303818254e-14,-3.7831659506467137,0.29252177414437164,-12.932937938423565,5.606089137705481e-38,0.20929589516879304,0.2391673988227016,0.875102109229976,0.3815377759580998,-0.20618580115714308,0.4055294085770154,-0.5084361252138034,0.6111578904592277,-4.507383703522926,0.2528483049983365,-17.826434326117315,4.409395443314354e-70,-2.6438886436721014,0.2756608491213531,-9.591092286406594,1.063102002439345e-21,0.19122617017587298,0.44564363905917437,0.4291010875406688,0.6678582048922557,1.0654704909459394,0.19966031535697568,5.3364159474604085,9.671717867628237e-08
3.78,0.14321289708395024,0.14202500480705404,10835,-0.4391807390773989,0.09285825070323245,-4.729582301533823,2.2782632861770514e-06,-1.8210577425459613,0.8268142197551792,-2.20249930278797,0.027651071907654735,4.582334545800352,0.23173184797600035,19.774297688572045,1.589700269437159e-85,-0.6579656915013768,0.39667526998300656,-1.658701061776712,0.09720503236056129,-1.5851483089307778,1.0738651427352666,-1.476114873133148,0.13994215983324243,-0.12096027113340839,0.1312999028998768,-0.9212517942655835,0.35693952420429675,0.338778414430051,0.5547702072093462,0.6106643976687284,0.5414346081154677,4.775449036476689,0.22191800403029974,21.518979757156927,1.306405023847859e-100,-2.389535098258211,0.3085740331034379,-7.743798381950074,1.0510612093440552e-14,-3.8439396640811307,0.2941210060117513,-13.069245601341205,9.692467153051855e-39,0.135133359839433,0.24047493952442997,0.5619436275009635,0.5741660688448413,-0.350153108546514,0.407746459103435,-0.8587520522347172,0.390496351146872,-4.585424977004488,0.2542306399310061,-18.036476556283283,1.1245283949224695e-71,-2.6631315747646145,0.2771679014281199,-9.608369371210413,9.003146492648594e-22,0.11316634739036904,0.4480799961856244,0.25255835644019253,0.800614311543244,1.0648674060479102,0.2007518687632269,5.304395982006267,1.1527762928996376e-07
3.834,0.1412530416298715,0.14006243211184288,10835,-0.4065135242264901,0.09332310751570169,-4.3559792965326825,1.3369363576688406e-05,-1.8109358681593792,0.8309533266174007,-2.1793472751727676,0.02932737491257666,4.536177910279724,0.23289191859311764,19.47760977573816,4.461531829971794e-83,-0.6863757629975337,0.39866106230833254,-1.7217025385505966,0.08515200183264642,-1.658461380279858,1.079241008891405,-1.53669232971737,0.1243979131550422,-0.10422338089924336,0.13195720210460363,-0.7898271502954767,0.4296460306346048,0.23409971968427865,0.5575474371078549,0.4198740844341701,0.6745857782277496,4.759809979788001,0.2230289456558614,21.34166919809814,5.0414019983922955e-99,-2.3690447341515,0.3101187826583016,-7.639152694475092,2.371230598782249e-14,-3.875718434020846,0.2955934024040959,-13.111654057564115,5.594067178025887e-39,0.10068919863387893,0.24167877884963243,0.4166240789247188,0.6769616592936556,-0.46315400168627235,0.40978767480412925,-1.1302292142086783,0.2584047082824438,-4.597313482163256,0.2555033415381906,-17.993163825123933,2.4042321316646174e-71,-2.6538013514067935,0.27855542904360814,-9.527013566091142,1.9642312272561952e-21,0.055964515663739396,0.45032312522564655,0.12427635297587009,0.9010987784901223,1.0377789032874944,0.20175685079878952,5.143710853826039,2.7407902446037917e-07
3.888,0.14048188952937812,0.13929021084770155,10835,-0.3611403181023564,0.09381511469509206,-3.849489704042855,0.00011904541838220588,-1.8893689574422496,0.8353341816201693,-2.261812097498191,0.023728774500774118,4.5117392434568675,0.23411974414479608,19.27107540603876,2.155143302556369e-81,-0.7351613215527485,0.40076283656361106,-1.8344049260068056,0.06662135455380165,-1.717435199029424,1.0849308571915994,-1.5829904621526716,0.11345286769780462,-0.09753556482343086,0.13265289144174672,-0.7352690451249055,0.46219159437001456,0.1872405102302839,0.5604868735369474,0.33406760991333184,0.7383350158577047,4.711652248196021,0.22420477279445178,21.01495070542324,3.929725900097283e-96,-2.3933316569349277,0.31175375465605704,-7.6769938491210015,1.7690135922576207e-14,-3.9462959147849785,0.29715179538987135,-13.28040407633186,6.173673131303711e-40,0.06201433966215169,0.24295292945890473,0.25525248779781173,0.7985329459198266,-0.5338207625497049,0.4119481094852761,-1.2958446713512222,0.19505664863612288,-4.666430252742277,0.25685037639098807,-18.1678933794469,1.1095460021954289e-72,-2.7123617718929562,0.2800239964177128,-9.686176208437924,4.244061901964144e-22,0.0698302556575486,0.4526972661705272,0.15425376046173017,0.8774125318668908,0.9898260396631573,0.20282052968525924,4.880304973067511,1.0743364331959729e-06
3.942,0.13841022534790592,0.13721567440791327,10835,-0.3172686228747655,0.09435177548091618,-3.362614230178816,0.000774758861935557,-1.9396639144661574,0.8401126344290905,-2.3088141220305314,0.020972650486672767,4.47378204870671,0.23545900473492634,19.00025889323357,3.2834453227975483e-79,-0.7940608448783905,0.40305536372725986,-1.9701036540868782,0.04885195579109027,-1.8762457167487872,1.0911371049617762,-1.7195325025763049,0.08554605597398098,-0.10060098326765782,0.13341172017839903,-0.7540640592380753,0.45082716832545866,0.16155838714022092,0.5636930874500683,0.28660700430273006,0.7744187387859324,4.617423233899451,0.22548731569752709,20.477529831848056,1.8280588975951596e-91,-2.415334668845502,0.31353711350501323,-7.703504831835108,1.439554353001094e-14,-4.036006033932652,0.29885162506594504,-13.50504964810568,3.148772356904334e-41,-0.00017236670524998246,0.2443427194779805,-0.0007054300845068382,0.9994371612794763,-0.5977638578757575,0.4143046209799712,-1.4428124322191793,0.14910226602426047,-4.735730874899842,0.25831966548455476,-18.33283140103399,5.9306514684667014e-74,-2.6930672546535557,0.2816258480858108,-9.562571308557528,1.3978384342305818e-21,0.018595343644345695,0.4552868794902262,0.04084313535493589,0.9674217046390391,0.9125919635076664,0.20398074598085206,4.473912275981835,7.758507943724697e-06
3.996,0.13718756018192735,0.1359913140781035,10835,-0.28225792508860575,0.09485152124437711,-2.9757870130663644,0.0029288386437006124,-1.895693188138695,0.8445623941473996,-2.2445863103488404,0.024814828491462566,4.458484715707716,0.2367061422634491,18.83552607919026,6.761855224657772e-78,-0.8360128001688253,0.40519019594887123,-2.063260188739407,0.03911171610001967,-1.967788614774068,1.0969164466093528,-1.7939275328186055,0.07285264930125,-0.09527239615591787,0.1341183517347779,-0.7103606249525136,0.4774958452140756,0.1535607095308309,0.5666787570986734,0.27098370568369834,0.7864087341609395,4.548189785104565,0.2266816369507271,20.064218020858863,5.969393709990341e-88,-2.439527652088075,0.3151978013231624,-7.73967217362314,1.0855447594949957e-14,-4.0785461836234305,0.3004345293914744,-13.575490779586701,1.2263644049655432e-41,-0.03390200280976775,0.2456369106923932,-0.1380167284884259,0.8902297651424254,-0.5731695737490788,0.4164990362738192,-1.3761606242283349,0.16880039277836673,-4.821149067986218,0.2596878873095978,-18.565167278050527,9.18474625327805e-76,-2.7031314922842404,0.28311751396856294,-9.547736748579931,1.6112248096853755e-21,0.035343216715222385,0.4576983623481255,0.07721945198558593,0.938450395314826,0.8671511030494135,0.2050611550469448,4.228743873265007,2.369324820909163e-05
4.05,0.13685227779221676,0.13565556683620272,10835,-0.24746524550224286,0.09509370598789514,-2.6023304374502314,0.00927188222705371,-1.8789088052493768,0.8467188184633005,-2.2190469424777697,0.026504197382543355,4.411477396618173,0.2373105249407234,18.58947215982137,5.922282833813901e-76,-0.8569405484510957,0.40622476958980497,-2.109523132517034,0.03492235945319089,-2.0600319901547772,1.0997172074700918,-1.8732379344085168,0.06106247645828332,-0.08664943081127312,0.13446079662327118,-0.644421519039823,0.5193157962800142,0.10345852750687502,0.5681256600860433,0.18210500735208143,0.8555037308916569,4.481944144288832,0.22726042402113916,19.72162185120245,4.349908870898593e-85,-2.482128618704554,0.3160025970467251,-7.854772846495115,4.384112229880669e-15,-4.162792684384604,0.30120162999766475,-13.820618050496202,4.442863757169756e-43,-0.08959324131010005,0.24626409633405866,-0.3638095956487555,0.7160073056165974,-0.5666556484870715,0.41756248481899955,-1.3570559355510572,0.17479174846309198,-4.9371382324269195,0.2603509493623484,-18.963396309938407,6.47487459047307e-79,-2.6983280911760583,0.28384039897458496,-9.506497668845464,2.3888630573375198e-21,0.012939673010851463,0.4588670052864745,0.028199179417515794,0.9775038118072288,0.7993574747093771,0.20558473846014705,3.888214079978188,0.00010158818669014884
4.104,0.13581052412294348,0.13461236882780014,10835,-0.23031012459454492,0.09553860387841331,-2.410649886486177,0.015940693437392756,-1.7435707427757143,0.8506802101483015,-2.049619495052968,0.04042563395357946,4.361749558148713,0.23842078719043874,18.2943341876678,1.1775064116712733e-73,-0.9276035342388037,0.4081253006627,-2.2728400634133505,0.023055343616682492,-2.077276694291288,1.1048622574046507,-1.8801227758208188,0.06011819229419195,-0.06802956494138529,0.13508987426993163,-0.5035874473126765,0.6145615684164919,0.049360063624366075,0.5707836478581646,0.08647771149293974,0.9310882736484445,4.478140543345821,0.22832366666369788,19.613124687340257,3.431729925548422e-84,-2.5338056765052643,0.3174810218001179,-7.980967372911244,1.5986793375026355e-15,-4.224184466030728,0.30261080811744123,-13.959132829093633,6.645518329611836e-44,-0.10945802211143227,0.24741624805462928,-0.4424043407499415,0.6582054822234618,-0.5591558256188808,0.4195160596295044,-1.3328591666137866,0.18260609222725027,-4.963453973869237,0.26156900671916716,-18.975696073955106,5.1628815365561754e-79,-2.6712869710702907,0.2851683522122441,-9.3674033263064,8.908734975375145e-21,-0.008541735982784647,0.4610138241590751,-0.01852815584948116,0.9852178579588982,0.7882420941353525,0.20654657095487908,3.8162923281236516,0.00013622662517113365
4.158,0.13493095628301344,0.13373158151124576,10835,-0.19131249134144926,0.09584289928613426,-1.9961050089928438,0.04594751477476081,-1.8409499373411742,0.8533896707315507,-2.157220787267155,0.03101041545367314,4.298370708021389,0.23918016976148404,17.971267067448874,3.5279985188114583e-71,-0.9584056838948227,0.4094252009095619,-2.340856600340352,0.019257618630791378,-2.3177208512897955,1.1083813009895906,-2.09108620762591,0.036543605677479364,-0.0664619244614309,0.13552014252486924,-0.4904210047538468,0.6238459617769316,-0.04723264351231558,0.572601623375857,-0.08248779183308735,0.934260351923065,4.411096375488927,0.2290508893822567,19.258149956917958,2.7435365385401834e-81,-2.5898957994539984,0.31849221531824046,-8.131739725148854,4.693904795599416e-16,-4.305916165964014,0.30357463923385625,-14.184044414352368,2.924171978320868e-45,-0.16803131193333215,0.24820428163500674,-0.6769879666315676,0.49842806352163593,-0.607276458238067,0.4208522400343689,-1.4429683401197384,0.14905834080623578,-5.029730685655054,0.2624021175698142,-19.16802628056862,1.4704910341800512e-80,-2.68424700527004,0.2860766282020835,-9.382965054292717,7.696018806243768e-21,-0.038417148491686884,0.4624821770959258,-0.0830673059293236,0.9337995588225704,0.7379807135583323,0.20720443249430526,3.561606789365448,0.00037017580276597813
4.212,0.13469048535858164,0.13349077718595748,10835,-0.1481596476781209,0.0961435865751022,-1.5410247626074,0.12334000535434501,-1.7832250874871702,0.8560670044561851,-2.0830438250799777,0.037270653377382015,4.226352469380352,0.23993054811351783,17.61489940572614,1.703861012512135e-68,-0.9369275326347922,0.4107096878628323,-2.2812404000260758,0.022553569410752285,-2.283541346113177,1.1118586182558632,-2.053805500644762,0.04001849974187444,-0.07541756416594829,0.13594530896453105,-0.5547640057637089,0.5790675581875586,-0.16737375139669186,0.5743980426314713,-0.29138983592267803,0.7707587734204033,4.348858367785429,0.22976948921048632,18.92704894252319,1.26325075550343e-78,-2.657005152332756,0.3194914188220444,-8.316358424051128,1.0158187169790848e-16,-4.413547963215877,0.30452704192566266,-14.49312328818817,3.699265374272278e-47,-0.2481463549646333,0.24898297127305968,-0.9966398653524426,0.3189616378197801,-0.6967431522532667,0.4221725769613041,-1.6503752026440348,0.09889524646555281,-5.138112260810719,0.2632253499838917,-19.519823076026494,2.0102323375238996e-83,-2.691066165972018,0.2869741345005351,-9.377382287974111,8.111035745339492e-21,-0.1345317289908974,0.4639331193468671,-0.2899808687517146,0.7718364308839044,0.7038658833052133,0.20785449357898558,3.3863395069577424,0.0007108379803230933
4.266,0.1336004690592132,0.13239924963374772,10835,-0.11087520589011803,0.09673278351725674,-1.1462009244294964,0.25173737569288807,-1.683509621979396,0.8613132416652679,-1.9545846279159587,0.050657836277319374,4.1844357326723935,0.24140091499199406,17.33396798769867,2.0495417816857263e-66,-0.9907914098818931,0.41322664089966327,-2.3976949010953774,0.01651544456466356,-2.269814853616291,1.1186724237453516,-2.029025481844701,0.04248013093629793,-0.07457384899018242,0.1367784228850273,-0.5452164706773043,0.5856158839595982,-0.2366965487448873,0.5779181273542692,-0.4095676144101812,0.6821312662691847,4.308519217638835,0.23117758605049213,18.637270555709495,2.494692828596559e-76,-2.683077971233085,0.32144935875044006,-8.346813885903924,7.866566226161183e-17,-4.4934410161463045,0.30639327563191004,-14.665599324524877,3.105232097052559e-48,-0.30608880090947904,0.25050881413526704,-1.2218683880088965,0.22178402292945842,-0.7500541087585257,0.4247597780453077,-1.7658312945971075,0.07745235644128655,-5.202564514723956,0.2648384744452609,-19.644292716990662,1.8979777610704498e-84,-2.684303927530863,0.2887327986875954,-9.29684448643204,1.7245893929356623e-20,-0.13385060749950461,0.46677624164988063,-0.28675539917454335,0.7743051067338859,0.6822549942121299,0.20912828870555028,3.262375446359318,0.0011082514369927308
4.32,0.13241566593593213,0.13121280384045564,10835,-0.07911038061756018,0.0970011071802983,-0.8155616251937806,0.41476885899359395,-1.5634282347471478,0.863702408146646,-1.8101468978209645,0.07030074319047676,4.115165388192907,0.24207052849237146,16.99986121326864,5.5552364435608944e-64,-1.0130239607476055,0.41437287573258086,-2.444715907035791,0.014512471451339909,-2.27699073890011,1.1217754698024247,-2.0298097080881528,0.042400307524470625,-0.06719512247692265,0.13715782773743715,-0.48991095576079746,0.6242068438377799,-0.2762003453966519,0.5795211941040455,-0.4766009392006183,0.6336559397941302,4.269079849452551,0.23181884141859707,18.41558616775174,1.3515516289819476e-74,-2.732728181545363,0.3223410158111189,-8.477755071500583,2.5940302654972665e-17,-4.580207310943014,0.3072431691536258,-14.907434145925137,9.182661500415152e-50,-0.3401522293899117,0.25120369171646456,-1.3540892932968676,0.1757361736081287,-0.8229929189802133,0.42593800424136774,-1.9321894519509584,0.05336220237830509,-5.218975073121869,0.26557310056676414,-19.65174583564361,1.6471242179464548e-84,-2.6718618272032093,0.2895337044339939,-9.228154740831991,3.2655103294810076e-20,-0.19248367908347064,0.4680710158352831,-0.4112275115774457,0.6809138620664517,0.621294674344671,0.2097083823039225,2.9626601832455695,0.0030565660697125796
4.374,0.13287917000716365,0.1316769505367975,10835,-0.03197585989165633,0.09719019373259713,-0.32900294426444565,0.7421598308245525,-1.704231584156437,0.8653860436773734,-1.969331024700227,0.048940567178406266,4.057659818787354,0.24254240229851987,16.72969254173218,4.7811633322137595e-62,-1.0831618305684945,0.41518062257914823,-2.6088930254976077,0.00909605866789405,-2.440353156142254,1.123962173255655,-2.1712057702738847,0.029937284532173446,-0.07649631772426023,0.13742519273482284,-0.5566396975834581,0.5777851385199428,-0.4584695732041116,0.5806508684733653,-0.7895787263859776,0.4297911398892754,4.2091675971616365,0.2322707313686806,18.121816607536633,2.5036897889425427e-72,-2.805136642793154,0.32296936277659155,-8.685457402761632,4.314608887287485e-18,-4.675228716443405,0.30784208552954556,-15.187100582433825,1.4621576238967478e-51,-0.38321950935488996,0.2516933690136846,-1.5225649799858425,0.1278968030629206,-0.8730488329607926,0.42676829526645205,-2.0457209278297164,0.04080796532784257,-5.294962376573109,0.266090788492492,-19.89908183808667,1.4501364319836018e-86,-2.7597638325173626,0.29009809933150754,-9.51320894165412,2.240812102315571e-21,-0.33279240683332667,0.46898343773631146,-0.7096037515517575,0.47796518488508055,0.5824233524140402,0.21011717181314232,2.7718979243257214,0.005582576776145958
4.428,0.13229626823232044,0.13109324059792593,10835,0.007189085943348075,0.09766914682121662,0.0736065193290538,0.941324844276897,-1.7233755659716166,0.869650664443619,-1.9816871721407694,0.04753953233955201,4.011576823260769,0.24373765079263934,16.458584917902698,3.90578415016262e-60,-1.1329411081414598,0.4172266318922519,-2.7154093759624622,0.0066298956720763635,-2.39904789798293,1.1295010566933543,-2.1239890691259817,0.03369367859826553,-0.08435232290370888,0.1381024238214854,-0.610795383379692,0.541347881201875,-0.4854614199717207,0.5835123148414018,-0.8319643092771208,0.4054474528567552,4.16989526061281,0.2334153610881255,17.864699397562248,2.266715314190685e-70,-2.9285206593328197,0.3245609551779496,-9.023022062919358,2.1388852124039667e-19,-4.715700240959926,0.3093591307375951,-15.243449351943912,6.293411106627482e-52,-0.4421304405247515,0.25293371345425464,-1.748009130481986,0.08049081151573455,-0.919388916753686,0.4288714086083713,-2.1437402874138343,0.03207592619811983,-5.349067789591969,0.26740208338868615,-20.00383737405948,1.921965041181375e-87,-2.7919720938885764,0.2915277022095484,-9.577038726431987,1.2167350408675628e-21,-0.4235691051418238,0.4712945872194908,-0.8987353486081088,0.36881364486959844,0.553900015652101,0.21115262883351602,2.623221026004016,0.008722492583958581
4.482,0.13258191114279494,0.13137927953794626,10835,0.03732607608849063,0.0979308333971373,0.38114733423254765,0.703101410038215,-1.8444177636198367,0.8719807339899619,-2.1152047192376036,0.034435298577580466,4.003772337410439,0.2443907011502475,16.382670529469056,1.3239242301967173e-59,-1.1793937767581122,0.4183445141737739,-2.819192643382459,0.004823208705188405,-2.4769775287811178,1.132527347734536,-2.1871238109489965,0.028754820853670388,-0.08543525827047485,0.13847244395161254,-0.6169838260407184,0.5372583773576962,-0.5623447427301812,0.5850757291298251,-0.9611486423587399,0.3364989149201265,4.131337478288383,0.23404075476257064,17.652213959400093,8.969523909512102e-69,-2.969592709692683,0.3254305567645544,-9.125119470084526,8.436097146339627e-20,-4.797190807039527,0.3101880018221425,-15.465429929137523,2.208612442973127e-53,-0.4961523791926894,0.25361140297610446,-1.9563488603840002,0.050449762455150794,-0.9632714731995823,0.4300204909345889,-2.2400594704360426,0.025107284445439765,-5.401914103955113,0.2681185382556887,-20.147484538363507,1.1839184528538628e-88,-2.799065268047112,0.2923087972498981,-9.575713404390493,1.2323101108166863e-21,-0.4384739370406493,0.4725573346765274,-0.9278745770410934,0.35349333254866333,0.519697432069157,0.21171837359769666,2.4546638217459407,0.014117272727999942
4.536,0.13306317406043466,0.13186120970244475,10835,0.0604421646661826,0.09818338537715639,0.6156048137269184,0.538168322881786,-1.6739294458134402,0.8742294686659408,-1.9147483650577781,0.05555094543628893,3.997400473352566,0.24502095572209873,16.314524860013986,3.9426937195184513e-59,-1.215382179431657,0.4194233749545889,-2.8977454572321983,0.00376609877822189,-2.531372576319858,1.1354480011607782,-2.229404229636244,0.025807468846612426,-0.06831874487691891,0.1388295479267849,-0.4921052174926655,0.6226549488337342,-0.6015114138964804,0.586584569897611,-1.0254470450892954,0.3051752262745563,4.1209050056499015,0.23464431805280375,17.562347300148744,4.197152963320751e-68,-2.9857562892732386,0.3262698034922556,-9.151187935000271,6.641649953905535e-20,-4.9031739625716115,0.3109879398122611,-15.766444079894502,2.1854990462243592e-55,-0.5333277482086838,0.25426543664206225,-2.0975235771406346,0.03597039580097724,-0.9958819178018992,0.4311294626717525,-2.3099370468218967,0.020910367981227543,-5.4305401762814185,0.26880998409932505,-20.202152068409923,4.07918531051825e-89,-2.83815857560896,0.2930626268964108,-9.684478043705543,4.314567042877538e-22,-0.5318875842834527,0.4737760038780966,-1.1226562340213169,0.2616084352674703,0.4452915180620412,0.2122643701199736,2.097815652294159,0.03594457109165229
4.59,0.1323622552343483,0.13115931908761713,10835,0.08606987752526467,0.09865336508841807,0.872447457297828,0.3829836818173731,-1.6547954771625222,0.8784141900592985,-1.8838442000246067,0.059612845981858696,3.998583607847646,0.24619381075842678,16.241608980865827,1.261337535877494e-58,-1.2011945218112356,0.42143105146625487,-2.850275312253346,0.004376397630405878,-2.5881433115445667,1.140883111405636,-2.268543802314525,0.02331569810039903,-0.07067971326983417,0.13949409081862538,-0.5066860743351069,0.6123854287803627,-0.7008850292545038,0.5893924059253874,-1.1891653543687335,0.23440070316739806,4.072121459887196,0.23576750267741245,17.27176737100555,5.861227312809514e-66,-3.000343330247942,0.32783157677446284,-9.152087665771372,6.586975704480441e-20,-4.96453308941436,0.3124765625725926,-15.887697459744778,3.3245822127983336e-56,-0.5663914604694705,0.2554825427342776,-2.2169477977153345,0.02664736944520613,-1.0781337489415599,0.43319317334545293,-2.4888059537397065,0.012832208278359923,-5.450697089532006,0.2700967113620484,-20.180538526534203,6.218211428120716e-89,-2.874976764151417,0.29446544559370147,-9.763375659765059,2.0008439320018278e-22,-0.6002890754405446,0.47604385305288327,-1.2609953297177834,0.20733772084861174,0.43465201235975476,0.21328042743962006,2.0379367088562557,0.041580536181760455
4.644,0.13134458771399482,0.13014024062236995,10835,0.095410041194816,0.09896563195619992,0.9640724694916559,0.3350311417378071,-1.6017105110837893,0.8811946288968294,-1.817658050286775,0.06914405974703977,3.9787620342335166,0.24697308645859076,16.110103701119773,1.0145470584348465e-57,-1.1833269824918418,0.42276500448761845,-2.7990182960531635,0.005134897819853222,-2.5553386904909337,1.1444943414471511,-2.232722869787059,0.02558760294195291,-0.04976964904295092,0.13993563057527705,-0.35566101955840196,0.7221013745420921,-0.7835586376748808,0.5912580059515778,-1.3252397934363898,0.18511961610259758,4.040197069392535,0.236513776051056,17.08229066758624,1.4078940472005206e-64,-3.0181257383885978,0.3288692599751078,-9.177281387190279,5.224267191431749e-20,-4.978532556486113,0.31346564264464416,-15.882227201945557,3.6204279426840826e-56,-0.5822482504776815,0.2562912199985663,-2.2718228524603323,0.02311675760961092,-0.9694058459873669,0.43456435693623896,-2.230753237154243,0.025717898326118226,-5.470691516948037,0.2709516467611563,-20.19065609064354,5.1048191247236296e-89,-2.8795950476231917,0.2953975151919673,-9.748203351513826,2.320555748072208e-22,-0.6893796980247127,0.4775506716270535,-1.443573926251513,0.14888781774069096,0.40133941499341963,0.2139555226173269,1.8758076916352413,0.06070859643651775
4.6979999999999995,0.13073420521223122,0.1295290118559307,10835,0.14023300613406497,0.0994466033693362,1.4101336936893818,0.15852895753724625,-1.7207933047300634,0.8854772209192415,-1.9433512958624213,0.05199962747463885,3.908346782975729,0.24817337177029558,15.74845341019591,2.886596870148603e-55,-1.2222518757580418,0.424819635753177,-2.8771077720808984,0.0040212339836640555,-2.6213688101422097,1.1500565659270183,-2.279339023667258,0.022666304779371725,-0.05447974071216201,0.1406157155366472,-0.38743706920840953,0.6984402865950687,-0.767659063438295,0.5941315105514022,-1.2920692637996007,0.19636075673782005,3.984517598605752,0.23766322927885752,16.765393665212702,2.6639867300376315e-62,-3.0054830178077925,0.33046755940068323,-9.094638588000475,1.114875058330781e-19,-5.056051196317325,0.3149890807325168,-16.051512593894756,2.555303768340007e-57,-0.6689959431748228,0.25753679129256546,-2.597671345585858,0.009398542369898335,-1.0276265391239339,0.43667633286892216,-2.353291126112846,0.01862585495443402,-5.565418586306242,0.2722684674983996,-20.440922290565855,3.7660749305394726e-91,-2.9340362381014833,0.29683314246489473,-9.88446308164015,6.080853373122188e-23,-0.7507962783596207,0.4798715603723332,-1.56457756691619,0.11771123943019654,0.3518549105641511,0.2149953430886104,1.6365699159313138,0.10174945154329508
4.752,0.12990872393754116,0.12870238609292184,10835,0.17410937415873184,0.0998348401424026,1.7439740867054567,0.08119200919854497,-1.857331447964778,0.8889340993567759,-2.0893916087916136,0.036695787653538786,3.8629514581154005,0.24914223370979566,15.505004513265384,1.2096754982694225e-53,-1.2677241662154368,0.426478119793175,-2.972542100941152,0.0029599509536869352,-2.7707844428934787,1.154546354767177,-2.3998901659104264,0.01641678840936701,-0.07984947910431446,0.14116467537833854,-0.5656477365198349,0.5716450004995153,-0.8197970021685913,0.5964509834405554,-1.3744582957004974,0.16932791720041118,3.9566467148867073,0.23859105991445081,16.583382111238375,5.189788720313658e-61,-3.0026366374766558,0.3317576955593649,-9.050691747825221,1.6638644722520032e-19,-5.094290518692166,0.316218789341071,-16.110018412591877,1.015914518284324e-57,-0.6961749641385503,0.25854220776140113,-2.6926936617676906,0.007098651992884885,-1.060970279536669,0.4383811051246207,-2.420200750292515,0.015528304157899098,-5.6003880689636,0.27333139602132495,-20.489369865606896,1.4466209389409627e-91,-2.965324530918351,0.29799197079552897,-9.95102157619222,3.140750658611966e-23,-0.8196786220287408,0.48174496559456464,-1.7014783351541658,0.08888193564181851,0.32277962671176763,0.21583467892711086,1.4954947384556907,0.134814539286081
4.806,0.1283840294226939,0.12717557766572385,10835,0.18404083262981377,0.10034591273766968,1.8340640650800035,0.06667193464568681,-1.8047876833714647,0.8934847137167695,-2.0199424295283177,0.04341395943417733,3.8452803626471117,0.2504176378451765,15.355469350064308,1.1674795928142886e-52,-1.2826084842204797,0.42866133838897214,-2.9921254131312076,0.002776673090397058,-2.7028247466993767,1.1604566862811592,-2.3291043764510895,0.019871853096741873,-0.07003931802944757,0.14188732287196637,-0.4936263269457014,0.6215801244961454,-0.8611297384464063,0.5995043238537996,-1.4364028818187622,0.1509166479408908,3.937879539456374,0.23981245068368603,16.420663431901872,7.191600479937289e-60,-2.97088486842054,0.33345602317953743,-8.909375335592523,5.953814579550875e-19,-5.111485653963568,0.3178375704911208,-16.082068731098495,1.5790601981620495e-57,-0.7205171385787622,0.2598657320633205,-2.7726516030332027,0.005569674453303708,-0.9495298870944496,0.44062525725420315,-2.1549601877376086,0.031186945833865,-5.608826381976895,0.2747306288516009,-20.41573014782626,6.188759843471929e-91,-2.9741021960246306,0.2995174455663203,-9.929645969039534,3.8849454262530405e-23,-0.8903437231926215,0.48421110516540067,-1.8387511432404897,0.06597918902833519,0.2751157278726063,0.21693957566807404,1.2681675393960576,0.2047654150337926
4.86,0.12808504619817507,0.12687617991598388,10835,0.2096010344048971,0.10052752652264683,2.0850113561451074,0.03709165612913646,-1.900178402468128,0.8951018113767563,-2.122862872487615,0.03378798787374121,3.7985841841967574,0.2508708630318664,15.14159172687284,2.882261414731395e-51,-1.2743484187185703,0.42943716279491195,-2.967485185550106,0.0030090384736613913,-2.6377654011154665,1.1625569704416963,-2.2689343130541695,0.02329192804138652,-0.08111204463412738,0.14214412151023695,-0.5706324241364132,0.5682606856081722,-0.8658574376403886,0.6005893530931059,-1.4416796321498555,0.14942171591284054,3.915994745990538,0.2402464817833599,16.299904651764063,4.979990303959176e-59,-2.959632997552411,0.33405953765103746,-8.859597359091357,9.286011531679016e-19,-5.176108398105186,0.31841281748036027,-16.255967454653263,1.0035731488659921e-58,-0.7802273019450452,0.26033605714082764,-2.997000532749809,0.0027326888000701838,-0.9643558134383289,0.4414227348847636,-2.1846537054555664,0.028935632241503834,-5.640131591496697,0.2752278575676855,-20.492589817546527,1.35739162631008e-91,-2.9732243430840417,0.30005953537817137,-9.90878140012056,4.779077959068649e-23,-0.9755405442084673,0.48508746783068385,-2.011061115577969,0.04434376008980022,0.27008576263601836,0.2173322096715278,1.2427323269027697,0.21399342022394666
4.914,0.1272518256445796,0.12604180414394828,10835,0.2179970596096529,0.10098483847275237,2.1587107818018905,0.03089453127404191,-1.9791161051745871,0.8991737384306014,-2.2010385986460124,0.027754335556020946,3.7913108150698056,0.2520121051131775,15.044161522983767,1.224381217135178e-50,-1.28416504755963,0.43139072470137435,-2.9768026386023476,0.0029191623063023133,-2.6217365980862333,1.1678455835574453,-2.244934291826495,0.024792469822286417,-0.07479644773081726,0.14279075241475087,-0.5238185699418618,0.6004154658028383,-0.9296472078401846,0.6033215071386325,-1.5408819291876632,0.12337477054201897,3.92957416697325,0.2413393922616217,16.2823570994719,6.589622232630697e-59,-2.9090285435592764,0.3355792151353943,-8.668679144462468,4.995106024839984e-18,-5.1584870096807425,0.31986131613080443,-16.127261252095973,7.73630669587202e-58,-0.8351043394243042,0.2615203575418431,-3.193267045341539,0.0014107564114194595,-0.9753782544414199,0.4434308206170391,-2.1996176384044976,0.027855108496093902,-5.66697997801362,0.2764799025808421,-20.49689661025762,1.2465700247133015e-91,-2.955035326524375,0.3014245427151483,-9.803565761122968,1.3496269914213695e-22,-1.0524754092673247,0.48729418974615274,-2.1598357448415157,0.030807283902912767,0.2755416659148178,0.21832088033779792,1.2620948829469942,0.20694185248543656
4.968,0.12589217327546232,0.12468026668512422,10835,0.24991129933203576,0.10139680459809619,2.464686143933258,0.01372875367720082,-2.0918300071744893,0.9028419041338335,-2.3169394304768614,0.02052560925067921,3.73764676353214,0.25304018469475975,14.770961252817736,6.742393516112519e-49,-1.2686500716659408,0.4331505766559075,-2.9288892593896962,0.0034088541226536756,-2.724157396859612,1.172609792000358,-2.3231576398594327,0.020189129549401393,-0.08138416170288422,0.14337326513544116,-0.5676383363802354,0.5702923488691509,-0.9892037061989031,0.6057827481267989,-1.6329347596274708,0.10251181830769077,3.8978664284322666,0.24232393267210797,16.085354778830393,1.4993238211000937e-57,-2.931220139748546,0.33694820548182686,-8.699319634473138,3.822109212360269e-18,-5.169273500294139,0.3211661855453289,-16.095323022618008,1.2811651668135865e-57,-0.8741036898640445,0.26258722589579025,-3.328812690267497,0.000875083227992786,-1.0203010066783809,0.4452397899612533,-2.2915764261931124,0.021949219628868043,-5.688493155040364,0.27760779817313336,-20.49111441564285,1.397574189317177e-91,-2.9528863642089553,0.3026541995906148,-9.756634364245324,2.1371235159746017e-22,-1.1679919978669586,0.48928209904311565,-2.3871545681953,0.016996419923935163,0.233336186214834,0.21921151707609088,1.06443397375805,0.2871559056316444
5.022,0.12500636946836752,0.12379323475554993,10835,0.2637859783792901,0.10164045113323852,2.595285395117915,0.009464001640125765,-2.130890091417392,0.9050113443109221,-2.35454517207169,0.018563158551602985,3.668969314478443,0.25364821533731324,14.46479451708058,5.54230044564737e-47,-1.2428903058160192,0.4341913948317408,-2.862540162265694,0.004210669102529324,-2.7488377853882318,1.175427457843254,-2.3385856498809097,0.019375000454955108,-0.08023086496978803,0.14371777697110258,-0.5582528943925991,0.5766832583621595,-0.9230926238453395,0.6072383844085842,-1.5201486723280502,0.12850283656695896,3.877367433505092,0.2429062132164668,15.962405333986911,1.0349151612579964e-56,-2.9264604632069418,0.3377578588344495,-8.664374156402186,5.186149925466323e-18,-5.194547329571063,0.3219379162583741,-16.135245546542375,6.81872953994737e-58,-0.8930232657906217,0.26321819713808664,-3.392710973254382,0.00069452657285093,-1.0294345872632162,0.44630965732602423,-2.3065478650649625,0.021098839964928534,-5.725915858961818,0.27827486237127524,-20.576475396194006,2.576170110555687e-92,-2.9452515838728015,0.3033814478246081,-9.70808071815756,3.4306388770786104e-22,-1.2705772832310385,0.4904577957389981,-2.590594530802786,0.009593883799021104,0.21728103782758237,0.21973826076205402,0.9888175007577198,0.3227745535083574
5.076,0.12529268390948112,0.12407994615725293,10835,0.28755836161423753,0.10189258464152104,2.822171629328343,0.004778663836995965,-2.116091116007777,0.9072563528949303,-2.332407052599435,0.01969753260159607,3.6240593851067073,0.254277425594544,14.252383500552744,1.121315634074398e-45,-1.259828885979562,0.43526846796969354,-2.8943720455010773,0.003806770293122186,-2.8072297342938612,1.1783432718264988,-2.3823530896412692,0.01721956634299128,-0.09853319656119143,0.14407428923473656,-0.6839054843481047,0.49404949807938026,-0.8842183254385976,0.6087447250684073,-1.4525272893974304,0.14638404712121775,3.878354188013158,0.24350877641880447,15.92695854765775,1.8016192012767214e-56,-2.9321310278820545,0.33859571495323326,-8.659681438340233,5.402622894700546e-18,-5.24448088530192,0.3227365287730803,-16.250038089085894,1.1029553602130534e-58,-0.9329009992836946,0.2638711470881142,-3.535441481869073,0.0004087959028817344,-1.06149850860646,0.44741679152729286,-2.3725048516461578,0.01768531434377772,-5.787856523633352,0.2789651625080242,-20.747596121314498,8.517027553414171e-94,-2.995215218421743,0.3041340283959751,-9.848339675171257,8.687904821158501e-23,-1.2565834102098141,0.4916744456389684,-2.5557224325067134,0.010610308748224573,0.17305023729291147,0.2202833525829985,0.7855801868990963,0.4321306790676339
5.13,0.12434395233164575,0.12312989921074502,10835,0.30362881112164497,0.1024398588058449,2.9639713941534724,0.0030435829840093306,-2.1927178732657167,0.9121293077238312,-2.4039550694161163,0.016235476236485104,3.6254367617639596,0.2556431723374328,14.181629529219787,3.024668856257211e-45,-1.281863864974471,0.4376063337516119,-2.9292625954131295,0.0034047654302420743,-2.7048327207130693,1.1846722586869685,-2.2831907313428363,0.022438438155897057,-0.10555687954063418,0.14484812509844439,-0.7287417732807632,0.4661754085453619,-0.8977901059688154,0.6120143473070663,-1.4669429073341098,0.1424206532819093,3.855902035110155,0.24481668378604793,15.750160387271379,2.8114264358885377e-55,-2.95533571451428,0.34041434275226895,-8.681584009123194,4.46308593135262e-18,-5.256864175394476,0.3244699754679745,-16.2013886425474,2.3905354153032924e-58,-0.9052149293147372,0.2652884225652246,-3.412191608520641,0.0006467874534854386,-1.1191163623788076,0.44981990703907443,-2.4879209320578015,0.012864166231421288,-5.799534846431193,0.28046350928884417,-20.678393638932757,3.391925961183382e-93,-3.0377748088729173,0.3057675594013808,-9.93491531547738,3.6866925461072944e-23,-1.2911466426867046,0.49431527296024147,-2.6119901878705525,0.009014118893246931,0.15090755442471182,0.22146651412633805,0.6814012268176349,0.4956322315163413
5.184,0.123773084683368,0.12255824008315086,10835,0.3134205315851303,0.10285606870897823,3.047175879061884,0.0023155945532878177,-2.1460937757833967,0.9158352602235543,-2.3433185737569633,0.019131065824732615,3.6295601083855877,0.2566818424531045,14.140307213388905,5.38788737636014e-45,-1.270301948297603,0.4393843144312466,-2.8910953499601444,0.0038466575169887164,-2.654481524744203,1.1894855445678811,-2.2316215080264206,0.0256603897940901,-0.09459695868201087,0.14543663844489998,-0.650434166338696,0.5154256254113068,-0.9586785517248376,0.6145009422241061,-1.5600928914039178,0.11876718016995982,3.8421412207045917,0.2458113662214966,15.63044573472856,1.7772618391798963e-54,-2.948932531825748,0.3417974354495232,-8.627719888966949,7.13373725517896e-18,-5.290825074836661,0.32578828670574334,-16.24007151495723,1.2925795501674999e-58,-0.8962812197505053,0.26636628102720805,-3.364844890629961,0.0007685291134896642,-1.0757149266212735,0.45164751108030043,-2.381757676574503,0.017247416222330263,-5.827150570887247,0.28160302364775003,-20.692784102262625,2.5456394809660737e-93,-3.025169846398038,0.30700988331478024,-9.853656220234127,8.244116665805063e-23,-1.3566037890915295,0.49632366026450403,-2.733304691476041,0.0062804199008646205,0.11101181595075096,0.22236632556171404,0.4992294389464177,0.6176279086130214
5.2379999999999995,0.12222863978232357,0.12101165388683743,10835,0.3390532572551622,0.10338763736345079,3.2794371348602174,0.0010434304878918826,-2.3318946695688267,0.9205683724560761,-2.533103177711105,0.011319772696697008,3.6034349327663957,0.2580083954055257,13.9663475954055,6.016378776322087e-44,-1.254331484443475,0.44165508884203425,-2.840070263273042,0.0045187762092065535,-2.6801572284881754,1.1956329040613645,-2.2416221729797923,0.025005990706472025,-0.10087539357369575,0.14618826699904888,-0.6900375498284829,0.49018537504920234,-0.9106022834188706,0.6176767338242538,-1.4742376287690355,0.14044671757999988,3.7934367409696375,0.24708173965532995,15.35296273314792,1.2124850487427723e-52,-2.9360772081189035,0.34356387281335193,-8.545942808468652,1.4461713112057758e-17,-5.292134448040294,0.3274719874672131,-16.160571439931633,4.566823684851943e-58,-0.9331713216960026,0.26774288395768864,-3.4853263246520925,0.0004934849202961539,-1.1548196818375027,0.4539816627037707,-2.5437584305933485,0.010980479228671,-5.851670058860732,0.2830583713219779,-20.67301536263161,3.7758284666623164e-93,-3.0372979521442707,0.3085965357372558,-9.84229438897615,9.221314348951899e-23,-1.4086719420254044,0.49888870191524204,-2.8236196502696678,0.004757146310875468,0.07974326688787642,0.22351553308988908,0.3567683452935096,0.7212721933544701
5.292,0.12200128634097063,0.12078398523135936,10835,0.34371048205694227,0.10380234190796933,3.311201613945034,0.0009320045947466825,-2.2450894200605553,0.9242609211720846,-2.429064529974378,0.015154012607669434,3.589788285158874,0.2590433088325776,13.857869177694111,2.6701154305090485e-43,-1.2137740904648986,0.4434266388757066,-2.737260200565266,0.006205447762007759,-2.5660842400773785,1.200428781126889,-2.1376397170921675,0.032568342828889936,-0.10587556994825717,0.1467746517953923,-0.7213477848739881,0.470711151412879,-0.89448389261631,0.6201543351612473,-1.4423569132734255,0.14923065974463218,3.782583433921621,0.2480728244979248,15.247875060789914,5.889479913051275e-52,-2.9188109834156992,0.3449419631055908,-8.46174515021884,2.973524763351509e-17,-5.286419820434544,0.3287855306032049,-16.078626728906947,1.6671138701061804e-57,-0.9527399511119589,0.26881684399363975,-3.5441973685789603,0.00039547160113054855,-1.1557452066251486,0.455802656619992,-2.5356263063396467,0.011238598635290822,-5.934367020991559,0.2841937642562277,-20.881411794951145,5.814976856239671e-95,-3.0670481525255395,0.30983436638177503,-9.898992769402318,5.2660596407253285e-23,-1.4236847778157125,0.5008898252329739,-2.8423112351174797,0.004487155837948488,0.06895183860415817,0.22441209006426896,0.30725545394818604,0.7586548531142843
5.346,0.1210788401526437,0.11986026011773199,10835,0.36710152702105286,0.10427073106227157,3.520657458532788,0.0004322495926762964,-2.378688086577554,0.9284314801716708,-2.5620502292077867,0.010419047486309476,3.5466951979709207,0.26021219456407024,13.630011475490795,5.891908040725784e-42,-1.2757892579956878,0.445427520788007,-2.864190465238173,0.004188809422818417,-2.6142574538497723,1.2058454972746864,-2.1679870760874564,0.030181399232993726,-0.1173977702477652,0.1474369456681876,-0.7962574761415181,0.42589986757037135,-0.8840258538159925,0.6229526686019377,-1.4190899218715423,0.15590160991516905,3.7819274549393986,0.24919220791776103,15.176748448681504,1.706529699706469e-51,-2.9030991745506602,0.34649845086311776,-8.378390054325273,6.029161602996605e-17,-5.315448529984085,0.33026911540288684,-16.094294870714464,1.3021188405854648e-57,-0.9943427371708975,0.270029831021736,-3.6823440336518156,0.0002322244519172874,-1.1116987860738194,0.4578593830573612,-2.428035390801513,0.015197058520149583,-5.950402493293421,0.28547613683521983,-20.84378245852494,1.238947420115706e-94,-3.0703085315841383,0.3112324375059506,-9.865001720861553,7.370745982159191e-23,-1.5041522050476797,0.5031499993034921,-2.9894707485439125,0.002800895046432035,0.04883772134750122,0.22542470873113482,0.21664759654075993,0.8284870746523532
5.4,0.12078061841899601,0.11956162491463196,10835,0.3850488345251464,0.10450097789066018,3.684643362170492,0.00023014080112658777,-2.2036669790762153,0.9304816087313142,-2.368307936876747,0.01788712911820123,3.5163076983011425,0.2607867856491815,13.483458103706946,4.200099201741912e-41,-1.300192608201752,0.44641109760667524,-2.9125454433646905,0.0035922901144913107,-2.7214382218589934,1.208508201357085,-2.2518988442138625,0.024348635826856438,-0.12465284934137259,0.14776251055856063,-0.8436026761468072,0.39891011946737165,-0.8827144966064261,0.6243282499824514,-1.413862814362857,0.15743095928504963,3.750236431244618,0.2497424650699618,15.016414730246385,1.8454813009099e-50,-2.9093204877939125,0.34726357611485453,-8.3778452100939,6.056948874120945e-17,-5.328264599975142,0.33099840362750677,-16.097553769387275,1.236850679556628e-57,-1.0636289327448407,0.2706261010538885,-3.9302525831868866,8.538498963687404e-05,-1.1939516978723328,0.45887041146123764,-2.601936555617707,0.009282530879084185,-5.9978922572422135,0.2861065148369592,-20.96384369527613,1.1041177633380115e-95,-3.1031957591158346,0.311919689632193,-9.94870109923178,3.214164717339796e-23,-1.487430133874169,0.5042610367956353,-2.949722515398286,0.003187404630924276,-0.0024690013355692353,0.22592248335779175,-0.010928533091852998,0.9912806672409
