peth_time,r_squared,r_squared_adj,n_trials,Intercept_beta,Intercept_se,Intercept_tstat,Intercept_pvalue,C(Q_diff_bin)[T.1]_beta,C(Q_diff_bin)[T.1]_se,C(Q_diff_bin)[T.1]_tstat,C(Q_diff_bin)[T.1]_pvalue,C(Q_diff_bin)[T.2]_beta,C(Q_diff_bin)[T.2]_se,C(Q_diff_bin)[T.2]_tstat,C(Q_diff_bin)[T.2]_pvalue,C(Q_diff_bin)[T.3]_beta,C(Q_diff_bin)[T.3]_se,C(Q_diff_bin)[T.3]_tstat,C(Q_diff_bin)[T.3]_pvalue,C(Q_diff_bin)[T.4]_beta,C(Q_diff_bin)[T.4]_se,C(Q_diff_bin)[T.4]_tstat,C(Q_diff_bin)[T.4]_pvalue,Reward_beta,Reward_se,Reward_tstat,Reward_pvalue,Q_chosen_beta,Q_chosen_se,Q_chosen_tstat,Q_chosen_pvalue,RPE_abs_beta,RPE_abs_se,RPE_abs_tstat,RPE_abs_pvalue,Port_beta,Port_se,Port_tstat,Port_pvalue
-2.16,0.0556214590141032,0.05542659614422907,38780,0.19552488871640855,0.022871340920813738,8.548903599197104,1.2873239411349711e-17,0.10481727361036006,0.030643268376340807,3.4205644229284577,0.0006255571160258458,0.14694171949309348,0.0331764115764627,4.429102260032926,9.488473170016553e-06,0.14486118735499406,0.03255733014623881,4.44941850895993,8.634253758745683e-06,0.03632922735083385,0.032728940577445395,1.1100031565295922,0.2670045506020689,-0.025530956886480854,0.00927839231627516,-2.751657401002239,0.005932205442832969,0.45276172780791474,0.011038717785953684,41.015789749062655,0.0,-0.012197929228609915,0.009155145964191378,-1.3323577009388827,0.18275050554161004,-0.021311369070814004,0.010804353126815555,-1.9724798718324803,0.0485619461537523
-2.106,0.05816646957054905,0.057972131837618845,38780,0.18585855161204612,0.021100606727052575,8.808208883101043,1.3231851655151542e-18,0.07997675667925747,0.028270819672504333,2.8289507557872953,0.00467248514199408,0.12928335651701783,0.030607843051856664,4.223863677619568,2.4069689308693078e-05,0.1129623691687086,0.030036691852790422,3.7608125995477875,0.0001696110711562326,0.007373374952513332,0.03019501594195018,0.24419178869415475,0.8070835784155618,-0.023767962297517285,0.008560044992677367,-2.776616515199328,0.005495429601374082,0.42690441485023145,0.010184083372232906,41.918786330264574,0.0,-0.014149156609178946,0.00844634056166619,-1.6751818738395479,0.09390661709342829,-0.02172061582944327,0.00996786358344505,-2.179064314796359,0.029332890197156302
-2.052,0.06222825215716887,0.06203475253160473,38780,0.16600760106040857,0.019235214027488665,8.630400515594491,6.342174337241971e-18,0.07308739022750183,0.025771546485247324,2.8359722327622054,0.004571007554532733,0.11775575175008092,0.027901966025812176,4.220338869352245,2.4448977563432825e-05,0.0992519668287487,0.027381307274231787,3.624807458413555,0.0002895467414935623,-0.012425830822996585,0.027525634770596653,-0.4514275847425712,0.6516839308882376,-0.0233164655385383,0.0078032968269098404,-2.9880275037252146,0.0028096005620247603,0.40456654766601907,0.009283762589041518,43.577864447284156,0.0,-0.012482568489777617,0.00769964440142912,-1.621187659973069,0.10498553021883703,-0.02376608997723625,0.009086657644709248,-2.615493056577759,0.008913323610724094
-1.998,0.06683940026795832,0.0666468521057273,38780,0.14905620132751582,0.01742353310734736,8.554878072614333,1.2224895177628725e-17,0.057955559021246966,0.02334423691733018,2.4826495390055863,0.013045129896179505,0.09423662599274617,0.02527400153260947,3.728599362121527,0.00019282083304018475,0.06903636699430579,0.02480238135813016,2.783457201043151,0.005380899055125237,-0.03310028769869289,0.024933115277057192,-1.3275632559703006,0.18433024638579815,-0.02179653745171354,0.007068338330721094,-3.083686211931781,0.0020459673508270194,0.37896300678977135,0.008409365479362772,45.064399652955466,0.0,-0.011001812283089534,0.006974448475144791,-1.5774454886715805,0.11470121410263644,-0.02776556652859056,0.008230824990118029,-3.3733637347320644,0.0007432843862107114
-1.944,0.06971341462990766,0.0695214594911967,38780,0.13348278659175478,0.015869417071373453,8.411322608222447,4.1907485826760423e-17,0.04288263055332239,0.021262015549409225,2.016865731927936,0.04371640676702742,0.07711405585932345,0.023019652151628073,3.349922724782335,0.0008091117229501901,0.042488831836427626,0.022590098788255977,1.8808608246776015,0.05999834162882869,-0.043189727564712274,0.022709171715201735,-1.9018627410263784,0.05719650559351948,-0.01573753389004896,0.006437868156860065,-2.4445256576556877,0.014508697878762487,0.35071488868804956,0.007659280541748602,45.78953424886326,0.0,-0.007177048950385954,0.006352352936282727,-1.1298252824387027,0.25855684240988275,-0.028483730387608555,0.0074966652173769285,-3.7995201281744,0.00014519787708803833
-1.89,0.06786597336625633,0.06767363702690288,38780,0.11533630759490142,0.01463121177681363,7.882895098113277,3.2819832018622588e-15,0.027585204438027495,0.019603054788097953,1.4071890700818694,0.15937934809612211,0.06704727724653488,0.02122355245591288,3.159097770545737,0.001583798735652533,0.023839345101007096,0.020827514832056054,1.1446082402647229,0.2523785432646729,-0.05087095696382396,0.02093729713868981,-2.429681186967541,0.015116618662765105,-0.013617074964664105,0.005935555916804211,-2.2941532613841056,0.021787017102912812,0.3168386358299411,0.007061668060038751,44.867392963837844,0.0,-0.008880894608849353,0.0058567129891288795,-1.516361588033066,0.12943609907286446,-0.030535837068727374,0.006911740735151116,-4.417966217024162,9.99036459821121e-06
-1.836,0.06440635897237701,0.06421330877691589,38780,0.10065000806478061,0.013627618362673215,7.3857372129283005,1.5465306206342035e-13,0.016183578087313587,0.018258429545673,0.8863619977189592,0.375427988056378,0.049527512834490604,0.019767773003443193,2.505467501365166,0.012233029438670873,0.00590937140614824,0.019398900644987307,0.304624035881911,0.7606541466020124,-0.05780737655561206,0.019501152693594082,-2.9643056215133967,0.0030355129940015974,-0.01139596103121618,0.005528420477974264,-2.061341223341954,0.03927714968536441,0.285463287236016,0.006577289618525685,43.40135584602754,0.0,-0.0038242287224565475,0.005454985594702467,-0.7010520295727992,0.4832747530863605,-0.030225172992206825,0.006437646204373,-4.695065872317634,2.6743163692457716e-06
-1.782,0.05681250162325313,0.05661788451286087,38780,0.08068887901797323,0.01283865844505878,6.284837264210264,3.316805008797135e-10,0.01717804287635124,0.017201372568675488,0.9986437307702565,0.3179735403692528,0.04545663000719234,0.018623333810536553,2.4408427873141743,0.014657475424532015,6.596902485174732e-05,0.018275817018239958,0.0036096347860075273,0.9971199529594994,-0.06366876346385442,0.018372149267385247,-3.465504364090977,0.0005298103087375117,-0.006557691400104377,0.005208357056122985,-1.2590710140340904,0.2080122633226383,0.2520513954424724,0.006196502768068245,40.67639519848859,0.0,-0.0006919334206879778,0.0051391736258867985,-0.1346390433673235,0.8928979693979435,-0.028177669307183996,0.006064943896173295,-4.645990101402724,3.3956008769345187e-06
-1.728,0.048651407365036925,0.04845510629616889,38780,0.05673638937822777,0.01218199658745915,4.657396591018214,3.212941975391978e-06,0.023216892012814183,0.016321569954364405,1.4224668385289714,0.15489881684278098,0.039127156433100996,0.017670801812971683,2.2142264311050535,0.02681900129657692,-0.004038855178062891,0.017341059543095255,-0.2329070589963492,0.8158348063499952,-0.06810695303766315,0.017432464664227813,-3.9069032606399956,9.364511349699517e-05,-0.005796000250892984,0.004941964003129806,-1.1728131259601053,0.24087795881249524,0.22126504637787892,0.005879568795900227,37.63286969822772,1.9338496023482795e-304,0.000581815439418454,0.004876319113934214,0.1193144718022864,0.9050268367373666,-0.026135529163111085,0.005754738796307,-4.541566539889367,5.600571846913722e-06
-1.674,0.038585300130910105,0.03838692202358873,38780,0.03152027065822594,0.011699576193890929,2.694137816264201,0.007060135839442133,0.03226064967447728,0.01567521792622958,2.0580670601392437,0.039590365360782274,0.03646075535488395,0.016971018726999087,2.1484128879593283,0.03168714463468944,-0.005690056825515167,0.01665433461179113,-0.34165620891792664,0.7326114828510079,-0.055769014662602756,0.01674211999011763,-3.3310605046147996,0.0008659656760262664,-0.0038191412896523415,0.00474625682144793,-0.8046638505514424,0.4210186195262643,0.18821537967415117,0.005646731438561809,33.331739205590516,3.3507587123174517e-240,0.0017779147228217732,0.004683211541688617,0.37963579201906256,0.7042178675570925,-0.02574933676803091,0.005526844843532895,-4.658957777358429,3.1886873192087783e-06
-1.6199999999999999,0.028043326333032637,0.02784277299705107,38780,0.011095484965996688,0.011331235086988255,0.9791946668494875,0.3274899130775659,0.03303919958666041,0.01518171055244087,2.1762501315339904,0.029542577869084034,0.025817457715395734,0.016436715285611785,1.5707188003673442,0.1162561405772177,-0.0021737983656555746,0.01613000142706963,-0.13476740070261065,0.8927964806896438,-0.05911418313432855,0.016215023033197308,-3.645642871632252,0.000267072793423937,-0.002090868329632274,0.004596829059084251,-0.4548501375095298,0.6492196039639029,0.15467593532035356,0.0054689537760215165,28.282545740014502,3.3515959474047553e-174,0.001012668703377548,0.004535768651917473,0.22326286481772994,0.8233321036211035,-0.020970859661234,0.005352841604987448,-3.9177059978189237,8.954884810533066e-05
-1.566,0.018369008464698355,0.018166458931998974,38780,-0.002960801106386077,0.011029287813313242,-0.26844898387837435,0.788355167241588,0.03168283386852607,0.014777158349980907,2.144041034017004,0.0320357985670578,0.010774297297813961,0.01599872054535951,0.6734474339536538,0.5006666945190363,-0.005502321996527471,0.015700179795280305,-0.35046235573566786,0.7259936406237808,-0.05903318133912598,0.015782935801764465,-3.740316889113008,0.0001840528875637754,-0.0038293437028788044,0.004474335792349858,-0.8558462933037235,0.39208809412549894,0.12076617911188964,0.005323220705456189,22.68667519047385,3.3192176840839245e-113,-0.00025454421154976164,0.004414902482611733,-0.05765568153595556,0.9540231930675074,-0.015912797813115,0.005210202614918649,-3.0541610354175175,0.0022584394683339993
-1.512,0.009244543901911428,0.009040111629109893,38780,-0.01017828731455367,0.010831156725463411,-0.9397230205916157,0.3473655080834026,0.019250415341264333,0.014511700189058058,1.3265444496833876,0.18466723544640815,-0.012308616894936569,0.01571131813465886,-0.7834235669751988,0.43338320687612153,-0.01002330975991113,0.015418140396641893,-0.6500984880183235,0.5156324576800528,-0.06101411376907852,0.015499409767010615,-3.9365443385426646,8.280761314908537e-05,-0.0032433994636184415,0.004393958434088009,-0.7381497827690824,0.4604279025208584,0.0804708851056248,0.005227593904606575,15.39348437810243,2.604001013241281e-53,-0.0011083155686726182,0.004335592789507622,-0.2556318414761654,0.7982364852569496,-0.011133934198294225,0.005116606080900759,-2.1760389645501372,0.02955836401000235
-1.458,0.0031456983812017114,0.0029400076738959058,38780,-0.01305510222949341,0.01066454905888163,-1.2241588610463454,0.22089974352190747,-0.00044416371895226667,0.014288477446749348,-0.03108544773980202,0.9752015550901059,-0.03177554330099813,0.015469642557461675,-2.0540580160768758,0.039976766709942775,-0.0156400377044077,0.015180974555575653,-1.0302393727854213,0.3029040779920874,-0.05814616067799075,0.015260993819376359,-3.810116258887712,0.00013911575900902443,-0.0008222984892028119,0.004326369423946581,-0.19006663754864894,0.8492579079329848,0.03976630905348176,0.005147181697087126,7.7258413232208545,1.1378336410056712e-14,-0.00033782083081605133,0.004268901574873964,-0.07913530562625475,0.9369254101359366,-0.0070305888501454175,0.0050379011169191254,-1.395539270616907,0.16286127339957987
-1.404,0.0009771449315929548,0.0007710067654236319,38780,-0.007904087478542198,0.010594983830660088,-0.7460216650514471,0.4556588507844992,-0.02077595862642389,0.014195273206323104,-1.4635828648348594,0.14331606419551088,-0.055633882063661606,0.015368733535516743,-3.6199392705386657,0.00029504723372065085,-0.02305208619171871,0.015081948525149685,-1.5284554348715975,0.12640765815896315,-0.05932058585278714,0.015161445820481055,-3.9125942575115813,9.146559559039157e-05,0.0017660060059606526,0.004298148364182512,0.4108759996926115,0.6811657325225802,0.0005156455196530253,0.005113606450025235,0.10083793594449973,0.9196796331912749,-0.0024734577104925043,0.00424105537990859,-0.5832174986938784,0.5597502850399102,-0.0044496244241772585,0.0050050387109213616,-0.8890289728364841,0.3739930247818072
-1.35,0.0020566252130180818,0.0018507097865834155,38780,-0.007591723319288339,0.010555433288036722,-0.7192242243520801,0.4720071108162145,-0.02755744939171481,0.014142282964245311,-1.9485856322763364,0.051352133101140125,-0.06576511347631073,0.015311362824954202,-4.295183533181504,1.7497307359704046e-05,-0.03041307771189712,0.015025648368630223,-2.024077561630684,0.04296901550969069,-0.05485881612330398,0.01510484890455,-3.631867916717723,0.0002817397236805846,0.004214902258703983,0.004282103592166229,0.9843064671333067,0.3249709929708605,-0.03562302438096558,0.0050945176139219105,-6.992423440370034,2.7454289774740663e-12,-0.005004294167181186,0.004225223733135735,-1.184385604941035,0.23626771637857025,-0.001083329569521019,0.0049863551527364915,-0.21725880655061083,0.8280078011709813
-1.296,0.006339681457333879,0.006134649795825453,38780,-0.012179118069412144,0.010580200438246642,-1.1511235671287978,0.24968850268931111,-0.02292956938695355,0.01417546625828248,-1.6175530997829577,0.10576707839283138,-0.06391293901883195,0.015347289234856674,-4.164444811118386,3.1278538165229564e-05,-0.022325940379749644,0.015060904381338775,-1.482377141137196,0.13824810042363916,-0.038814113756756745,0.015140290752507215,-2.563630672041696,0.010362105614311523,0.005044540558944995,0.0042921510719794755,1.1752942695510782,0.23988422379693627,-0.06978606531776657,0.005106471332878582,-13.666201329368334,2.0271642277570033e-42,-0.004501082459479319,0.00423513775068608,-1.062794819070562,0.2878816291199267,-0.0013554169903287438,0.004998055080508079,-0.27118888617589193,0.7862472041167067
-1.242,0.013004854088664475,0.012801197717477342,38780,-0.007154641406844632,0.010580258816307137,-0.6762255565825412,0.49890148264172607,-0.019366660568393056,0.014175544473835351,-1.3662022368268998,0.17188341939792248,-0.05744842361852251,0.015347373916142687,-3.7432087034836012,0.00018194742570586648,-0.02884799779235796,0.015060987482447512,-1.9154121086667264,0.055447316212589276,-0.03464176763003195,0.015140374291643794,-2.28803905126383,0.02214060384934538,0.003820537917585934,0.004292174754655091,0.8901170469451082,0.37340856352680274,-0.09860707592803543,0.005106499508705129,-19.310111703709836,1.0814510299537555e-82,-0.0022498397918065444,0.0042351611187809715,-0.5312288549848908,0.5952632428809923,0.0017349026834931776,0.0049980826581294616,0.3471136438032554,0.7285078277853388
-1.188,0.021320586418135168,0.02111864591341106,38780,-0.008049828867281051,0.010613229162725326,-0.758471219631516,0.44817354662004816,-0.01643979675487301,0.014219718498316533,-1.1561267374469693,0.24763644491661652,-0.042689870904177876,0.015395199611469235,-2.7729339002772297,0.005557992881452853,-0.03053589297049114,0.015107920736474432,-2.0211843511178604,0.04326754314483554,-0.010416367640665619,0.015187554931925218,-0.6858488866282053,0.49281250586385983,0.0020539786286196786,0.00430555008800046,0.4770537066434562,0.6333265672229853,-0.12585011331830262,0.005122412451924139,-24.56852401079678,2.8267064939603524e-132,0.0012500714605002687,0.004248358785458826,0.29424809052827205,0.7685699105959746,0.00748660651977454,0.0050136577512842045,1.4932424371920703,0.13538187467456828
-1.134,0.028926025401013633,0.028725654200972506,38780,-0.005380411902566517,0.010682817826638016,-0.5036510019997021,0.6145095073269694,-0.015319529707558333,0.014312954138133655,-1.0703261926021885,0.28447917158411684,-0.03058747865112965,0.01549614262845354,-1.97387694373475,0.04840282477835983,-0.030771459915950834,0.015206980127582512,-2.0235089187850894,0.04302755143032845,0.012439093832950754,0.015287136467347551,0.8136967874604866,0.41582367209495197,0.0021638194020083576,0.004333780655101132,0.499291398022511,0.6175769472465134,-0.14688566370527684,0.005155999010084125,-28.48830331774642,1.0897130160694657e-176,0.004088678541229763,0.0042762143614733465,0.9561444295372113,0.33900523232610147,0.011543307899452335,0.005046531228232457,2.287374708963283,0.022179321962652015
-1.08,0.03487688432781333,0.034677741026753695,38780,-0.0031277422323588034,0.010806761265933931,-0.28942456998826843,0.7722580426183833,-0.017570432285914768,0.0144790148901893,-1.213510202121565,0.22494220878580884,-0.024353747733225704,0.015675930886978492,-1.5535758551637662,0.12029378458977881,-0.0328769108772292,0.01538341348523253,-2.137166169835436,0.032590716823124345,0.020579640509569286,0.015464499809257628,1.3307666438231351,0.18327363277135636,-0.00046061415816122395,0.004384061740884318,-0.10506561845735149,0.9163242842685301,-0.1623045849764625,0.005215819579964354,-31.117752922268778,5.368107505520619e-210,0.0031226702103665164,0.004325827555644457,0.7218665492784084,0.4703808824331289,0.014132114175027985,0.005105081738696251,2.768244447078546,0.0056385912419096166
-1.026,0.0390477275703246,0.03884944488018405,38780,-0.012446705043418695,0.011018477108414793,-1.1296211736840807,0.2586428737732839,-0.013552648983193302,0.014762674051369492,-0.9180348313614674,0.3586063415359927,-0.008296752179271956,0.015983038893969483,-0.5190972902157162,0.6036958608710512,-0.02250442878665989,0.01568479076803827,-1.4347930501258812,0.1513541449927947,0.03733071980683866,0.015767465658608162,2.3675789511840892,0.01790977911439219,-0.0031349403029351,0.00446995013076532,-0.701336751244326,0.48309709288566816,-0.1736509571804567,0.005318002982505254,-32.65341477838954,9.721441171915819e-231,-0.0006114592090291026,0.00441057507646341,-0.13863480349582827,0.8897394596597342,0.0140502520500344,0.005205095670219734,2.6993263794210467,0.006951011657007401
-0.972,0.042473411564305064,0.04227583572908056,38780,-0.02222896341533326,0.011261846012097312,-1.9738294584613598,0.04840822597878316,-0.016291285685220817,0.015088742324140177,-1.0796980513847543,0.28028337840836093,0.0016086983768566904,0.016336061785868928,0.0984752872475208,0.9215554035636722,-0.01810754647686863,0.016031226150727586,-1.129517250060552,0.25868668495960395,0.04911192433643604,0.016115727110116433,3.0474532114413058,0.0023094470397060324,-0.0013783633409576164,0.004568679460793069,-0.301698412590834,0.762883596627245,-0.18565642204964097,0.005435463548325576,-34.15650209020966,5.928451899677111e-252,-0.004306077694682794,0.004507992969190944,-0.9552094965790534,0.3394777198734742,0.015180939219122773,0.00532006241329683,2.8535265265271916,0.0043259812793188515
-0.918,0.04058338780831572,0.04038542198598627,38780,-0.03482553672024457,0.011637067138762069,-2.992638635231699,0.0027675113246260013,-0.011591161661581572,0.01559146762234941,-0.7434298003458222,0.45722601268584095,0.015547332958724555,0.01688034515663909,0.9210316977795767,0.35703960886376596,-0.0030723368885403704,0.01656535303646479,-0.18546763728954835,0.852863231775873,0.05424788011057646,0.01665266939087432,3.2576086654494176,0.001124518189234898,-0.0004292072356329264,0.004720898293549925,-0.09091643347185517,0.9275594619209738,-0.1847934356288608,0.005616561811821377,-32.901522643251155,3.5313063698818134e-234,-0.0036691436261921838,0.0046581898551259545,-0.7876758441166998,0.4308911538589939,0.017376911688318897,0.005497315752625016,3.1609811897781697,0.0015735961923983993
-0.864,0.03730272124362499,0.03710407848924535,38780,-0.03712540769711943,0.012070844799058247,-3.0756262975078523,0.002102070933716174,-0.01607636934913775,0.016172647593656664,-0.9940468470631441,0.3202062644407588,0.008736302760326609,0.017509568700658083,0.4989444862795656,0.617821323834132,0.0015882084623485562,0.017182835087264602,0.09242994268889237,0.9263569279783623,0.06504096049385105,0.017273406203674704,3.7653812876822403,0.00016654052372839883,0.0030837155576191578,0.004896872204489323,0.6297316794978004,0.5288738628968697,-0.18553147343511894,0.005825922040871316,-31.845855837674605,1.0311389083617072e-219,-0.0005403215028510393,0.004831826276784245,-0.1118255234976376,0.9109623285117514,0.018325680405261266,0.005702231023513166,3.2137737544647473,0.001311099763317554
-0.8099999999999999,0.032686566106277404,0.03248697085541585,38780,-0.036111969970418066,0.012584468542172678,-2.8695665493859166,0.004112569412679364,-0.01746235355924796,0.016860806204872725,-1.0356772592642332,0.3003591944438702,-0.006620274631498042,0.018254614334668132,-0.36266307850312623,0.7168585605300624,0.00123660767551681,0.017913977954375892,0.06903032250381556,0.9449658391864412,0.07421602526883947,0.018008402941546743,4.121188620097872,3.777052664659911e-05,0.006560217928440939,0.005105237888340966,1.2849975009828176,0.1988008337541419,-0.1836674647632901,0.006073819510811336,-30.23920359114457,1.47848489551035e-198,0.0019341271142938156,0.005037424206313934,0.38395160603499906,0.7010164217136733,0.019316617490985316,0.005944865345398289,3.2492943689528024,0.0011579020984350905
-0.756,0.028176262456012124,0.027975736550042263,38780,-0.047165838160866023,0.013187749681318292,-3.576488733910452,0.0003486639763274138,-0.007985743362057545,0.01766908875888775,-0.45196124548531835,0.6512994299502058,-0.00427806271115572,0.019129714025495532,-0.22363443099327263,0.8230429483263779,0.01901603609334286,0.018772748032009973,1.0129596402677994,0.3110857605026994,0.08676830080622042,0.018871699615884797,4.597800016548869,4.283219616110183e-06,0.010056799390861959,0.005349975575798044,1.879784168801894,0.060144991231625984,-0.1771687394687334,0.006364989594090395,-27.834882814769497,7.560614300681855e-169,0.004616701470788746,0.005278911004374624,0.8745556549377123,0.3818211425664738,0.021759495665707097,0.006229853553332572,3.492778037144575,0.00047855598180144725
-0.702,0.024784792852349247,0.024583567151253427,38780,-0.059264912516605796,0.013934352865028272,-4.253151408656074,2.112763645225892e-05,-0.015486624956988807,0.01866939572856941,-0.8295193471789731,0.40681570078489804,-0.015017280766194654,0.020212711939470853,-0.742962191870419,0.45750907250479866,0.02201575939400948,0.019835536891851514,1.1099149730125837,0.26704255156877954,0.10224884062274445,0.019940090460093596,5.127802244798066,2.945517195625529e-07,0.013241305991580597,0.005652855816489886,2.3424099997304944,0.01916468504608189,-0.1770074298944154,0.006725333216775364,-26.31950331515116,2.4628728014547926e-151,0.007149699251465283,0.005577768038942918,1.281820828967329,0.1999131708503998,0.023099920013035177,0.006582546666969233,3.509267944722517,0.00044985122108300875
-0.648,0.021256041246785262,0.021054087423824086,38780,-0.08598970508771694,0.014767975912943003,-5.822714337741676,5.835515969787639e-09,-0.01628715903571587,0.019786292847562007,-0.8231536428372793,0.4104256898645452,-0.01606278911758863,0.02142193799372795,-0.7498289427544602,0.4533622846395816,0.02491152829678458,0.021022198438388776,1.1850106148409993,0.2360205134700546,0.1048756944193817,0.021133006926760452,4.962648939776713,6.983241515258539e-07,0.010060530973802004,0.005991038073018758,1.6792634016316164,0.09310877797366066,-0.1717220356207601,0.007127676463621158,-24.092288208816665,2.6068476645190768e-127,0.008361101598976739,0.005911458167090503,1.4143890327302948,0.15725573871664472,0.02577924209385697,0.006976347704499419,3.6952346966924488,0.0002199858304292188
-0.594,0.017841259725713265,0.017638601297449874,38780,-0.12058837736205144,0.01577298628267399,-7.645247082634762,2.1334423987404092e-14,-0.023116458852671357,0.021132816542315996,-1.0938654961766856,0.2740207693679959,-0.022041926264462726,0.022879772835167664,-0.9633804681217326,0.3353626329537933,0.034423719148023876,0.022452829660275224,1.5331572754470322,0.12524526770615613,0.0993973122399472,0.022571179038510497,4.403727074706974,1.066912500720042e-05,0.013899272674387286,0.006398748339092528,2.1721861742039517,0.029847662155636907,-0.16590471681674773,0.007612738790391925,-21.79303945462268,1.1501224629177233e-104,0.01198257525537971,0.006313752753239578,1.897853103169342,0.05772285620223561,0.03159733284217228,0.0074511116008656115,4.240619995344259,2.2341918135830508e-05
-0.54,0.012698188702628843,0.012494469054170398,38780,-0.14523716769887446,0.01693290843147292,-8.577213317289575,1.007417594713376e-17,-0.022981639573407195,0.022686892703585638,-1.0129919453348044,0.31107032978978705,-0.014661401505424334,0.024562317585754993,-0.5969062754048611,0.5505734427774138,0.041044314388776044,0.02410397763944836,1.7028025416686114,0.08861304242977389,0.10161597742367447,0.02423103025641418,4.193630082929543,2.7513457165514526e-05,0.018143348012796497,0.006869302854901409,2.6412211538832926,0.008264090311769268,-0.14554739166444822,0.008172568373563246,-17.809259587875363,1.146444059074083e-70,0.010754250989603862,0.0067780568190186335,1.5866274474755622,0.11260520217137139,0.03762607097603284,0.007999055358891342,4.703814299048402,2.5622440578939482e-06
-0.486,0.006780190157103405,0.006575249390067595,38780,-0.14259256570484366,0.018286135786895894,-7.797851189917748,6.453812003258262e-15,-0.015980079212335626,0.024499961258245474,-0.6522491625147988,0.5142443164382358,-0.010184402393483019,0.02652526448316163,-0.3839510214855022,0.7010168549713262,0.048386070704682246,0.026030295380326137,1.8588367898910878,0.06305784756453417,0.11258288173410577,0.02616750166212467,4.302393219948098,1.6937636772119267e-05,0.023518371624016383,0.007418276976716176,3.170328055670305,0.0015238534270015107,-0.10938417463199905,0.008825695574476622,-12.39383045890813,3.291285891265918e-35,0.00787644092997032,0.0073197388307785815,1.0760549128953723,0.28190939414085886,0.03402428890667315,0.008638315919060384,3.938764132439148,8.204563376563599e-05
-0.432,0.002766825282561336,0.002561056398659889,38780,-0.10702471371705968,0.019560433800860217,-5.471489784257904,4.4902418288349446e-08,-0.01824349212687436,0.02620727943292281,-0.6961230818928893,0.4863559254111329,-0.01989772328643193,0.02837371908530855,-0.7012730064256767,0.48313686520015486,0.04446323803683165,0.027844257285269694,1.5968548767990953,0.11030620986933705,0.11621217285245321,0.027991025001722156,4.151765533605976,3.306247076778668e-05,0.02805710198283755,0.007935231227118325,3.5357636318086816,0.00040707224618307,-0.06637957715730386,0.009440727994309615,-7.031192636554517,2.081569680309269e-12,0.006853011865595086,0.00782982629614034,0.875244431536525,0.3814463442580326,0.020734750047840225,0.009240290494112121,2.243950020949269,0.02484123669587772
-0.378,0.0011512254310767078,0.0009451231846411279,38780,-0.0630643868475549,0.02078307171372888,-3.0344112610599248,0.0024116524534717153,-0.0235865819824859,0.02784538284893322,-0.8470554027016914,0.396969469926853,-0.027040851595494506,0.030147237251416797,-0.896959524681609,0.3697460846967271,0.02617724324662813,0.029584681089732716,0.8848242496591546,0.37625691561395735,0.10129446461969625,0.02974062261983097,3.405929523215609,0.0006600605510398967,0.026586874255944408,0.00843122812802691,3.153380960902349,0.001615141029997053,-0.027378473407128345,0.010030826971072384,-2.7294333244990017,0.00634718947262539,0.0020965104238915306,0.008319234791795287,0.2520076036271005,0.8010365223791184,0.008482236362342684,0.00981786099173189,0.8639597127608547,0.3876153670750583
-0.324,0.0016296351965402467,0.001423631665075198,38780,-0.05317230518499479,0.021898560684807916,-2.428118722062084,0.015181892640264375,-0.01514809074379823,0.02933992696114643,-0.5162961299753125,0.6056505432766903,-0.04387022139294139,0.03176532870227024,-1.3810724832765866,0.16726463510832507,0.016245566685466912,0.031172578486376324,0.5211492752377505,0.6022657634510298,0.09439262226948933,0.03133688985993919,3.0121885959767836,0.0025953861049174943,0.02828642837002449,0.008883757095785446,3.184061435385698,0.0014533894354608317,0.019042648453292656,0.01056921114311188,1.8017095311510591,0.0715988830855495,-0.0017805066391717705,0.008765752745728656,-0.20312079188400212,0.8390416868134297,-0.0037083254837200694,0.01034481464933918,-0.3584719117182979,0.7199921360764988
-0.27,0.0030589612404721134,0.0028532526358429067,38780,-0.10775683974714959,0.022840450677148006,-4.717807072649442,2.392303957363727e-06,-0.012418648121696253,0.030601881295883353,-0.4058132244100575,0.6848820805940592,-0.06608878999703002,0.033131603209471894,-1.994735647991103,0.04607870768047745,0.014682630345106562,0.03251335791632867,0.45158763308580735,0.6515686068151842,0.09576006079571996,0.032684736568906546,2.9298097781463492,0.003393671967911863,0.029513488072730534,0.009265860834169746,3.185185769668971,0.0014477557284240314,0.04868824726713822,0.011023808792058401,4.416644753691069,1.0051577782766936e-05,-0.005458431955054594,0.009142780939744041,-0.5970209710840351,0.550496865683954,-0.013566783432603672,0.010789760667987126,-1.2573757518881659,0.20862517916540887
-0.216,0.0031071685670335247,0.0029014699094939145,38780,-0.14915974134327153,0.023699396463476897,-6.293820248677699,3.130523520601397e-10,0.019232343280070067,0.03175270609196037,0.605691471598372,0.5447231938449413,-0.04252513624037763,0.03437756159152648,-1.2370026922112882,0.21609357549031977,0.05151352017769481,0.033736066354808615,1.5269569260362883,0.12677988000773785,0.15470211703835735,0.033913889931507256,4.561615236435422,5.09168974669597e-06,0.031824597384526844,0.00961431596024057,3.310126015842996,0.0009333902992354495,0.04404376998138752,0.011438373909230437,3.8505272105019643,0.00011805305677007691,-0.004597158174815897,0.009486607481283276,-0.4845945385519448,0.6279667261128352,-0.0142910203545081,0.011195524091496859,-1.2764940915416643,0.20178855992623715
-0.162,0.004406825352289534,0.004201394865658181,38780,-0.07803485691785934,0.0244375116493651,-3.1932407045987734,0.0014079797784276491,0.026628171759322018,0.032741640750935316,0.8132815322812234,0.4160616570364981,-0.04204343075989146,0.0354482470962657,-1.1860510519946283,0.2356094073441837,0.04510847214260044,0.03478677255852951,1.2967133431738873,0.1947375537762923,0.14232525216612807,0.034970134431638884,4.069908637164422,4.712469593177474e-05,0.03314115607950796,0.009913752809745038,3.342947591645699,0.0008297197265043807,0.07337379091977403,0.011794620849834245,6.2209537596797935,4.991801236452686e-10,-0.0036557593161339347,0.00978206686377375,-0.3737205405610576,0.7086142851951664,0.0037878528140574165,0.011544207500318936,0.32811718032205917,0.7428248362955163
-0.108,0.00782257959009347,0.007617853909474337,38780,-0.04752201377190012,0.02501441851319712,-1.8997848679483968,0.05746877029813763,0.03547830432695259,0.033514586767426635,1.0585929217374246,0.2897918070025773,-0.04332797569672647,0.036285089134607214,-1.1940986429988412,0.23244668956976025,0.05532014060811545,0.03560799888253212,1.5535874619242738,0.12029101419901082,0.1422639151989318,0.035795689458362125,3.974330913905556,7.070508171966949e-05,0.03975995466170213,0.010147791042619887,3.9180896112970394,8.940654598156611e-05,0.11303973266881717,0.012073061544705176,9.362971624905901,8.154901912620566e-21,-0.0019949097352400438,0.010012996329799047,-0.19923204498768451,0.8420822783433416,0.03626364724834432,0.011816736579383667,3.068837745914765,0.002150415755936446
-0.054,0.01050596487361588,0.010301792882152827,38780,0.006288292834397396,0.025526700652710142,0.24634177835786134,0.8054189758380308,0.042644814316357554,0.034200947883718594,1.2468898365433514,0.21244542633919491,-0.0660216568260152,0.037028188682753434,-1.7830107054835769,0.0745923818916801,0.054755346509642006,0.03633723197830435,1.5068661955961435,0.13185310516014162,0.1408703942032093,0.03652876635844673,3.8564235326451186,0.00011524385580815196,0.04428894475312646,0.010355612467847171,4.2768059243852425,1.900472446162342e-05,0.12624855476629376,0.012320311497580594,10.247188538300016,1.3097283582988022e-24,0.005997590022381479,0.010218057230177734,0.5869599168683808,0.5572340450203171,0.07500392553311057,0.012058737131735294,6.219882290635623,5.025974182771201e-10
0.0,0.011217734049043249,0.011013708923882426,38780,0.1038441924138846,0.026189235479223628,3.9651479133961733,7.348201033763653e-05,0.047001402914489065,0.03508861916490042,1.3395056298341073,0.18041397457920147,-0.1198715418151095,0.03798923981500903,-3.155407752269628,0.0016039644439402355,0.06760326008667794,0.037280349618623844,1.8133751635447626,0.06978170608770198,0.1513263527604563,0.03747685519340063,4.037861554272133,5.4044312649013585e-05,0.05135171102048754,0.010624388053190886,4.833380592218181,1.347467707652254e-06,0.0962505804280422,0.012640080023552437,7.614712901239324,2.7026469028284075e-14,0.009976020271330533,0.010483262626926957,0.9516140753458243,0.34129867269982517,0.10681772933617886,0.012371716604572014,8.634026526012079,6.144593227079959e-18
0.054,0.010575022310716387,0.010370864568550409,38780,0.16215911170171424,0.026978178161421396,6.010751012594342,1.8631149131637722e-09,0.059135830529510505,0.036145653049701444,1.636042664610232,0.10183877542972478,-0.16757663451534893,0.03913365400678963,-4.282161703741609,1.855310283889947e-05,0.08741836050333453,0.0384034087107734,2.276317739440948,0.022832425987033375,0.1896291713371581,0.03860583395568925,4.911930449548361,9.055077540552306e-07,0.05830650721816731,0.010944444483018477,5.32749810267998,1.0012925896463294e-07,0.036780326734189385,0.013020858555437689,2.824723621533345,0.004734556916611344,0.017198441864276486,0.010799067696595091,1.5925857997629826,0.11126129333017207,0.12055620563766067,0.012744410770812375,9.459535462695698,3.2605187426376485e-21
0.108,0.014264402444999602,0.014061005968755924,38780,0.26788731118390197,0.027884773645051618,9.606938704035016,7.904439711546045e-22,0.062005639537360525,0.03736031942233977,1.6596656692470348,0.09698981692318985,-0.20638257175188116,0.040448731465624006,-5.102324949974727,3.370862814032262e-07,0.10671532537151801,0.03969394644408038,2.688453402381023,0.007181452325222446,0.20439132078688343,0.03990317414288008,5.1221820112612,3.0346421994760805e-07,0.09950164852417959,0.011312230027312008,8.79593575130146,1.4758189858085318e-18,-0.020592039139698922,0.013458421517944486,-1.5300486102506885,0.12601285552876887,0.03089516487264432,0.011161967887355575,2.767895875031389,0.005644624098815102,0.1636228904403085,0.013172683768982021,12.42137846090214,2.336471639448211e-35
0.162,0.02384681812648426,0.02364539888388051,38780,0.418670167249218,0.0288770995728161,14.498345520937969,1.6529161597234695e-47,0.07143594491054372,0.03868984836542049,1.8463743831674058,0.06484548083598203,-0.2160809296222618,0.041888166674582374,-5.158519619656191,2.5013318155727947e-07,0.1349475346549613,0.04110652137594631,3.2828741070249388,0.0010284543667763105,0.22759681916318208,0.041323194789492285,5.507725632604179,3.658026715345869e-08,0.18502863535653302,0.011714794498511495,15.794441411673345,5.083127751928022e-56,-0.05682598260911413,0.013937361773620892,-4.077240982340583,4.566410218938727e-05,0.054051252431984,0.01155918503103725,4.676043534803921,2.9344653804772677e-06,0.2226640119050148,0.013641455572855813,16.322599206207766,1.0788319929447455e-59
0.216,0.033448759408614026,0.03324932142855841,38780,0.5761212232388814,0.029784380655991007,19.343065410460262,5.7454220314446e-83,0.07806603025329611,0.0399054333116973,1.9562757192367832,0.05043985191435537,-0.21347945211002356,0.04320423864146724,-4.941169172811829,7.797859027919625e-07,0.1645467252280833,0.04239803505949607,3.8809988481112185,0.00010420038783619466,0.2495545320419299,0.042621516071181934,5.855130343677836,4.804695552618105e-09,0.2550524831521025,0.01208285817523152,21.108621772531517,2.3746373559014995e-98,-0.07663583052396765,0.014375255636703837,-5.331093405274552,9.816818617382885e-08,0.09220258150884096,0.011922359659747231,7.733584973127356,1.0707858443374567e-14,0.2681531731143739,0.01407005244620226,19.05843451114874,1.3085236874637446e-80
0.27,0.03520487319232901,0.035005797568422925,38780,0.7157460428614761,0.03060255402632738,23.38844144334227,3.8162646539757696e-120,0.06791411259432832,0.041001630786624395,1.6563758877728187,0.09765381299509938,-0.20621280825346988,0.044391053903815016,-4.645368607383925,3.405834103295255e-06,0.18486090431477165,0.043562704005979266,4.24355899232973,2.2051308463534524e-05,0.2552291052741928,0.043792324014297265,5.828169913769954,5.648116385654222e-09,0.23958253318953468,0.012414772842543465,19.298180983910008,1.3593849301954933e-82,-0.06956903092148732,0.0147701421877983,-4.710112471290811,2.4843668506653267e-06,0.14168717161510144,0.012249865452056386,11.566426763594894,6.852706057453864e-31,0.2946267086823082,0.01445655510219767,20.38014634880196,7.612133199794496e-92
0.324,0.03233142503549635,0.032131756504900855,38780,0.795773875465454,0.03118657064700775,25.516555971241612,1.9439680461554815e-142,0.046096908172275866,0.04178410253175351,1.1032164239316824,0.2699400380230708,-0.20975417295010051,0.04523820912056728,-4.636659519192528,3.552381895009542e-06,0.16998207594150938,0.04439405106150228,3.828938154484279,0.00012889962079760242,0.2359756886695884,0.044628053119148026,5.287608850862937,1.2459581394151735e-07,0.16612446917644827,0.012651695345017576,13.130609348878332,2.6677519043574508e-39,-0.04323021959551502,0.015052014364874291,-2.872055430427837,0.004080324949414738,0.19285674818111492,0.012483640875471845,15.44875810710355,1.1121885682470513e-53,0.3009849840760931,0.014732442809158391,20.430079924626376,2.7711422310742578e-92
0.378,0.03103654608649631,0.03083661037085028,38780,0.7767883975599609,0.031538213501983846,24.63006972513198,6.35046094576591e-133,0.02042115198466431,0.04225523740814588,0.48328096674538057,0.6288989815759034,-0.21770366435938682,0.045748290629342866,-4.758727842385265,1.955180681927601e-06,0.14649576031322512,0.044894614301876364,3.263103216082254,0.0011029470263903681,0.20768670556095697,0.04513125483980108,4.601837602303911,4.201047202269229e-06,0.06246998773943077,0.012794348999430735,4.88262339429777,1.050996689333819e-06,-0.005277237869740978,0.015221732714618958,-0.34669100874913644,0.7288253472659083,0.23351729304413255,0.012624399638839387,18.49729885971835,4.617952763650326e-76,0.3020591507876601,0.014898557843376865,20.27438856586647,6.419746629496612e-91
0.432,0.032558801337872034,0.032359179724055,38780,0.6904031993928514,0.03166475009773245,21.803525916419343,9.172051597625752e-105,-0.01605378534743049,0.042424772499086896,-0.3784059265792413,0.7051311380122988,-0.22623332930000456,0.04593184043495221,-4.925413986413017,8.452789797331488e-07,0.10800166566309333,0.045074739015054835,2.396057481930646,0.016577200455963274,0.16734682779394272,0.04531232899445895,3.693185309773127,0.00022176639642185363,-0.05391884850759487,0.01284568207088406,-4.197429783024678,2.7056230369099112e-05,0.038564206464999765,0.01528280485616502,2.523372301612758,0.011627489897111262,0.2652669306634864,0.012675050844988657,20.928273496304367,1.0161838440598504e-96,0.2933132210269054,0.014958333353202303,19.608683273802857,3.377448455917725e-85
0.486,0.03869375437206224,0.0384953986431662,38780,0.5538587862292921,0.031788639812572426,17.423167191011444,9.979879466363716e-68,-0.044497153660280064,0.04259076127053907,-1.0447607023887522,0.2961400952997779,-0.2258879785687744,0.04611155076255617,-4.898728731374646,9.68469004955305e-07,0.0674813529454974,0.04525109589599738,1.4912645010983339,0.13590020081078605,0.12824517650668854,0.045489615456551086,2.8192187429937836,0.004816509962907081,-0.1908996473863738,0.012895941361855085,-14.803079669006252,1.910233308723469e-49,0.08601355354893951,0.01534259949625349,5.606191673708433,2.0823106289082172e-08,0.2790159919336232,0.012724642533851542,21.92721651640532,6.306525855144991e-106,0.28700375574362785,0.015016858484393603,19.112103642842406,4.730153466044379e-81
0.54,0.04982283328007675,0.04962677392298609,38780,0.41699448991533006,0.032027632449345825,13.019834999506724,1.1377243260435857e-38,-0.08862458473177633,0.042910966173870815,-2.0653131969268332,0.03890000643539878,-0.2443380543045008,0.04645822558624886,-5.259306639916576,1.45365480585305e-07,0.016369472003432133,0.04559130166726769,0.3590481386756414,0.7195610327221795,0.0746605270485055,0.045831614460216205,1.6290180463381672,0.1033173230187788,-0.3445814766796321,0.012992895338115686,-26.52076136323327,1.317600292955476e-153,0.12699197774603577,0.015457947882664086,8.215319310815884,2.1808860721753976e-16,0.28314867206050043,0.012820308655116706,22.085948137254334,1.9878034718565985e-107,0.2701664745166026,0.015129757892056173,17.85662906466286,4.946929749709833e-71
0.594,0.06763204190662053,0.0674396572978988,38780,0.2779373229146373,0.03232562391239653,8.598049759777453,8.40661876001028e-18,-0.1266274721083953,0.0433102183387411,-2.923732019035487,0.003460623827330541,-0.24836665560122623,0.0468904821582912,-5.2967392137875455,1.1853070025505078e-07,-0.034319506270840384,0.04601549220672459,-0.7458250390251181,0.4557776339600348,0.03697421712919362,0.046258040917700256,0.7993035674592466,0.42411930745585746,-0.5076234987503755,0.013113783820809287,-38.709155624852194,0.0,0.16567659224605347,0.015601771704565436,10.61908835632896,2.640190556180685e-26,0.2812902730082699,0.012939591356981792,21.738729241746466,3.706776799622416e-104,0.25198893658424343,0.01527052816900335,16.5016516649201,5.765767527008647e-61
0.648,0.08829248064028461,0.08810435910215353,38780,0.15392986440353768,0.03283422333655927,4.688092141718012,2.7670088952467506e-06,-0.15161851887583055,0.04399164531342662,-3.4465298534664104,0.0005684375073157261,-0.259986071232205,0.04762823968121017,-5.458653793891362,4.8269420405045744e-08,-0.08034385263363122,0.04673948296100451,-1.7189717888121134,0.08562749131896139,-0.0032484209423793414,0.04698584784379075,-0.06913615676743876,0.9448815974727873,-0.6677940542575258,0.013320111250650494,-50.13427002908206,0.0,0.20412983003303198,0.0158472442166,12.881093219930683,6.879902325210167e-38,0.26934991700858296,0.01314317810695132,20.493514948726595,7.649688177922694e-93,0.229798296913182,0.015510789017624978,14.815384095036118,1.5923524603156932e-49
0.702,0.11055733788328015,0.11037381047111805,38780,0.04832096130366266,0.033483731314020854,1.4431175800120257,0.1489954308931484,-0.16760782573927158,0.04486186308224213,-3.7360870508656276,0.00018717382244323437,-0.2570495868717063,0.04857039449657788,-5.292310048867675,1.2143633949195905e-07,-0.1269898600353069,0.04766405689517156,-2.6642688077223062,0.007718779682428794,-0.03350108614550026,0.04791529522829331,-0.6991731134261766,0.4844480452807459,-0.8215348658987423,0.013583602134211009,-60.47989758398944,0.0,0.24386791659251011,0.016160725410717447,15.090159036473828,2.6305294640558898e-51,0.2560575606440286,0.013403168999446657,19.104255169400595,5.490027253718052e-81,0.2057409226389004,0.015817614645885037,13.007076429973848,1.343537377842752e-38
0.756,0.13167686036976267,0.13149769075543638,38780,-0.033344549794805854,0.034206759363605684,-0.9747941756295927,0.3296684485597189,-0.1858662601591802,0.04583058383384824,-4.0555071441596695,5.0123366131630494e-05,-0.25737154893475317,0.04961919509980461,-5.186935185407042,2.148562196252783e-07,-0.1708912150608779,0.048693286575968386,-3.509543657404672,0.00044938522774132553,-0.06137987463701617,0.048949950002257755,-1.2539313039989846,0.2098745360375007,-0.9612053951249022,0.01387691846939861,-69.26648717037237,0.0,0.281002049202696,0.0165096906339778,17.020430935536684,9.96471330345022e-65,0.24101021534548966,0.013692589167379612,17.601507822907422,4.4569624239053224e-69,0.18097076007692225,0.016159170936587617,11.199260208775192,4.556798043673521e-29
0.8099999999999999,0.14902661474667533,0.14885102507702452,38780,-0.0913245914883754,0.0351001976389938,-2.6018255631392893,0.009276424978019289,-0.20522068568108498,0.047027622037476194,-4.363832930305197,1.2813317216637031e-05,-0.257861219344215,0.05091518714701626,-5.0645246299428806,4.112944231332566e-07,-0.21418603391983676,0.04996509503695049,-4.28671322973449,1.817735304999413e-05,-0.09371784326439198,0.050228462194701284,-1.8658314264353186,0.062072499616272564,-1.0852363054969418,0.014239366428096274,-76.2138056476739,0.0,0.3176611142967818,0.016940903347535997,18.751131966229217,4.2045559044276586e-78,0.22062667614700932,0.014050222672537586,15.70271740804819,2.1477562977732457e-55,0.15777298717889787,0.016581228508888577,9.515156678187124,1.9149381089005797e-21
0.864,0.16163114383893196,0.1614581549851678,38780,-0.13579299438086745,0.0361223568809251,-3.7592506720560857,0.00017067297855827404,-0.2208385267598147,0.04839712197551233,-4.56305081264033,5.057002787689832e-06,-0.24188356534736175,0.05239789757595037,-4.616283792622658,3.919236927933289e-06,-0.2553387916708879,0.05142013766067797,-4.965735279743343,6.873152641481596e-07,-0.11217471267102358,0.05169117438134932,-2.1700941023985965,0.030005768955868022,-1.1891327814475572,0.014654033608703695,-81.14713076277356,0.0,0.3602725927177446,0.017434242476319466,20.66465424047501,2.3285070788467851e-94,0.20093158259883637,0.014459381763424648,13.896277578554402,8.500177880277483e-44,0.13409575655997458,0.017064093481252905,7.858358060877712,3.991954127367792e-15
0.918,0.17112848669521052,0.1709574575211773,38780,-0.1624569383141474,0.03712527615731569,-4.375911915799571,1.2124137758991497e-05,-0.2342269511703379,0.049740844000934745,-4.70894605579946,2.4986160581218835e-06,-0.22497725007647165,0.05385269914647055,-4.177641114414159,2.951919560790035e-05,-0.301530294973938,0.05284779221335705,-5.705636552546987,1.167518137550526e-08,-0.14808991446701905,0.05312635413380059,-2.7875038082615156,0.005314167485312377,-1.277271957368128,0.015060895564901389,-84.80717178231697,0.0,0.40329106069967136,0.017918295549224063,22.50722227411499,1.8307794893534128e-111,0.1802299037160807,0.014860839307931853,12.127841502187863,8.65965062923111e-34,0.11787466511767614,0.017537869551371873,6.721150751657608,1.8278656165856492e-11
0.972,0.17773304917160782,0.17756338278160932,38780,-0.18048228743961345,0.038104361079050346,-4.736525750036576,2.1818166739676655e-06,-0.24547823067464028,0.051052632501828475,-4.808336390211579,1.5276157734738577e-06,-0.21211569609474362,0.05527292738950362,-3.837605607533365,0.0001244367552586153,-0.33494736278917747,0.054241518586833966,-6.175110349334489,6.677214399788805e-10,-0.16885765921969056,0.05452742687084177,-3.096747250143693,0.001957962063391817,-1.3515257851412783,0.015458088455613656,-87.43162448720929,0.0,0.43957886912785843,0.018390845111443913,23.90204835417408,2.3611718017392485e-125,0.15492085228696334,0.015252756222679183,10.156908694089855,3.31035779958153e-24,0.10582304596855574,0.01800038634355239,5.8789319267283835,4.162962512574857e-09
1.026,0.18280524094688055,0.18263662115186807,38780,-0.19009222133989112,0.038984686533420645,-4.876074126617116,1.0864576025819288e-06,-0.2594756200130843,0.05223210200692619,-4.967742251282109,6.802463927051268e-07,-0.1983843562391041,0.056549898411733766,-3.508129312535432,0.00045178045133673853,-0.35897827887441636,0.055494660960659054,-6.468699378646553,1.0002496808481413e-10,-0.17818855873870915,0.05578717458675632,-3.194077492876122,0.0014039059488370606,-1.4138390940565815,0.015815216835621215,-89.3973891570135,0.0,0.473420739243799,0.018815728999285474,25.160903373011863,1.3953262249497516e-138,0.13179663727921903,0.015605140809951842,8.445719194995572,3.1253031679060613e-17,0.09355874846890255,0.01841624945837682,5.080228125729823,3.787279360742274e-07
1.08,0.18628655983656028,0.1861186583761566,38780,-0.19104998000098625,0.03980682944489596,-4.799427200436901,1.5971183603266475e-06,-0.26898446189144387,0.053333617915734044,-5.043431749116166,4.5931505375229545e-07,-0.18907219493970231,0.057742471759322435,-3.274404250094765,0.0010597778830339383,-0.3733644312524927,0.05666498054484807,-6.5889801366293534,4.485176002603762e-11,-0.19613858282148955,0.05696366295221794,-3.4432227960132025,0.0005754324657915329,-1.4657883663711746,0.01614874185713715,-90.7679607079328,0.0,0.506785273719932,0.019212531425995813,26.37785008560706,5.427229310982878e-152,0.10989555499417589,0.015934235565875494,6.896820028789236,5.399316032300453e-12,0.08449016275975219,0.018804627313747956,4.493051702119186,7.04124099454786e-06
1.134,0.189181808314422,0.18901450425898136,38780,-0.1967608520574165,0.04057627687448584,-4.849159834601256,1.2446527850520784e-06,-0.27799374715818836,0.054364531851565014,-5.11351312501343,3.177238718195844e-07,-0.17586651021473193,0.05885860678170295,-2.9879489140304045,0.0028103229483498874,-0.38490198279369336,0.05776028816507312,-6.663782245920969,2.704343260541734e-11,-0.19870603737606551,0.05806474396393936,-3.422146104690831,0.0006219303411648338,-1.513360479688322,0.01646088949829217,-91.93673767419034,0.0,0.5354745040443726,0.01958390068920506,27.34258677790039,4.688915876953442e-163,0.0848837856455453,0.016242236900561407,5.226114245545287,1.7400408996422518e-07,0.07502072338994122,0.01916811198089504,3.9138295657243014,9.09988731910376e-05
1.188,0.1922634072553605,0.19209673905639835,38780,-0.20026510137526082,0.0413180821886015,-4.8469118305425205,1.2588251236271304e-06,-0.28870035047445836,0.05535841058399892,-5.215112706973306,1.8464721126894063e-07,-0.17178442758234092,0.05993464506454417,-2.8661957937240587,0.004156607580782416,-0.40412340483388953,0.05881624726250932,-6.870948481806422,6.473786880326145e-12,-0.20026684693562694,0.059126269045909105,-3.387104415131082,0.0007070465640198638,-1.5595066065560903,0.016761823350421468,-93.03919829920396,0.0,0.5610725446063932,0.019941928648431168,28.135320033377656,1.9717524656105504e-172,0.06558059689982457,0.01653917340075416,3.965167745132547,7.347590359521987e-05,0.06554027456004384,0.019518538595268153,3.357847424905708,0.0007862750685907446
1.242,0.19569053183610907,0.1955245707893134,38780,-0.20716145145623882,0.04197598482745171,-4.935237429396966,8.038484784506484e-07,-0.29397660705211137,0.05623987561036488,-5.227191629811005,1.7299428492728913e-07,-0.16459012634497194,0.06088897689840147,-2.7031186058456003,0.006872215657017365,-0.4111976030495108,0.05975277098848096,-6.881649105926498,6.006100361658566e-12,-0.19686272907825073,0.06006772920984194,-3.2773459504441407,0.001048800094800426,-1.6040350244652641,0.01702871976066254,-94.19586715912081,0.0,0.5844319182274677,0.020259461476350875,28.847357019320697,4.5131019529093616e-181,0.05096699760563361,0.01680252458378073,3.0332940357564735,0.002420597524560537,0.05294338849463134,0.019829329836490602,2.6699534947067716,0.007589337366695837
1.296,0.19839289389275228,0.19822749045077603,38780,-0.22227590820694657,0.04261127705475728,-5.216363450485483,1.834062208194265e-07,-0.2871210638385808,0.05709104696433703,-5.029178463270016,4.947798743782447e-07,-0.15546725333370046,0.06181051081621546,-2.515223564418674,0.011899702142281463,-0.4031183359805419,0.060657108817003466,-6.645854770241527,3.054476103399107e-11,-0.19375750077487403,0.06097683382372468,-3.17755922413091,0.0014863683417166978,-1.6444317523183862,0.017286443631808947,-95.12840161596061,0.0,0.6044930424164121,0.02056608152250891,29.392718382197117,7.89149750672877e-188,0.0399650236639964,0.017056825067999642,2.3430517405595546,0.019131757279188196,0.040017261534856546,0.020129439986844053,1.9879967630003879,0.046819068855449196
1.35,0.20122613611251072,0.2010613172811393,38780,-0.23281910673011433,0.04318556782562334,-5.391132233578634,7.042337166029002e-08,-0.28957807697058835,0.057860487911355986,-5.004763828024242,5.617504974313813e-07,-0.1556243772673987,0.06264355803652416,-2.484283813774791,0.012985418699595462,-0.39511242096675925,0.06147461113537471,-6.427245551772141,1.3144273244865283e-10,-0.1982261884755145,0.061798645215497765,-3.2076138204046525,0.0013394976047291435,-1.6834251806580895,0.017519420574182373,-96.08909002041322,0.0,0.6226020182540266,0.02084325957554117,29.870664710457675,7.514617937703348e-194,0.028157043585317204,0.01728670734081304,1.6288263016311875,0.10335791962577391,0.02901617727711127,0.02040073323140679,1.4223105095282096,0.15494417411395367
1.404,0.20378917967550458,0.20362488970200376,38780,-0.24385151890211018,0.043645812847159605,-5.587054129477156,2.3250096216349477e-08,-0.2956562674829945,0.05847712913771172,-5.055929930943321,4.302458602175129e-07,-0.1547618649216035,0.06331117426039888,-2.44446366268722,0.014511191239566512,-0.3876233949815384,0.06212976944752609,-6.238931810441041,4.45112212305119e-10,-0.20441193640380298,0.062457256882084276,-3.272829237276959,0.001065699092989978,-1.7157095207783226,0.01770613170258586,-96.89917309989029,0.0,0.6419586332046912,0.021065394120372585,30.47456076712306,1.3666843029200258e-201,0.019024722240701012,0.017470938355778252,1.0889353424115809,0.27618916796212556,0.018109698485680364,0.02061815160467809,0.8783376334070325,0.37976596165911025
1.458,0.2062193322388064,0.20605554370247536,38780,-0.2464527299483339,0.04398113823180717,-5.603600540062859,2.1136699622205633e-08,-0.29943103320991127,0.058926401691985264,-5.081440994396195,3.7631890389215557e-07,-0.1627403106298178,0.06379758618576961,-2.5508850782526613,0.010748781977018373,-0.38811302945146986,0.06260710478576373,-6.199185072997069,5.73270542996173e-10,-0.21989694190325787,0.06293710826579793,-3.4939155605081558,0.0004765222380782193,-1.7424551971028195,0.017842165723640332,-97.65939987846424,0.0,0.6562861055366094,0.02122723693931383,30.91717058667852,2.3394687066214592e-207,0.011989015646387878,0.017605165415423597,0.6809942061597727,0.4958792235707855,0.010642912242011044,0.020776558314658987,0.5122557875479258,0.6084749216794522
1.512,0.20877022473439955,0.2086069625486905,38780,-0.25285241974470857,0.04425199000710125,-5.713922011284297,1.112088476449472e-08,-0.2903998966169908,0.05928929181151435,-4.8980159442652225,9.71985681510777e-07,-0.17158995723331072,0.06419047482332187,-2.673137372882747,0.007517692682552915,-0.3782764368665974,0.06299266200776811,-6.005087335727282,1.929268045708639e-09,-0.2295147209954364,0.06332469776873031,-3.62441083941139,0.00028999125535942053,-1.7676080124080773,0.017952044241014493,-98.46277051666777,0.0,0.6696684024076005,0.021357961951006303,31.35450863447429,3.92380643163199e-213,0.006241445638524475,0.017713584399079295,0.3523536229544196,0.7245749932309072,0.005475272028554846,0.020904507884185054,0.2619182455233528,0.7933858640520447
1.566,0.21076124846315347,0.2105983971048625,38780,-0.2459308792731218,0.04458306332548785,-5.516240045634654,3.485368883747041e-08,-0.29667854850412434,0.05973286740171222,-4.966755513491726,6.83713039566816e-07,-0.1898885056112063,0.06467071884184304,-2.936236197955252,0.0033241639289658207,-0.381353126836653,0.06346394453408097,-6.008972963094997,1.8836412773629414e-09,-0.2363735939655104,0.0637984644360092,-3.7050044394500525,0.00021168058356295022,-1.7915350485564625,0.018086353293731493,-99.05452024855593,0.0,0.680455579041948,0.02151775253524805,31.622985622095033,1.023608875297274e-216,0.001170277337141785,0.017846109403414318,0.0655760485766095,0.9477156966267665,-0.0013577954470851434,0.02106090593076659,-0.0644699450037248,0.9485963700980721
1.6199999999999999,0.2130209996112864,0.2128586145295729,38780,-0.22625486341434498,0.04482140819004042,-5.04791956680692,4.4866539657580096e-07,-0.31271969322949955,0.06005220441286055,-5.20746401047234,1.9241473842243412e-07,-0.22015188762601312,0.06501645402855159,-3.386094964965864,0.000709651830880658,-0.3921357122286062,0.06380322820226489,-6.146016796916338,8.022539441443353e-10,-0.24766970657376552,0.06413953647616148,-3.86142027493161,0.00011291271807047444,-1.813836854424133,0.01818304448326624,-99.75429890706134,0.0,0.6826629959458854,0.021632788278217227,31.556865770894706,7.8591591762581e-216,-0.004081616555111395,0.017941516228591258,-0.22749563097721967,0.8200395657156065,-0.0074333969261847765,0.02117349933276715,-0.35107078000475755,0.725537156211338
1.674,0.21495621308939206,0.21479422731922138,38780,-0.2087448612893835,0.0450508931903199,-4.633534354303025,3.6064283784171003e-06,-0.31203747341583465,0.06035967088263404,-5.169635103255845,2.3571375931289777e-07,-0.2515360605220994,0.06534933738883451,-3.8490988672989435,0.00011874321703973601,-0.3903687301122667,0.06412989986281932,-6.087156395804562,1.1600984209243224e-09,-0.24470588285346495,0.06446793003050384,-3.7957769504570593,0.00014740565802219435,-1.833995879887913,0.01827614142369774,-100.349184073935,0.0,0.6858428569534474,0.021743547859956018,31.542361962765476,1.22835712339606e-215,-0.009060520433532834,0.018033376547644045,-0.5024306130133205,0.6153675031263048,-0.013966887573252026,0.02128190736135241,-0.6562798783071325,0.5116479565577949
1.728,0.21625288594773084,0.2160911677327655,38780,-0.19071777243583352,0.045284556946872716,-4.21154109246517,2.542063004658729e-05,-0.30921984965657257,0.0606727360949739,-5.096520604782618,3.475752217860899e-07,-0.2660106354553368,0.06568828231492076,-4.0495903695584055,5.140703548263079e-05,-0.3865056668974325,0.06446251997860698,-5.995820005573799,2.042479378794614e-09,-0.23487898094497955,0.06480230339452293,-3.6245467929590824,0.0002898388123883143,-1.8512200682320346,0.01837093359224168,-100.76897066427983,0.0,0.6876742565581637,0.02185632429376122,31.463399211845378,1.3923599490436543e-214,-0.013709146735995993,0.01812690957682624,-0.7562870371197751,0.44948171357807787,-0.021597234254034006,0.021392289421917884,-1.009580313171443,0.3127027060229282
1.782,0.2170551907834778,0.21689363811592377,38780,-0.1724367920451712,0.0455079088402293,-3.7891609709109706,0.00015138536200586902,-0.3061262352572176,0.060971985362176295,-5.020768693012278,5.16928654883589e-07,-0.26915777866697393,0.0660122691929108,-4.077390187578636,4.563483121664023e-05,-0.3823541813733291,0.06478046116779981,-5.902307184614248,3.6142775317690647e-09,-0.22474611206998454,0.06512192045898964,-3.4511591563322805,0.0005587787209979244,-1.8653737033316617,0.018461542468141006,-101.04105366876728,0.0,0.6933920794600018,0.02196412376762058,31.56930305055909,5.3578968366044146e-216,-0.020614652786880842,0.018216314880701412,-1.131658786197216,0.2577849141995293,-0.024284039481145936,0.021497800189114367,-1.1296057860581665,0.2586493604258212
1.836,0.2160650007591045,0.21590324377594883,38780,-0.15307926358609106,0.045700480166331964,-3.3496204641382783,0.0008099948149579285,-0.295161189840536,0.061229994494556524,-4.820532686260106,1.4371694574081162e-06,-0.26919996993054424,0.0662916067968898,-4.060845451451243,4.8991324171127644e-05,-0.3732873194474806,0.06505458625134126,-5.738063078370349,9.647728159991713e-09,-0.21430907836921798,0.06539749046211078,-3.277022969151726,0.001050000228295586,-1.867689912219252,0.01853966435520622,-100.74022250002473,0.0,0.699762610347515,0.02205706718225787,31.725097655339496,4.360768408493946e-218,-0.026352983883806587,0.01829339906238939,-1.440573389009341,0.1497133180177222,-0.028458298454531704,0.02158877030829172,-1.3181991400224202,0.18744478093442749
1.89,0.21435928060633813,0.2141971716652442,38780,-0.13768854159133642,0.0457965026332736,-3.0065296185149815,0.0026441749794851046,-0.28483350706266797,0.06135864642777017,-4.642108710757932,3.4599962540720563e-06,-0.26426895148519103,0.06643089381529738,-3.978103203307141,6.959336567437683e-05,-0.3564031950044405,0.06519127413372207,-5.467038338188893,4.6043437568764586e-08,-0.19749410484129964,0.06553489882944323,-3.0135715224842974,0.0025835890360637053,-1.8611578330811795,0.018578618525954046,-100.17740718886986,0.0,0.7073371852639807,0.022103411859526675,32.00126703331165,8.161895731032224e-222,-0.030318574552301455,0.018331835798728383,-1.6538755248072072,0.09816090190236608,-0.03427439036588289,0.021634131034824432,-1.5842739563105839,0.1131395457384423
1.944,0.21170683453532435,0.21154417828906502,38780,-0.12417150326922374,0.0458744624378161,-2.7067674839250944,0.006797156760559402,-0.27636331400159875,0.06146309781177227,-4.496410429034148,6.931035088151875e-06,-0.2474626172741741,0.06654397973233551,-3.718782950306853,0.0002004668702285929,-0.3398929881307372,0.06530224983485887,-5.204920029406086,1.9506754402820974e-07,-0.18228140251891756,0.06564645948603677,-2.776713381742841,0.005493792567329324,-1.8482142019493004,0.018610245077888617,-99.31165302842886,0.0,0.7161130875177234,0.022141038699333412,32.343247181952805,1.7919494047959674e-226,-0.03269907386356631,0.018363042250173336,-1.7807002466194102,0.07496926070827926,-0.03744547218312309,0.02167095901359887,-1.727910248901558,0.08401227936127546
1.998,0.20808970973979435,0.20792630713676408,38780,-0.1128355918331699,0.04597077407348247,-2.454507110382928,0.014112150168973795,-0.25898983816577836,0.06159213717635116,-4.204917218966381,2.617631198329831e-05,-0.23265571503385635,0.0666836862093424,-3.488945021777474,0.00048546867442480953,-0.32982586570190764,0.06543934934862027,-5.040176422671931,4.67192146435796e-07,-0.16168380433551793,0.06578428165446822,-2.457787791691057,0.013983918627170378,-1.8304920724659215,0.018649316557931204,-98.15330587476396,0.0,0.7231837144181843,0.022187522942181508,32.594161876597475,6.391188577761217e-230,-0.03755235352536901,0.01840159473756918,-2.04071190899021,0.04128622988981451,-0.04076367585860851,0.021716456342573305,-1.8770869066098375,0.06051368641456497
2.052,0.20332940590134518,0.20316502105822032,38780,-0.09205146479117451,0.04604875139693385,-1.999000233420091,0.04561529636692581,-0.2576408981877282,0.06169661203237567,-4.175932676052447,2.9741546567524423e-05,-0.2461096414758709,0.06679679753873102,-3.6844527064814487,0.00022950627815732818,-0.3322938798188759,0.06555034998790575,-5.069292229258657,4.011318083410327e-07,-0.15197950705537663,0.06589586738065999,-2.306358700424082,0.02109584471217239,-1.8049739223917474,0.01868095021689593,-96.62109804025087,0.0,0.7215704965093019,0.02222515823738628,32.46638286226033,3.668612331433422e-228,-0.0408740590386381,0.018432808201640484,-2.2174623959359803,0.02659728575786899,-0.04098428859744567,0.021753292597227965,-1.8840498933328522,0.059565702633064994
2.106,0.19866834049445115,0.1985029938880689,38780,-0.07244486741823968,0.04614569631011444,-1.5699160097484726,0.11644281297573272,-0.2562394691595758,0.06182649986897428,-4.144492567145333,3.412894366707591e-05,-0.26247573736864194,0.06693742262717946,-3.9212106930162194,8.825668870950547e-05,-0.3297612212277448,0.06568835097155365,-5.020086763489434,5.187659723281823e-07,-0.1430966041941902,0.06603459577064631,-2.1669944750051684,0.030241344264663975,-1.7802320443849533,0.01872027860348555,-95.0964503302579,0.0,0.7237844347501443,0.022271948127891142,32.497580839987215,1.3666391485128696e-228,-0.04607484966667025,0.018471614183053073,-2.494359681296396,0.012622590677335854,-0.03451467640679251,0.021799089084608307,-1.5833081957154946,0.11335939219242337
2.16,0.19353252254082864,0.1933661162108481,38780,-0.05835964514063867,0.04623379861875507,-1.26227233937392,0.20685839899226727,-0.24623489798640796,0.06194454028897401,-3.975086373031607,7.048110674229902e-05,-0.2639647022680914,0.06706522092560095,-3.935940247791349,8.301613174278219e-05,-0.3204047120656207,0.06581376451678432,-4.8683541264974854,1.1297368988792225e-06,-0.1273167482485891,0.06616067037353987,-1.9243569862542964,0.054317162203726635,-1.752741900930775,0.018756019742860258,-93.44956579063,0.0,0.7251007564068053,0.022314470187474008,32.494643624289715,1.4998418832213487e-228,-0.053510017758836376,0.018506880567222668,-2.8913580311101903,0.003837938986288049,-0.03323946609641241,0.021840708352019723,-1.5219042148575086,0.12804123829317118
2.214,0.18776392714260415,0.1875963305218602,38780,-0.04178595195024681,0.046487572834342995,-0.8988628444670521,0.3687313031815892,-0.24135868350775977,0.06228454971046706,-3.8750971891059347,0.00010675741996386483,-0.26271164114708295,0.06743333741920703,-3.8958718521360747,9.801029965940042e-05,-0.31674951112264627,0.06617501185020937,-4.786542567451677,1.70303510211896e-06,-0.12470365084590879,0.06652382184991468,-1.8745713547134204,0.06085922950555013,-1.7275759337430614,0.018858970275587306,-91.60499796637286,0.0,0.7286661358278861,0.022436952815708438,32.47616295372054,2.692194290417267e-228,-0.06296124851799403,0.01860846359174666,-3.3834737729727986,0.0007164585178116401,-0.03496423944218368,0.021960590533356864,-1.5921356663462682,0.11136237700495141
2.268,0.18141638281247485,0.18124747644076655,38780,-0.036852684109026576,0.0467933705146967,-0.7875620777830485,0.430957718365931,-0.22604718831375253,0.06269426072917754,-3.6055483497957814,0.00031188509351731214,-0.23932432623174535,0.0678769174321878,-3.5258573206545734,0.0004226011997935745,-0.3019782405145664,0.06661031453192355,-4.533505698578271,5.818602071712532e-06,-0.10847348562951387,0.0669614190220118,-1.619940067187884,0.10525328471251613,-1.7006346570975808,0.018983025566335326,-89.58712356756776,0.0,0.7333513090547439,0.02258454426234513,32.471379565424726,3.132154902074902e-228,-0.06859402396949295,0.018730871036454093,-3.6620840448901175,0.00025050429715987437,-0.03484214471519669,0.022105048444038256,-1.5762075710172732,0.11498613314405055
2.322,0.17526046700894915,0.1750902904268664,38780,-0.029396897704983466,0.047161865368261,-0.6233192320837885,0.5330784286813719,-0.21668837655623535,0.06318797409439589,-3.429266085228919,0.0006058452866162692,-0.22230318559122242,0.06841144389340337,-3.2495029038943906,0.0011570536995215105,-0.2855782353729818,0.06713486657485887,-4.253799105335932,2.1066614657726387e-05,-0.08653988369182877,0.06748873599075257,-1.2822863315099964,0.1997498877843856,-1.6759088708444758,0.019132515700286613,-87.594799194095,0.0,0.7372585004262724,0.02276239612980476,32.3893186034539,4.189476524290217e-227,-0.07420794852433131,0.018878375469321185,-3.93084397780545,8.479510941090311e-05,-0.03640922599522864,0.02227912431204736,-1.6342305687275362,0.10221856508644177
2.376,0.16853750634929088,0.16836594255291704,38780,-0.024412508190044195,0.047572902104912745,-0.5131599526177145,0.6078423607844166,-0.20180698705557942,0.06373868553179536,-3.1661617332053416,0.0015458443559559245,-0.19978539728177383,0.06900768020483863,-2.8951182924674725,0.0037922717745650474,-0.2776425257838727,0.06771997694437049,-4.099861493041352,4.142390630952226e-05,-0.06509203994443105,0.06807693049039293,-0.956154154947055,0.33900031960936317,-1.6480175802657047,0.019299264126286665,-85.39276780097607,0.0,0.7423617712774258,0.022960780586197906,32.33173055639369,2.5761294012512354e-226,-0.08059492551113132,0.019042908949615165,-4.23228014818398,2.318654681284734e-05,-0.03675974104432158,0.022473296838540456,-1.6357075380805128,0.10190892841491943
2.43,0.16258532184965468,0.16241252988078092,38780,-0.011909205906017564,0.047964191289031934,-0.24829368714366015,0.803908498055041,-0.2031295950336641,0.06426293898607412,-3.160913556687512,0.0015739615130558422,-0.18844609466292833,0.06957527136893793,-2.7085211592442398,0.006761345758490671,-0.2767759577702602,0.06827697669327577,-4.0537231022052325,5.050718653013107e-05,-0.05436628967418491,0.06863686619770337,-0.7920858379167088,0.42831547336033715,-1.621808445667829,0.019458001411168338,-83.34917915757562,0.0,0.7488877801201623,0.023149634002844633,32.34987559752084,1.4540206127589883e-226,-0.08269975012448919,0.019199537702044824,-4.307382365549424,1.656037435005384e-05,-0.03594646789769208,0.022658140680209573,-1.5864703289219582,0.1126408127428421
2.484,0.15735755364882742,0.1571836829833606,38780,0.0024513409512678854,0.04837399382560951,0.05067476876325497,0.9595849434680641,-0.20209357712407733,0.0648119968289496,-3.118150759302144,0.0018212284660825363,-0.17683988324403893,0.07016971739051786,-2.520173798903394,0.0117336715821792,-0.2753945532615615,0.06886033018025828,-3.999320835968268,6.364221682193965e-05,-0.053338076641353614,0.06922329455424664,-0.7705220762001638,0.44099495988628845,-1.6000861155730364,0.019624249149756818,-81.53617003954847,0.0,0.7579873378902573,0.023347422779852068,32.46556782894133,3.764437284309616e-228,-0.08748080445582675,0.019363577145637276,-4.517801839911416,6.266913479542297e-06,-0.034042594366007414,0.02285173017427459,-1.489716275589976,0.1363069876926813
2.538,0.15225109777728163,0.15207617344678237,38780,0.01837832360657177,0.04881472864390661,0.37649136064317507,0.706553697285196,-0.20947282319861998,0.06540249807531882,-3.2028260290208928,0.0013619605287814801,-0.16632965366039093,0.07080903275810067,-2.3489892063433464,0.018829443705434084,-0.2705453059578028,0.069487715738277,-3.8934263859932026,9.90036602819928e-05,-0.05438420606900413,0.06985398707587881,-0.7785411877768602,0.43625478644173665,-1.579377792515459,0.019803045424350466,-79.75428822545672,0.0,0.7659375483157594,0.02356014084017348,32.50988835388132,9.25480929205242e-229,-0.09187022379967333,0.01953999844104717,-4.7016494948476515,2.5895490792868466e-06,-0.03292774048814757,0.023059931985819068,-1.4279201043783132,0.1533229108551442
2.592,0.1478162441037122,0.14764040468643713,38780,0.03673685819623482,0.04930759433554351,0.7450547667411337,0.45624312868126427,-0.21782497016539398,0.06606284482606732,-3.297238723807483,0.0009772824892650212,-0.16620705784787887,0.07152396744838739,-2.3237952783843543,0.020141611370918158,-0.2749305718536864,0.07018930954057892,-3.916986413646644,8.981635647000096e-05,-0.05201243376105141,0.0705592789951456,-0.7371451990691376,0.461038515702075,-1.564228047087104,0.02000299003022523,-78.19971137932377,0.0,0.7710399027810233,0.023798019559011847,32.39933057744906,3.0541198960838803e-227,-0.09694123029401959,0.01973728715111015,-4.911578250436864,9.071350656044665e-07,-0.02731169733146828,0.0232927602661973,-1.1725401806974034,0.240987454226312
2.646,0.1425888557066306,0.14241193767113114,38780,0.05567837328646219,0.04985536922085976,1.1167979328325996,0.2640876537699576,-0.22122180624138169,0.06679675950464611,-3.3118643461438335,0.0009276116342886206,-0.16810579169937512,0.0723185516010797,-2.3245182318732356,0.020102873668642246,-0.2709728588477722,0.07096906652329388,-3.818182655098499,0.00013464745151689267,-0.04537765318429485,0.0713431460947356,-0.6360478289538629,0.524749002770267,-1.5440886841268644,0.020225210069905613,-76.34475383889401,0.0,0.7763285076887103,0.02406239987629077,32.263137163373486,2.2324835364695665e-225,-0.10378459395046313,0.01995655540686968,-5.200526435275357,1.9973255472009662e-07,-0.02392120714764785,0.023551527485637925,-1.015696632086193,0.30978021048374643
2.7,0.13813074070803644,0.13795290278602412,38780,0.06411329891776421,0.05040482376271122,1.2719675247668325,0.2033922872241003,-0.2149615710806299,0.06753292460510296,-3.1830632589601615,0.0014584079277845461,-0.15578533382859372,0.0731155722080539,-2.130672428922515,0.033122412708668184,-0.2564407133794477,0.07175121449534956,-3.574026100925002,0.00035196043007096155,-0.038827790749625474,0.07212941678662577,-0.538307288196803,0.590368010792685,-1.5289980610924272,0.0204481115087372,-74.77453653551855,0.0,0.7846885170930986,0.02432759086988875,32.25508523593018,2.875756125737651e-225,-0.11307211604765564,0.020176496010647763,-5.604150293885716,2.1069784525913565e-08,-0.01831008694021877,0.023811088169808106,-0.7689731275463305,0.4419139476318579
2.754,0.1348001867785662,0.1346216616307554,38780,0.06251499156330491,0.05091872881897817,1.2277406175152714,0.21955180745484892,-0.20939349100891685,0.0682214601227042,-3.0693199857097513,0.002146948124529545,-0.1389613773068964,0.07386102590562972,-1.8813897532975465,0.059926405786273534,-0.23211241723929216,0.07248275781144252,-3.2023121670275305,0.0013643919563404345,-0.02655200827837166,0.07286481608425521,-0.36440095103882486,0.7155606127064313,-1.5193932942427533,0.020656591315053364,-73.55488962670742,0.0,0.7954366427313228,0.02457562411396248,32.36689489726532,8.500893227827002e-227,-0.12218576480477789,0.020382206546735237,-5.994727044131012,2.0562504538564355e-09,-0.014462093843439059,0.024053855383186107,-0.6012380806757578,0.5476849393009591
2.808,0.13158560792106688,0.13140641947772946,38780,0.06551969052402551,0.051416604195233244,1.2742905049746507,0.20256811802743252,-0.20438848685447963,0.0688885189027459,-2.9669455826598226,0.0030095767436290046,-0.12754383102663935,0.07458322747892675,-1.7100873123608986,0.0872577295073142,-0.2163532227970762,0.07319148289461716,-2.955989061030321,0.003118557318299291,-0.02717809284591958,0.07357727687353915,-0.36938160802868375,0.7118453221450347,-1.5084473409977228,0.020858568238116226,-72.31787550217557,0.0,0.8085713268136332,0.024815920727531547,32.582765543596345,9.177429706771981e-230,-0.1284536318406183,0.020581500578395785,-6.2412179982374525,4.3866038858622957e-10,-0.009339773160572953,0.024289050223612392,-0.3845260755191396,0.7005906822126309
2.862,0.12863079216965423,0.12845099403025506,38780,0.06647049595669502,0.051901308876129974,1.2807094348109125,0.20030340571417882,-0.19728228760519212,0.06953793144359394,-2.83704567434852,0.004555670836473831,-0.11581388987575394,0.0752863240766358,-1.538312453107209,0.12398039694920467,-0.20070019331622418,0.0738814595065709,-2.7165163581855634,0.006600219095151641,-0.030077263188788606,0.07427089036798198,-0.4049670475171097,0.6855039673918022,-1.498475389292119,0.021055202104161314,-71.16889127347596,0.0,0.8216029683366401,0.025049860582674915,32.79870423330342,9.47118538458368e-233,-0.1339631497328669,0.020775522525709685,-6.448124208047603,1.1457220382944393e-10,-0.004850768249933517,0.02451802326689657,-0.19784499741799594,0.8431673763257439
2.916,0.1259821605927669,0.12580181593528417,38780,0.075660230314403,0.052347054208360916,1.4453579376835017,0.14836545406678975,-0.19236982596526211,0.07013514583038241,-2.742844884510497,0.006093741310755942,-0.11547520374920707,0.07593290753020686,-1.5207530898677875,0.12832996527003074,-0.19143952228450356,0.07451597752599236,-2.5691070377185405,0.010199800767193243,-0.04157099397198363,0.07490875294638392,-0.5549550931883507,0.5789285783808236,-1.487923012358487,0.02123603103237791,-70.06596524981046,0.0,0.8356108423158963,0.025264996937991353,33.073854881786104,1.3939278683026587e-236,-0.14164482887198737,0.020953949474683084,-6.759815329474048,1.40120849772893e-11,0.003090257474801914,0.02472859203025535,0.1249669803691611,0.9005503391188281
2.9699999999999998,0.12269845802056645,0.12251743580458441,38780,0.0829039840974159,0.052847167120180664,1.5687498235975923,0.11671440491937667,-0.18613891658406642,0.07080520248462166,-2.6288875683180817,0.008569846121324762,-0.11754499670178109,0.07665835479867619,-1.5333618496050865,0.12519488260003966,-0.1947358978882834,0.07522788773872915,-2.588613129277437,0.009639925749032817,-0.05014433467024945,0.07562441565412076,-0.6630707058893763,0.5072892132041313,-1.4742762455149294,0.021438915673657317,-68.76636243904909,0.0,0.8449664138998578,0.025506373484902325,33.12765785383047,2.4624554972411975e-237,-0.14829830449380726,0.021154139167195597,-7.0103681989470035,2.415709651462363e-12,0.011149923898410222,0.02496484387579814,0.4466250201235738,0.6551483218709524
3.024,0.12038131496915128,0.12019981463435847,38780,0.0859616734566361,0.05330456488912619,1.6126512548303678,0.10682843528713296,-0.19031675860045488,0.07141802893135536,-2.6648279355816586,0.007705960984474438,-0.12023005541866844,0.07732184089200284,-1.5549300693266792,0.11997088730841693,-0.19138992847170166,0.07587899298976238,-2.522304539512327,0.011662841543177127,-0.045441991967299936,0.07627895289581134,-0.5957343440381084,0.5513561884593049,-1.4640362330657695,0.021624471735261185,-67.70275135454477,0.0,0.8571201025527535,0.0257271338200657,33.31580224005554,5.617816623568743e-240,-0.15342447502720008,0.021337230458296108,-7.1904587302026,6.573911512329156e-13,0.011163762908935188,0.025180917215451248,0.4433421869988516,0.6575207195952344
3.078,0.11872122195241153,0.11853937907437428,38780,0.09316715426073968,0.05370247816508093,1.7348762560704312,0.08277067246344856,-0.19845480477147112,0.07195115741506808,-2.758187802687251,0.005815001926878972,-0.12883318839246027,0.07789904074488943,-1.6538482009601945,0.09816645494207607,-0.18511995262595055,0.07644542212654465,-2.4215963163825625,0.015457062753018237,-0.05599920587444709,0.07684836769351774,-0.7286974018469711,0.46619118382954106,-1.4574527358117355,0.021785896266290867,-66.89891102010064,0.0,0.8689287472587615,0.025919184315563816,33.524540613609965,6.340173862919223e-243,-0.16077314329630077,0.021496510761758333,-7.479034392051733,7.644971895488141e-14,0.011506600705692772,0.02536889025831515,0.4535713067670061,0.6501399479756831
3.132,0.11726089742792245,0.11707875322682937,38780,0.0935051797198127,0.054133814420868065,1.7272970826117762,0.08412228703628404,-0.19271040346932525,0.07252906636637502,-2.657009294671786,0.007886956397589384,-0.11779048036784479,0.07852472286818031,-1.5000432483611565,0.1336113427051702,-0.17888207516462745,0.07705942884055084,-2.3213522064219436,0.02027299985726017,-0.052268788936693254,0.07746561085094485,-0.6747353872580446,0.49984792087099517,-1.453687556478898,0.021960879753935184,-66.19441355569604,0.0,0.8824342531306106,0.026127366215128393,33.7743286431856,1.7873665357869226e-246,-0.1705070281275201,0.021669169916070763,-7.868646043569254,3.677536595949479e-15,0.00815173839182439,0.025572652217006497,0.31876781190506576,0.7499043054550065
3.186,0.11603197139936183,0.11584957362193005,38780,0.10048077063885086,0.05452237933908112,1.8429271036384725,0.06534728334716565,-0.20182911405344128,0.07304966981991359,-2.7629024819824983,0.0057316879843923455,-0.12068187639822303,0.07908836230215333,-1.5259119405856916,0.12703995354303033,-0.17891406405381455,0.07761255059975633,-2.3052207751355134,0.021159465796329262,-0.05673802197153224,0.07802164812758314,-0.7272087085209054,0.4671025031563012,-1.4501074407641774,0.022118511864969007,-65.56080488673551,0.0,0.8929374252715077,0.026314904780904952,33.93276292299014,9.722020715317023e-249,-0.17777624652422147,0.02182470817485153,-8.145641403309662,3.8845743430300636e-16,0.005818663484412633,0.025756209123599834,0.22591303931761927,0.8212702468954017
3.2399999999999998,0.11493937632756324,0.11475675310429367,38780,0.10222306625603096,0.05478739304505419,1.8658136584810348,0.06207498638727332,-0.2010107281635996,0.07340473803142153,-2.7383890134933146,0.00617691754470212,-0.11171350054235465,0.07947278242921132,-1.4056825132788204,0.1598264351185977,-0.17191348354849847,0.07798979733612026,-2.2043073507113515,0.027508589188309198,-0.057106234289048326,0.07840088334011533,-0.728387638712086,0.4663807272237416,-1.4448530180649297,0.02222602200797818,-65.00727019645217,0.0,0.9029647520998292,0.026442812082876226,34.14783379580756,7.904278966503235e-252,-0.18311228238502741,0.021930790243633373,-8.349552403301377,7.076403584256e-17,-0.0003853401455731105,0.02588140080661888,-0.014888689698533011,0.9881210598453298
3.294,0.11410612452386293,0.1139233293675912,38780,0.10371504913558878,0.05505911670991567,1.8837034688010277,0.05961257399998268,-0.20865705495716463,0.07376879631796368,-2.8285273092676704,0.004678669708043104,-0.10979224386788258,0.07986693580096686,-1.3746895729353052,0.16923564999004134,-0.16670854479743658,0.07837659569202209,-2.1270194670423246,0.03342476086953413,-0.05632007844798767,0.0787897205189903,-0.7148150555301579,0.47472763477532776,-1.4412320805494345,0.022336254231481372,-64.52434081441103,0.0,0.9122133966579592,0.02657395790692545,34.327344080733525,2.0175066823491096e-254,-0.1867957036717182,0.02203955823508367,-8.47547403987288,2.422580054976116e-17,-0.00897412620702858,0.026009762254171974,-0.34502915172125914,0.7300743266419089
3.348,0.11324637789951564,0.11306340534330594,38780,0.10691594120353064,0.05536169611619218,1.9312258963153384,0.05346240328194849,-0.2120737508544504,0.074174195458477,-2.85913112428931,0.004250296967596117,-0.10329683479789598,0.08030584749188814,-1.2862928170745,0.19834856941120305,-0.1718199329651544,0.07880731716391587,-2.18025354939791,0.02924466475847319,-0.0644783551002197,0.07922271233360537,-0.8138872452220841,0.4157145466371519,-1.438893334973318,0.022459003940297272,-64.06754897939042,0.0,0.9220361138170227,0.026719996072562178,34.5073446610207,4.91886022411932e-257,-0.1924502319159701,0.022160677440110205,-8.684311769623097,3.956398292379428e-18,-0.014577684529754031,0.026152699861793333,-0.5574064860144965,0.5772529529582803
3.402,0.11241487265964811,0.11223172853082175,38780,0.11289146486866772,0.05568874654764197,2.0271863144215065,0.04265019011266741,-0.21454665855486477,0.07461238114152079,-2.8754833349698905,0.004036290679956692,-0.10265520604460555,0.08078025604351632,-1.270795749759758,0.20380894599051125,-0.1831775788346725,0.0792728731148348,-2.3107220873566825,0.020853431317485585,-0.078874561916868,0.07969072224058056,-0.9897584022234277,0.32229839821783823,-1.435766279496868,0.022591680997611243,-63.55287504496369,0.0,0.9347902639548262,0.026877845034153372,34.779211754774195,5.260608688416844e-261,-0.19721958190972938,0.02229159212709516,-8.84726316475221,9.339468153802776e-19,-0.01968425021470509,0.02630719750860359,-0.7482458064287346,0.4543164448837551
3.456,0.11162283197129685,0.11143952441296112,38780,0.12245282755971447,0.05592374258986055,2.1896393533203233,0.028556340837925916,-0.2248761109487283,0.07492723136451443,-3.0012601140261768,0.002690358336096325,-0.11172837776338287,0.08112113353917678,-1.3773029651937072,0.16842654987783,-0.1941276577638918,0.07960738973788978,-2.4385632841758054,0.0147502332679479,-0.08792999194048771,0.0800270021084001,-1.0987540408096592,0.27188218671277486,-1.4309064266456692,0.02268701364470111,-63.071607795320325,0.0,0.9421883909651334,0.026991264487776497,34.90716010699762,6.952453483504189e-263,-0.1972004299434691,0.022385658455561303,-8.809230710588203,1.311204084571945e-18,-0.026270954135315064,0.0264182089369376,-0.994426011166236,0.3200217160306409
3.51,0.11078943798475183,0.11060595846407595,38780,0.13049815184143432,0.05617790926057869,2.3229442597467367,0.020187294592290607,-0.22349825501899068,0.07526776660160887,-2.9693754061013062,0.002985883819770753,-0.11227161264234452,0.08148981931522985,-1.377737901320414,0.1682921769650597,-0.20917734887450654,0.07996919573078677,-2.6157240542807765,0.008907297393616074,-0.0940689617763936,0.0803907151889537,-1.1701470941674044,0.24194897197177853,-1.4264036252249666,0.022790123387711338,-62.58867496935526,0.0,0.9511030432666563,0.027113936532164578,35.07801392609984,2.1042556724167438e-265,-0.19804831454499658,0.02248739857555311,-8.807079835383995,1.3365491771741755e-18,-0.02979231397656638,0.026538276512905863,-1.1226167593090697,0.26160724627532894
3.564,0.1101419428191378,0.10995832969444541,38780,0.14386205013587539,0.05640158727659209,2.550673785657471,0.010755298867080055,-0.22291323842496932,0.07556745281145189,-2.949857777807589,0.003181101488631207,-0.12005899839007797,0.08181427925597227,-1.4674577528752588,0.14225968538303316,-0.22758814207420627,0.08028760115524428,-2.834661128237489,0.0045898033005519236,-0.11037371506954392,0.08071079893567978,-1.3675210321917786,0.17146997654228732,-1.4215033435023765,0.022880864564290528,-62.126295075443686,0.0,0.9620146671425802,0.027221893407200576,35.33974116907363,2.766291369607847e-269,-0.1958705347855515,0.022576934422737296,-8.675692240496996,4.2672639257554456e-18,-0.034342118285041225,0.02664394133947119,-1.2889278597144225,0.1974308578076273
3.618,0.10985376391739343,0.10967009132992689,38780,0.1587635066006131,0.0566247749217842,2.8037816807203764,0.005053218943336856,-0.2186749854311788,0.07586648201719826,-2.8823662257280773,0.003949174497583226,-0.13161810391580686,0.08213802788100093,-1.6024015588308398,0.10907498670720059,-0.2482112278170565,0.08060530853734484,-3.0793409555905247,0.00207604086359069,-0.12742592803291156,0.0810301809606517,-1.5725736573979718,0.11582573117171009,-1.4202817100216394,0.022971406808377035,-61.82824246983872,0.0,0.9722220354545216,0.027329613607652188,35.57394002754225,8.83144391399889e-273,-0.19424794499862602,0.022666273979880552,-8.569910748058895,1.0732690503656198e-17,-0.037954205065081945,0.02674937451632544,-1.4188819645826884,0.15594146983291515
3.672,0.10951496665144289,0.10933122415661967,38780,0.18105013511403228,0.056850637190491535,3.184663252012126,0.0014503714018210027,-0.23108708241514198,0.07616909471227594,-3.0338693572249897,0.0024159874241128023,-0.15981267748691047,0.08246565622654357,-1.9379301008396133,0.052639002121985815,-0.27098034835316676,0.08092682324325311,-3.3484614555873904,0.0008133892987885406,-0.15103099872104697,0.08135339037792211,-1.8564806951430282,0.06339265240835552,-1.4200269246580883,0.023063034087501866,-61.57155729252544,0.0,0.9754327721108227,0.027438624699366823,35.54962330649655,2.0417861521529043e-272,-0.1986944709560481,0.022756684159370173,-8.731257575336814,2.6171631302399784e-18,-0.03835876162200963,0.026856071177338306,-1.4283087562851533,0.15321106390568587
3.726,0.108620772144715,0.10843684514198493,38780,0.19800383468363003,0.05699020858637424,3.4743483064031224,0.0005126549405632233,-0.23834119435388962,0.07635609396852865,-3.121442991205465,0.0018009928115983224,-0.17665177867138243,0.08266811388261797,-2.136879267890564,0.0326140525433627,-0.2902079770152109,0.08112550298094132,-3.577271836248448,0.0003476217908987893,-0.1780519664305936,0.08155311736104794,-2.1832637695789203,0.029022366184184783,-1.414130041985619,0.023119655086314903,-61.165706698742135,0.0,0.9755770071495018,0.027505988010310203,35.4678045661847,3.411798400871616e-271,-0.20397516183268966,0.022812553052503994,-8.941356163127939,4.0098571430646936e-19,-0.04052560720739781,0.02692200428780788,-1.5052968112686385,0.13225593094737334
3.78,0.1077569036011341,0.1075727983479502,38780,0.21581126709145462,0.05719967298636469,3.772945819863339,0.00016157121662916806,-0.24331031228953076,0.07663673662286272,-3.1748522055014674,0.0015003004039936473,-0.2043186772106321,0.0829719560215096,-2.46250283840078,0.013801423837723814,-0.3086994611095379,0.08142367533769049,-3.791273973193432,0.00015010346539379017,-0.18373358634295894,0.08185286139110343,-2.2446812881110705,0.024794215268248276,-1.4098997269509441,0.023204630116250114,-60.75941395694115,0.0,0.9726423866945528,0.027607084767413522,35.231622421887415,1.1181120636804903e-267,-0.20646146949318006,0.022896399345681724,-9.017202503157721,2.0155493295229981e-19,-0.04928713326402322,0.027020954644624687,-1.8240337512956069,0.06815466352584411
3.834,0.10666484984523095,0.10648051925790425,38780,0.23910134595719992,0.057383067583476305,4.166757826415856,3.096312972201293e-05,-0.2604342693897918,0.07688245067511348,-3.387434545892971,0.0007061964675615671,-0.22522007279065123,0.08323798216557085,-2.7057368154679686,0.006818283011103709,-0.3261270631057199,0.08168473735700417,-3.9925091719445396,6.549815835368561e-05,-0.1911172525997215,0.08211529947428674,-2.3274256298555813,0.019947743620133223,-1.4028681198569037,0.023279029209271294,-60.26317108181582,0.0,0.9691233359691482,0.027695599087933374,34.99196146262036,3.9199639165474725e-264,-0.20503446254984642,0.02296981018378754,-8.926258463144071,4.595166705091246e-19,-0.05888284787113901,0.02710758970444056,-2.1721904644843164,0.029847338658192613
3.888,0.10568317418376538,0.1054986410376888,38780,0.2523086414270223,0.05764701083233686,4.376786199042446,1.207565227384205e-05,-0.2616904371836312,0.07723608467667728,-3.3881888016347492,0.0007042577994322613,-0.2274729062968005,0.0836208495229044,-2.720289348824349,0.006525388339454318,-0.3251719978365907,0.08206046029877553,-3.962590468694248,7.427355376133992e-05,-0.18796899987031818,0.08249300286027027,-2.2786053768548964,0.02269594722975824,-1.3993003319396675,0.023386105091732202,-59.834689293103736,0.0,0.9699384575514124,0.027822989740093514,34.86104356907808,3.3120474602817797e-262,-0.2060566051826705,0.023075463760372648,-8.929684244809426,4.455363506062606e-19,-0.07226578934813158,0.027232275706717463,-2.6536816139205572,0.007965138106930088
3.942,0.10486154661973779,0.10467684393920218,38780,0.2569685928148219,0.057914954638226615,4.436998948199304,9.147272138787481e-06,-0.25603356461026877,0.07759507866754496,-3.299610864591568,0.0009690624714882824,-0.2195918663462547,0.0840095199561046,-2.613892645273923,0.00895517489969754,-0.3141787843078213,0.08244187802934042,-3.8109125097320993,0.00013866854642045697,-0.17626504395965947,0.08287643105240919,-2.126841633035494,0.033439539904272446,-1.3968180904898335,0.023494803910851226,-59.45221316976832,0.0,0.9746155245309863,0.027952311237506015,34.86708187562183,2.700071809741473e-262,-0.20496056514918737,0.023182718715891646,-8.841092697582871,9.868931869443828e-19,-0.08232066055273306,0.027358851560183986,-3.0089223727700745,0.0026234444464247326
3.996,0.10371867667842971,0.10353373817835043,38780,0.2585288692398652,0.05822022346418973,4.440533784602903,8.9983662740066e-06,-0.24950977789868534,0.07800408112145903,-3.1986759450467375,0.0013817121146618432,-0.20860739734494363,0.08445233283037729,-2.470120011532803,0.013511044196755242,-0.30404163100692316,0.08287642788737655,-3.6686140891604926,0.00024419520536559823,-0.16596068789862725,0.08331327143267744,-1.9920078163385326,0.046377201896837715,-1.3928449108707306,0.023618644657181796,-58.97226242604077,0.0,0.9786276474616962,0.0280996474356906,34.82704363823078,1.045660784367306e-261,-0.20559286382101366,0.023304914466009047,-8.821867341366017,1.1716043009023416e-18,-0.08990228631870772,0.02750305964163112,-3.2688103611070054,0.0010809468917271302
4.05,0.1027206219302117,0.1025354774917252,38780,0.262012299894919,0.05854816849449198,4.475157919236504,7.657193333116353e-06,-0.2546813609453017,0.07844346539766008,-3.246686765484212,0.0011685594704908535,-0.20465929744337846,0.08492803905754746,-2.4097965726572443,0.015966044926606544,-0.29839564674530783,0.08334325729883674,-3.580321389112214,0.00034359102342199343,-0.1526998729213352,0.0837825615126335,-1.8225734587776923,0.06837571704181161,-1.3884552689723832,0.02375168463327467,-58.45712800629062,0.0,0.9834554924610882,0.02825792817014103,34.80281663042319,2.370770153539773e-261,-0.20888822533094722,0.023436187251065388,-8.913063507010994,5.17531283119185e-19,-0.09631719717652601,0.027657979894266826,-3.4824378911523985,0.0004974176828682865
4.104,0.101855081072314,0.10166975803830858,38780,0.26740963323722267,0.0588197059197557,4.546259268994545,5.477267640521064e-06,-0.2585175809366053,0.07880727415838755,-3.2803771440823395,0.0010375984828362838,-0.20170531137033304,0.08532192227629498,-2.3640502462797053,0.018081261616458958,-0.28802269887277054,0.08372979054286378,-3.4399070749534855,0.000582526148629254,-0.14175294685400813,0.08417113218222294,-1.6841040767650093,0.09216960613518992,-1.3862807671470632,0.023861841303531608,-58.09613556276105,0.0,0.9852131752190035,0.028388984106746958,34.704065898041655,6.63014145711776e-260,-0.21308310235132538,0.023544880692855142,-9.050082059493592,1.4932360928524156e-19,-0.096671312711584,0.027786253362790295,-3.479105709193615,0.0005036421877313098
4.158,0.10158875708858595,0.10140337910134567,38780,0.2732152217473168,0.058989670199066285,4.6315773732134105,3.6406728134407744e-06,-0.2559189833498378,0.07903499412650564,-3.2380464650912315,0.001204523912994344,-0.19908635892674206,0.08556846684502961,-2.326632301210926,0.019989969242869134,-0.2830793149165888,0.08397173451867791,-3.371126207398076,0.0007493461453751085,-0.14161217726950226,0.08441435145026253,-1.6775841410443229,0.0934363712818982,-1.385485714169485,0.02393079201650714,-57.89552277307811,0.0,0.9910966790940997,0.02847101636360056,34.810723524474895,1.8150640574701718e-261,-0.21865506790832118,0.023612915522608868,-9.259977561812033,2.14623600972677e-20,-0.09605415488615791,0.027866543980597715,-3.446934609223028,0.000567586843923333
4.212,0.10052858448747348,0.10034298774444128,38780,0.28728559734150755,0.0592441048680673,4.849184538803879,1.2444978956312102e-06,-0.2613093922823681,0.07937588843057979,-3.2920499845605247,0.0009954882524527283,-0.1987840109768204,0.08593754137053838,-2.313121923278209,0.020721143169424916,-0.2827654707750485,0.08433392200685341,-3.3529268418474536,0.0008003832582642409,-0.14616061300243272,0.08477844803696497,-1.7240302976377204,0.08471034520023787,-1.380408452287946,0.02403401048043658,-57.43562662634201,0.0,0.9944481746230034,0.028593817755779044,34.77843298564136,5.400727547025008e-261,-0.21894580472066716,0.02371476291936273,-9.232468629990029,2.774338849558618e-20,-0.09285655265806361,0.027986738158154206,-3.3178769220381246,0.0009078789008748506
4.266,0.09968190960248613,0.09949613815673586,38780,0.3007080680405525,0.05949813966230987,5.054075131546361,4.344448610490511e-07,-0.2720614994892073,0.07971624697815491,-3.4128739096781846,0.0006434734788123676,-0.18893577807405737,0.08630603585093258,-2.1891374828104313,0.028592790051643304,-0.28746755405617785,0.08469554027372383,-3.3941285825336727,0.0006891626898938966,-0.14848307978750247,0.08514197240198383,-1.743946911242131,0.08117627273951186,-1.3759556742281682,0.02413706672410535,-57.00591915147753,0.0,1.0003899327544543,0.028716426150764085,34.836853566049896,7.505461365507378e-262,-0.22201364698341228,0.023816450250653286,-9.321861345702533,1.201457988333264e-20,-0.08850137254235169,0.028106743436069368,-3.1487593980303648,0.001640894884168411
4.32,0.09876068478536781,0.09857472325428218,38780,0.3188364149627987,0.05973692414714273,5.3373423475478505,9.48478017016902e-08,-0.2973976169881024,0.08003617299727961,-3.7157900715494083,0.00020285411822578328,-0.18581386610529016,0.08665240873629669,-2.1443589256793163,0.032010336415973825,-0.29408151483495426,0.08503544974092207,-3.4583402067130105,0.0005440978786373039,-0.15478545722636708,0.08548367353975135,-1.8107019833955689,0.07019473279817019,-1.369160889990297,0.024233936257771507,-56.49766820490109,0.0,1.0051192982061568,0.028831674073868392,34.861635007075336,3.246438277481666e-262,-0.2232171802722237,0.02391203305098834,-9.334931069903218,1.0623907917008403e-20,-0.08598689387670458,0.02821954451337705,-3.0470688084970257,0.002312401836627892
4.374,0.09765680266787291,0.09747061336198293,38780,0.32198556042098925,0.0599659091923934,5.369476837046485,7.941866697767849e-08,-0.30644106891928535,0.08034296962193221,-3.8141615920011045,0.00013685770571136567,-0.17160563964503567,0.086984566878331,-1.972828581017915,0.048522188370989316,-0.2927679760483672,0.08536140971601006,-3.4297462638255465,0.0006047745527549014,-0.13908218124210195,0.08581135165731692,-1.6207900068690126,0.10507081452648902,-1.3579004768915572,0.02432683037761134,-55.81904653477878,0.0,1.0135356738618948,0.028942192355261572,35.0193123389161,1.5484044600931431e-264,-0.22103402597162308,0.02400369324354745,-9.20833405630362,3.4729680952180465e-20,-0.0863149465152726,0.028327716364700228,-3.0470139351872185,0.0023128239145789884
4.428,0.09641164760389076,0.0962252013729663,38780,0.3273733038336526,0.06019942811317063,5.438146409268442,5.416241538069594e-08,-0.3148324884770488,0.08065584078174332,-3.9034059458755537,9.500873846692285e-05,-0.15930036157847266,0.0873233017104259,-1.824259486966388,0.06812054501907218,-0.29045572248336515,0.085693823658221,-3.3894592408644426,0.0007010035589369664,-0.1334274280399269,0.08614551776101362,-1.548860944919776,0.12142331324039216,-1.3460178578742754,0.02442156378951517,-55.11595692541839,0.0,1.0209417010556772,0.029054898884934025,35.13836703059638,2.6946874864994168e-266,-0.21968581461870718,0.024097168296563276,-9.116665158123107,8.108144196928411e-20,-0.08692812860895724,0.02843803000527799,-3.056756343277777,0.0022389827467828426
4.482,0.09578296739201009,0.09559639143934273,38780,0.3316553649966418,0.060414431436056314,5.489671211218326,4.052018414013809e-08,-0.316067602580512,0.0809439045445022,-3.9047733656922983,9.447335537604126e-05,-0.1514222926008032,0.087635178427889,-1.7278711051567233,0.08401929862767991,-0.2803823217410114,0.08599988066598294,-3.2602640790862867,0.0011140450075983232,-0.12097264251483916,0.08645318800225754,-1.3992849229768163,0.16173555920509963,-1.3378824831805114,0.02450878583679009,-54.58787277712544,0.0,1.0316668472579167,0.029158668970500692,35.38113650872184,6.6921437519344565e-270,-0.21989085759961158,0.02418323175959413,-9.0926994284945,1.0106416097669928e-19,-0.08809000546622411,0.02853959693272393,-3.0865889828044066,0.0020261005397247144
4.536,0.09500482481389094,0.09481808829944738,38780,0.33532993573340475,0.06060463246841938,5.5330743224644205,3.16695886330063e-08,-0.30944226632462235,0.08119873793185531,-3.810924580925342,0.0001386617770930608,-0.1512772144898732,0.08791107776207287,-1.7207980875777424,0.0852954480437419,-0.27408643802232147,0.08627063163883754,-3.177053799371193,0.0014889604978533626,-0.10407380579632934,0.08672536610967732,-1.2000388175324888,0.2301315977729353,-1.3294093571703858,0.024585946148611558,-54.071921785505964,0.0,1.0373131258799064,0.029250468376846046,35.463128744325275,4.006774126942426e-271,-0.2208928689217427,0.024259367138794355,-9.105467082383282,8.987870171936266e-20,-0.08962884889603343,0.02862944733221954,-3.1306524312526722,0.0017454796564549792
4.59,0.09402262699927122,0.09383568781833673,38780,0.3369101178342183,0.060806530620285744,5.540689698909105,3.0323659696265544e-08,-0.2971434331516343,0.08146924324563418,-3.647308128979801,0.00026534902104628864,-0.1484272378795702,0.08820394455138955,-1.6827732436965248,0.09242704830306252,-0.2646667234810093,0.08655803344920743,-3.0576794889444514,0.0022320991484429385,-0.08820023881228721,0.08701428282155742,-1.0136294405041741,0.31076592962248145,-1.319629391858482,0.02466785172062996,-53.495918769240184,0.0,1.043707576972221,0.029347913328922743,35.563263570893604,1.2760513583830197e-272,-0.21977657889071814,0.02434018474615007,-9.02937184671454,1.8039881196119582e-19,-0.08765678889737592,0.028724823416025388,-3.0516040996259974,0.002277759900243397
4.644,0.09297251731760292,0.09278536145725724,38780,0.3446647646356553,0.060983455133412974,5.651774958989044,1.599120603378175e-08,-0.2966542920503567,0.08170628860982519,-3.6307400213339758,0.00028297349820684763,-0.15015832298990023,0.08846058540536468,-1.697460199950179,0.08961771509673051,-0.2650585882925622,0.08680988531066099,-3.05332264112565,0.0022647578413730364,-0.08815932498175907,0.08726746219992806,-1.0102198775963918,0.3123962623352922,-1.308227470598898,0.0247396260450495,-52.8798401486218,0.0,1.04957968283715,0.029433304901572137,35.659593319440255,4.593026628269876e-274,-0.21742542864078213,0.02441100568087057,-8.906860761216622,5.472476723703851e-19,-0.08276377674492813,0.028808402027495298,-2.872904115470784,0.004069382462723207
4.6979999999999995,0.09195909440368244,0.09177172943386547,38780,0.3437785082710358,0.061156146570314124,5.621323898747893,1.9079969941639334e-08,-0.29241291925131835,0.08193766245299335,-3.5687242044410548,0.00035915667886072405,-0.14603275504241925,0.08871108589880752,-1.646161283709213,0.09973866313492653,-0.2603928456428839,0.08705571139248475,-2.9911058272664097,0.002781438068526344,-0.07341389117043393,0.08751458403664678,-0.8388760796679536,0.40154402413290136,-1.2973568278671046,0.024809683104964685,-52.2923578821323,0.0,1.0546607468617455,0.029516653404950344,35.731040792207985,3.880624347600447e-275,-0.2116784248742904,0.024480132161782638,-8.646947797314343,5.4886706935204935e-18,-0.08189072508436801,0.028889980946401588,-2.8345717927712224,0.00459108654059739
4.752,0.09067644203061753,0.0904888123985792,38780,0.34386872751506015,0.061362989004923596,5.603845788663735,2.110682293079337e-08,-0.2910285502190358,0.08221479216993031,-3.5398563024705685,0.0004008136114145898,-0.1486974261567587,0.08901112470133513,-1.6705487842749203,0.09481890737224917,-0.25376766126739303,0.08735015138422586,-2.9051771204282044,0.003672527474474283,-0.06242212150467953,0.08781057602831294,-0.710872474911822,0.47716754040918286,-1.2854058921712603,0.02489359446209083,-51.636009983561785,0.0,1.0572932608038914,0.029616484685928528,35.699485337847534,1.1564769708237358e-274,-0.20715531805572585,0.024562928911085392,-8.43365702867118,3.464383035864018e-17,-0.07604820942588698,0.02898769269460509,-2.623465421242041,0.00870743537506408
4.806,0.08971950949478547,0.08953168240948861,38780,0.34572216214253093,0.06159198697817256,5.613102923032027,2.0008598739732916e-08,-0.2921270135042466,0.08252160611565398,-3.5400063965651705,0.00040058580102728,-0.1574869766401711,0.0893433015962967,-1.7627172247538585,0.0779560716100634,-0.25051146183696565,0.08767612976230604,-2.8572367703286354,0.004275742841257504,-0.05477744988343218,0.08813827264587332,-0.6214944795153855,0.5342779797026858,-1.2770969111523842,0.0249864938265309,-51.11148927171008,0.0,1.0588318886966546,0.029727009206943832,35.61851383452748,1.8977364385396286e-273,-0.2099537422873057,0.024654594278579887,-8.515806016313773,1.7129354609408012e-17,-0.072053180540961,0.029095870653076044,-2.4764057209383927,0.01327550145842068
4.86,0.08880976815162156,0.08862175335048694,38780,0.3482708351199843,0.061792284383557286,5.636154069951457,1.7509513138804926e-08,-0.29226662580324914,0.08278996673209267,-3.5302179399228457,0.00041569862737683976,-0.1523883223845664,0.08963384639564836,-1.7001203062503485,0.08911631898017196,-0.2501445821992867,0.08796125291171489,-2.84380421968696,0.004460174556048023,-0.050208990308883476,0.08842489868591837,-0.5678150730737477,0.5701638318008039,-1.264785567637688,0.025067750011444845,-50.45469047123264,0.0,1.0676582063979119,0.029823681568173367,35.799007709942614,3.682320421567218e-276,-0.2065136608110147,0.02473477112474273,-8.349123578686951,7.102094043868706e-17,-0.07196668586405323,0.02919049054902592,-2.4654154318915595,0.013689746340147132
4.914,0.08800535442762725,0.08781717364393371,38780,0.3470169788316349,0.06200635643313272,5.596474277695318,2.2022988953680752e-08,-0.28889314935613264,0.0830767827648616,-3.477423411710687,0.0005068122290791241,-0.14841101616671165,0.08994437223881256,-1.6500311522844753,0.09894466503590517,-0.23474335198466834,0.08826598425288286,-2.659499624590674,0.007828898156023676,-0.0335030737059048,0.0887312362729494,-0.3775792507031545,0.7057452479453609,-1.2573644755090454,0.025154594261932253,-49.985480283094056,0.0,1.0726730119798307,0.02992700218017008,35.8429823850046,8.005970947649341e-277,-0.20075579515853098,0.02482046180932053,-8.088318287580917,6.223703194808851e-16,-0.07167401897947916,0.02929161754574212,-2.4469122904377745,0.014412997232253207
4.968,0.08705202529094425,0.08686364779751676,38780,0.3476254009478019,0.06229034673422499,5.580726696401605,2.411132510829938e-08,-0.287390376701037,0.08345727602246193,-3.4435628671092493,0.0005747094807094942,-0.14476116370224623,0.09035631918785159,-1.6021144398466087,0.10913845198528276,-0.22327736996601663,0.08867024415277253,-2.5180642288671904,0.011804173515437909,-0.026490888438682286,0.08913762703600961,-0.29719086450417354,0.7663223881991583,-1.2511030419011446,0.02526980278585195,-49.50980632906292,0.0,1.076365796302918,0.030064068423839803,35.80239976600758,3.273630351495499e-276,-0.20151068455190851,0.024934140000202127,-8.081717859540172,6.569459791336242e-16,-0.07023954154714473,0.02942577371560618,-2.3870074658357296,0.01699090972779928
5.022,0.08634920218724329,0.08616067967344421,38780,0.3523527373747155,0.06252908193990186,5.635021760168649,1.762485436055063e-08,-0.2823707649768084,0.08377713601684379,-3.3704991409593714,0.0007510531695860878,-0.13807857918740685,0.09070262059049998,-1.5223218280626936,0.1279366168456221,-0.2239740371516389,0.08901008347114318,-2.5162771274588307,0.0118641922163899,-0.02174089166047615,0.08947925765519346,-0.24297130117299637,0.8080289150389491,-1.2438990512318606,0.02536665232806488,-49.03678400857212,0.0,1.0831889104069667,0.03017929256265015,35.891792630935285,1.468734659242407e-277,-0.20192996758254855,0.02502970307463358,-8.067613386400696,7.37298948668321e-16,-0.07341474519101626,0.029538551513587783,-2.485387448915542,0.012945232274057718
5.076,0.0852561665707472,0.0850674185202085,38780,0.35212142326104723,0.06276053698403507,5.610554660337265,2.0305251597886494e-08,-0.2737106956177476,0.08408724197254565,-3.255079952641492,0.0011345762006515008,-0.12630992998694643,0.09103836163131598,-1.3874363260014722,0.16531672905321773,-0.21955020745062828,0.0893395594870859,-2.4574803000048866,0.013995893673848413,-0.01894685474390476,0.08981047034674546,-0.21096487604121933,0.8329157881025522,-1.232552756382877,0.02546054847129863,-48.41029869298845,0.0,1.0897031151927734,0.030291002974434395,35.97448113925058,8.263541044034945e-279,-0.2008056293926388,0.02512235198055145,-7.9931062803392425,1.3519644115035367e-15,-0.07639047500069591,0.029647890185004383,-2.576590594609443,0.009981668758042923
5.13,0.08436933149002779,0.08418040045012465,38780,0.3575682267748742,0.0628962905785437,5.685044753606729,1.3171593025123756e-08,-0.2652818105937106,0.08426912609748541,-3.148030872977412,0.0016449889316517343,-0.12119062886595677,0.09123528131083965,-1.328330741405388,0.1840766871634296,-0.22007516834798302,0.08953280458846664,-2.4580394790440026,0.01397412357320838,-0.027721768166836493,0.09000473404747165,-0.3080034451545078,0.7580813654251937,-1.2216325027038457,0.025515620673342083,-47.877828187819425,0.0,1.0957503609344301,0.03035652364606436,36.09604227776889,1.1884518429665967e-280,-0.19913840676514347,0.025176692649828046,-7.909633307872293,2.649510623599088e-15,-0.07479474131273331,0.029712019777509868,-2.5173226819587753,0.011829045147843994
5.184,0.08303100865286495,0.08284180146370856,38780,0.3718218214315351,0.06306493019848135,5.895857178646157,3.758214804391773e-09,-0.27099484829786213,0.0844950712727388,-3.2072266963729397,0.001341301096558718,-0.1274259121450944,0.09147990437244849,-1.3929388428992715,0.1636462718198818,-0.23325029094968264,0.08977286291303341,-2.598227163320408,0.009374192140701365,-0.0341853043184413,0.09024605772495307,-0.37880108206642527,0.7048376580114488,-1.208025080810691,0.025584034001588395,-47.21792821005828,0.0,1.0937810835453448,0.030437916563885285,35.934821006872745,3.288029378997699e-278,-0.1973494132579142,0.025244197233018874,-7.817614932899722,5.5187578023681014e-15,-0.0752278606104133,0.0297916846301867,-2.525129462943763,0.01156952044761385
5.2379999999999995,0.08253348954911877,0.08234417970197505,38780,0.38471128105333174,0.06318075312447266,6.089058170854825,1.1464160100624216e-09,-0.27808719931531806,0.0846502520737934,-3.285131378851619,0.0010202522665345181,-0.13007888611018095,0.09164791328263797,-1.4193327643917393,0.15581006368532588,-0.2423675476508808,0.0899377367283929,-2.694837078042309,0.007045340053199816,-0.04422870726014311,0.09041180059396105,-0.48919175339482524,0.6247087146910766,-1.2022899279860884,0.025631020776447244,-46.90761005862443,0.0,1.095382708280186,0.030493817815918912,35.921468242928746,5.232712855845486e-278,-0.20069321388270198,0.025290559875118496,-7.935499050780174,2.1524789030497824e-15,-0.07243675388000582,0.029846399034424025,-2.42698470245805,0.015229423086918442
5.292,0.08169114905867614,0.08150166540317239,38780,0.3936010112450312,0.06335320434104376,6.212803524920276,5.257547349397593e-10,-0.2848845645003898,0.08488130406718157,-3.3562698833527618,0.0007907728231721345,-0.13241297642369407,0.09189806532040581,-1.4408679438683676,0.14963006948858895,-0.2397165568707266,0.0901832208568253,-2.6581059602129327,0.007861341956855518,-0.04990168615247388,0.09065857867484424,-0.5504353463498596,0.5820239818228088,-1.1958653965632218,0.025700980384338424,-46.529952502977444,0.0,1.0945192582451142,0.030577050378371794,35.79544935502692,4.165944546065441e-276,-0.20128500165674662,0.025359590198477194,-7.937234004232193,2.1226418222126596e-15,-0.07410233480297165,0.02992786447396402,-2.476031487894419,0.01328942268814329
5.346,0.08063028986344856,0.0804405873104812,38780,0.40330538435213903,0.06349093933805018,6.352172271460437,2.1464476552215952e-10,-0.2839789064145053,0.08506584289648307,-3.3383423562860624,0.0008435916211635383,-0.1398894117229963,0.09209785915693637,-1.5189214277459184,0.12879042870427085,-0.24366765369320736,0.09037928648261238,-2.6960563993840045,0.007019606843201995,-0.05688198383904086,0.09085567776702538,-0.626069666057626,0.5312729331496392,-1.1862379522399107,0.02575685639713239,-46.05523026373587,0.0,1.0919398760175865,0.03064352736222976,35.6336221711694,1.1264408711978796e-273,-0.20168432801746233,0.025414724001359024,-7.935727651682446,2.14852400895647e-15,-0.07346571337662632,0.029992930075090362,-2.449434356453251,0.014312471350412678
5.4,0.08079585807553735,0.08060618968588018,38780,0.4218509242103679,0.06354835465527929,6.638266663216001,3.215702601635412e-11,-0.2926218989088684,0.08514276855558002,-3.4368379590317044,0.0005891647221675999,-0.14755065394482358,0.09218114391937253,-1.6006598277179196,0.10946043083510236,-0.2636328949006905,0.09046101712730661,-2.914326007739638,0.003566611966811745,-0.06368773238268015,0.09093783921581551,-0.7003435855951574,0.48371696078878057,-1.1829090144691339,0.025780148509302797,-45.88449186172375,0.0,1.0973356652245263,0.030671238526418936,35.77735096283532,7.802142917656582e-276,-0.20273042279754733,0.025437706720720904,-7.969681584244712,1.6340443806882873e-15,-0.07369260591247448,0.030020052899431063,-2.4547793489688052,0.014101469871051995
