peth_time,r_squared,r_squared_adj,n_trials,Intercept_beta,Intercept_se,Intercept_tstat,Intercept_pvalue,C(word_l2)[T.LR]_beta,C(word_l2)[T.LR]_se,C(word_l2)[T.LR]_tstat,C(word_l2)[T.LR]_pvalue,C(word_l2)[T.Ll]_beta,C(word_l2)[T.Ll]_se,C(word_l2)[T.Ll]_tstat,C(word_l2)[T.Ll]_pvalue,C(word_l2)[T.Lr]_beta,C(word_l2)[T.Lr]_se,C(word_l2)[T.Lr]_tstat,C(word_l2)[T.Lr]_pvalue,C(word_l2)[T.RL]_beta,C(word_l2)[T.RL]_se,C(word_l2)[T.RL]_tstat,C(word_l2)[T.RL]_pvalue,C(word_l2)[T.RR]_beta,C(word_l2)[T.RR]_se,C(word_l2)[T.RR]_tstat,C(word_l2)[T.RR]_pvalue,C(word_l2)[T.Rl]_beta,C(word_l2)[T.Rl]_se,C(word_l2)[T.Rl]_tstat,C(word_l2)[T.Rl]_pvalue,C(word_l2)[T.Rr]_beta,C(word_l2)[T.Rr]_se,C(word_l2)[T.Rr]_tstat,C(word_l2)[T.Rr]_pvalue,C(word_l2)[T.lL]_beta,C(word_l2)[T.lL]_se,C(word_l2)[T.lL]_tstat,C(word_l2)[T.lL]_pvalue,C(word_l2)[T.lR]_beta,C(word_l2)[T.lR]_se,C(word_l2)[T.lR]_tstat,C(word_l2)[T.lR]_pvalue,C(word_l2)[T.ll]_beta,C(word_l2)[T.ll]_se,C(word_l2)[T.ll]_tstat,C(word_l2)[T.ll]_pvalue,C(word_l2)[T.lr]_beta,C(word_l2)[T.lr]_se,C(word_l2)[T.lr]_tstat,C(word_l2)[T.lr]_pvalue,C(word_l2)[T.rL]_beta,C(word_l2)[T.rL]_se,C(word_l2)[T.rL]_tstat,C(word_l2)[T.rL]_pvalue,C(word_l2)[T.rR]_beta,C(word_l2)[T.rR]_se,C(word_l2)[T.rR]_tstat,C(word_l2)[T.rR]_pvalue,C(word_l2)[T.rl]_beta,C(word_l2)[T.rl]_se,C(word_l2)[T.rl]_tstat,C(word_l2)[T.rl]_pvalue,C(word_l2)[T.rr]_beta,C(word_l2)[T.rr]_se,C(word_l2)[T.rr]_tstat,C(word_l2)[T.rr]_pvalue
-2.16,0.03860668977360315,0.03823948413973188,39288,0.35335951979274605,0.01314504619696663,26.88157306547069,9.711868291331755e-158,-0.5265897149377823,0.11020739492371134,-4.778170424065486,1.775358999235929e-06,-0.03070045260322983,0.024543062299635692,-1.2508810933379546,0.21098531482772664,-0.47039685939235537,0.0640052850430867,-7.349344028007944,2.0305054537272428e-13,-0.5606623457919994,0.0855562222578065,-6.5531451833223295,5.703334256559126e-11,-0.08922007405804512,0.018486474676041788,-4.826235159571721,1.39660136703672e-06,-0.5000188695510372,0.0587657791270529,-8.50867421446052,1.8206172547273577e-17,-0.06424974896199645,0.02439486831950596,-2.633740347375551,0.008448313824147752,-0.5788231517781122,0.02927096931589912,-19.774649261912643,1.3010138535182932e-86,-0.4658832697501654,0.03359070825983228,-13.869408949238144,1.2306232573695262e-43,-0.5524959177726269,0.025882268913887795,-21.346502488279572,1.5690698961312136e-100,-0.545929164439189,0.038786293218142365,-14.07531164086156,6.9272266392321e-45,-0.43701086878825535,0.033379754687269676,-13.092093482488112,4.412594132631015e-39,-0.5290648035113579,0.027710571870371323,-19.09252562474339,6.784297734648906e-81,-0.495419897243058,0.04198611533115712,-11.79961264183486,4.442664078264302e-32,-0.515351858127697,0.02497015571416832,-20.638712230187704,3.9024367799753134e-94
-2.106,0.03548928051318789,0.035120884180118495,39288,0.33627789040449574,0.013009609787161347,25.84842250505889,4.245326701986851e-146,-0.4855653663184905,0.10907190299170849,-4.451791460495583,8.53911149592388e-06,-0.028913879011369173,0.02429018952964443,-1.1903521368609276,0.23391521215284344,-0.46467230552183314,0.06334582398947702,-7.33548442907656,2.2517977475528263e-13,-0.5647464243067177,0.08467471698156227,-6.669599196058606,2.598976824233461e-11,-0.10207859802864984,0.018296004310052724,-5.579283667558104,2.4309970853972527e-08,-0.5954058419641858,0.05816030189820795,-10.237323784980758,1.4486180602684774e-24,-0.055942704241681455,0.024143522425900128,-2.317089580171141,0.020503969070414633,-0.5402256268777197,0.02896938384132081,-18.64815730416616,2.8221537920360684e-77,-0.4327490324472279,0.033244615529433336,-13.017116473014728,1.1759739856169657e-38,-0.4910948295764151,0.025615597992630725,-19.17171052253774,1.5061364981077885e-81,-0.5290915511509224,0.03838666919062602,-13.783210742340884,4.053947522599826e-43,-0.45867169174852823,0.033035835459654626,-13.884065148244428,1.0041009743068946e-43,-0.5271519939466953,0.027425063526654705,-19.22154139895978,5.82339308539076e-82,-0.5406813406928358,0.04155352280642072,-13.01168479052013,1.262247713882455e-38,-0.46126202300749836,0.024712882503292406,-18.664841017475243,2.071128791676689e-77
-2.052,0.032254087834096,0.031884455814273016,39288,0.31218368415502934,0.0127387773314643,24.506565742690814,1.2298496194592287e-131,-0.5691854762890258,0.10680125753668905,-5.32938927328169,9.908600659389446e-08,-0.0071158962914288785,0.0237845193529607,-0.2991818411728001,0.764802886923966,-0.4134291269596321,0.062027098420463146,-6.665298514483455,2.6761470265875364e-11,-0.5730622221409136,0.08291196914279157,-6.9116947536728,4.861925854936097e-12,-0.1077511300981048,0.017915120343676934,-6.014535656531892,1.819940476609984e-09,-0.6399597414863467,0.05694952789000381,-11.237314253463321,2.963717023743955e-29,-0.06636301424002647,0.02364090554693454,-2.8071265759374264,0.005001022339138738,-0.4741923246424552,0.028366302773238507,-16.7167476295085,1.6290830953027844e-62,-0.4415733433106698,0.03255253321414161,-13.56494563436432,8.030580942919179e-42,-0.4590618406395484,0.025082335625658054,-18.30219671289103,1.623859410553975e-74,-0.5040125942450802,0.03758754023495303,-13.409033714219847,6.58729285543068e-41,-0.411855850353263,0.03234809950216485,-12.731995285401547,4.649151114844995e-37,-0.4686099741580506,0.026854131928852183,-17.450200043687662,6.195037128559038e-68,-0.4319799338839936,0.04068846668186022,-10.616766103810429,2.7036209582542746e-26,-0.46180163905062654,0.024198412756296278,-19.083964047619965,7.980299445594441e-81
-1.998,0.03309183556217088,0.032722523521364066,39288,0.29832267248955047,0.011632072607353692,25.646562101147268,7.095454407426344e-144,-0.4314383160004498,0.09752270173959035,-4.423978297407063,9.716001654143919e-06,0.011676598311451035,0.021718195463021405,0.5376412755531302,0.590827775046435,-0.46083466545109664,0.0566383800954126,-8.136437953818206,4.1893160085586526e-16,-0.4784501639394133,0.07570883923887223,-6.319607706965821,2.6503566932756357e-10,-0.11694242845770284,0.01635871129424752,-7.148633309448111,8.917154903949646e-13,-0.33329907209349996,0.05200193284914667,-6.409359303246923,1.4778610319878165e-10,-0.11262180542411658,0.021587058370689274,-5.217098295200495,1.826689428698923e-07,-0.43105204163834987,0.02590192801671026,-16.641697149349763,5.671377879748814e-62,-0.4214746536375497,0.029724471984052044,-14.179382357529576,1.5926402942312455e-45,-0.4396241649055878,0.022903261558629616,-19.194827940998813,9.694848784525362e-82,-0.5059243300775694,0.03432205350390124,-14.74050292532943,4.790844900234936e-49,-0.40679295957702283,0.02953779882702692,-13.77194563343053,4.734877015562562e-43,-0.46154506375502247,0.02452112979730978,-18.82234087785216,1.1012657223036432e-78,-0.46407161408299624,0.03715358125903325,-12.490629391753863,9.821659820559113e-36,-0.4188167834940405,0.022096131115245478,-18.95430386929018,9.250023183057735e-80
-1.944,0.027759581562793456,0.027388232859479222,39288,0.29225608838675265,0.011409913545427555,25.614224614688013,1.6052715740740021e-143,-0.4191698663005502,0.09566013152821864,-4.38186587875326,1.1797192892474814e-05,-0.005797890747922026,0.021303403181915537,-0.27215795985328095,0.7855019960413937,-0.4121562123560253,0.05555665289031776,-7.418665288740866,1.2069147309041936e-13,-0.5767813820454848,0.07426288843779216,-7.766751255960608,8.247266195529225e-15,-0.15125195323218005,0.016046278929171584,-9.425983051884334,4.485250232311997e-21,-0.4406723507927589,0.05100875639555327,-8.639151038608242,5.872924463514382e-18,-0.1273855353127794,0.02117477065557088,-6.015910981272682,1.8045680779832876e-09,-0.4144566510840901,0.025407231308349546,-16.312546851489785,1.2631163158920177e-59,-0.39956859523593846,0.029156769130473565,-13.704145114567043,1.2022838657894322e-42,-0.37913863227749134,0.022465835893000823,-16.876230828144305,1.1292912124324222e-63,-0.41418915321300054,0.03366654218900582,-12.30269360267888,1.015138209807268e-34,-0.38415371454783964,0.02897366121369851,-13.25872183409858,4.898178881415054e-40,-0.42536112043079877,0.02405280472945425,-17.684470697503144,1.0302133177155566e-69,-0.4646641452689727,0.03644399105629627,-12.750089433157589,3.6902641863443994e-37,-0.3855416120898439,0.021674120702616474,-17.788108564113596,1.6537518097469474e-70
-1.89,0.021848512574986545,0.02147490612990166,39288,0.254110252336741,0.011141776801629623,22.806977456196595,2.1699595851859665e-114,-0.3673164739771153,0.09341208678387108,-3.9322156973859372,8.431089878832241e-05,-0.008093509744468898,0.02080276615795645,-0.3890593050469573,0.6972343857585389,-0.38617415440416036,0.05425105316399104,-7.118279404398405,1.1115291962975583e-12,-0.3650445886375674,0.07251768598630483,-5.033869788764456,4.827975616333887e-07,-0.12779015278024025,0.015669186064706745,-8.155506753989899,3.5793971601554976e-16,-0.4056810368160256,0.04981003374172856,-8.144564585511707,3.917781406584597e-16,-0.09877939456093501,0.020677156538544718,-4.777223327433745,1.7837334949087314e-06,-0.3945107065807142,0.024810152965484118,-15.901179937485974,9.355204395875145e-57,-0.3785065620915903,0.028471575408085873,-13.294191019162753,3.056994814321439e-40,-0.31541889688837843,0.021937881315688364,-14.377819459840635,9.375505916730707e-47,-0.3636519878866314,0.03287536730748243,-11.06153383733797,2.1233553201164963e-28,-0.3329203372725101,0.028292770587944483,-11.766975462430217,6.53514361204445e-32,-0.36076050205538296,0.02348755585936549,-15.359644239506189,4.357197747964969e-53,-0.3123172134754395,0.03558754520734834,-8.776025760016465,1.7603302214648084e-18,-0.32492479310639605,0.021164771694252436,-15.35215204776499,4.887459936394202e-53
-1.836,0.01888424148300749,0.01850950283008035,39288,0.24757546608649922,0.01105807575021285,22.388657093593682,2.4951400551168613e-110,-0.29525042584042704,0.09271034145024519,-3.1846547129683365,0.0014503995605741362,-0.023132226169573587,0.020646488265229006,-1.1203951912989891,0.26255224469915545,-0.31973010659720846,0.05384349965873422,-5.938137539790162,2.906965050233992e-09,-0.3194702774331092,0.07197290693791487,-4.438757457840212,9.072584192553132e-06,-0.1583234107701852,0.015551473479738325,-10.18060513535655,2.5949190661843904e-24,-0.3432329881275882,0.0494358427783377,-6.942998618767141,3.898159143641469e-12,-0.12981466803583713,0.020521822270644804,-6.325689128568713,2.5481427983788445e-10,-0.3887925298184781,0.024623770135707965,-15.789317707066868,5.482341967831644e-56,-0.33880167808353107,0.028257686650522522,-11.989717427108145,4.5952229631911034e-33,-0.3018028541689699,0.02177307602792574,-13.861286929870781,1.377353310386793e-43,-0.34667606421149677,0.03262839567465037,-10.624980390342518,2.4764866812258906e-26,-0.293433197457291,0.02808022507676909,-10.449816433275307,1.585839104694685e-25,-0.32213557219773953,0.023311108856733778,-13.81897249837112,2.4743304051865298e-43,-0.34756993924316837,0.03532019871457339,-9.84054314223771,8.00254283687e-23,-0.3429918372419687,0.021005774285190557,-16.32845486127993,9.750595863011817e-60
-1.782,0.01486191835213313,0.01448564336678182,39288,0.2084137631901395,0.010934375376237256,19.060417812531597,1.246780179886032e-80,-0.2663885238569622,0.09167324384232008,-2.9058481263645053,0.0036646367790277848,-0.013500561707845716,0.02041552780001042,-0.6612888895205945,0.5084309447808647,-0.24556481792297807,0.05324118319840323,-4.612309553825672,3.994741424202431e-06,-0.2547696551960107,0.07116778715890094,-3.5798451148575117,0.00034421229112952667,-0.14896918453835023,0.015377508033238453,-9.6874723925589,3.6091241030405947e-22,-0.2285548896898909,0.04888283225665075,-4.675565615549923,2.941178327627017e-06,-0.11091513608061729,0.020292256372663815,-5.465884820479291,4.6340045542840455e-08,-0.3484656433522365,0.02434831809113163,-14.311692579667664,2.419805426808538e-46,-0.3265031278382221,0.02794158405859666,-11.685204645288117,1.710809869336044e-31,-0.2840203246417479,0.021529513069225476,-13.192138797032513,1.1828410577688803e-39,-0.29530110242371244,0.03226340045863368,-9.152820168547668,5.805828925280064e-20,-0.2060216667813224,0.0277661076460535,-7.419897286561338,1.195756783647318e-13,-0.2745193710304836,0.023050340803728874,-11.909558013392774,1.2013319071121224e-32,-0.2941924142936076,0.03492509183625408,-8.423525861375701,3.775426082540767e-17,-0.2920759490994764,0.020770794692590553,-14.061857209713164,8.370698013565168e-45
-1.728,0.013121169145309142,0.012744229278156438,39288,0.1777946929549682,0.010810157288209636,16.447003333511564,1.4058629887277898e-60,-0.3990534765881215,0.09063180574626475,-4.4030180498149,1.070368489093194e-05,-0.014391934247160617,0.02018360071299059,-0.7130508798609787,0.4758185101272696,-0.30023880659596874,0.05263634590741297,-5.704020699386828,1.1785280143937825e-08,-0.2112174787673916,0.07035929777145525,-3.0019838949143476,0.002683949760119437,-0.13529653503315306,0.015202814501985682,-8.899439969847794,5.847120889214406e-19,-0.254166273959873,0.04832750726081312,-5.259246511271366,1.454031885326255e-07,-0.133980845644262,0.020061729689460992,-6.6784294135239,2.4472958643880987e-11,-0.3079948454170824,0.02407171321742832,-12.79488678828597,2.080150541343825e-37,-0.25780540630332355,0.027624158505806073,-9.332606683716275,1.0852117637390821e-20,-0.2527554887097568,0.02128493074443747,-11.874856054009525,1.8175703553075858e-32,-0.3166230718400457,0.03189687765505858,-9.926459738915288,3.4014696170336696e-23,-0.22582624016926783,0.02745067556282199,-8.22661867291591,1.984327640910873e-16,-0.2779987719186885,0.022788481377423946,-12.19909160748622,3.624531293613332e-34,-0.2978648437959798,0.03452833134625694,-8.626679372626848,6.548402637649642e-18,-0.2574697736895086,0.0205348316572319,-12.538197438732524,5.4082713086557075e-36
-1.674,0.008481676524167203,0.00810296459576687,39288,0.12033127887769862,0.010705933139663348,11.23968152125808,2.885557821387909e-29,-0.263317860798742,0.08975799581609661,-2.9336423836629413,0.003352035984395075,0.008408259709544848,0.019989004229070413,0.42064425086851226,0.6740171774789032,-0.1763443048209024,0.052128862233630405,-3.3828535146338887,0.0007180689998125466,-0.25558072563387013,0.06968094150826352,-3.667871301703933,0.00024490109832493023,-0.11493257377503431,0.015056239354674478,-7.633551185499149,2.335308806597002e-14,-0.24312572575748806,0.0478615664644552,-5.079769504369387,3.796203724331464e-07,-0.0870096615876729,0.019868308202658908,-4.379319099551148,1.1935828799382555e-05,-0.2539156911858324,0.02383963021000777,-10.650991183547795,1.874865382206704e-26,-0.17847434701905962,0.027357825248776085,-6.523703744581967,6.942421840397747e-11,-0.2150176056263136,0.021079715989040224,-10.200213595766929,2.122045155442683e-24,-0.2536078190137928,0.03158934976011209,-8.028269683918083,1.0158589099355368e-15,-0.18582242312554642,0.027186014909764154,-6.835221114323978,8.307231143423385e-12,-0.21465946400491137,0.02256877041440073,-9.511349535814364,1.9848120399616076e-21,-0.13870672090156397,0.03419543277324425,-4.0562937694443555,4.995376635231056e-05,-0.17917421863042926,0.020336848844590437,-8.8103235658404,1.2978505936840608e-18
-1.6199999999999999,0.004827090198739059,0.004446982395545529,39288,0.07424631511427808,0.010651127988734355,6.970746684558485,3.202297664829722e-12,-0.3608859580169414,0.0892985122340854,-4.041343455654915,5.3246995391764685e-05,0.030591280668286057,0.019886677754637663,1.538280101167327,0.12398819949216533,-0.13739727000871624,0.05186200738546341,-2.649285612635731,0.008069441416135815,-0.17865042713011947,0.0693242351412037,-2.5770270204385772,0.00996903023035909,-0.07794031142906796,0.014979164385170052,-5.203248287082814,1.96817290397453e-07,-0.15341793758528108,0.04761655649292225,-3.2219452410021545,0.0012742722068294983,-0.10065109406846331,0.01976659958786135,-5.091978193875747,3.5598163801582353e-07,-0.16933158108423396,0.02371759184915621,-7.13949300423003,9.52979346066492e-13,-0.16442796174532126,0.027217776761429065,-6.041197383113815,1.5434735519130218e-09,-0.16338103299229736,0.020971806010409814,-7.790508500374246,6.837425476411524e-15,-0.11514287222121365,0.03142763951414224,-3.663745480133819,0.00024888051089948536,-0.10959518993020043,0.027046845943280738,-4.052050659068704,5.086826397830055e-05,-0.11966653572628916,0.022453237760431444,-5.329589300353525,9.897702169829262e-08,-0.14008994437356617,0.03402038162826028,-4.11782401221494,3.8324813039236916e-05,-0.14155815503600097,0.020232741705510832,-6.996489012531826,2.6665168596103266e-12
-1.566,0.003317269423799396,0.00293658494226956,39288,0.05145830747102613,0.010634057235757395,4.839009827593907,1.3098208467503898e-06,-0.18306513703080118,0.08915539191432487,-2.053326591920769,0.04004752175978909,0.034429329451397456,0.019854805021173108,1.7340552785425047,0.08291612282568608,-0.09973505440910069,0.051778887220359504,-1.926172225074099,0.054090081812841646,-0.20304589011897572,0.06921312795193099,-2.933632623279106,0.0033521413605797665,-0.0851356372493842,0.014955157010994194,-5.692727745138165,1.2591514850645182e-08,-0.14768425667604468,0.04754024058775579,-3.106510502474854,0.0018944446852688147,-0.07178814021872154,0.01973491930581838,-3.637620154725258,0.0002755209772107682,-0.1596355523252611,0.02367957924128092,-6.741486016228125,1.589392257595934e-11,-0.0985265363085435,0.027174154344707775,-3.62574433996073,0.0002884945490258953,-0.13835348258301344,0.020938194122517465,-6.607708466807297,3.95293778046139e-11,-0.08762759919115229,0.03137726987523055,-2.7927094849104823,0.005229388897057624,-0.06394861162775356,0.02700349748043324,-2.368160334567431,0.017881600878692762,-0.07375018497407343,0.022417251555426055,-3.2898852382384196,0.0010031647307732739,-0.03190006636065913,0.03396585655527532,-0.939180388657228,0.3476439123566586,-0.10207067864647679,0.020200314329174098,-5.052925265576796,4.3704259268260493e-07
-1.512,0.001866730983660081,0.001485492466771654,39288,0.02373605411364895,0.010630609263236581,2.232802798587887,0.025567564549944605,-0.04348729676228846,0.08912648428908007,-0.4879278825947878,0.6256036479223854,0.00462353973991675,0.019848367325700774,0.23294307607507506,0.8158068224752941,-0.07149980820525532,0.051762098503096085,-1.3813158715151135,0.1671897191658781,-0.050836340116300074,0.06919068637972886,-0.7347280794022278,0.4625095028426167,-0.06973941895776789,0.014950307970851265,-4.6647479833685965,3.100123419517434e-06,-0.04816510454363865,0.047524826203617594,-1.0134725025038034,0.31084076766057267,-0.08310199742407544,0.01972852048193034,-4.212277220696294,2.5337213902557405e-05,-0.1519338232153814,0.02367190140612184,-6.418319365595595,1.393547809096111e-10,-0.05020417497282857,0.02716534343318269,-1.848096457764777,0.06459590362823193,-0.09326597598091671,0.020931405150409324,-4.45579144403943,8.38149923487598e-06,-0.07111645116831145,0.031367096151137336,-2.2672309488149045,0.023381532304954395,-0.05244475240361908,0.02699474190246199,-1.9427765819400549,0.052050296032744976,-0.060556302406435905,0.022409983015710528,-2.702202066105221,0.006891147652308356,-0.05533577424410736,0.033954843511292944,-1.629687211655191,0.10317564155673366,-0.01924309940284658,0.020193764606225025,-0.9529228342552142,0.3406350346005643
-1.458,0.0012052986366627438,0.0008238074846855792,39288,-0.01785415109023571,0.01051422293655319,-1.6980951609999553,0.08949772475372451,0.09648334609401558,0.08815070727952672,1.0945271918019444,0.27373054109007006,0.014149126921876956,0.019631062888438668,0.7207519532836814,0.47106643152546857,-0.03867444868569619,0.05119539528251651,-0.755428266004691,0.44999658914867746,0.041902684157157644,0.06843317101734148,0.6123153952129325,0.5403326509685206,-0.04380057104417623,0.014786628600795756,-2.962174287776394,0.0030565771679129192,0.007731748770770923,0.04700451360335732,0.16448949639208008,0.869346661344153,-0.03743454701667836,0.019512528155156507,-1.9184877899476938,0.05505643038704099,-0.06125727234291323,0.02341273604861051,-2.616408104363723,0.008889429428631138,-0.019667377557909406,0.02686793107825635,-0.7320019357138294,0.46417175442361847,-0.052788041703523525,0.020702243368854362,-2.549870599190273,0.010780054944880204,0.01566815222179527,0.031023682052344268,0.5050384475756102,0.6135346660523133,0.0800716671176647,0.026699197331873828,2.9990290015975187,0.0027101116780299003,-0.015310230213725172,0.02216463342758714,-0.6907504364439135,0.48972647011935444,0.014511576809338421,0.03358309816617378,0.4321095313342785,0.6656641800498115,0.017024112796127016,0.01997267868102265,0.8523700334849297,0.3940139448099824
-1.404,0.002087398872558377,0.001706244640104937,39288,-0.04117102615740116,0.010529646964761882,-3.910010116690765,9.244725014042015e-05,0.18895435971552416,0.0882800215430629,2.1403977526597275,0.0323287767197889,0.008992645327994073,0.01965986102878485,0.4574114392175791,0.647377874063558,0.025479072790248313,0.051270497287273085,0.49695388456029277,0.6192243534668306,0.07606977430774345,0.0685335602868625,1.1099638482129988,0.26702140147382464,-0.05630942252122165,0.014808320111240836,-3.802553030878754,0.00014342910353815712,-0.003748684517322942,0.04707346771895187,-0.0796347645281657,0.9365281506712122,-0.04954386381578947,0.019541152408846404,-2.5353603911998888,0.011237014479516904,-0.008283189632307847,0.023447081782330976,-0.35327166549782807,0.7238866816505898,-0.003524994648037855,0.02690734547239284,-0.13100492026069718,0.8957720861848197,-0.018270340291966017,0.020732612896648406,-0.8812367444008741,0.37819508828622217,0.041691489924047254,0.031069192800023897,1.3418916349836802,0.17963889264771757,0.09098860248070617,0.026738364199010017,3.402923297905973,0.0006673550880311964,0.0481498687596029,0.02219714823474744,2.169191656981821,0.030074115279280535,0.09228486632917263,0.033632363495297586,2.7439304508609905,0.006073595246450169,0.04309972011636126,0.020001977960792363,2.154772903002134,0.031185670012423925
-1.35,0.004056616925353418,0.0036762148387238236,39288,-0.06765819296416391,0.01053116290043685,-6.424569974257765,1.3375331561873902e-10,0.21070645970397472,0.08829273107021912,2.3864530766003837,0.017016484062559532,-0.0106896774396838,0.019662691426118983,-0.5436528096801713,0.5866834978061428,-0.04928543013089026,0.051277878615077446,-0.9611440929695299,0.33648563966730727,0.1404246999938322,0.06854342694899458,2.048696807913133,0.040498403564062035,-0.04159823050282193,0.014810452040337613,-2.808707687619889,0.004976534357182932,0.08940168393232081,0.04708024480742393,1.898921390447472,0.057582134099052905,-0.04755407210954858,0.019543965715898927,-2.433184380325819,0.014971108640859479,0.059650271084159365,0.02345045741950729,2.543671964135728,0.010973203320413582,0.08794691224760948,0.02691121927794936,3.268038929758631,0.0010838847030303059,0.07467312007451454,0.02073559773627603,3.6012041236639707,0.00031713711716698694,0.0935642887660652,0.03107366577978434,3.0110476642551625,0.002605134506228219,0.13537501067929036,0.026742213676615032,5.06222156162301,4.1626800277015927e-07,0.09597888357098502,0.022200343921079967,4.323306157426232,1.5408627541427008e-05,0.1218017738038906,0.03363720549045912,3.6210431879794096,0.00029378664844579243,0.08648171215149845,0.020004857612129407,4.323035626060272,1.5427532560206814e-05
-1.296,0.004907415357012557,0.004527338234135092,39288,-0.08956898576874071,0.010491134136061429,-8.5375884634687,1.4189143413911573e-17,0.19139811267896528,0.08795713195723555,2.176038581749373,0.029558315873130157,0.005741304771425881,0.019587953882931795,0.29310385381439136,0.7694443198143279,-0.015612309007533992,0.051082972303195286,-0.30562647989372044,0.7598906764489846,0.17668769955016905,0.06828289459252412,2.5875836196538966,0.009668729978051077,-0.020212766004818382,0.014754157773444113,-1.3699708458587296,0.17070383455272872,0.07580621658201965,0.046901293627582684,1.6162926588753612,0.10603908550766752,-0.012314709217486428,0.019469679447041522,-0.6325070348992153,0.5270592954711233,0.0833194914754267,0.02336132264460961,3.566557114207394,0.0003621319323549403,0.12997217902482555,0.026808930208288534,4.848092706983212,1.251299571585036e-06,0.10056198274253614,0.02065678209513402,4.868230796035983,1.1303850676866332e-06,0.12966693827847448,0.03095555532441118,4.188809954128676,2.810326072819353e-05,0.09850990220801523,0.026640566994262985,3.6977404508406004,0.0002178231703469045,0.1344294904111104,0.022115960805533123,6.078392505446922,1.2250908379413886e-09,0.16053651381792217,0.033509351065876124,4.790797455382618,1.667254558183051e-06,0.14793722815219323,0.01992881950130629,7.423281049963661,1.1656297223508947e-13
-1.242,0.008175056037439732,0.007796226994879252,39288,-0.11905214185264087,0.010485182776898708,-11.354322035753196,7.857295177364497e-30,0.3087761008926504,0.08790723606643752,3.5125220028449893,0.00044437359987907103,0.019365778384122314,0.01957684212444046,0.9892187034570481,0.32256224396975497,0.1616207855160449,0.051053994204990384,3.1656834696832967,0.0015483720977658806,0.22749845251961706,0.06824415940668817,3.3335959369633823,0.0008581034165676861,0.009442613659093674,0.014745788107122584,0.6403600533587388,0.521942282896631,0.14803734145136832,0.04687468769156528,3.1581509923959756,0.0015889348992574519,-0.004270269639462237,0.019458634782692594,-0.21945371230567579,0.8262977737469396,0.2114135544363378,0.023348070347977885,9.054861977261764,1.4285890198154532e-19,0.11196101736133654,0.02679372216973249,4.178628734450834,2.9390560425302107e-05,0.15173456946315128,0.020645064017012073,7.349677837671901,2.025448126809998e-13,0.20183364848477622,0.03093799500867908,6.523811527804421,6.937437610903426e-11,0.15392258263066994,0.02662545446396596,5.781031187241662,7.480501580052339e-09,0.19433178134251933,0.02210341497166279,8.791934711973612,1.5284713176203585e-18,0.18358126142187198,0.03349034204541024,5.481617989238521,4.240416140690608e-08,0.17902455106612525,0.01991751437823731,8.988297820019891,2.6199393565161787e-19
-1.188,0.010134230120829701,0.009756149387783575,39288,-0.11985857919787164,0.010529001748137336,-11.383660299902179,5.620701736617826e-30,0.18320599081642622,0.08827461207988666,2.075409752586946,0.03795506831153934,-0.012499329901721744,0.01965865634744895,-0.6358181190416784,0.5248986813383213,0.20887826958045885,0.05126735562665434,4.074293807965809,4.624476765502469e-05,0.2588360720465443,0.06852936081155395,3.7770098681980544,0.00015895638407050617,0.017793592981478368,0.014807412713837169,1.2016679297964517,0.22949945750831072,0.13756408505535678,0.04707058323630503,2.922506491257051,0.003474243297081185,-0.008525227313982182,0.019539955001522193,-0.4362971825328182,0.6626235241747349,0.23535652327364615,0.023445645034545066,10.038389770333438,1.1037710791905525e-23,0.13915632351539536,0.02690569669283933,5.17200223818885,2.3273376111750364e-07,0.17584053500819957,0.020731342481167626,8.48186918758075,2.2922673789909047e-17,0.19482663344669005,0.03106728899833208,6.2711179419984076,3.621885629652471e-10,0.1899594004029897,0.026736725773984747,7.104811636577549,1.2253336043670322e-12,0.20659892290282023,0.022195788078124293,9.3080237644925,1.3674726510460365e-20,0.18102229881434728,0.03363030263227697,5.382713940867413,7.379087626564378e-08,0.20664515159442348,0.020000752315835105,10.331868938290748,5.443630342154219e-25
-1.134,0.012656610621499365,0.012279493315513479,39288,-0.1499618913416794,0.010529596773981712,-14.241940556758099,6.5482363416799226e-46,0.23775057280382283,0.08827960074612931,2.6931541465342117,0.0070809578648691,0.02889175271775017,0.019659767317783298,1.469587724551351,0.1416814574890534,0.2276746815721791,0.05127025290051756,4.440677950505697,8.992026596743296e-06,0.2728751914760901,0.06853323361372046,3.981647692477479,6.856227918783062e-05,0.05132502830527699,0.01480824952567022,3.465975381918345,0.0005288760146958945,0.21118007776801012,0.047073243337823235,4.486201986391013,7.2709436205507675e-06,0.054732628701096006,0.01954105926368322,2.800903879495203,0.00509846017947636,0.24664560098673835,0.023446970019103654,10.5192952772056,7.620061194103558e-26,0.24500104138150464,0.02690721721541841,9.105402443516672,8.988021672516135e-20,0.2367033580842814,0.020732514072250997,11.417011813395659,3.8367273618102396e-30,0.21364823767417168,0.031069044705122797,6.876562820064579,6.222930177575561e-12,0.21719558223757235,0.02673823674750437,8.123033103813192,4.678286328257782e-16,0.24851317407802043,0.022197042429472947,11.195778665902257,4.732610383101373e-29,0.2644959066883357,0.0336322031827469,7.864364557122454,3.8040747343396645e-15,0.26671766015744064,0.020001882619050886,13.334627806654769,1.783307336541645e-40
-1.08,0.01251220256494645,0.012135030102084277,39288,-0.15639334636989288,0.010603212483315031,-14.749619194747801,4.188813904063167e-49,0.23105905150834305,0.08889679108761006,2.5991832627639893,0.009348080856396157,-0.012103183144540178,0.01979721490931907,-0.6113578702852235,0.5409662257931969,0.21465979273481983,0.05162869929841727,4.157761006026361,3.220632503108671e-05,0.2661108380574966,0.0690123709172349,3.855987477616698,0.00011544705377082717,0.07855674507519383,0.014911778636633961,5.268100270896086,1.3856826627016493e-07,0.1805669411544294,0.04740234712720067,3.8092405143967123,0.00013960644507761508,0.04015440322880193,0.019677676930028715,2.0406068953965355,0.04129658950599263,0.2753464814624229,0.023610895131026117,11.661840007946218,2.249566596428388e-31,0.2288438156150125,0.027095333999376667,8.44587542712251,3.1197942103029084e-17,0.25499483672204315,0.020877461572373985,12.213881263202229,3.0243200575322097e-34,0.2234690344255271,0.03128625812871065,7.142721686504751,9.308809826033128e-13,0.19045409962279108,0.02692517213608007,7.073458942443684,1.5364105589954004e-12,0.2259760296594271,0.022352228906089514,10.109776103709436,5.3499371550144156e-24,0.20145127275386682,0.0338673364501345,5.9482467140715105,2.7331870040660717e-09,0.26478964940813055,0.020141722045821868,13.146326257791728,2.164105407006254e-39
-1.026,0.012050209851043325,0.011672860929362927,39288,-0.14876182440639504,0.010669392444254681,-13.942858057161558,4.430511171414656e-44,0.1420964838099208,0.0894516404949096,1.5885285392614688,0.11217492294854159,-0.008762174319628273,0.019920779245266716,-0.43985098232089553,0.6600474603350353,0.17420513845212138,0.05195093987487567,3.3532624986515374,0.0007994037013562844,0.18804666121567892,0.06944311169686582,2.7079238908035,0.006773485343616586,0.07947792647267332,0.01500485051737445,5.296815611767945,1.184729732921465e-07,0.2517459690054883,0.0476982089225068,5.27789144901623,1.3137155564033485e-07,0.07024514693600117,0.019800495169563347,3.547645972206778,0.0003891432121242143,0.25541178173514967,0.02375826255575521,10.750440236770539,6.429705274479135e-27,0.2636355566627203,0.027264449552662735,9.669571951324167,4.29782997428908e-22,0.2417484702097614,0.02100776826891081,11.507575060579976,1.3529126821508179e-30,0.2811641041529923,0.03148153133899141,8.931080928860561,4.397226461047698e-19,0.18569802800276125,0.02709322562393228,6.854039108533776,7.285150338133401e-12,0.24119240096090144,0.02249174036436189,10.723598843559044,8.59115093280602e-27,0.24701011966179182,0.03407871946324744,7.248221868435595,4.3004194295507243e-13,0.24435570647607052,0.020267436623394218,12.056566946113776,2.0518839252780205e-33
-0.972,0.011324146638503119,0.010946520395876846,39288,-0.15698648858188974,0.010674894776002732,-14.706139205680689,7.942098421168845e-49,0.3158348932496472,0.08949777176283155,3.528969347824741,0.0004176580692183397,-0.002996138743069223,0.0199310526264981,-0.1503251634128893,0.8805088530430221,0.21915803222990665,0.05197773158839713,4.2163831612618665,2.4880685313219017e-05,0.11611424683550937,0.0694789243300752,1.6712153786935824,0.09468711123703599,0.07788110849909258,0.015012588696076551,5.187720124474358,2.1393979289160214e-07,0.23679738637967584,0.04772280745242785,4.961933277201382,7.008633478911984e-07,0.08220816937081836,0.019810706518875676,4.1496838738431805,3.3363530884386486e-05,0.2690755006125916,0.023770514972471724,11.319716923432408,1.1652003859942207e-29,0.23068592934499535,0.02727851015144102,8.456690928657961,2.8442068557139714e-17,0.24961949043364268,0.021018602223225047,11.876122293128473,1.790352365984e-32,0.23442273166264876,0.03149776673667397,7.442519135482137,1.0080010147309639e-13,0.18342720493457043,0.027107197920507416,6.766734262703051,1.3356720983892078e-11,0.2578565945711646,0.02250333962061967,11.458592320887883,2.3798547198067916e-30,0.13641161197367033,0.03409629426153284,4.000775302070547,6.325093278880366e-05,0.23436568823786713,0.020277888779931447,11.557696700152206,7.572270217271436e-31
-0.918,0.010033637299879494,0.009655518145252784,39288,-0.1547011681067564,0.010801269947563053,-14.32249808196485,2.0730965097431084e-46,0.1247284056786925,0.0905572947368865,1.3773424442623854,0.16841424811907793,-0.01714436493572444,0.02016700719540999,-0.8501194435843955,0.3952638652455682,0.1411017524690256,0.05259307205634877,2.6828961867420045,0.007301820177892732,0.16326747653226653,0.07030145337286992,2.3223911981778915,0.020216966025261216,0.10239069648323984,0.015190315831738457,6.74052453006316,1.5999340266742787e-11,0.20771547335723717,0.0482877758296992,4.301616087885385,1.6996603982764577e-05,0.126836578096592,0.020045236365547527,6.327517210751907,2.5181770640291044e-10,0.2771416977821528,0.024051923170937187,11.522641903206859,1.1366238064211254e-30,0.20899418238631884,0.027601447892059122,7.571855766539191,3.7597430983920605e-14,0.24859165462241095,0.021267431791820834,11.68884221921031,1.6393437795906014e-31,0.1760746807611007,0.03187065431623704,5.5246647594365985,3.322051711534754e-08,0.21086236028830357,0.027428107574382847,7.68782023026786,1.5313901375766803e-14,0.24154387682367898,0.02276974631266773,10.608105751678856,2.965472626320836e-26,0.17526568588546254,0.03449994461381162,5.0801729639675175,3.7881553157681317e-07,0.21937470756750094,0.020517949382608838,10.691843686554979,1.2093591119558643e-26
-0.864,0.00886966506260023,0.00849110132701103,39288,-0.154835981367167,0.010846888972159125,-14.27469035265198,4.105718178160504e-46,0.14668230003390637,0.09093976230560864,1.6129611109051671,0.10676099187120085,-0.005421013591568432,0.020252182290722197,-0.26767552818502294,0.7889504940259093,0.30139284943695954,0.05281519821923232,5.706555302242703,1.161134461235136e-08,0.24620080741827344,0.07059837065631215,3.4873440439132968,0.0004883765626676923,0.100095485734695,0.015254471935133181,6.561714240934234,5.385288029748384e-11,0.20077674612720073,0.048491718629384686,4.14043370295264,3.4737303968056275e-05,0.1517378131353627,0.020129897163327175,7.537932852026685,4.877346499893663e-14,0.21882473015862813,0.024153506158867726,9.059750113268286,1.3661274499503204e-19,0.2281720053167689,0.02771802225196197,8.231900647262744,1.898881759885119e-16,0.21643386635350237,0.02135725451625198,10.133974204821374,4.180588603656211e-24,0.21559583463046195,0.03200525961452174,6.736262640176794,1.647491887957863e-11,0.1555909819264762,0.027543949833685126,5.648826071277358,1.6266234707196804e-08,0.24739611998832228,0.02286591404314078,10.819428408659444,3.042929366616905e-27,0.1752062879655373,0.03464565468582548,5.0570927163693975,4.276087190020741e-07,0.21387358648458282,0.020604606677731563,10.37989173147997,3.3000589863063106e-25
-0.8099999999999999,0.005803920988100564,0.005424186286909438,39288,-0.1275390632763796,0.01090048326806626,-11.700312742097807,1.4328350623974207e-31,0.1640949710796916,0.09138909414105391,1.795564039910717,0.07257156411629015,-0.028054276340924677,0.02035224798266761,-1.3784362476723098,0.16807649073339756,0.168817158783522,0.05307615722499155,3.180659030530424,0.001470546446519678,0.16713266807059068,0.07094719601787226,2.3557332417829224,0.01849107517501575,0.10002676204629198,0.015329844024300593,6.524969327002372,6.884117619200974e-11,0.15386468004527137,0.04873131539523518,3.157408717522857,0.0015929845928830855,0.105181798059443,0.020229358646515636,5.199462815276144,2.0086504368236706e-07,0.1802838761845686,0.024272848226403933,7.427388599103764,1.1300595806954433e-13,0.19489857152335505,0.0278549765335394,6.996903095168044,2.6586608701386236e-12,0.19062158020424338,0.021462780351470347,8.881495178288237,6.869784865926069e-19,0.1526378111512111,0.03216339706377268,4.745699306841412,2.085177448426559e-06,0.10998242288832466,0.0276800440263727,3.973347108246532,7.099612995292724e-05,0.19854715321913094,0.022978894139697555,8.640413764565269,5.808495200704248e-18,0.15348215727519016,0.034816838282697764,4.408273836612647,1.0447382991442776e-05,0.13714507728365852,0.020706413692643474,6.6233138832912966,3.557567661698397e-11
-0.756,0.00800440770329136,0.007625513481340662,39288,-0.15302971917355473,0.010963848532228399,-13.957664475546297,3.6036044273873095e-44,0.18712198539060898,0.09192034527454734,2.0356971553110874,0.041787473016886456,-0.02405174943534672,0.020470557009708016,-1.1749435750058168,0.24002441449759016,0.19781804912957088,0.05338469260278765,3.705520056122627,0.0002112468039247563,0.23192878125888342,0.07135961698184969,3.250140500584168,0.0011544507315278572,0.1501110680634184,0.015418957469298939,9.73548752321992,2.255680359482033e-22,0.1631577501226883,0.04901459390656814,3.3287585822643027,0.0008731418164624084,0.11207091467953847,0.020346953309334153,5.5079948813823645,3.652147743977242e-08,0.2468689213428965,0.024413947974186626,10.111798452422203,5.240907128619981e-24,0.21735453950636136,0.02801689944125568,7.757979785097156,8.837096537712608e-15,0.2264443015924923,0.02158754498008173,10.489580996886241,1.0431326011354542e-25,0.21759528848948617,0.03235036511841557,6.726208118300935,1.7652419619645646e-11,0.14563368533159063,0.027840950039309677,5.23091651419815,1.695353344531989e-07,0.18887947770353952,0.02311247204276002,8.172188477030781,3.1181982188880575e-16,0.20495463670884106,0.03501923097491324,5.852630997398675,4.876922304805645e-09,0.15338054331485568,0.0208267815094841,7.364582148471152,1.8118250355176658e-13
-0.702,0.005532392542081155,0.005152554130188003,39288,-0.12438664743987429,0.011031595650376019,-11.275490090650168,1.9247086580276148e-29,0.10870422417604761,0.0924883336477157,1.1753290376070302,0.23987022715903591,0.008243300014013459,0.02059704737850577,0.40021755849412805,0.6889984600330525,0.2943880616016755,0.05371456391270261,5.480600421146817,4.2648600490373484e-08,0.180366108105164,0.07180055780554197,2.512043271218742,0.012007413556564575,0.1469497194186417,0.015514233314301278,9.471929191833219,2.8947180992189115e-21,0.21062626851635194,0.049317461779522134,4.270825401720275,1.9520806720714854e-05,0.11079747062594347,0.02047267991397846,5.411967123575869,6.270037438351222e-08,0.20573675370919722,0.02456480509456686,8.375265055724022,5.690117983211845e-17,0.1940423321241671,0.028190019691047286,6.883369868159118,5.932909639573765e-12,0.16079806702152813,0.02172093737017027,7.402906434524085,1.3589903106132035e-13,0.1895721976403882,0.032550262444737944,5.823983691751596,5.790801546255968e-09,0.10223752556403368,0.028012983073705467,3.6496479255720344,0.00026294022588595374,0.1463603808760994,0.023255287165530252,6.293638940440157,3.133756176336052e-10,0.20137348779031083,0.035235619588028635,5.715054542668744,1.1046107344630429e-08,0.13073343776423751,0.020955473038139404,6.238629761604517,4.459132015084391e-10
-0.648,0.005648271263189786,0.005268477111350034,39288,-0.09615652477439958,0.011045324081694802,-8.705631818785461,3.278702373996358e-18,0.129072175656247,0.09260343211365958,1.393816327431865,0.16338096300855048,0.0024837883773335748,0.020622679676793997,0.12043965266688876,0.904135497840602,0.24743161499863026,0.05378140979111086,4.60069038650464,4.224070244626996e-06,0.21149127125257317,0.07188991106482773,2.94187693544172,0.003264200430981795,0.15953006901995412,0.01553354022993426,10.270039325132599,1.0334749672218774e-24,0.2576041401915259,0.04937883561956439,5.216893775629261,1.8287052961530565e-07,0.154114030501761,0.02049815744134785,7.518433349081901,5.661494131335617e-14,0.21233642541598347,0.024595375127251896,8.63318507310396,6.186999537085163e-18,0.13125942983163524,0.028225101175310217,4.650450285948093,3.322882558722712e-06,0.16696974090266217,0.021747968309874428,7.677486858708148,1.659880088670023e-14,0.17594279103552743,0.032590770097170416,5.398546598038291,6.757171027890986e-08,0.06356114405948161,0.02804784424214836,2.2661686049998213,0.023446479467278066,0.09283980612318027,0.023284227549384848,3.9872401146342957,6.696724566287066e-05,0.11113197616945947,0.03527946907261998,3.1500467294647527,0.0016336676410807196,0.08433778616131235,0.020981551384506903,4.0196163103357865,5.840169167276654e-05
-0.594,0.00428965187334418,0.003909338794766626,39288,0.0036208531077882057,0.011212142414122783,0.32294034218004486,0.746742142483587,0.030344676398222248,0.09400202847969198,0.3228087402898742,0.7468418118547606,0.01624950834150111,0.020934145506898576,0.7762202826070114,0.4376236069259738,0.1111429477002008,0.05459367433225254,2.035820982185484,0.041775032162407036,-0.021534028582271707,0.07297566961691092,-0.2950850426630624,0.76793047537829,0.14392191626754702,0.01576814441707215,9.127384456963938,7.341681580741334e-20,0.11190165380351544,0.05012460776299498,2.232469415673473,0.02558956926449218,0.12154066900577251,0.02080774260307967,5.841127090248789,5.225667148150421e-09,0.14412982071027255,0.024966840865497508,5.772849736445842,7.852752636989227e-09,0.0997044651306116,0.028651386929883914,3.4799175821613733,0.0005021119250536649,0.024331572433204135,0.022076429455995288,1.10215161748434,0.27040251633251733,0.06546799559162332,0.033082990866786746,1.978901963708157,0.04783401914527982,0.0640616321859187,0.028471452872376707,2.2500303188978443,0.024452532930905,-0.022102026875461558,0.023635890930462033,-0.9351044536669602,0.3497402212594506,-0.007158662770001961,0.03581229745828885,-0.19989398273986103,0.8415645315362917,-0.024976736861721936,0.021298437280097428,-1.1727027919114863,0.24092212456382622
-0.54,0.007827168422203434,0.007448206503440358,39288,0.12604998773995138,0.011382992006597804,11.073537402722444,1.857992391800733e-28,0.03235922548569334,0.09543442272375288,0.3390728896570292,0.7345566338262843,-0.007208182267435356,0.021253138086243746,-0.3391584921805456,0.734492149903188,0.01947918160016951,0.055425567708814606,0.35144757925630843,0.7252544783516159,-0.04957247519707608,0.07408766614301072,-0.669105639005915,0.503432026345568,0.1307398642695079,0.0160084179480568,8.166944709572498,3.256473338948238e-16,-0.04272984170381802,0.05088840191517156,-0.8396774136284835,0.4010943926696514,0.0860713451292981,0.021124809066629353,4.074420027079162,4.621970629364139e-05,-0.03191190269329175,0.025347283284948587,-1.2589871006902458,0.20804247443603768,-0.07414288553076315,0.02908797412259108,-2.5489188493598225,0.010809513492611274,-0.06623030509821203,0.02241282805285127,-2.955017766701979,0.0031283660128711955,-0.05298140709006132,0.033587106431741204,-1.5774329115767978,0.11470400197122389,-0.11657273966878806,0.028905298246503442,-4.032919455618812,5.519217717087812e-05,-0.14022881540149093,0.023996052457501412,-5.8438285067864975,5.141655149036445e-09,-0.0706500950589478,0.03635800194547375,-1.943178702858921,0.05200170608199638,-0.14044268143367714,0.021622980903899063,-6.495065692277075,8.398675098763851e-11
-0.486,0.010240860200255386,0.009862820194729949,39288,0.20148804506883072,0.012308719966543714,16.369536850013212,4.991528569031831e-60,-0.07149627212882641,0.10319567858736663,-0.6928223459308605,0.488425143803627,-0.008028463231842687,0.02298156099575852,-0.34934368615449674,0.7268331781395998,0.028727042141685158,0.059933081875053605,0.47931862075062803,0.6317146461967877,-0.30163724068276393,0.08011288552258772,-3.765152618272846,0.00016668982312382288,0.11014415550216954,0.017310311165624422,6.3629217550345745,2.0012852572921408e-10,-0.14977538439026353,0.05502692862787892,-2.721856155249434,0.006494501341148082,0.08499465092170774,0.022842795549459415,3.720851536655249,0.00019882875496970404,-0.118438747210619,0.027408664759340028,-4.321215507962997,1.55553004136128e-05,-0.07674454739635549,0.031453569295447036,-2.4399312737923324,0.014694448219550172,-0.12126217814080348,0.024235563373930163,-5.00348088756391,5.654698700716805e-07,-0.12409789186304028,0.036318595964503785,-3.416924266134301,0.0006339705391199626,-0.1360957166500263,0.03125603720528106,-4.354221738225707,1.3387801782439763e-05,-0.21513018990549942,0.02594754435658755,-8.290965300956593,1.1585990984388565e-16,-0.08345232145870224,0.03931483604930025,-2.1226674162917583,0.03378797003059834,-0.21781566019039542,0.023381481479891178,-9.315733922922028,1.2719081858631269e-20
-0.432,0.014930972130109299,0.014554723519953239,39288,0.2708316234999949,0.01258969336485737,21.5121699672201,4.659621792432655e-102,-0.19587893284715463,0.10555134518655712,-1.8557691756646746,0.06349395203883111,-0.053893145729676406,0.023506165285163277,-2.2927238482277206,0.021869169415571682,-0.14423430264747628,0.06130118527911317,-2.352879507806523,0.01863357391295681,-0.27781699748797006,0.08194163698944842,-3.390425279443031,0.00069852952516373,0.06039628334909098,0.0177054567995565,3.4111677565192124,0.0006475039944756213,-0.3174903451006442,0.0562830383758757,-5.640959590353751,1.7026604973783954e-08,0.02986606824109353,0.0233642322146822,1.2782816044057952,0.20115770635354033,-0.14624892907894188,0.028034327354768622,-5.216780385995779,1.829823858863629e-07,-0.17487649996011426,0.03217156566534231,-5.435747261393147,5.489157902662227e-08,-0.26157633817286385,0.024788793004608914,-10.552201477668948,5.376348986486419e-26,-0.25017948941140616,0.03714764718655321,-6.734733108533633,1.6648950685763695e-11,-0.24188561282509882,0.031969524474083716,-7.566131082781191,3.928856763354364e-14,-0.305971557639718,0.0265398536897742,-11.528758267330192,1.0589558675608613e-30,-0.15825999433136026,0.04021228299089461,-3.9356132644146453,8.312735902068371e-05,-0.3120480205973807,0.023915214827214832,-13.04809606988263,7.848606002576413e-39
-0.378,0.013203963120080875,0.012827054876212496,39288,0.2526971339254841,0.012610347512054547,20.038871544493485,7.032637784035607e-89,-0.183986202308291,0.1057245085001632,-1.7402417369290204,0.08182441274253269,-0.029733719435805314,0.023544728559404423,-1.262860999258742,0.20664663615645262,-0.21209019747790292,0.061401753550906865,-3.4541390955889155,0.0005526348215149977,-0.28680459628311283,0.08207606716045496,-3.4943754763787958,0.0004756954952791323,0.032646544703965656,0.017734503663553367,1.8408490772176729,0.06565121736705735,-0.2802869136713536,0.05637537407664539,-4.971796963870932,6.661420683129026e-07,0.018006578268244828,0.023402562639206922,0.7694276283263928,0.44164411996598074,-0.1836884163622513,0.028080319350520917,-6.541535873196674,6.163685807711373e-11,-0.20171894428162307,0.03222434504872828,-6.259830695599625,3.8937080883028825e-10,-0.22936299169601154,0.02482946050656624,-9.237534244264214,2.6447799528318994e-20,-0.284694818993757,0.03720859013018054,-7.651319708639969,2.0346076759838425e-14,-0.24230919805971776,0.03202197239677535,-7.566966677046994,3.9037140050335145e-14,-0.2941117931976299,0.026583393911828398,-11.063741303053241,2.071881681169566e-28,-0.1981436137089736,0.04027825365340073,-4.919369529126647,8.717401325462132e-07,-0.2986434444545999,0.02395444917176783,-12.467138873164918,1.3176295047198659e-35
-0.324,0.012608055325039391,0.012230919473284363,39288,0.24712863356838213,0.012736242242011905,19.40357515760818,1.7730795334323657e-83,-0.11108216522152384,0.10678000347639434,-1.0402899569682125,0.29821161304168536,-0.014836971708023733,0.02377978609775315,-0.6239320928721732,0.5326758068265858,-0.250346064176687,0.062014754673580946,-4.036879053934845,5.426962956267482e-05,-0.321270131341325,0.08289546918734202,-3.875605440090595,0.00010653266578442452,0.04406038751834347,0.01791155513239803,2.4598862127079077,0.013902383046633401,-0.2513985371859918,0.056938194608660064,-4.415288171918172,1.0114442457995511e-05,0.004423111558389262,0.023636200871694706,0.18713293148926124,0.8515573753113945,-0.18482479833158694,0.028360657716959344,-6.516943301391204,7.262144258721978e-11,-0.24715183705845342,0.03254605507409311,-7.593910736517742,3.1725762187414425e-14,-0.23116502337577688,0.02507734409759916,-9.218082364547849,3.1700719985664276e-20,-0.29124466039754304,0.03758006009974761,-7.7499785690736305,9.41122697267715e-15,-0.21061750588919986,0.03234166204559275,-6.512265992770803,7.491730707476454e-11,-0.2675331280567359,0.026848787803208516,-9.964439736261197,2.3249365146173227e-23,-0.2000944112202227,0.040680369444579485,-4.918697001825891,8.747382189199457e-07,-0.2748485591736063,0.024193597133937324,-11.36038422281841,7.332330275714207e-30
-0.27,0.011853841199441217,0.011476417274456363,39288,0.3019896017240653,0.012738146406601907,23.707499669461374,2.2275491822467683e-123,-0.14926821504631388,0.10679596789491563,-1.3976952312768005,0.1622125017328838,-0.04298619593010898,0.0237833413557158,-1.807407768621973,0.0707063722905,-0.2520793479784732,0.062024026348668715,-4.06422096110637,4.8286856139158304e-05,-0.3122723856581254,0.08290786268725342,-3.7664990452845837,0.00016579417681333736,-0.018961103647392973,0.0179142330454266,-1.0584379247111353,0.289862347182951,-0.15114695700148706,0.056946707299603924,-2.654182553633585,0.007953283258699434,-0.04093095903860504,0.023639734662579556,-1.731447481235759,0.08337983754533414,-0.21114788903354417,0.028364897849892403,-7.443985525734764,9.968845143690686e-14,-0.3455024561666731,0.03255092095560185,-10.614214468399359,2.7782935898050904e-26,-0.2352922502104156,0.025081093350301373,-9.381259697260699,6.855520811613625e-21,-0.34702051810620294,0.03758567860309989,-9.232785757859972,2.7644661015446e-20,-0.22102893285271033,0.0323464973687971,-6.833164355715525,8.427118084244998e-12,-0.3075342084800844,0.026852801900149187,-11.452592903475589,2.5498937901592005e-30,-0.20004468186219782,0.04068645146763877,-4.916739470909857,8.835213940602682e-07,-0.27782023060103933,0.024197214259781177,-11.48149649039607,1.828039012183909e-30
-0.216,0.015367510239823967,0.014991428366061488,39288,0.3760450213769548,0.01284412300417804,29.277594216018628,2.032869859673741e-186,-0.4263603170993859,0.10768447026810922,-3.9593482332025047,7.528692757769937e-05,-0.07013552075864561,0.023981209830093216,-2.924603106163347,0.0034509293240159644,-0.2980022858795618,0.06254004297075728,-4.7649837084202655,1.8954338527066909e-06,-0.3681822724933901,0.08359762499013845,-4.404219288966911,1.064458168743885e-05,-0.07253225824856635,0.018063272741292893,-4.01545496695937,5.944142330916636e-05,-0.30068197766011573,0.057420482532682435,-5.236493397438351,1.6449753808139493e-07,-0.07473749681580262,0.02383640838316455,-3.135434483854081,0.0017172625247266129,-0.25167571146979895,0.028600883154879027,-8.799578324449941,1.4280683983469985e-18,-0.41149429605288557,0.03282173240184622,-12.537250959664123,5.47297939730217e-36,-0.3045937097664507,0.025289758634237564,-12.04415250345997,2.384092240002431e-33,-0.38771273043316334,0.03789837734346624,-10.230325349272661,1.5569205609678358e-24,-0.3211847828689912,0.032615608087517824,-9.84757917151667,7.463076927636701e-23,-0.3620306491692108,0.027076207134311737,-13.370803649615876,1.0995924737679892e-40,-0.2285536864024533,0.041024947474542266,-5.571090287057178,2.54805749865358e-08,-0.34331930057859317,0.024398526001397153,-14.07131318338384,7.328190349904246e-45
-0.162,0.020481842997785327,0.02010771455118132,39288,0.3934489278525074,0.012925564560208488,30.439593258753654,3.614794410008602e-201,-0.38123318953329105,0.10836727210799321,-3.5179734814527195,0.0004353468743945811,-0.06932371607027232,0.024133269028173157,-2.872537325521208,0.0040740802021670425,-0.355759384116745,0.06293659463972624,-5.652663385320596,1.5907392640642534e-08,-0.3848516799419317,0.08412769782247055,-4.574613235632102,4.785572626956046e-06,-0.10502383562948436,0.018177807695417415,-5.777585360635135,7.635144460317309e-09,-0.44325549327747593,0.05778457227582484,-7.670827624398968,1.7482443664734115e-14,-0.11364855671135263,0.023987549429405744,-4.737814383491532,2.1679025220062567e-06,-0.3453939216385101,0.028782234612446087,-12.00024689845152,4.0483713780462615e-33,-0.4139351603944542,0.03302984726944378,-12.532154842186918,5.834839998194775e-36,-0.36532226314980676,0.025450115031800617,-14.35444447670773,1.3114995485206616e-46,-0.4817879882652686,0.038138682019844446,-12.632528518279239,1.6456479272898813e-36,-0.38524469849033105,0.03282241596943102,-11.737243804634204,9.280033745020115e-32,-0.4031815638461959,0.027247890980667284,-14.796798920410325,2.087832343815424e-49,-0.33994142826318985,0.04128507699504804,-8.234002525996603,1.865898086055963e-16,-0.42105632921090325,0.02455323130293909,-17.148713503973777,1.115475562600481e-65
-0.108,0.019058579842624934,0.01868390777849882,39288,0.31048638095354425,0.012851215043062946,24.16007979892485,5.048217284451832e-128,-0.24988981731602053,0.1077439295593503,-2.3192937025595466,0.02038422017213108,-0.05104468563684823,0.02399445134705524,-2.1273537326834013,0.033396916298948816,-0.30016896632477447,0.06257457521686455,-4.7969796883874904,1.6166616309814347e-06,-0.4181138038805743,0.08364378443651893,-4.998743262243232,5.795304126727501e-07,-0.03878180446051511,0.018073246597244616,-2.14581283179236,0.031894025003790995,-0.4158479000503911,0.057452187951166765,-7.238156019468809,4.631419686218677e-13,-0.07431694799119787,0.02384956994624479,-3.1160707785801973,0.0018341034520902714,-0.32330974613818764,0.028616675480708592,-11.297949209933243,1.4920500957519548e-29,-0.3213232260297843,0.03283985532097337,-9.784550598326458,1.3921361981086312e-22,-0.3748932555966805,0.02530372268235245,-14.81573523006328,1.5778234300150208e-49,-0.3954153832841889,0.037919303393902475,-10.427812430430164,1.998184149526844e-25,-0.40523717404459875,0.032633617192595395,-12.417782915482245,2.438624066688354e-35,-0.37130712817338474,0.027091157591714692,-13.705842096867128,1.1746316305418763e-42,-0.3346654130076784,0.04104759989874016,-8.153105512460181,3.6510963012478675e-16,-0.3191030163433004,0.02441199794456369,-13.071564935731182,5.774161942574305e-39
-0.054,0.01625334940172185,0.015877605875571632,39288,0.2237201167678454,0.01275226527319483,17.543558887384776,1.2185177640074677e-68,-0.3947921119640891,0.10691433975022645,-3.69260206709786,0.00022227171723465723,-0.08127182863854651,0.023809702634116654,-3.4133911660909626,0.0006422452583998555,-0.1691992618022894,0.06209277331746779,-2.724942900153739,0.006434107903914651,-0.19441887550061848,0.08299975714469025,-2.342402944163988,0.019164983162061923,0.024765012760994444,0.017934089047894262,1.3808904759454308,0.16732049669967825,-0.30005613311414286,0.05700982660578905,-5.263235322376401,1.4228448063675265e-07,0.000691350193955359,0.023665936768391436,0.029212880974089993,0.9766949565284628,-0.2836080643629531,0.028396337291384216,-9.987487521815115,1.844281563708629e-23,-0.24828505043283022,0.0325870001539231,-7.619144114526281,2.610864318671054e-14,-0.32754867020659506,0.025108893047346308,-13.045125867912875,8.159181468646084e-39,-0.30011475341331695,0.03762733828929462,-7.975976166741053,1.5524696488836305e-15,-0.31539444352686086,0.03238234998553745,-9.739702142300414,2.1642787006276646e-22,-0.28500536982372426,0.026882565345753635,-10.60186653163827,3.169554185076078e-26,-0.23851317772269537,0.04073154802737946,-5.85573564654033,4.786753149773746e-09,-0.3163260218221997,0.024224034271826032,-13.058354288662205,6.863640771884225e-39
0.0,0.015050261565528023,0.014674058518152955,39288,0.15034159640795117,0.012774575640498912,11.76881335543758,6.394822883633123e-32,-0.2003063082115059,0.10710138872849033,-1.8702494018942808,0.06145662522048466,-0.04602499712601167,0.023851358230184336,-1.9296593796392771,0.05365625041318816,-0.08391591666295109,0.06220140598389716,-1.3490999975896916,0.1773126271765134,-0.1164324452167699,0.08314496703708012,-1.4003546981363837,0.16141502906800936,0.08301595542831558,0.01796546512934731,4.62086312993398,3.833595756649889e-06,-0.1751433931582314,0.057109566545656104,-3.0667960510296197,0.0021651348888975267,0.049593342103744276,0.023707340842929303,2.091898135363227,0.03645403458706953,-0.277773759167638,0.028446017305208352,-9.764943759518095,1.688747627782488e-22,-0.132358979669139,0.03264401182417909,-4.054617440467353,5.031317963558684e-05,-0.31222897359274515,0.02515282160548748,-12.413278259192502,2.5792530806020717e-35,-0.17248063808172065,0.03769316814147576,-4.575912468655857,4.755980886047052e-06,-0.2540118781323928,0.03243900361584306,-7.830446370687372,4.9828953726829576e-15,-0.24096743135726137,0.026929596982415118,-8.948051896751808,3.7724294989772444e-19,-0.14352162666931118,0.04080280876246351,-3.517444779471743,0.00043621476083038446,-0.26088663357002273,0.024266414750165607,-10.75093441927767,6.395447567186469e-27
0.054,0.014396512535219563,0.014020059787410166,39288,0.17136806845745572,0.01288463155912293,13.300191601995712,2.822307476037307e-40,-0.07882276176479576,0.10802409192068511,-0.7296776150885865,0.46559161913858704,-0.04447169061740518,0.02405684318830158,-1.8486087417750212,0.06452184118074714,0.09031066580719627,0.06273728545793313,1.439505473467636,0.15001533082360433,-0.2517465938336947,0.08386128012518143,-3.0019407461692387,0.0026843301224092667,0.11743786024879739,0.018120241759425712,6.481031644498289,9.217450515280096e-11,-0.14257452650245991,0.05760157864729303,-2.475184358669659,0.013320928920353334,0.08164841550134719,0.02391158505800363,3.4145965356662136,0.0006394109905140319,-0.2856752880843907,0.028691086312103143,-9.956935229875924,2.5067609121291653e-23,-0.06275345507762066,0.0329252475231164,-1.9059372304965132,0.05666564327852829,-0.31642837345758956,0.025369518971073698,-12.472777817284628,1.2279540867509338e-35,-0.05917538546555633,0.03801790348787022,-1.5565136432217124,0.1195940590445025,-0.25413311127296356,0.03271847312173187,-7.767266838138798,8.213828564212956e-15,-0.11204028041998745,0.02716160167810758,-4.124951162592617,3.715761625841271e-05,-0.11100040681026772,0.041154334380782816,-2.697174148978578,0.006996052882920226,-0.18250287607549348,0.02447547551603357,-7.456560995349741,9.063693597705044e-14
0.108,0.015978329958994952,0.0156024813887512,39288,0.19452008707360097,0.012901966707623815,15.076777942595248,3.204194369345243e-51,0.07496213732365885,0.10816942891899395,0.6930066847241708,0.4883094545550174,-0.02471390595442963,0.024089209573573682,-1.0259326226104675,0.3049296632932141,0.14071222733655447,0.0628216930061789,2.239866845401867,0.025105140286000277,-0.2812741220105919,0.08397410816669534,-3.349533899809215,0.0008102380444815229,0.15564394900068176,0.01814462096501884,8.577966401213285,1.000401233203286e-17,-0.16715511777757294,0.057679076549747924,-2.898020006152534,0.003757342707502175,0.13129240878271972,0.023943756011124792,5.483367301342295,4.198711499645822e-08,-0.20619534921348592,0.028729687667492294,-7.177082869814711,7.247362382014436e-13,-0.017406486302572168,0.032969545573287455,-0.5279565125906749,0.5975325025337819,-0.33824116228530543,0.025403651447174512,-13.314667105579653,2.3273187385771495e-40,-0.012106371564779887,0.03806905326267211,-0.3180108389154652,0.7504784060130151,-0.20229377521914788,0.03276249297497213,-6.174553791547054,6.69991205161625e-10,-0.10421643098404759,0.027198145245259757,-3.8317477182460085,0.00012743415325481007,-0.1117838944430011,0.04120970394992201,-2.7125624241038175,0.006679428210616289,-0.16308406075021636,0.024508405134606927,-6.6542094377220256,2.8856227069162562e-11
0.162,0.017428698129000053,0.017053403529079914,39288,0.26205910336100247,0.013006853157234701,20.147771347386925,8.019828906847555e-90,-0.004075666039659587,0.10904879154740985,-0.03737470156088486,0.970186433769582,0.009892650462396759,0.02428504263711831,0.40735569668205585,0.6837489814086206,0.06651584642430113,0.06333240152738984,1.0502656589697537,0.29360245205012864,-0.1420946263249871,0.084656775101469,-1.6784790839796755,0.09326156641784858,0.17287124151699307,0.01829212753635665,9.450581468634613,3.54879480686426e-21,-0.11545828773078537,0.05814797820584682,-1.9855941907740475,0.04708534467168991,0.19646388119308916,0.02413840661093391,8.139057575743108,4.099820666110649e-16,-0.23745835024823486,0.02896324546578458,-8.198609873632902,2.5048315557969414e-16,0.005772966745553061,0.03323757126726349,0.1736879839724932,0.8621115765935755,-0.33024356551282563,0.025610170256889945,-12.895016401696106,5.734929113008544e-38,-0.068509693472008,0.03837853536933498,-1.7851044291478686,0.07425209515076861,-0.2285007538248442,0.033028835436274245,-6.918220119074831,4.643462145007768e-12,-0.07956973712988726,0.027419252379964336,-2.901965962720051,0.00371034883472171,-0.11149676623351686,0.04154471795474571,-2.683777185705516,0.0072826117454038095,-0.11450848870448728,0.02470764604558178,-4.634536551690794,3.588862553049698e-06
0.216,0.016872744434920706,0.016497237487643424,39288,0.2817683384906206,0.01303988609334219,21.608190169274856,5.996293004737074e-103,-0.15435487444791313,0.1093257379940437,-1.4118804709676207,0.15799308197149523,0.12001978034190369,0.024346718297795188,4.929608125164554,8.273011449392605e-07,-0.009227434802260709,0.06349324405770043,-0.1453293958940756,0.8844515523598319,-0.21183593814046434,0.08487177421072223,-2.4959527488433504,0.012566001583305713,0.13391085105066983,0.018338583252652824,7.302137204699198,2.885945423773102e-13,-0.19331321973022098,0.058295654082988944,-3.316082867086846,0.0009137150254219596,0.28283533710328496,0.024199709866508226,11.687550745999719,1.6643709448064777e-31,-0.2197672618256809,0.02903680215358378,-7.568576617468765,3.8557167420302005e-14,-0.05547522152253752,0.033321983273362665,-1.6648235210802707,0.09595594687549708,-0.23838638772728216,0.025675211286228176,-9.284690399223678,1.7020828519049165e-20,-0.10029986274955426,0.038476003657123635,-2.6068160207949314,0.009142297649865587,-0.297863721626355,0.03311271732511254,-8.995447842646742,2.4552195599677254e-19,-0.08595924823428767,0.02748888785605016,-3.127054418659156,0.0017669612928175212,-0.08118911593246925,0.04165022725797325,-1.9493078736305556,0.05126577753620015,-0.06040328616533354,0.02477039497365253,-2.4385273722757574,0.014751641868874945
0.27,0.02571428106311091,0.025342151154166825,39288,0.23708571798598255,0.013197607693211552,17.964295006884637,7.202141310420163e-72,0.06417437730522785,0.1106480678196181,0.5799864251569843,0.561927099520307,0.2819470658956422,0.0246411996555317,11.442099809955801,2.8767765593945877e-30,0.10837023654501879,0.06426121518582166,1.6864019180410577,0.09172635516888393,-0.1888956912441896,0.08589832551005458,-2.1990613917389923,0.027879365701926912,0.13424045278888713,0.018560394292200372,7.232629365276951,4.823664069449935e-13,-0.045646648699007565,0.05900075869522128,-0.7736620631406335,0.43913531684586016,0.4726421610046063,0.024492413110171432,19.297492610408533,1.361927136408575e-82,-0.2327044956914047,0.029388011578111776,-7.918347761395442,2.4697586389911214e-15,-0.04790918338918781,0.03372502333637197,-1.4205826608730145,0.15544606130321031,-0.13776794996982974,0.025985761192267257,-5.301670747702638,1.153666255756792e-07,-0.031518528872538656,0.038941383247860964,-0.8093839058547043,0.418299260339122,-0.36126330304446286,0.03351322624943552,-10.779723216010806,4.6830770149617646e-27,-0.10894817904291446,0.027821374761246312,-3.915988335510776,9.018667967968735e-05,-0.018833278844238115,0.0421540001000845,-0.44677323147324194,0.6550412643221077,0.06694479365046914,0.025070000836516254,2.6703147752974643,0.007581136716680672
0.324,0.03879404430619626,0.03842691023267297,39288,0.18605836650530289,0.013369523053739537,13.91660463559029,6.387075947269839e-44,0.1715179104339144,0.1120893974085192,1.5301885316485644,0.12597812365266983,0.45954925218137177,0.024962182126074584,18.409818895654293,2.2771019569025403e-75,0.10843836506783368,0.06509829795365689,1.6657634450754817,0.09576851530543527,-0.2799730111629759,0.08701725872447397,-3.217442324280348,0.0012944388275518573,0.09418477498006372,0.018802166661137088,5.009251150546272,5.487885131751047e-07,0.022189277916325544,0.05976931743240294,0.3712486417704345,0.7104543493949422,0.6145913065768234,0.02481145744971498,24.770463719126806,2.015888414072378e-134,-0.23190418841568045,0.02977082721584667,-7.78964543827793,6.884217358158192e-15,-0.1432241424583162,0.03416433398118447,-4.192212338668591,2.7685150784932276e-05,-0.06931999482004281,0.026324258259903286,-2.6333123667013245,0.00845896603757634,0.017753032561298836,0.039448643510185476,0.450028973916811,0.6526920329602983,-0.396674120690332,0.03394977797207016,-11.684144768683561,1.7322088459703429e-31,-0.14317156991853747,0.02818378299337796,-5.079927345174952,3.793053075803083e-07,0.09053700811500381,0.04270310871835555,2.120150284892193,0.03399962602196376,0.11358262988165649,0.025396568979200437,4.472361206534616,7.7577219019903e-06
0.378,0.05557670970662365,0.05521598579761977,39288,0.10419323632275607,0.013494790708746218,7.720996832890973,1.1815061900727935e-14,-0.09263635409406669,0.1131396350204398,-0.8187789723497959,0.41291749841727443,0.6018448023989984,0.025196068855332914,23.886456488692044,3.3220776953249664e-125,0.18024402931185188,0.06570824575035857,2.743096049111436,0.00608904742156294,-0.2955555747658023,0.08783257935346794,-3.364987991259905,0.0007662024593888634,0.09037234666588065,0.018978336246036873,4.76186876943718,1.9249165562920878e-06,0.05140083547661178,0.06032933458529702,0.8520040181105988,0.3942170573818825,0.7509762877836621,0.025043931942599334,29.986357154495508,2.3790187614390378e-195,-0.271921413558364,0.030049769231799514,-9.049035001260812,1.5067431685140747e-19,-0.1377323525304755,0.034484441586032116,-3.994043290127216,6.507421982214247e-05,0.02341700307511651,0.0265709071559599,0.8813023559063559,0.3781595848569066,0.1355925180520734,0.03981826320760117,3.4052845887609995,0.0006616124783270637,-0.4545523105273672,0.03426787526375844,-13.264677399129551,4.525791953142521e-40,-0.19017778879159494,0.02844785497190752,-6.685136330292635,2.3379124399419202e-11,0.08369604682404938,0.043103221592176236,1.9417584981453275,0.05217348516925262,0.19315765151263237,0.02563452575809615,7.535058511922243,4.985835280946541e-14
0.432,0.06648810581033349,0.06613154952563083,39288,-0.014604433548817713,0.013531247761730454,-1.079311664820925,0.2804554432181027,-0.07627806963709671,0.11344528908781888,-0.6723775861512351,0.5013473039427425,0.7342050127768498,0.0252641376707061,29.061154682835834,9.885258342395213e-184,0.309790077279574,0.06588576084107203,4.701927598997329,2.585912597169745e-06,-0.23878646737759437,0.08806986476739855,-2.711330010648406,0.006704303051559954,0.11471473214603199,0.019029607453201727,6.028223778558883,1.6724643533439347e-09,0.1555387676241019,0.06049231819837777,2.571215193208995,0.010137879406460965,0.8316149556373773,0.02511158975022826,33.11677850383081,3.17842843472289e-237,-0.2346108277355301,0.030130950633771005,-7.7863732408288655,7.064503493882808e-15,-0.12915388510904716,0.034577603543202676,-3.7351890204790217,0.0001878393664280511,0.11825779504244394,0.026642690186236634,4.438658191639177,9.076766732006355e-06,0.23168547947785784,0.03992583483007613,5.802896306712394,6.567882111474248e-09,-0.4339081101997774,0.03436045215295306,-12.628125737934615,1.7399575331522846e-36,-0.1831181951705767,0.028524708698533057,-6.419634188236038,1.3815778277565782e-10,0.19987896430941923,0.04321966774293862,4.624722371728001,3.7629467579870383e-06,0.2936799551452496,0.025703779093250362,11.425555521614639,3.4785939144384045e-30
0.486,0.08716980164739496,0.08682114476780423,39288,-0.11477456738464302,0.013530302290333274,-8.482779240390196,2.2744355349991575e-17,0.013778049633805793,0.11343736230398739,0.1214595381447924,0.9033276826765446,0.8287619794090495,0.02526237238490521,32.80618173074877,6.802704165685254e-233,0.44028908848949494,0.06588115719302318,6.68308067509357,2.370919315536594e-11,-0.3791119913515696,0.08806371104532076,-4.30497405629959,1.6740948794707984e-05,0.10555063245549998,0.01902827779389289,5.547040756855902,2.924135342883586e-08,0.3554478839191437,0.06048809140735207,5.876328309409025,4.228438912374884e-09,0.9456318002886194,0.025109835123436657,37.65981718478108,6.201087714598003e-305,-0.2639646691022545,0.030128845288240735,-8.76119434969782,2.0076098508694745e-18,-0.180482513566414,0.03457518749586477,-5.220001007601185,1.7983091366280094e-07,0.20675731065504088,0.026640828576578852,7.760918924151275,8.634973419098478e-15,0.2952020733534162,0.03992304508477658,7.394277483757931,1.4500829083481398e-13,-0.4801588064093947,0.03435805127867473,-13.975146684393549,2.8228433883074575e-44,-0.2563263360871767,0.028522715586244946,-8.986743752084736,2.657160950653059e-19,0.2716989096292921,0.043216647847037944,6.286903847585538,3.27257318352262e-10,0.3800828851145921,0.0257019830883024,14.788076227766918,2.3750593963253806e-49
0.54,0.09751562849497797,0.0971709232196527,39288,-0.19653841819602216,0.013576601730470952,-14.47626012000608,2.267453245074144e-47,0.028682916164029765,0.11382553444180592,0.2519901734236451,0.8010499778887592,0.891081815754469,0.025348817881308217,35.15279568170859,1.460460939957113e-266,0.4024312921174389,0.06610659640555566,6.087611736180962,1.1566705451746188e-09,-0.27578415729510375,0.08836505690074616,-3.1209639530348676,0.0018039074233126432,0.07874922855122851,0.01909339079652483,4.124423440050344,3.724286993174457e-05,0.3636726657736212,0.06069507604871947,5.991798502430476,2.0933629610505163e-09,1.0069672100202263,0.025195758651471587,39.965742804153,0.0,-0.24063419473024072,0.030231943403782238,-7.959600595843125,1.771993575625331e-15,-0.23465154799681204,0.03469350058225143,-6.763559285131796,1.3652519564044305e-11,0.2760091863161135,0.02673199102228272,10.325051586544499,5.843410489276772e-25,0.3678111066401575,0.040059658044069954,9.181583782755347,4.449017101127005e-20,-0.5152100734966447,0.03447562134505534,-14.94418529372027,2.338494915652369e-50,-0.24513664604552043,0.028620317674839284,-8.565126663881342,1.1181873646897253e-17,0.3315992767509386,0.043364531209656866,7.646785691000266,2.1075065425226287e-14,0.4128219848536331,0.025789932891779197,16.00709806364887,1.734011005475083e-57
0.594,0.10937226668015221,0.10903209006577563,39288,-0.2901307868074892,0.013772626794961692,-21.065755365826437,5.723032606924666e-98,-0.15960080885991307,0.11546899855547806,-1.3821961812826453,0.1669193332643308,0.973835522225976,0.025714815482077134,37.870601206713914,2.8455567965691715e-308,0.436055508063446,0.06706107309132149,6.502364008843706,8.001437371893063e-11,-0.38551150745928575,0.0896409112214058,-4.300620132108023,1.7073142576427143e-05,0.09013624480928907,0.019369069735668747,4.653617651202957,3.2722489057289392e-06,0.4149184730665141,0.06157141877666571,6.738816179817503,1.6188336109494163e-11,1.0682470810281066,0.025559546314437562,41.79444610973774,0.0,-0.2567644452659297,0.03066844576078268,-8.37226794173794,5.836498912903809e-17,-0.17663614129717403,0.035194420902671664,-5.018867671829352,5.220369115905668e-07,0.4182901849273395,0.02711795949717346,15.424839946786499,1.6002558597282854e-53,0.5133313815627489,0.04063805735248757,12.631789386736678,1.6611178678767916e-36,-0.5608631171681266,0.034973395827336516,-16.03685040872511,1.0778958859156039e-57,-0.24336200785317033,0.02903355065679855,-8.3820959664878,5.3698877209961564e-17,0.4512727568888836,0.04399064775897755,10.258379448317818,1.165789362540189e-24,0.45344674606070484,0.026162299508896387,17.332067691775794,4.7904004456601557e-67
0.648,0.12240400838211929,0.12206880926126307,39288,-0.35548795642327946,0.013863767680351588,-25.641511356764468,8.060985395464076e-144,-0.15824867070051435,0.11623311907657435,-1.3614765908179765,0.17337093711901652,1.0643110457609724,0.02588498425856149,41.11692845279402,0.0,0.48980843406130614,0.06750485231134475,7.2558996470686274,4.0636716431596956e-13,-0.31188670190882883,0.09023411338519818,-3.4564167608920076,0.0005479870247797963,0.04605470216516222,0.019497245296596112,2.3621132864960463,0.018175938266283095,0.5750972321909406,0.06197886999897504,9.278924126891166,1.7965411225669763e-20,1.1122828436279142,0.025728687591257324,43.23123127375805,0.0,-0.26257690588400356,0.03087139537539013,-8.50550817969579,1.870903819439134e-17,-0.2219465107608345,0.03542732133115257,-6.2648403102852885,3.7706921403547565e-10,0.4527020815406697,0.027297413632926554,16.58406498242799,1.4725889238123216e-61,0.46577644846334654,0.04090698125369907,11.386233698709509,5.457730039538721e-30,-0.5340091296930962,0.0352048336139148,-15.168630976913004,8.004749846227976e-52,-0.3058971548203062,0.029225681290429097,-10.466724514664513,1.3273594104180012e-25,0.47429055059286107,0.04428175755562832,10.710743583224772,9.867819901376783e-27,0.5038305918022883,0.026335429528069547,19.131284388784387,3.2500969095992504e-81
0.702,0.13198680870320478,0.1316552697474742,39288,-0.4106865791770462,0.01391905388279012,-29.505351630603986,2.885203866510078e-189,-0.20232537947772433,0.11669663576983492,-1.7337721704058215,0.0829663633561197,1.1104456378121899,0.02598820890231149,42.7288252909735,0.0,0.5834260139004508,0.06777404947451977,8.608398323901167,7.679275518324107e-18,-0.419582199778158,0.09059395073782099,-4.631459345364344,3.642597670176805e-06,0.02364204982103323,0.01957499679065707,1.2077677495363535,0.22714388312891118,0.5277306038094788,0.06222603054239147,8.480865631465315,2.312091306430413e-17,1.1163324677808637,0.02583128895211711,43.216289742652194,0.0,-0.25667470986950697,0.03099450492638922,-8.281297297024093,1.256481211971368e-16,-0.24828082503348178,0.035568599092301506,-6.980337470958193,2.991361567949284e-12,0.5412547721065977,0.027406270790010713,19.749303955059773,2.1390221624417913e-86,0.5876312921753917,0.04107011090927938,14.308003537497685,2.550927304796195e-46,-0.5664556125602795,0.03534522413421703,-16.026369231929834,1.2745498451866168e-57,-0.33551985562165,0.029342228030787176,-11.434709568394315,3.1316396807714996e-30,0.5220472030881463,0.04445834520979279,11.74238943497959,8.734118780736191e-32,0.5324942590871882,0.02644045046622751,20.139379235136147,9.484375901819463e-90
0.756,0.13668780958151128,0.13635806618020052,39288,-0.4399520040109718,0.013995357943797667,-31.43556640549845,3.02697488952752e-214,-0.08857332861928413,0.11733636511423862,-0.7548668184245284,0.450333423608827,1.146465439178422,0.026130675904325953,43.87431245085489,0.0,0.5333045927995652,0.06814558587702098,7.825959465107455,5.163608958642148e-15,-0.518343180173934,0.09109058552364939,-5.690414406649732,1.2763161907751791e-08,0.010870535864761504,0.01968230665251367,0.5522998933345652,0.5807460467515276,0.6048117443255532,0.06256715278178698,9.66660168211476,4.424065719376525e-22,1.0964621287285936,0.025972895721133427,42.215628958015365,0.0,-0.27469624285176625,0.031164416374014698,-8.814419610976948,1.251361611062168e-18,-0.30479413549177714,0.03576358566092508,-8.52247138700055,1.6166012507053972e-17,0.6006146622171568,0.027556511587694236,21.795743641418316,1.0652181169668898e-104,0.5813517087823377,0.04129525668964618,14.07792941333376,6.676620458793204e-45,-0.5851342726477982,0.0355389861644077,-16.464574142348784,1.0538363694399809e-60,-0.34597551634530777,0.029503081719307402,-11.726758568373368,1.0499487328763348e-31,0.46076287877399014,0.04470206524376557,10.307418153085242,7.017503887729121e-25,0.5584516551022567,0.026585396650244838,21.005955353956082,1.9910063875518088e-97
0.8099999999999999,0.143523019673506,0.14319588699106311,39288,-0.4578496191743744,0.014100111252164121,-32.47134799054174,2.869959521245961e-228,-0.1438712697872431,0.1182146114932716,-1.2170345777893268,0.22359837360002532,1.1574933407684687,0.026326260380394522,43.96725262318182,0.0,0.6217663021242612,0.06865564611269732,9.056302537793325,1.4098935990815878e-19,-0.5390686960803995,0.09177238589152556,-5.873974952744235,4.288885254816865e-09,-0.006105610224765714,0.019829625981280654,-0.3079034486343547,0.7581574344700241,0.5925921217930771,0.06303545922134227,9.40093288941155,5.689772379829193e-21,1.1104399768848614,0.02616729923446775,42.436170692854006,0.0,-0.32676177355610403,0.0313976776976334,-10.407195611818567,2.48025521251577e-25,-0.36225363568568925,0.03603127112721137,-10.05386777520901,9.4377215185635e-24,0.6289338665829027,0.027762768245611927,22.653860055266986,6.779978048961854e-113,0.5233749686711007,0.04160434594448725,12.579814843608904,3.2029982880447095e-36,-0.5852609734949488,0.03580499053468972,-16.345793275044098,7.351720499430987e-60,-0.39041879619902065,0.02972390818401908,-13.134840606489542,2.5171691297916262e-39,0.5367569581182379,0.045036653986969016,11.918224614855802,1.0831081756821241e-32,0.6038418773087664,0.026784384647874568,22.54454919339292,7.805037960713888e-112
0.864,0.15161419512689578,0.15129015288119663,39288,-0.48828948281796547,0.014218132766545034,-34.342729163909645,1.0817866426008276e-254,-0.242008621084708,0.11920409783283831,-2.030203872891017,0.04234254604117773,1.2321271283419408,0.02654661786995713,46.41371395699872,0.0,0.5178550229033994,0.06923031131782306,7.4801775847291285,7.576839039458722e-14,-0.43246277835730607,0.09254054408315719,-4.67322493769535,2.974892979651175e-06,-0.0009869008065152432,0.01999560498996107,-0.049355886306552035,0.9606359339089018,0.5859949458628064,0.06356308203395356,9.219108437029295,3.139950986917862e-20,1.1445115229121738,0.026386326178842838,43.37517527657448,0.0,-0.3349601874989649,0.03166048423891865,-10.579755665493424,4.0114074331863046e-26,-0.4002574017121845,0.03633286202301725,-11.016401665759698,3.503212033885764e-28,0.6626344663145284,0.027995149671059937,23.669616847933074,5.404437992663688e-123,0.5016572981589074,0.04195258489277513,11.957720827955473,6.748825472601446e-33,-0.5662653425683494,0.03610468740443248,-15.683984082876465,2.865541183917264e-55,-0.43547954676888656,0.02997270484912757,-14.52920411957956,1.0526573400706255e-47,0.5242779587940387,0.04541362222581007,11.5445087420504,8.823634856643676e-31,0.6301529490171656,0.027008576753977123,23.33158665698195,1.3836920078696422e-119
0.918,0.15183578024609623,0.1515118226351697,39288,-0.4763583789776721,0.014269296713247882,-33.38345179516886,5.667852691615401e-241,-0.3415019301505532,0.11963305374487135,-2.8545783916779213,0.004311655297139813,1.2459489935374841,0.02664214586678631,46.766090080257335,0.0,0.43466179548274214,0.06947943657334332,6.25597755134223,3.990983106002582e-10,-0.6163346573549403,0.09287355120463126,-6.636277490853672,3.258784175230677e-11,-0.003472765493150575,0.020067559168811106,-0.17305370642922677,0.8626101046090515,0.5485291155786938,0.06379181376651313,8.598738352014669,8.352586813202719e-18,1.1105863365851862,0.026481277366067285,41.93854855386527,0.0,-0.34340715000006705,0.03177441448241714,-10.807662567318012,3.458172910199963e-27,-0.4418289611068643,0.03646360581663842,-12.116984900743327,9.863861096380508e-34,0.6360811162031346,0.028095890209162002,22.639649837317133,9.320884769244497e-113,0.5155955465259505,0.042103551257539375,12.245892118984242,2.042365907955246e-34,-0.6239327175763311,0.03623461011175379,-17.219247444694865,3.3361283029971995e-66,-0.45171180706439784,0.030080561618973555,-15.016734487413194,7.898511868166223e-51,0.4906970214968318,0.04557704313242952,10.766319791107405,5.414850247910776e-27,0.6001579434650988,0.027105767109718612,22.141337710007686,5.8009428858454e-108
0.972,0.15392738008794438,0.15360422136675167,39288,-0.4690588089051088,0.014448863798094168,-32.463369816454254,3.6943178760657094e-228,-0.4707228919659766,0.12113853499905826,-3.8858228883949772,0.00010215114419874067,1.2275983927952492,0.026977414840687927,45.50467122386235,0.0,0.4817976437041208,0.0703537767831628,6.848212928057411,7.587656803169224e-12,-0.6920189026638774,0.09404228664999169,-7.358592898101746,1.8948679636906314e-13,-0.02340277048967651,0.020320092504709734,-1.1517059031228467,0.2494489569523401,0.5450187323441372,0.06459458003210455,8.437530394550969,3.350288665740691e-17,1.1005044403161413,0.026814521945333472,41.04135969903658,0.0,-0.40959448337821514,0.03217426873564099,-12.730498608799383,4.738765010584191e-37,-0.4872448549617305,0.03692246959465482,-13.19643188310101,1.1176236662359622e-39,0.648014213723826,0.028449453331606332,22.777738685189608,4.194146747863408e-114,0.4649753000888603,0.042633389000276425,10.906364963992084,1.1775289165363538e-27,-0.6845011828428496,0.036690592171631245,-18.656040754013727,2.4383756231305707e-77,-0.4905172732217188,0.030459100160080726,-16.104128836497406,3.666857951009288e-58,0.5257880076160636,0.04615059184584338,11.392876810168566,5.058385175218103e-30,0.5901271277044853,0.027446870366608325,21.500707360152433,5.948321292892905e-102
1.026,0.15463980858735782,0.15431692197931168,39288,-0.4664891611322889,0.014582929265186052,-31.988714520198787,1.1109177496674326e-221,-0.4208015398354348,0.12226253301747805,-3.441786534680081,0.0005784875091194646,1.2289151807618635,0.02722772792911398,45.13469445417122,0.0,0.44133920731654114,0.07100656250236635,6.215470679936565,5.168431138429356e-10,-0.5674463276176973,0.0949148689694252,-5.978476647325805,2.2717406344556447e-09,-0.051009727741076566,0.020508634851780203,-2.487231749442786,0.012878268465497203,0.5805485509543319,0.06519392837288901,8.904948136178795,5.56451920373258e-19,1.0993831293577592,0.027063323613041135,40.622620675754476,0.0,-0.3679687476709109,0.03247280143874202,-11.331598487585428,1.0178929190523632e-29,-0.5266749500441663,0.0372650590329362,-14.13321120942468,3.0614862309163556e-45,0.6611528701966979,0.028713424900769693,23.025914619435557,1.5211013343920388e-116,0.4713087567137081,0.043028967869999456,10.953289842732033,7.031967517911242e-28,-0.7098244485668002,0.037031030108212556,-19.168368973062375,1.6050955543553326e-81,-0.5185628634685671,0.03074171847161179,-16.86837591553088,1.2886895794892136e-63,0.5900155884687068,0.046578805492178396,12.667039917281334,1.0625375400074908e-36,0.5908187833328592,0.027701539352857272,21.32801270742087,2.319463335277009e-100
1.08,0.158338594143265,0.15801712029197534,39288,-0.4519946442722094,0.014600629489686956,-30.957202536470938,6.483842493760658e-208,-0.3244782398599809,0.1224109307942968,-2.6507292915307086,0.008035039664600827,1.2113614793169125,0.02726077594630113,44.43606013647883,0.0,0.3807020705336075,0.07109274766273259,5.355005722098074,8.603348441548687e-08,-0.5205031015851685,0.09503007315499604,-5.47724614224191,4.346407467905657e-08,-0.05496110470360141,0.020533527480310617,-2.676651868818109,0.007439273161522082,0.610770958683427,0.06527305837121183,9.357167779850847,8.608786334988678e-21,1.1187003521559364,0.02709617208230136,41.2862875522793,0.0,-0.46028346190218267,0.03251221573371574,-14.157246792160667,2.1792070972355653e-45,-0.5399094080803613,0.037310289994351965,-14.470790984527131,2.454117678258399e-47,0.6814067645601916,0.028748276202431478,23.702526014500982,2.5026381466201427e-123,0.36644267856452256,0.0430811948524864,8.505861543981146,1.8652240308198923e-17,-0.653619960981404,0.03707597701390591,-17.629203965043292,2.721005467417686e-69,-0.606752714291926,0.030779031641592677,-19.71318400647803,4.339884566803785e-86,0.5276689610470149,0.04663534113732918,11.314787201688189,1.2323590326998169e-29,0.5863280893884169,0.027735162464966632,21.140243549286247,1.205296675211092e-98
1.134,0.16096967663945405,0.16064920773411673,39288,-0.41658177664848195,0.014642920456101502,-28.449364175498072,3.0665206650670047e-176,-0.36080232808290424,0.1227654960934609,-2.9389554847579227,0.003295119792506223,1.1824712527833445,0.02733973723771626,43.25101015060519,0.0,0.3502070396017203,0.07129866899001823,4.911831378657981,9.05918340439211e-07,-0.6610890685200714,0.09530532934412189,-6.936538313959933,4.080327045299501e-12,-0.06886564563806649,0.020593003184536614,-3.3441283440279386,0.0008261873285266878,0.5349851240960171,0.0654621228715679,8.172437749164054,3.1117711666329906e-16,1.1414612286901726,0.02717465659588379,42.00462385467909,0.0,-0.47133639033060337,0.03260638790791058,-14.455338986390862,3.0682863827223026e-47,-0.6434269436688564,0.037418359870529744,-17.195487613437912,5.01261103102634e-66,0.6417499572987013,0.02883154606310508,22.25860367994385,4.412202416646859e-109,0.31180849495157864,0.04320598025067022,7.216790202248491,5.41908949392601e-13,-0.7198388860459896,0.03718336819863456,-19.35916300536817,4.168635081940077e-83,-0.6036640268472775,0.030868183619207498,-19.556188802494102,9.260191083747602e-85,0.5315974582119707,0.046770421179402895,11.366103721257048,6.869010978448157e-30,0.5810004082560933,0.027815497824831517,20.88765090292295,2.32178012567832e-96
1.188,0.15840913167375248,0.15808768476437962,39288,-0.396633574579472,0.014728007610683063,-26.930565563516623,2.6570856401169816e-158,-0.3023338091498497,0.12347886244511881,-2.448466103129387,0.01435093502618227,1.1771748257965744,0.02749860311802605,42.808531791380545,0.0,0.352540962073809,0.0717129716482892,4.91599990867509,8.868617620337635e-07,-0.5375357940467119,0.09585913002306846,-5.607559696372731,2.0657583456637095e-08,-0.0772866681992703,0.020712665109254038,-3.7313724618055084,0.000190707555576341,0.5189081706539209,0.06584251049879762,7.8810508093156155,3.329629648772166e-15,1.1353103854466293,0.027332563224783852,41.53691609929889,0.0,-0.500354140138394,0.03279585726797328,-15.256626349176537,2.1033575182251016e-52,-0.6487655375123388,0.03763579066106344,-17.237994103934874,2.4185832858682014e-66,0.590640060372517,0.028999080553513006,20.367544387574238,9.682866196797595e-92,0.3446502606651396,0.04345704177432309,7.930826549467956,2.234155827851815e-15,-0.7373877932718029,0.0373994334983994,-19.716549805583586,4.063211127974991e-86,-0.5979450639199627,0.03104755261319565,-19.25900799233456,2.845755114939452e-82,0.5132952100252521,0.047042194974027195,10.91137882296205,1.1145346822757998e-27,0.5798044525009882,0.0279771282571131,20.72423042038186,6.756657185837375e-95
1.242,0.15334995928639494,0.15302658001845082,39288,-0.37653857962430365,0.014783895311536257,-25.46951068643464,6.12346615818508e-142,-0.38831379569849744,0.12394742207032025,-3.132891263185706,0.001732207749460609,1.1856277937518547,0.027602950817020053,42.95293650346953,0.0,0.35284571383223173,0.0719850976012841,4.901649446759068,9.541375998054856e-07,-0.5149297018600999,0.09622288230541322,-5.351426703532986,8.775157713907708e-08,-0.09097453333687883,0.02079126251781721,-4.375613710755545,1.2140314522842323e-05,0.48912431343461416,0.06609236007977631,7.400618056976936,1.3825848081301192e-13,1.0872342981185268,0.02743628085974418,39.627612199938106,0.0,-0.4941742705908174,0.03292030621644389,-15.011229462500395,8.57813381857315e-51,-0.6175604011173279,0.03777860548472725,-16.346828931178756,7.228685097619273e-60,0.5423099662275193,0.029109122046010395,18.63024124775507,3.933227400978716e-77,0.33423684376174123,0.04362194623491601,7.66212589327824,1.870716737799462e-14,-0.6504398783892895,0.03754135142828432,-17.325958007447664,5.322978201396411e-67,-0.6585936180256993,0.031165367349481603,-21.132227021115288,1.4256566506036666e-98,0.4121204209341503,0.047220703852463616,8.727536595426013,2.7031982384555908e-18,0.5966521179566668,0.02808329179369566,21.245804172095223,1.3133169185175528e-99
1.296,0.1508503587780694,0.15052602478391763,39288,-0.369260949679029,0.015014907791174759,-24.592954869564217,1.5177760359165686e-132,-0.40392001977468406,0.12588421888292492,-3.208662875767919,0.0013346077854563987,1.1848751821592294,0.028034273278333993,42.26523621266645,0.0,0.33558139019434063,0.07310993348137287,4.590092949268527,4.444190907776476e-06,-0.6225921141355137,0.0977264567133023,-6.3707632004094545,1.901684137732677e-10,-0.08868463460326372,0.021116145845779366,-4.199849501465238,2.6768074848990746e-05,0.4454066318956741,0.06712511630981237,6.635469052149179,3.276676221792135e-11,1.0792168788285088,0.02786499894384222,38.73019629405013,0.0,-0.4826587393183471,0.03343471743278855,-14.43585519418855,4.0650076230232387e-47,-0.6826122051615726,0.03836893226575507,-17.790753217566486,1.578111983320431e-70,0.5691442782608412,0.029563979870842343,19.2512740418337,3.299430097434401e-82,0.2682437560574191,0.04430358079428155,6.0546743908348475,1.419755655736492e-09,-0.665712701785879,0.03812797088815434,-17.459956202198626,5.22896828227762e-68,-0.6861597749911403,0.0316523559704461,-21.67800007152105,1.3429576752231885e-103,0.3785167852953673,0.047958572435632,7.892578241426948,3.0364055836046896e-15,0.5559606967002256,0.02852212004139103,19.492264105663278,3.1977499542006107e-84
1.35,0.14548406167268335,0.14515767801320822,39288,-0.336333876636487,0.015102110354330263,-22.270654150004223,3.3834192720404984e-109,-0.47665267886398366,0.12661532071186002,-3.764573482767601,0.00016707646371125006,1.1401420712980472,0.028197088829389823,40.434744104138765,0.0,0.30378125050115334,0.07353453639471552,4.131137087348038,3.617199528348692e-05,-0.6132508901551347,0.09829402580077376,-6.238943670880833,4.450202924123678e-10,-0.12186392780894673,0.021238782765521203,-5.7378018860280084,9.661689730683321e-09,0.40159962743498895,0.06751496100787754,5.948305700541409,2.732203329055944e-09,1.0560280857102606,0.02802683139489841,37.67918216764541,3.0654623064694884e-305,-0.5251697204519157,0.033628897317145405,-15.616620298286213,8.204883187564421e-55,-0.7263800580652873,0.038591768748379385,-18.822149946050107,1.105206070881582e-78,0.548180197085832,0.02973567954810113,18.435099026376136,1.4330702109955902e-75,0.29809558947475306,0.04456088412614078,6.689624663436178,2.2674006309673677e-11,-0.6551046146885737,0.03834940793163188,-17.08252226100788,3.447362162997919e-65,-0.6523303697326259,0.03183618437678208,-20.490218363239727,8.063032591887578e-93,0.34344920259064393,0.04823710298006359,7.120021339851019,1.0975891110734974e-12,0.515552112662056,0.028687768875791473,17.97114703810623,6.371856767346114e-72
1.404,0.14563036257838236,0.1453040347987602,39288,-0.3120305987161198,0.015030371458009456,-20.760005804769612,3.2375414049489784e-95,-0.5789828851535237,0.12601386547467394,-4.594596657856565,4.349333243020157e-06,1.089300307164236,0.028063145427797594,38.81604469345205,0.0,0.2689445236114648,0.0731852284927966,3.674847085268528,0.00023830833191732894,-0.6665259081926918,0.09782710397591407,-6.813305117943556,9.675455779232648e-12,-0.1504749749439267,0.021137893101822052,-7.118731002143066,1.1078986270517027e-12,0.23430989723090445,0.06719424763244795,3.4870529172761615,0.000488908340456631,1.0326380683990428,0.027893696759773535,37.02048090980346,6.486564752467622e-295,-0.5353197514893351,0.03346915143253624,-15.994422582489998,2.122770096007542e-57,-0.752408991862392,0.03840844795200587,-19.589674459186202,4.830541397921077e-85,0.5318220203741149,0.029594427446104785,17.97034327974854,6.464084075255995e-72,0.2208770282623283,0.044349208501258855,4.980405191584393,6.371998912689503e-07,-0.6457421167027955,0.038167238411278524,-16.918753978070807,5.519824168397935e-64,-0.7413482182815653,0.03168495433828609,-23.39748419286081,3.022282530641746e-120,0.3371572314613295,0.04800796437305357,7.022943710785054,2.2076653144642306e-12,0.46871640153787947,0.028551494618169884,16.416527674162214,2.3159717780147e-60
1.458,0.1413813309626809,0.14105338025898462,39288,-0.2705153540572141,0.015064582521088122,-17.95704286385194,8.198642142089764e-72,-0.5316982608438392,0.12630068927757096,-4.209781149137882,2.5618628025523927e-05,1.0147889570871107,0.02812702076455147,36.078792901026006,1.8998183782651886e-280,0.23898268990802593,0.07335180750751946,3.2580340966175547,0.0011228218384477487,-0.6368039357843776,0.0980497710759437,-6.494700893193784,8.419028709689556e-11,-0.17437427800404565,0.021186005671513148,-8.230634915693926,1.9190208222349712e-16,0.26661035570378344,0.06734719040240539,3.958745036144242,7.547721593635554e-05,1.0136073719823502,0.027957186409514515,36.25570031029284,3.868155293728251e-283,-0.5891803969824462,0.03354533153587213,-17.56370767575806,8.569056837103323e-69,-0.8234345479565551,0.03849587053096945,-21.39020462712,6.221091317296834e-101,0.47965328179337924,0.029661788178137537,16.17074732355184,1.2552006000384978e-58,0.2443329668591938,0.04445015301708564,5.496785731317454,3.891770038269026e-08,-0.6635266400492401,0.03825411196623189,-17.345237046280307,3.8162223405008416e-67,-0.7444992234684623,0.0317570733790257,-23.443571596876893,1.0403486177339599e-120,0.21239354740704633,0.048117236688913045,4.41408447413991,1.0170847227358415e-05,0.4247884516202701,0.02861648150063658,14.844188710300413,1.0351447593293227e-49
1.512,0.13905674666845946,0.13872790808626423,39288,-0.25228217818601645,0.015145283679321426,-16.65747459920274,4.3651435281844e-62,-0.5734927501774776,0.1269772836601963,-4.516498807079545,6.305325435100069e-06,0.9930115775051627,0.028277697568915214,35.11642258303056,5.0468426849149387e-266,0.22978768668602315,0.07374475406385958,3.1159868875152466,0.0018346251742997453,-0.6023533462579755,0.09857502493407501,-6.110608104444481,1.0018356227756888e-09,-0.17627926424106047,0.021299499370633922,-8.276216317276475,1.3111465447897833e-16,0.29126260813777655,0.0677079701493134,4.301747748388675,1.6986510457854893e-05,0.993900282052955,0.028106953409100056,35.36136654822093,1.165096342037476e-269,-0.60051252966361,0.03372503429925607,-17.80613547594988,1.201760677032656e-70,-0.8108625985938231,0.03870209339407898,-20.951388606743343,6.191963415037404e-97,0.4604208419497631,0.02982068675085907,15.439645833659394,1.2739304960022311e-53,0.2079588441128718,0.04468827304643958,4.653543982260473,3.2734181298089684e-06,-0.7402693062284758,0.0384590397256663,-19.248252465712095,3.4956710447396044e-82,-0.7291567835890306,0.0319271964209487,-22.83810873887448,1.0748407493610518e-114,0.238746429565876,0.04837500133166671,4.935326573512473,8.034392739967801e-07,0.45665634273441447,0.028769780352325997,15.872778211791056,1.4673328471771313e-56
1.566,0.1380329408142108,0.13770371118781577,39288,-0.20132476795482263,0.015274424482718334,-13.180514145236952,1.379054064603293e-39,-0.5494215418589798,0.12805999355010242,-4.290344912785141,1.7882201126842912e-05,0.9641588407930746,0.02851881583778267,33.807814681973056,5.363557618854164e-247,0.19968630345395266,0.0743735608256053,2.6849098152256916,0.007257983632973794,-0.6338226505058984,0.09941555444705057,-6.375487759749676,1.8440290858330913e-10,-0.21235477028379424,0.02148111593978615,-9.885648905720132,5.111555686705322e-23,0.27048669354822064,0.06828530246256644,3.9611260958608145,7.472870753492863e-05,0.9591268515388851,0.028346615776682283,33.83567403936296,2.1452271986333074e-247,-0.5691801465616755,0.03401260091842351,-16.73439052564102,1.2140683630729554e-62,-0.8837371599922386,0.039032098400249814,-22.641292582583326,8.984248535496106e-113,0.3857879109835865,0.03007496177973235,12.827544513907602,1.367915396528427e-37,0.1202194392106204,0.04506932100868522,2.667433999892147,0.007646424581562543,-0.7643488489680124,0.038786972261841066,-19.706329326457503,4.962804911406027e-86,-0.8382139091248826,0.03219943323627106,-26.031946058624296,3.910306368800881e-148,0.2527683186889412,0.048787485288294574,5.1810073258600005,2.2177963153073515e-07,0.4132696931966966,0.029015094512622956,14.243265449881767,6.425864304731124e-46
1.6199999999999999,0.13198428306199383,0.1316527431415908,39288,-0.17648895172804874,0.015231694249074492,-11.586954730185223,5.390169646281497e-31,-0.7342998180188304,0.12770174545695717,-5.750115751286513,8.984216465691975e-09,0.9032290245405239,0.028439034392310016,31.760186090733068,1.3565283669598326e-218,0.0013271398325192113,0.0741655006375047,0.017894301543325535,0.9857232659005579,-0.6169003489592533,0.09913743923071879,-6.2226778676778665,4.936649600114464e-10,-0.20958895296781083,0.021421022474132106,-9.784264650340997,1.396067005488119e-22,0.22300013179186748,0.06809427418965396,3.2748734669052317,0.0010580079463638169,0.9501486243482693,0.028267316061231774,33.61297628292998,3.1926318748556735e-244,-0.5956585108195465,0.03391745059798274,-17.562007176770933,8.827624916884969e-69,-0.8635301560181561,0.03892290602536596,-22.185654777559407,2.194527010601409e-108,0.3733328231034777,0.029990827012813203,12.44823368638604,1.6684828910468183e-35,0.08413949115252682,0.044943239491240856,1.8721278685067875,0.061196341115130844,-0.7883141582595986,0.03867846562782936,-20.381215890125755,7.34531205449929e-92,-0.7793718289800255,0.03210935525611921,-24.272422250879593,3.443810153984785e-129,0.22991621205583107,0.0486510021986945,4.72582684148695,2.29973746201742e-06,0.3914155381906699,0.028933924726545237,13.527910295265553,1.326743161011281e-41
1.674,0.13437903351769387,0.13404840827586173,39288,-0.15220994132216317,0.015229086142171127,-9.994686476995884,1.7153923423357422e-23,-0.6788248110673564,0.1276798792220885,-5.316615391580981,1.0629170216063558e-07,0.9315865142129376,0.028434164806516688,32.76292870045656,2.7081676401817447e-232,0.0560504076283065,0.07415280135723809,0.7558771429049375,0.4497273930071384,-0.607543484693846,0.09912046403180713,-6.1293446376410134,8.907981238968918e-10,-0.23298389146287196,0.021417354575100106,-10.878275869501637,1.6015650160224098e-27,0.20034455038772153,0.06808261447907353,2.9426682850039665,0.0032558707511446067,0.9480708428104621,0.028262475878586737,33.54521546106916,2.9213928044334226e-243,-0.5866628066898814,0.03391164294877428,-17.299745918417262,8.363644312831094e-67,-0.8532498020189265,0.03891624129731642,-21.925288095018693,6.453722793200957e-106,0.3584648503065704,0.029985691715210015,11.954529970864131,7.012138467058947e-33,0.1505879363510631,0.04493554390785664,3.351198700517653,0.0008053838360817195,-0.7605518846393675,0.03867184275505067,-19.666812607217608,1.0743435964038117e-85,-0.8202495507273609,0.03210385720516463,-25.549875377448583,8.125131767007883e-143,0.2095108422712789,0.048642671739021724,4.307140927524481,1.6577926503787154e-05,0.38091545901769286,0.028928970401203173,13.1672663677602,1.6423770574554794e-39
1.728,0.12738502974731725,0.12705173313513074,39288,-0.12287278925611379,0.015212389379376242,-8.077152522975453,6.817159922550624e-16,-0.7206865085289611,0.12753989441688424,-5.650675122666197,1.6092352069605385e-08,0.9099938006796511,0.02840299034860024,32.038661757475744,2.3348001906094432e-222,0.17167410541474065,0.07407150220880071,2.3176808933995594,0.02047178324158691,-0.5980745225519553,0.09901179100569067,-6.040437370914552,1.5507549159223613e-09,-0.22218683602479544,0.021393873160280068,-10.385535819540532,3.1110719351051656e-25,0.18518177173491315,0.06800797052120236,2.7229421833310017,0.0064731948534095494,0.8920147311516328,0.02823148965581962,31.596445742910117,2.1437677004825873e-216,-0.594105293488191,0.03387446313029964,-17.53844160431232,1.3324072067537987e-68,-0.8583321428974555,0.038873574571043824,-22.08009302897528,2.2159328029746244e-107,0.3157191361828055,0.029952816204681317,10.540549310133377,6.083823064258016e-26,0.10437248507069091,0.04488627777916813,2.3252648745833526,0.020062869411899265,-0.7664883541536422,0.03862944398080419,-19.842075763102546,3.4555425569914877e-87,-0.8077016985407295,0.03206865939463605,-25.18663747683289,7.133512657379319e-139,0.1820408713321035,0.048589341214513956,3.7465186146159706,0.000179562041611545,0.3247410609787067,0.02889725345166464,11.2377829097803,2.9480785800527885e-29
1.782,0.12149797119881012,0.12116242601567673,39288,-0.07346889012230479,0.015229237563510911,-4.824200148951347,1.410926394020042e-06,-0.8380529030650646,0.1276811487308558,-6.563638496326736,5.316290219683905e-11,0.8685561177990682,0.028434447524684436,30.54591150557997,1.517807551112708e-202,0.071514345290298,0.07415353865141487,0.9644090705701405,0.3348468147907937,-0.6531003311908075,0.09912144957705414,-6.588890033161856,4.4871689447362095e-11,-0.21732419542838133,0.02141756752579814,-10.147006431360959,3.659717863022292e-24,0.1335435739685109,0.06808329141796561,1.9614735302481547,0.049830863954030205,0.8536881148128059,0.028262756889667978,30.205408415938674,3.756272609591281e-198,-0.6141348033063967,0.03391198012898074,-18.109671006252007,5.3037711045934026e-73,-0.8662303661967498,0.03891662823776325,-22.258618113174357,4.410800005110398e-109,0.2742289111986437,0.029985989860060697,9.145234573826691,6.227184085350517e-20,0.07559690943328895,0.04493599069765078,1.682324307523081,0.09251391989690308,-0.7569329759382527,0.03867222726546628,-19.573038054991535,6.675266363887243e-85,-0.8112987952152853,0.03210417641073119,-25.270817878514375,8.795346236079773e-140,0.09371892850992455,0.048643155388431586,1.926662194537918,0.0540289492806858,0.29366825717664924,0.02892925803917539,10.151254372959372,3.504248986873948e-24
1.836,0.12050793984637953,0.12017201651926857,39288,-0.04549123921647695,0.01522913471084394,-2.987119102970756,0.0028179383530321186,-0.7266345338598834,0.127680286419357,-5.691047179149512,1.271598633505489e-08,0.8108293104259374,0.02843425548888819,28.515932507633305,4.773963929032305e-177,0.12789102438593083,0.07415303784569931,1.7246902905320176,0.0845911700493804,-0.805642076493449,0.09912078014725502,-8.127882723446865,4.495215608466282e-16,-0.21332412867926082,0.02141742287942757,-9.960308010921732,2.4233635841399506e-23,0.175642639933812,0.06808283160846633,2.5798374683342375,0.009888281392842577,0.8554610412298795,0.028262566013407108,30.26834296730412,5.837671587381549e-199,-0.6102281051106028,0.033911751099944716,-17.994591412048834,4.188957749853365e-72,-0.8744138844088356,0.038916365409175334,-22.469053191762725,4.1913309998775214e-111,0.24892874731268053,0.029985787345718398,8.301557816130664,1.059976970504336e-16,0.07139251723120105,0.044935687216503616,1.588771011495304,0.11212015014144656,-0.8239050155495142,0.03867196608747261,-21.304968402328267,3.7735072981510753e-100,-0.8308269065082896,0.0321039595909363,-25.879265894131372,1.935337376826377e-146,0.029648563508638526,0.04864282687045813,0.6095156350102005,0.5421862387459333,0.2925285922037496,0.028929062661610994,10.111927774000659,5.234010426187489e-24
1.89,0.11763632068238261,0.11729930053597393,39288,-0.02033759332483384,0.015224528493638471,-1.3358438872725582,0.18160804585222812,-0.7505269798792384,0.12764166812992225,-5.879952768364808,4.136962672826783e-09,0.7921707273475355,0.02842565523947518,27.86816066943058,2.8998872934790656e-169,0.08339075727093143,0.07413060945398514,1.124916655685858,0.2606312284767789,-0.8581440398259965,0.09909079999069309,-8.660178744208302,4.886374189397641e-18,-0.1863265093914801,0.021410944947251046,-8.702395426755912,3.373412950414556e-18,0.04071260235890618,0.06806223921656053,0.5981672484998145,0.5497317919407507,0.8039587273449171,0.028254017693340773,28.45466921097042,2.6444705496691934e-176,-0.6110443861520276,0.03390149412248999,-18.024113743903268,2.4682588879166903e-72,-0.8662638537493986,0.038904594731764865,-22.266363644757636,3.718900624568726e-109,0.22189495181993812,0.029976717818643233,7.402243072853572,1.3657889242271745e-13,0.042891039819443644,0.04492209592983328,0.9547871472078668,0.3396912252780091,-0.8950937598091631,0.03866026933129154,-23.152807140033968,8.402897247938648e-118,-0.8596714249947457,0.032094249399658915,-26.785839864629516,1.2144563006566774e-156,0.03049478795052274,0.048628114319134136,0.6271020042108374,0.5305960190681661,0.2701195155718607,0.028920312752394216,9.340131204130854,1.0109519257695419e-20
1.944,0.11017550004935539,0.10983563023118315,39288,0.005017892902190771,0.015217221809167264,0.32975092070800055,0.7415899332268403,-0.7857696268803437,0.1275804092610651,-6.159014784726391,7.390733090228953e-10,0.7737639938707499,0.028412012958611836,27.23369143178635,8.31307115995358e-162,0.0903183749948901,0.07409503206496025,1.2189531805007736,0.22286928491409586,-0.7011376558612492,0.09904324349593308,-7.079106369229915,1.4751637766995679e-12,-0.15069886321263337,0.0214006692254758,-7.041782741692878,1.9290785978182644e-12,-0.0009956513979804682,0.06802957421110127,-0.014635567097493238,0.9883229981920738,0.7772393792029993,0.028240457786220138,27.522194756426767,3.5416019871272746e-165,-0.6356909548085136,0.03388522383071977,-18.76012264178131,3.5200027977570037e-78,-0.8251713051164484,0.03888592330963813,-21.220308916052517,2.2455172794516576e-99,0.1670789298119263,0.029962331138709282,5.576299422045695,2.4730161929281146e-08,-0.07009772872052175,0.0449005365376405,-1.561177975273374,0.1184898218868595,-0.8741194958703918,0.0386417151678773,-22.62113604618264,1.410660227285624e-112,-0.8323403124395796,0.03207884645606026,-25.94670333859015,3.46318031617054e-147,-0.044603987266059505,0.0486047763032535,-0.9176873274298726,0.3587882197104034,0.22784705675541744,0.028906433071313867,7.882226637693602,3.2984866389861894e-15
1.998,0.1023208876852143,0.1019780177859293,39288,0.05053692483365134,0.01531292460370719,3.3002790872108503,0.0009667473933693905,-0.8190802671607363,0.12838277659512576,-6.379985609314466,1.7907293794292918e-10,0.677917610024324,0.028590699257119077,23.71112381434752,2.046310443848447e-123,-0.014839301524746204,0.07456102393384859,-0.19902223362586605,0.8422463828748284,-0.6971152742168788,0.09966613743161513,-6.994504775457934,2.704478916500647e-12,-0.1876541038143027,0.021535260406151682,-8.713807043665843,3.0509942458840915e-18,-0.03125742951971676,0.06845741974328912,-0.4565966645679912,0.6479635022522703,0.7092701601491247,0.0284180651552341,24.95842543377693,2.0090920385499524e-136,-0.598520667806069,0.034098331759018295,-17.552784459837184,1.0371582392529312e-68,-0.8786645908016776,0.03913048119120595,-22.454735133672358,5.761376949894812e-111,0.13667983243911558,0.030150767560078767,4.533212369030599,5.826465696941595e-06,-0.0820771024965434,0.04518292098842149,-1.8165514911613696,0.0692934366601476,-0.902753574129175,0.038884737197375084,-23.21614183855447,1.9686274906678202e-118,-0.8763042110242494,0.03228059387684194,-27.1464711698786,8.551361021719505e-161,-0.05407079076797964,0.0489104571284753,-1.10550573317991,0.2689472839408688,0.15761964771834192,0.029088228832708334,5.418674633812908,6.039500192720449e-08
2.052,0.09693794032356629,0.09659301439936718,39288,0.041826930306021144,0.015292819709342901,2.7350698629153167,0.00623950174331001,-0.7450658272090205,0.12821421818917542,-5.811101434239555,6.254160328635775e-09,0.6664507823167736,0.028553161490608665,23.340700207084737,1.1214306001489795e-119,-0.08982828438901942,0.07446313005996898,-1.206345802502206,0.2276914511073644,-0.8809970984917042,0.09953528214324821,-8.851103644070646,9.019543436134442e-19,-0.1398377092284267,0.02150698598132572,-6.50196681905341,8.022574950868696e-11,0.09000264683614262,0.06836753951282959,1.316452917239373,0.18802975412931447,0.6997063004307077,0.028380754046300336,24.6542533468,3.424473031413854e-133,-0.599799228061073,0.03405356282194356,-17.613406009739816,3.589748241922089e-69,-0.8304854445620209,0.03907910536254272,-21.251393471203674,1.1675203698321255e-99,0.1403685658078087,0.030111181523284014,4.661675786427251,3.1467454736040285e-06,-0.05267505978695715,0.04512359869192679,-1.1673505951195648,0.24307590164531628,-0.8732516900482212,0.038833684014918546,-22.486964917177275,2.8143434161679915e-111,-0.8130569633001465,0.03223821151379202,-25.220287513539883,3.0922408907612617e-139,-0.12952321019052532,0.04884624081452316,-2.6516515504713096,0.008013131745300611,0.18278553204420048,0.029050037841564538,6.292092734649473,3.1651073910594986e-10
2.106,0.09333597833080076,0.09298967663175217,39288,0.06142791481074528,0.015436428153831273,3.9794124779765885,6.920979245805093e-05,-0.6351813473548604,0.1294182240419477,-4.907974530302488,9.239007709508063e-07,0.6323120142541826,0.028821292233324896,21.939058427195217,4.785931030659438e-106,-0.11557416217431038,0.07516238202807493,-1.5376596517542604,0.12413991031218714,-0.717896562237629,0.10046997615730044,-7.145384021129426,9.130379305704565e-13,-0.1385490470868192,0.021708949050341993,-6.3821167374583965,1.7660039080093034e-10,0.018715103710968364,0.0690095503512191,0.2711958506571801,0.7862418295141121,0.668287716986282,0.028647265783145453,23.32815012940842,1.4977707248932525e-119,-0.6401374144837391,0.03437334552252419,-18.623075663795056,4.491296890927835e-77,-0.8452468806796412,0.03944608082159971,-21.427905208184956,2.7965596374761592e-101,0.12277236466881472,0.030393942977512366,4.039369448039387,5.3696897111942224e-05,-0.09115409323899429,0.04554733544819719,-2.0013046282952707,0.045366439059849266,-0.9247671461410698,0.03919835482521576,-23.59198875219579,3.308711089784318e-122,-0.8264088589073324,0.03254094701297235,-25.395968303500414,3.866913257365025e-141,-0.13638128302867003,0.04930493533886863,-2.766077718008006,0.005676151815725338,0.1115504193518918,0.029322834541325973,3.804216785204679,0.00014246897195569624
2.16,0.09264847198655835,0.09230190769341817,39288,0.07753202242320809,0.01544794803053966,5.018920459204805,5.218935954593582e-07,-0.6303177394935846,0.12951480609900934,-4.86676202110614,1.1388096449309077e-06,0.5994820183907743,0.028842800948281205,20.784459160735516,1.9566320523721694e-95,-0.11814542191586624,0.07521847410879745,-1.5706968708907658,0.11626113259651653,-0.6862132823030291,0.10054495475511417,-6.824939988031823,8.923684468234213e-12,-0.13448404935309932,0.021725149975454744,-6.190247225222405,6.066293939939516e-10,-0.05660083676911579,0.06906105070504608,-0.8195768264640686,0.41246236247575996,0.6594082480576162,0.028668644625878082,23.001026266250264,2.6795356716481576e-116,-0.626151434602275,0.03439899761629408,-18.202606994154976,9.901088261871067e-74,-0.885262135634008,0.039475518589402306,-22.425598630936484,1.1001194322745808e-110,0.08920358904987842,0.030416625328137357,2.9327247216790777,0.003361956554593341,-0.16977037447819254,0.04558132645204406,-3.724559763674436,0.00019592995735399996,-0.963404402334815,0.03922760772039709,-24.55934629513173,3.428240560055436e-132,-0.8276797661125375,0.03256523162686281,-25.416056473855715,2.3386488187237416e-141,-0.1055576648966905,0.049341730559275744,-2.139318254552925,0.03241604900813315,0.12291521506932507,0.029344717546597024,4.188665809243034,2.8121106199726843e-05
2.214,0.08940730129272279,0.08905949902951726,39288,0.07461501606710061,0.015422632750509535,4.838020672225076,1.3163507011841437e-06,-0.6388192126057903,0.12930256408615678,-4.940499185925909,7.824271895305203e-07,0.5883639610822131,0.0287955348918823,20.432472023573276,2.602800748110337e-92,-0.08417533846934917,0.07509521005251382,-1.1209148813950403,0.26233095003290746,-0.7577116927880356,0.10038018700212784,-7.548418820658044,4.500890128400971e-14,-0.1094363277254583,0.021689547948943663,-5.045579003447517,4.54163449263704e-07,-0.10001925697688409,0.06894787710850649,-1.450650276287392,0.14688525468842478,0.666794925658471,0.02862166396764739,23.296860951626893,3.0795064423998024e-119,-0.6350801896271219,0.03434262635872055,-18.492475880950128,4.9981338041218786e-76,-0.8335012251198974,0.03941082819780794,-21.14904109440302,1.0023920457675893e-98,0.08491162500719789,0.03036678017160065,2.7962011292395164,0.005173232966573752,-0.11090919494618424,0.04550663018552395,-2.4372095779015828,0.014805506019417223,-0.9011560168894288,0.039163323592020266,-23.01020276718915,2.1748238020610708e-116,-0.8254493113524134,0.032511865447985844,-25.389170998908373,4.583817187427586e-141,-0.15557573963777765,0.04926087194143151,-3.15820109361338,0.001588661899441568,0.09290979255923668,0.029296628975828375,3.1713475511429423,0.00151850125585087
2.268,0.08343407867808195,0.08308399493343366,39288,0.0732361955812863,0.015510693516143202,4.721658351708363,2.347359439733434e-06,-0.7075284259732211,0.13004086104077023,-5.440816219691115,5.3353378194248626e-08,0.5946787509102327,0.028959952789295196,20.534520730643273,3.274121222081542e-93,-0.18372059146372183,0.0755239916878949,-2.4326123044840178,0.014994776652068728,-0.6728696478500529,0.10095334181070394,-6.6651547713174315,2.6787646767156798e-11,-0.10455834265289916,0.021813391797755335,-4.79330970728076,1.6465143815967487e-06,-0.09347222475661975,0.06934155845625112,-1.3479971728006823,0.17766706705504037,0.6027834455998945,0.028785089089899442,20.94082265013411,7.71077946318913e-97,-0.6020618609506496,0.0345387172609642,-17.431506109553826,8.570597119568313e-68,-0.8370650242550752,0.03963585772172247,-21.118882556597757,1.885128284385277e-98,0.0735754186918818,0.030540169628186915,2.409135888491454,0.01599491519743086,-0.09676660343535526,0.04576646576355863,-2.1143560425940797,0.034491153336806614,-0.9135855018805215,0.039386939904232476,-23.19513788331519,3.186883079653971e-118,-0.794289178317608,0.032697502998321325,-24.292043901896317,2.151951806174025e-129,-0.14114425501434696,0.04954214363927447,-2.84897351317788,0.004388332824931017,0.06615853984871566,0.029463908040293658,2.245409528099256,0.024747393545804113
2.322,0.08081299687229293,0.08046191200147113,39288,0.0805267292399793,0.015599133041290108,5.1622567117562985,2.4517734675222226e-07,-0.649532088405931,0.1307823334957685,-4.966512456569272,6.845326005500971e-07,0.5600817554888252,0.02912507786705503,19.23022345366377,4.933626934677525e-82,-0.13890349975711722,0.07595461756256161,-1.8287696550207293,0.06744170249882188,-0.7101213922520246,0.10152896182424102,-6.994274141021269,2.7089256091050183e-12,-0.07464313792461114,0.021937768313249572,-3.402494586449322,0.0006684026633095864,-0.06931275098412959,0.06973693307289444,-0.9939173968502247,0.3202692078139475,0.5783357253744745,0.02894921712245792,19.977594659228945,2.3742073644925163e-88,-0.6366684461890263,0.034735651572802916,-18.328962243723122,9.97294771059106e-75,-0.8466556376328804,0.03986185512358275,-21.239744989489687,1.4919564965208662e-99,0.06911431278068766,0.030714304852831237,2.25023203721691,0.024439730589075052,-0.14830613032377032,0.04602741892439368,-3.2221257196147235,0.001273469999296687,-0.9205278435282509,0.03961151801600386,-23.238893373294577,1.167744244205074e-118,-0.7884045187006163,0.032883938997179236,-23.975367390392165,4.0649007497989624e-126,-0.20126904265139026,0.04982462511914235,-4.039549563496139,5.365569762291288e-05,0.05955763886626389,0.029631906591315486,2.0099158548143854,0.04444692142498421
2.376,0.07966836049257464,0.07931683842615045,39288,0.11012309572697435,0.015730857465716307,7.000450926910733,2.5922751386232785e-12,-0.5460703532871606,0.13188670433222754,-4.1404503664872,3.4734781589512034e-05,0.5179985216869005,0.029371020004239905,17.636381767201954,2.3989463324393764e-69,-0.1732865599980865,0.0765960043790249,-2.2623446405977203,0.023681558266572957,-0.6847939033302273,0.10238630716667049,-6.688334820157926,2.287448077522649e-11,-0.10515824079697025,0.022123018345838505,-4.75334057736074,2.007907102863387e-06,-0.1515791428930581,0.07032581563104434,-2.1553840724478652,0.0311378486183428,0.5590492980650561,0.029193674231256926,19.149672413159156,2.2911080150648145e-81,-0.6349020999694168,0.03502897131681595,-18.125056948635738,4.019424793523713e-73,-0.8758614625127268,0.0401984622868665,-21.788432011711183,1.2472506272931927e-104,0.005363416525786,0.03097366696723086,0.1731605279885111,0.8625261414063045,-0.22401796963818388,0.04641609022103504,-4.826299857902777,1.3961482387750008e-06,-0.9760638667498784,0.03994601124697349,-24.434576476614545,6.993219084513615e-131,-0.8261193310776616,0.03316162224571645,-24.91190946439217,6.304852044414663e-136,-0.2163534747159066,0.05024536132600064,-4.305939274914706,1.6668143760818496e-05,0.024645331489339693,0.02988212856391231,0.8247515379176525,0.40951767458764843
2.43,0.0778484961960193,0.07749627902966516,39288,0.09989731974435721,0.0158215062385976,6.314020816845565,2.7477810524801216e-10,-0.6929239542443105,0.13264669900722412,-5.223831120038448,1.761513155460952e-07,0.5131605825414238,0.029540269959460637,17.37156035627487,2.4213242445213693e-67,-0.0888200093318943,0.0770373874263064,-1.1529468002385088,0.24893923851583974,-0.6368637931041581,0.10297630635296616,-6.184566291601249,6.28859989692113e-10,-0.07611957674113581,0.022250501826624674,-3.4210274147638358,0.0006244852445363682,-0.2325115255131621,0.07073106683255855,-3.287261678995822,0.001012555632263229,0.544940313488969,0.02936190223476704,18.559434914394352,1.4561112414203923e-76,-0.6386995769425614,0.035230825110996185,-18.12899853836269,3.743676019582417e-73,-0.8753703231031593,0.040430105176388634,-21.651448080189006,2.373885567775111e-103,0.016727390402658505,0.03115215214569824,0.5369577782114283,0.5912998210749146,-0.23654577275670635,0.04668356207561475,-5.0670035070067305,4.05956152613855e-07,-0.9869079837008907,0.0401761993920846,-24.564493372544558,3.0262737018209465e-132,-0.8023547484374127,0.033352715475686814,-24.05665436813703,5.916336065134643e-127,-0.2440166808689152,0.050534899283934946,-4.828676505277772,1.3796005375902374e-06,0.02459896228524823,0.03005432377267974,0.818483306139445,0.41308623676659106
2.484,0.07404781193430954,0.07369414309083366,39288,0.08955649899433482,0.015799600081174234,5.66827631928763,1.4525033171930117e-08,-0.8298001308657258,0.13246303890392414,-6.264389959131034,3.7815938895189603e-10,0.5141769079950593,0.029499369062017514,17.430098484957014,8.78253135263678e-68,-0.16624755227099197,0.07693072292098084,-2.161003380167799,0.03070110358996373,-0.6410990765450424,0.10283372731252427,-6.2343269401940855,4.5833019012652e-10,-0.0531285132571563,0.0222196942038603,-2.391055104976472,0.016804709902055667,-0.08096567286273428,0.07063313393910389,-1.1462845883709272,0.2516844018850677,0.531994369249248,0.029321248301892113,18.143646674651237,2.874317285086795e-73,-0.6143803415871736,0.0351820451788331,-17.462894452674085,4.9685960862841775e-68,-0.8057379811523384,0.04037412641967099,-19.95679046469148,3.5855666287172614e-88,0.010271779718903761,0.031109019466755483,0.3301865470199295,0.7412607725292156,-0.1933517486108647,0.04661892490109486,-4.1474948000425425,3.368389681542145e-05,-0.9804778217698304,0.04012057218849962,-24.438281118305685,6.395661177702639e-131,-0.769508200271138,0.033306535938499346,-23.103819673473037,2.5749900183491306e-117,-0.20942025294024016,0.050464929620971564,-4.149817596361256,3.334405500225572e-05,0.0342361581513395,0.030012711126077802,1.1407219430300644,0.253992608419954
2.538,0.07368856986084293,0.07333476380431192,39288,0.10074147362449762,0.016010777476203074,6.292103789102706,3.1648821652061405e-10,-0.6395419189022002,0.13423353938176,-4.764397346950258,1.900950372023804e-06,0.5296169072861558,0.02989365751751671,17.716698165014353,5.839388561073724e-70,-0.16967437514934455,0.07795897867306761,-2.1764571321656083,0.029527033500176034,-0.506002743139507,0.10420820252350384,-4.855690155728189,1.2042886004858905e-06,-0.04785610831658991,0.022516682552691965,-2.1253623043536893,0.03356261707889554,-0.1554730934026611,0.07157721614063735,-2.1721031046692607,0.029853849343050243,0.5393884844060108,0.029713155995984022,18.153187244024622,2.4195723947860718e-73,-0.6289610803532948,0.03565228826185301,-17.641534695720114,2.1914507514886162e-69,-0.845539848785865,0.04091376684095167,-20.666389679366844,2.2140273464294997e-94,-0.024978263211810757,0.03152482250348669,-0.7923363631642375,0.4281693603309329,-0.23383351717045958,0.04724203327529914,-4.9496920635869674,7.463834598575265e-07,-0.9989442133249871,0.040656823604883825,-24.570148987364345,2.6386457783126796e-132,-0.7502604580013736,0.0337517109720945,-22.228812596246744,8.500376772582827e-109,-0.24746042199871804,0.05113944367973997,-4.838934571686688,1.3103165473957128e-06,0.00836477524064142,0.030413860909666954,0.2750316793216708,0.7832933467333019
2.592,0.07314025796937662,0.07278624248428656,39288,0.11448148547863135,0.016068000641922566,7.124812105119099,1.0601291201538894e-12,-0.8027219437160574,0.13471329547608915,-5.958743276817366,2.5634646417624015e-09,0.4836610080161813,0.030000498657531873,16.121765625877494,2.7619632894031886e-58,-0.21414412458799892,0.07823760721328446,-2.7370996150766485,0.006201140259403979,-0.6108867042858601,0.10458064685053267,-5.841297818313778,5.2203183290826805e-09,-0.048213645685564924,0.022597158086068218,-2.133615452966627,0.03288045035546895,-0.12500244261324267,0.0718330360036667,-1.74018041791888,0.08183517606965275,0.5181559832889109,0.029819352016266888,17.376500435229087,2.223004989712021e-67,-0.6201562435827892,0.035779710980863334,-17.332623058763048,4.7447069962095305e-67,-0.8566553152808343,0.04105999429702794,-20.863503026420094,3.826847599497874e-96,-0.06718885671834939,0.03163749349307953,-2.1237098549872937,0.0337006458367672,-0.22691685630296327,0.047410878211346506,-4.7861770307527625,1.7060563996728414e-06,-1.0584758776405914,0.040802132735450934,-25.94168016910877,3.937331361110076e-147,-0.7699646219541161,0.03387234095106605,-22.7313672552615,1.1906973346133653e-113,-0.30659704447549807,0.05132221811807301,-5.97396324083527,2.3354676142195222e-09,-0.02507886734516466,0.03052256127762786,-0.8216501596000311,0.41128102079919293
2.646,0.07269758362424883,0.07234339905902076,39288,0.09224751327010192,0.016139602427765146,5.715600101239635,1.1010753289392662e-08,-0.7258814139443,0.1353136011860392,-5.364437924804797,8.166016996763502e-08,0.5090566452075889,0.030134186060707762,16.89299469320502,8.518029487907235e-64,-0.14603646554845529,0.0785862475028489,-1.8582954421275961,0.06313454771033866,-0.7779559250542166,0.10504667627422669,-7.405811898544465,1.3296027380278642e-13,-0.023916275572511757,0.022697854925083027,-1.0536799909705243,0.29203593534680466,-0.06792091054208937,0.07215313641783629,-0.9413438405333036,0.3465344732332113,0.5349129826200398,0.02995223219872484,17.858868717063856,4.714511915996374e-71,-0.5828063303657768,0.035939151552235794,-16.21647437944372,5.998576183306441e-59,-0.8157426121496787,0.0412429647227748,-19.778951819610995,1.1956354473952526e-86,-0.0024505466165165666,0.03177847562795555,-0.07711340988177605,0.938533718058046,-0.20090504016322486,0.047622149272628415,-4.21873105753961,2.4623157017777864e-05,-1.0186616564392867,0.04098395408554609,-24.855133653356805,2.5391421383395756e-135,-0.7868968430276331,0.03402328195217836,-23.12818746097631,1.4756301228829571e-117,-0.2859939304426029,0.05155091878547706,-5.5477950186054334,2.911561997160015e-08,0.008246137889489982,0.03065857508200036,0.2689667692459487,0.7879566678564265
2.7,0.07285158463955743,0.07249745889525094,39288,0.0860362489007413,0.016188824354607015,5.314545825945483,1.0750589325336596e-07,-0.5453403056939167,0.13572627530289547,-4.017942026898625,5.8817931383427024e-05,0.5155533163920418,0.030226088120151793,17.056567635966143,5.3595460071186606e-65,-0.24652860241004096,0.07882591676004869,-3.127506948767756,0.0017642441016498455,-0.8503861582268405,0.10536704350989394,-8.070703418256102,7.18647574754713e-16,0.0013057246838300695,0.022767077953319944,0.0573514390607015,0.9542655370821536,-0.1098851754661941,0.07237318622501497,-1.518313358825337,0.12894347128289294,0.5408307757979531,0.030043579342412845,18.001542680184464,3.69871461801296e-72,-0.6211594130097324,0.03604875736789206,-17.23109084373009,2.722793222653278e-66,-0.8045891508949664,0.04136874589993898,-19.449203339184454,7.352458495051034e-84,0.019634946243978876,0.031875392377268684,0.6159907307676361,0.5379042075637132,-0.25072209809887175,0.0477673854367806,-5.248813511694053,1.5387622400863202e-07,-1.030833334348213,0.04110894534222159,-25.075645355695354,1.1153588718098622e-137,-0.7437774372798494,0.03412704482382689,-21.794369864704993,1.097270028407025e-104,-0.2690585637477687,0.05170813675688909,-5.203408604970125,1.9664761660646165e-07,0.0018047845963712677,0.030752076402526456,0.05868821905707136,0.9532007415963732
2.754,0.07161930512716952,0.0712647087118331,39288,0.07879190983607312,0.016363965516278577,4.8149643042019585,1.4777352174842051e-06,-0.5789823028709989,0.13719464984357904,-4.2201521963948245,2.4468513968044923e-05,0.5144613724596565,0.03055309347089203,16.83827442709801,2.1362547330231172e-63,-0.17827018937655875,0.07967870645797705,-2.2373629957280916,0.02526821128839091,-0.7386600724194992,0.1065069722655586,-6.93532129124622,4.115567017295191e-12,0.005391003161726872,0.02301338691271493,0.234255096052304,0.814788165378242,-0.20140895918402296,0.07315616611482482,-2.7531371568583087,0.0059054276842433395,0.5781523246092075,0.030368610195274284,19.037826258482347,1.911985674240755e-80,-0.5970614626879206,0.03643875611665433,-16.38534149674318,3.856295353714594e-60,-0.8151594247479712,0.04181629972195256,-19.49382011723127,3.1028717104356988e-84,0.0047555432537629005,0.032220240967098676,0.14759490031806305,0.8826632376749575,-0.27428075514289607,0.04828416387554538,-5.680553066008706,1.3520712929668426e-08,-1.0104187434232068,0.04155368847394137,-24.315982059134125,1.2119564196912287e-129,-0.7344284971221817,0.03449625324464477,-21.290094663721057,5.16471154211699e-100,-0.3064618549396012,0.052267548789603886,-5.863329389584021,4.572988637415042e-09,-0.02080142021589769,0.03108477223435308,-0.6691836137344822,0.5033822915215147
2.808,0.07032523576509953,0.06997014507800636,39288,0.07628459775429515,0.016473650631884062,4.630703871226302,3.655907451766848e-06,-0.7592561904962425,0.13811424424223367,-5.497305471002759,3.8803299227374903e-08,0.5106521350652713,0.030757886104201253,16.602315690203454,1.0889441608500565e-61,-0.15879924502126203,0.08021278043414407,-1.9797249785106086,0.04774141041064625,-0.7408743326956474,0.10722087193456711,-6.909795819864021,4.927371699327794e-12,0.029076701448396726,0.023167642065690157,1.2550565726953076,0.20946569207200227,-0.17158924097217423,0.07364652051758719,-2.329902889725765,0.019816324909575554,0.5721534178586646,0.030572166265881558,18.71484712214149,8.179862885562629e-78,-0.6149095228481578,0.03668299943122252,-16.762792911769946,7.557677998270584e-63,-0.8193068931897489,0.04209658787488428,-19.46254873731856,5.681363695772597e-84,-0.019963582746713372,0.03243620823076696,-0.6154721478134169,0.5382465240691897,-0.19477125549798677,0.04860780511588746,-4.006995482178762,6.160934651526665e-05,-1.0012528435944053,0.0418322163845242,-23.934969985592684,1.0568049653883556e-125,-0.7182294343784943,0.03472747626459864,-20.681878202323066,1.6117350560135395e-94,-0.3015298881057418,0.05261789003944947,-5.730558330630025,1.008313893337422e-08,-0.000496166831623337,0.0312931286277165,-0.015855456241722,0.987349786843488
2.862,0.06985265684250319,0.06949738565317332,39288,0.0663322708584832,0.016587079520640986,3.9990325467445444,6.371824230795896e-05,-0.860832438533571,0.13906522624348952,-6.190134383604556,6.070634074706133e-10,0.5087620133792418,0.03096966872113736,16.427751228478673,1.9272572570875993e-60,-0.12486704594491384,0.08076508342709078,-1.5460523365599603,0.12209998631674139,-0.7314443929496082,0.10795913843219135,-6.775196649137999,1.2598641788589643e-11,0.03883099842080995,0.02332716225665155,1.6646258980660027,0.0959953924932966,-0.24717254663846,0.07415361170033667,-3.333250275621272,0.000859169990350271,0.5630467858817472,0.030782670113748717,18.291031408294533,1.9896678986203695e-74,-0.6114903410147661,0.03693557926035287,-16.555590930481163,2.356672669975853e-61,-0.8117423124860355,0.04238644282505935,-19.150989287690923,2.2344218820035635e-81,0.032472747569787,0.03265954689062558,0.9942804068450748,0.32009249781389976,-0.22520338828715486,0.04894249288136289,-4.6013877722381284,4.209957211219901e-06,-1.044898314132441,0.042120251011745935,-24.80750444343396,8.150853543215237e-135,-0.6971721582015776,0.03496659139032565,-19.938236198638084,5.177031605017911e-88,-0.2494247635326166,0.05298018913934402,-4.707887374214551,2.51150663837302e-06,0.001593578921661178,0.0315085966429905,0.05057600437484703,0.9596636412968484
2.916,0.06560363592907825,0.06524674181976209,39288,0.0893586984416806,0.016743521721202203,5.336911787711083,9.50662716746808e-08,-0.8025484764574915,0.1403768296507079,-5.717100738451136,1.091407320184573e-08,0.47013656966156575,0.03126176131762835,15.038710227643445,5.679572370146066e-51,-0.2359641886016266,0.08152682495995806,-2.8943134816978406,0.0038019771825067838,-0.6717098715717152,0.10897736259672906,-6.163755990841684,7.172899892777723e-10,0.01223794306780336,0.023547174018923377,0.5197202457487466,0.6032615030220775,-0.3209352117741637,0.0748529966752219,-4.28753992531071,1.8109331302961308e-05,0.5303601175337735,0.031072999019795874,17.068198573169383,4.398290830547834e-65,-0.6026674591524046,0.03728393975933657,-16.164264373415254,1.393489247600793e-58,-0.8138993346900985,0.042786213524974484,-19.022466996641853,2.556287328688772e-80,-0.02950477316615547,0.032967577691258305,-0.894963331624421,0.37081217490278595,-0.22849003227205605,0.04940409742589915,-4.624920688304581,3.759350211301207e-06,-1.0499899214524642,0.042517511104956954,-24.695470034934615,1.2558574402387637e-133,-0.7095876061546524,0.035296381242506704,-20.10369281993449,1.933913369995103e-89,-0.2661017367966413,0.05347987549852464,-4.975735906565121,6.527448975707404e-07,-0.008484799808635663,0.031805772175867844,-0.26676918144667394,0.7896482848827354
2.9699999999999998,0.06914292359547536,0.06878738132245477,39288,0.0724079652647179,0.016718382995318786,4.331038790353853,1.4877507312911493e-05,-0.7463275484867309,0.1401660678587903,-5.324595031363906,1.0173318515465928e-07,0.5102309340709685,0.0312148249047588,16.345788759916516,7.352261436408391e-60,-0.2212741428379284,0.0814044205734174,-2.7182079459476607,0.0065665372409644375,-0.6217905073752839,0.10881374396909305,-5.7142644365944655,1.1097504568086747e-08,0.01300099807712447,0.023511820288516633,0.5529558289229637,0.5802968042682508,-0.22065296079661473,0.0747406123754131,-2.9522498382579667,0.0031565416099161416,0.5515747939088964,0.031026346014667017,17.777626590258215,1.9908032283355368e-70,-0.6413118216666098,0.03722796164690178,-17.226616588608785,2.940037419095615e-66,-0.8336393471809382,0.04272197429792873,-19.513127866409373,2.134851197836263e-84,-0.023775631508268506,0.03291808016544381,-0.7222666506908654,0.4701348530215721,-0.28849339848916944,0.04932992210702734,-5.848243544014675,5.0071720123488685e-09,-1.0276256190734876,0.04245367530776267,-24.205810489288446,1.6946942279791446e-128,-0.720137332517486,0.03524338725071056,-20.43326106525039,2.5615108499260375e-92,-0.29814585776070424,0.053399580805877374,-5.583299592641916,2.3755438310294993e-08,0.01290205482385954,0.031758018985018684,0.40626132347694194,0.6845528138073795
3.024,0.06630226039745091,0.06594563312881074,39288,0.08449292140104855,0.016832185367766424,5.0197237943239505,5.197172414521729e-07,-0.8235392381287568,0.14112018112820474,-5.835729741450577,5.39753941547676e-09,0.4716668781004043,0.03142730485157506,15.008187317620575,8.978361481903734e-51,-0.30949271932102423,0.08195854211684503,-3.77621064659487,0.0001594668463627948,-0.685757599185222,0.10955444133330942,-6.259514364176866,3.9016060692452915e-10,-0.008384753981726958,0.023671865726532074,-0.3542075676920175,0.7231852342779395,-0.34634605528665796,0.07524937324115549,-4.602643721386292,4.184654388250972e-06,0.5285244526539217,0.031237542981852124,16.919527024291735,5.448369167565803e-64,-0.6276753719187755,0.037481373137594,-16.746328092478933,9.948639532994553e-63,-0.8267255549306451,0.04301278364426998,-19.22046156714572,5.944702378700913e-82,-0.031197369299858564,0.03314215420539719,-0.9413199005265047,0.34654673755202536,-0.30195765598794083,0.049665711888252514,-6.079801225186167,1.2143863704176397e-09,-1.0617332554800238,0.04274265833743115,-24.840131540209544,3.6671547958645746e-135,-0.7083369498394321,0.035483289703199215,-19.962550140202122,3.198959336882684e-88,-0.2987743246984565,0.053763072836483426,-5.557240480043941,2.758482596545681e-08,-0.006959232799999247,0.0319741964649666,-0.21765153059043466,0.8277017619873867
3.078,0.06648346855879117,0.06612691050288322,39288,0.07319280358400868,0.016824025636012055,4.350492870584938,1.3617407424207875e-05,-0.7495072611798623,0.1410517703545604,-5.313703325352341,1.080040141888179e-07,0.51005479139528,0.03141206984959827,16.237541614972663,4.265932725023163e-59,-0.29630335671729546,0.08191881110723215,-3.617036828445091,0.0002983682489395267,-0.7264900579336628,0.10950133267069384,-6.634531655595964,3.297542702698343e-11,0.009194106330090612,0.023660390325671538,0.3885864182094663,0.6975842219431927,-0.30246927682910857,0.07521289463264944,-4.021508257412667,5.793469680589301e-05,0.5199592468641789,0.031222399970660862,16.653404201879916,4.670241360949322e-62,-0.656546551415516,0.03746320330736067,-17.52510446127599,1.6815990365106656e-68,-0.8232925422492997,0.04299193235438233,-19.14993109551119,2.2798607178330314e-81,-0.03194382235965755,0.03312608789658646,-0.9643101370551292,0.33489639785277614,-0.27164049364424814,0.04964163546100653,-5.472029499463642,4.476243757075435e-08,-1.0184584086618955,0.04272193799608023,-23.839237085998764,1.0106903265635086e-124,-0.6982613161726028,0.03546608848307155,-19.688140024403666,7.082697364804935e-86,-0.2992875203958629,0.0537370101332128,-5.569485902805834,2.5716116510629058e-08,-0.01830290408588145,0.03195869634656159,-0.5727049654154822,0.5668477535536633
3.132,0.06718069871988819,0.06682440697209846,39288,0.06998078096171756,0.01685541954769628,4.151826702603923,3.3052737683430645e-05,-0.8107829360742814,0.14131497530426854,-5.7374169604358345,9.683648317177553e-09,0.4900376280765678,0.03147068529443962,15.571241092838543,1.6624601920165104e-54,-0.1755349210547164,0.08207167297137911,-2.138800327805317,0.03245799252292622,-0.6834636018309785,0.10970566397888029,-6.229975527631407,4.712304363581239e-10,-0.0014398665607605991,0.023704541007581372,-0.060742224888475575,0.9515648122381253,-0.2916222890462125,0.07535324314510998,-3.870069513592491,0.00010898009975550554,0.5034772950828258,0.031280661488353186,16.095481077671163,4.213017020189281e-58,-0.66217454508147,0.037533110267887526,-17.642410670346482,2.1580011763714227e-69,-0.8694317042722052,0.043072156015274685,-20.185469795472475,3.772047606331352e-90,-0.03605708820471267,0.033187901727614114,-1.0864527833258961,0.27728538822993587,-0.2923447227568878,0.04973426757850566,-5.878134674355482,4.182605401700694e-09,-0.9879052659530317,0.04280165784300896,-23.081004702587517,4.334522065484309e-117,-0.767004927870258,0.03553226879411668,-21.586151233811904,9.607435691383436e-103,-0.3363119807602109,0.053837284287971895,-6.24682290736103,4.231710052146508e-10,0.0003780645176742238,0.03201833180553874,0.011807751883214096,0.9905790559707114
3.186,0.07025156868639548,0.06989644986204979,39288,0.06386530410548359,0.016988928387207985,3.759230873771399,0.00017068328834506102,-0.8161785064552154,0.14243430658552853,-5.7302101299950445,1.0103842016761258e-08,0.5300644032106672,0.031719959105774256,16.71075304489201,1.8001235168599844e-62,-0.1753322066032326,0.08272174838387103,-2.11954183789252,0.034050957789618724,-0.6975361796425698,0.11057462341618383,-6.308284469730127,2.851448769078554e-10,0.00450246364300089,0.023892300544039326,0.18844830930791925,0.8505262063721062,-0.2429264090202662,0.07595010304629955,-3.198500058284017,0.0013825408596169404,0.5615896056300771,0.031528430154250275,17.812165175447863,1.0799669371375175e-70,-0.6060726745606132,0.037830403490459096,-16.020782720794028,1.393573362020443e-57,-0.8701789853362982,0.04341332305348421,-20.044053855639152,6.34392440792167e-89,-0.01981371903118598,0.03345077731092096,-0.5923246221461416,0.5536366412889233,-0.2985605252036814,0.05012820404087502,-5.955938995145972,2.6077755843120764e-09,-1.0355020039947176,0.04314068231235705,-24.00291206562842,2.1170667054334225e-126,-0.7655877848700736,0.03581371370021923,-21.376944912177237,8.238615940124101e-101,-0.33858804380746826,0.054263720030340065,-6.239676225996966,4.429433362533064e-10,0.024712790499327786,0.032271943429406175,0.7657670370359384,0.4438195331521394
3.2399999999999998,0.07045203979095527,0.07009699753685228,39288,0.07941323446646706,0.016943894851180454,4.686834707365672,2.783926813695702e-06,-0.6919998395443698,0.1420567477230163,-4.8712915833722885,1.1130213364795427e-06,0.4927152126874824,0.03163587717378746,15.574570920882556,1.5786198017417232e-54,-0.2383968373045729,0.08250247305636359,-2.889572014910465,0.0038597768656164666,-0.7496370964878754,0.11028151686032285,-6.797486268141641,1.0797879904507184e-11,-0.020501982963657683,0.023828967839774073,-0.8603806552391599,0.389584498142295,-0.30160683197220955,0.07574877771112387,-3.981672590446538,6.855509894789619e-05,0.5479406502152462,0.0314448559191436,17.4254463631255,9.520827138420849e-68,-0.6516457785540237,0.03773012424978571,-17.27123330524746,1.3662481760741012e-66,-0.8731958449288899,0.043298244844709365,-20.1670032598466,5.4590901302461324e-90,-0.01878370707970086,0.03336210739891435,-0.5630251966730409,0.573420940749646,-0.2998903408705827,0.04999532630831774,-5.998367507818222,2.010503668981228e-09,-1.1002494565444687,0.04302632680817889,-25.571540453583918,4.708730047547551e-143,-0.7391464854737361,0.03571878021592643,-20.693497398440346,1.2699471641056795e-94,-0.35913952393614035,0.054119880046129276,-6.635999999076614,3.2649147097256346e-11,0.01145517843510755,0.03218639832061632,0.35590122016759407,0.72191645367143
3.294,0.07073670900805906,0.07038177548379554,39288,0.07310722601893854,0.017083810793138064,4.279327774357172,1.8790208835750703e-05,-0.7733759527307263,0.14322979582344852,-5.39954656979351,6.719644826827635e-08,0.5270581908881495,0.031897113660044184,16.523695419763552,3.987015823338005e-61,-0.3005016378659574,0.0831837456523576,-3.6125042880590765,0.00030363223036558324,-0.7811547309718081,0.11119217774718211,-7.025266945917016,2.1712851971097835e-12,-0.017398268064258295,0.024025737975003476,-0.7241512449007627,0.46897720054596503,-0.2895725955826359,0.0763742809781517,-3.791493574459622,0.00014996793272068764,0.5720741571508408,0.03170451502788398,18.04393338449442,1.7296818404871145e-72,-0.6394155150949163,0.03804168460358587,-16.808286009359428,3.5314386520217465e-63,-0.9210525883880356,0.043655784522910135,-21.09806520381454,2.9138043619349143e-98,0.014587005971265582,0.03363759840752887,0.4336518259876922,0.6645436760993484,-0.30895951365578933,0.050408167820576,-6.129155789901093,8.918549819755256e-10,-1.0016251944935246,0.04338162109542612,-23.088699066599187,3.636561252612668e-117,-0.7617379532525312,0.03601373169097881,-21.151319718510074,9.556463120684627e-99,-0.31159196581259496,0.05456678048205588,-5.71028679097278,1.1359805265096689e-08,0.013425876588861933,0.032452180791459395,0.41371261534433734,0.6790868461984367
3.348,0.07074828848181625,0.0703933593803503,39288,0.07259566686540592,0.017185792915928838,4.2241674399625655,2.403656785022634e-05,-0.7888633378925591,0.14408480872436588,-5.474993129925681,4.4020281005955376e-08,0.5305912054619357,0.03208752406679351,16.53574779897181,3.268980645218888e-61,-0.2965248310950088,0.08368031255221596,-3.5435435414988357,0.00039524614849173006,-0.7444172044507102,0.1118559414976529,-6.655142270348961,2.8674000363461544e-11,-0.002680123065510895,0.024169160059804948,-0.11089020300577729,0.911703981221148,-0.30848822330344167,0.07683019865337552,-4.015194919581121,5.950697593957113e-05,0.5613619105739911,0.03189377571355573,17.600986337136526,4.4626392427082415e-69,-0.6241295692403963,0.038268775139613645,-16.309107541681758,1.335773248032809e-59,-0.9323705157180844,0.04391638853167914,-21.23058263421451,1.8091705116717076e-99,-0.014187115174643251,0.03383839866999497,-0.4192608318437712,0.6750278117138919,-0.3052295433473622,0.05070908030565227,-6.0192285387069004,1.7680056411566475e-09,-1.0631790570940787,0.04364058848057146,-24.362161329868407,3.997622791821164e-130,-0.7558338473385332,0.03622871632479006,-20.862838212717524,3.879828034790508e-96,-0.31278214083867706,0.054892517881913606,-5.698083325518847,1.2202699613525555e-08,-0.04967644191505434,0.03264590468166031,-1.5216745377242182,0.12809870186185757
3.402,0.07016053368506958,0.069805380089767,39288,0.0609421208357086,0.01713477253253988,3.556634365584728,0.0003760782561888038,-0.7913507363737025,0.143657056439813,-5.508610269383107,3.639415294797082e-08,0.5343717918944284,0.03199226411644389,16.703156423985746,2.042805874346163e-62,-0.29578034503020806,0.08343188632891586,-3.5451714931164915,0.00039281371843428737,-0.8705733158194987,0.11152386877645461,-7.806161365909302,6.041128082505662e-15,-0.002611002951203826,0.024097407780554723,-0.10835202586855675,0.9137170083647495,-0.32750631803555386,0.07660210872989508,-4.275421701383787,1.9122558089593576e-05,0.5716134814819889,0.03179909095431376,17.97578057508734,5.865193920339722e-72,-0.5918172204647536,0.03815516457832036,-15.510802456373682,4.244691231978503e-54,-0.9203694741253237,0.04378601159819079,-21.019714756649652,1.494940025313084e-97,-0.021121452177974037,0.03373794080448611,-0.626044496917415,0.5312893941002,-0.2176564295052743,0.05055853754448018,-4.305038082119869,1.6736110050129586e-05,-1.0338954756365624,0.043511030329458474,-23.761686813850954,6.254630235468785e-124,-0.7523202942839082,0.03612116219530515,-20.82768794138332,8.021690443118175e-96,-0.2857161139179152,0.054729555525668494,-5.2205085748213795,1.793390553802211e-07,0.020389260146982387,0.03254898703688909,0.6264176554519012,0.5310446730629218
3.456,0.07304534457693113,0.0726912928395268,39288,0.08953881996403487,0.01719958144471555,5.205872029609479,1.940581401311786e-07,-0.800214914007972,0.1442004110444068,-5.549324778010128,2.886222189534464e-08,0.5364642803829127,0.03211326857281972,16.705377690422004,1.968654541205397e-62,-0.38021339800983334,0.08374745105459126,-4.539999644430838,5.64211564053061e-06,-0.8498312080894408,0.11194568590903096,-7.591460101285445,3.2330809271395855e-14,-0.053855747822181624,0.024188551493232874,-2.2264974335998837,0.02598653031016392,-0.41323980114024916,0.07689184116303471,-5.37429972920081,7.731808149608976e-08,0.5452517995997216,0.0319193647711392,17.08216324194291,3.468484383811186e-65,-0.6411375376444297,0.03829947899542211,-16.740111209373477,1.1035912852861767e-62,-0.9896261271411526,0.043951623588358794,-22.516258703199966,1.4662110486282656e-111,-0.002394069397458745,0.033865547940118264,-0.07069336074797863,0.9436421649339781,-0.22326151089844942,0.05074976528405058,-4.399261940401823,1.0890521000256894e-05,-1.0911822547410486,0.04367560225697835,-24.983794117382846,1.0758414358078074e-136,-0.7705707655038417,0.036257783397830784,-21.252561334180818,1.139159673429263e-99,-0.2951416184391677,0.05493655932164773,-5.3724081391982486,7.813322206139657e-08,-0.004284593502219444,0.03267209718838219,-0.13113922493298025,0.8956658438127842
3.51,0.07107547420113114,0.07072067006874716,39288,0.09993267023814638,0.017280073535460495,5.783116028590632,7.388420922567443e-09,-0.963268455952283,0.14487525261590392,-6.64895100135645,2.9904852932296616e-11,0.546050125188561,0.032263555028126126,16.92467320208624,4.99562616208663e-64,-0.19465576145174504,0.08413937962864473,-2.313491759873586,0.020700755164898856,-0.8805021374136985,0.11246957902454996,-7.828802642014884,5.048363358727846e-15,-0.06455477908264909,0.02430175117126226,-2.6563838394900343,0.007901557149062653,-0.35639842923132414,0.0772516862602154,-4.613471193765633,3.972481712099629e-06,0.5042641840220004,0.03206874377864225,15.72447575442103,1.519366228787309e-55,-0.6571326030554003,0.038478716213995866,-17.077820356604867,3.7344400977850525e-65,-0.9837604508893136,0.04415731220267963,-22.278540106198207,2.8436079518880124e-109,-0.017948940007397066,0.034024034864156796,-0.5275370801569946,0.5978236539121506,-0.2779594350495864,0.05098726843060438,-5.451545917347971,5.023397544605533e-08,-1.063912492994464,0.04387999912276888,-24.24595520200024,6.489848500202476e-129,-0.7885136992541049,0.03642746571253416,-21.646131121956934,2.660510453531911e-103,-0.2907289051830598,0.055193656189519,-5.267433347498871,1.390721025402148e-07,-0.02578820524031944,0.03282499889823879,-0.785626994848219,0.43209078441994786
3.564,0.07573829274091393,0.0753852695791477,39288,0.14077964799703427,0.01726444460209918,8.154310853412388,3.6149306004404395e-16,-0.986831062785106,0.1447442204380494,-6.817757971949354,9.380682957286438e-12,0.5105446090153605,0.032234374310202735,15.838514627341915,2.522857914453536e-56,-0.2743668591173967,0.08406327990866495,-3.2638133964734335,0.0011001748704247383,-0.8245378357506672,0.11236785610351362,-7.337844329708492,2.2125120587504483e-13,-0.10370132499428122,0.024279771493407334,-4.27109971040869,1.9496819135043098e-05,-0.383386184125478,0.07718181610288462,-4.967312295611417,6.817180060701859e-07,0.49688442423066936,0.03203973925742485,15.508379148732367,4.4069322043732227e-54,-0.6758950092882027,0.03844391420402158,-17.581326544982716,6.296392202134463e-69,-1.0491934444458324,0.044117374196141965,-23.781865162264886,3.894702600971527e-124,-0.09438391056172286,0.03399326188321527,-2.7765476254082717,0.005496560473299067,-0.37311938033494996,0.050941153081677064,-7.324517757513358,2.443539879897365e-13,-1.171931596807577,0.04384031193157858,-26.73182614751023,5.031592952327173e-156,-0.8507785878667673,0.0363945189526159,-23.376558128833754,4.9016286186294675e-120,-0.33645641566028783,0.05514373638027842,-6.101443930821814,1.0609508526314077e-09,-0.08780588638712267,0.032795310383354113,-2.6773915343606633,0.00742287099213287
3.618,0.0770860566394228,0.07673354825812295,39288,0.14956296738770858,0.01729245893138763,8.649028341263605,5.387183926006498e-18,-1.017922596210905,0.14497909114182278,-7.021168281536153,2.235869612468031e-12,0.5374148678629904,0.0322866797504961,16.64509550117902,5.360551306367009e-62,-0.3375350224855449,0.0841996860577595,-4.008744429925805,6.115509279711894e-05,-0.8609127134625547,0.1125501909654146,-7.649144848871055,2.0692605568533647e-14,-0.13506569286095513,0.024319169315308996,-5.553877729529637,2.8120642104481593e-08,-0.4227615775132668,0.07730705597368381,-5.468602732164314,4.5635700828247506e-08,0.5146142946155787,0.03209172887114022,16.035729850577365,1.0973876234364673e-57,-0.6711523796131449,0.038506295618336954,-17.429679194940206,8.846664258424356e-68,-1.0668244191908944,0.044188961708891854,-24.142328263309803,7.707574680816537e-128,-0.1254821728921142,0.03404842140058944,-3.685403543846584,0.00022864742595902907,-0.3502884458694103,0.051023813269690875,-6.865195355312426,6.7385205762351396e-12,-1.135056687538556,0.04391144986638421,-25.84876361387198,4.208625709973428e-146,-0.8575768494849179,0.03645357489456664,-23.525178311462085,1.5664084599614434e-121,-0.39649951506996384,0.05523321593347324,-7.178642568043398,7.165283796717051e-13,-0.06302214056937225,0.03284852603235822,-1.9185682945801217,0.05504623249062925
3.672,0.07632873685680674,0.0759759392160666,39288,0.1397311453949952,0.01728409224718723,8.084378594874412,6.425538495558446e-16,-0.9643148883553945,0.1449089452894569,-6.654626368504491,2.8774640930552897e-11,0.4943535319530431,0.0322710583484489,15.318788947521583,8.145050028628681e-53,-0.3321027019323999,0.08415894736433173,-3.946136594302886,7.956041587944606e-05,-0.7552330752938081,0.1124957353262115,-6.71343738590452,1.9267380099911842e-11,-0.10131065487056312,0.024307402867837034,-4.167893025075704,3.080858859466306e-05,-0.4266665143211008,0.07726965217088394,-5.5217863978152275,3.376903616663079e-08,0.49946896316402434,0.03207620179300894,15.571325008713606,1.660293802496631e-54,-0.6905011306533417,0.03848766495300219,-17.940842384086487,1.094928067354541e-71,-1.121007554491852,0.04416758157497169,-25.3807773601779,5.654710588083346e-141,-0.09131911884878065,0.03403194760756144,-2.6833350797851714,0.007292245311683825,-0.37393975200745466,0.0509991262003723,-7.332277626449311,2.3062821638529134e-13,-1.1098130485191913,0.043890204002203094,-25.286121897803973,6.007211267675787e-140,-0.8679277475239633,0.036435937405859646,-23.820650964901006,1.5651675219254061e-124,-0.40703091421814497,0.05520649221090021,-7.372881302858417,1.7026370149680956e-13,-0.058170861435481835,0.032832632789826795,-1.7717391659649695,0.07644561783594517
3.726,0.07420594288446714,0.07385233443934769,39288,0.14831290469532493,0.017391563889340204,8.527864753222694,1.5431354913066765e-17,-0.9381934070517451,0.14580998203990858,-6.434356509247488,1.2542232850436014e-10,0.47757368304746195,0.03247171821447609,14.707373348496127,7.79937812596032e-49,-0.3514825253668849,0.08468224359220174,-4.15060478392016,3.32296245938731e-05,-0.733506850262865,0.11319522831883203,-6.480015643387621,9.279666167907629e-11,-0.1079007952121097,0.024458545112701267,-4.411578641121914,1.0289234709194858e-05,-0.3221010744554776,0.07775011109742927,-4.142773173042161,3.43848727294631e-05,0.49024362121320275,0.03227565005048314,15.189271802315385,5.85453190532604e-52,-0.710525690327488,0.038726979375534605,-18.34704647211282,7.171329952218763e-75,-1.1468183702828498,0.04444221344188736,-25.804708664711974,1.290482962827366e-145,-0.11161613051818152,0.03424355659707281,-3.259478325558118,0.0011171223835753975,-0.29702939683461926,0.05131623627839868,-5.78821477130918,7.167845855192958e-09,-1.0807436752960924,0.04416311114890693,-24.471638142795143,2.8598585274573136e-131,-0.875128164825156,0.03666249428662542,-23.86984797006583,4.914445838734765e-125,-0.3958116350768087,0.05554976348546636,-7.125352301101445,1.055984757598904e-12,-0.0978944466143417,0.033036784498326414,-2.9631953624088587,0.003046457898315594
3.78,0.07245176328316327,0.07209748482648293,39288,0.15524733364394572,0.01739229678078165,8.926212311159087,4.594626087571409e-19,-0.8995269981152544,0.14581612656426501,-6.168912995496483,6.94307366554764e-10,0.45425873359717217,0.03247308659310609,13.988775975906446,2.3330213579800256e-44,-0.3405336478461341,0.08468581215521115,-4.021141666823813,5.8024906281706736e-05,-0.8238911933081636,0.11319999843695223,-7.278190854101799,3.44649026470788e-13,-0.14181613975656807,0.024459575811176536,-5.797980343214568,6.763120268582806e-09,-0.193909440692413,0.07775338753601509,-2.49390344057479,0.012638770949014645,0.5109448859375317,0.03227701016667738,15.829994268336185,2.8863146946172973e-56,-0.7033711296769165,0.03872861135480444,-18.16153755767596,2.0808575740013738e-73,-1.14216701981568,0.044444086264715583,-25.698965054940345,1.8857582218354668e-144,-0.09907955019260252,0.03424499964208672,-2.893255985636947,0.003814799747370192,-0.3328900517875194,0.05131839877687294,-6.486758350253497,8.874325170446855e-11,-1.0647026316594022,0.044164972210188974,-24.107399560726375,1.7707173682537445e-127,-0.8396552069295673,0.03666403926719507,-22.901328487307286,2.5733911711760165e-115,-0.3904287739628821,0.055552104387439974,-7.028154527502578,2.126886708195634e-12,-0.09341490653386124,0.033038176689205036,-2.8274837141476947,0.004693912725534701
3.834,0.07069297524491414,0.07033802501647335,39288,0.14438567038707117,0.017379997264079856,8.307577279398112,1.0076711207407254e-16,-1.030113785798919,0.14571300804537857,-7.069470321264088,1.5811637993196598e-12,0.4763477693489437,0.03245012221548853,14.67938290603977,1.1762857148532705e-48,-0.35204515330750147,0.08462592388547101,-4.160015479227663,3.189019910827477e-05,-0.7270794719271746,0.11311994545206085,-6.427509039378948,1.3119613785917576e-10,-0.09894036814606089,0.024442278442979554,-4.047919197748894,5.1773928900365305e-05,-0.2592393479764694,0.07769840175117745,-3.3364823745881087,0.0008492448332540866,0.5224949475115486,0.032254184450750796,16.199291856514023,7.9185581410856815e-59,-0.640167210390818,0.038701223183581296,-16.54126556553913,2.984776418303672e-61,-1.097571698797367,0.04441265621334291,-24.713038858225804,8.185159327996911e-134,-0.11608977192898813,0.034220782199712106,-3.3923763417063206,0.0006935753583059829,-0.2878745433113384,0.051282107336425416,-5.613547458625254,1.995555112073136e-08,-1.045067332260728,0.04413373954321116,-23.67955543938231,4.2837415931674666e-123,-0.8215120999891841,0.03663811112389082,-22.422337691243477,1.182653381207841e-110,-0.41011316748033744,0.05551281894720484,-7.387720084443438,1.5232942674652821e-13,-0.08562807499210873,0.03301481269012501,-2.5936259519570366,0.00950049847922017
3.888,0.07243473865850558,0.07208045369924398,39288,0.16864459495788964,0.017491922078577207,9.641284371168842,5.660176889339081e-22,-0.9343464507893482,0.14665137996497815,-6.371208037813757,1.8961814191317379e-10,0.44462519479984053,0.032659096581490944,13.614130252819828,4.1141195800606945e-42,-0.4630444452420448,0.08517090330569935,-5.436650631496349,5.4614335221514706e-08,-0.8373100758163914,0.11384842248909925,-7.354604108779479,1.952236731826358e-13,-0.13377104510864785,0.024599683386090625,-5.43791735076907,5.422786428957557e-08,-0.30093567006976524,0.07819876887267951,-3.848342811633494,0.00011910764164918685,0.4926383047665296,0.032461897004243234,15.175893901152318,7.170751236781949e-52,-0.6580456500880274,0.03895045378815656,-16.894428333672344,8.314962455992294e-64,-1.1377897323913588,0.044698667668493515,-25.454667705752357,8.886164721548336e-142,-0.09980021404228476,0.034441159374774905,-2.8977019314680668,0.003761154240146745,-0.35127120036120507,0.05161235712090181,-6.805951519291266,1.0182239238892266e-11,-1.0998045874679052,0.044417954813006255,-24.760360806748935,2.580067898028477e-134,-0.8855644282713372,0.036874055567883916,-24.015921618413856,1.5552963262449185e-126,-0.4545911206776534,0.05587031393805459,-8.136541369387592,4.185746747345239e-16,-0.12028392672329788,0.033227423585849604,-3.620019662749976,0.0002949508246065207
3.942,0.07072842532163437,0.0703734886334042,39288,0.1971757353291094,0.01743527857743431,11.309009744433048,1.3159691636997748e-29,-1.0184786729167503,0.14617648374880832,-6.967459106944439,3.277907335661939e-12,0.43380298554182956,0.03255333773084952,13.325914200519337,2.0031977720073093e-40,-0.37309250040921016,0.08489509724293129,-4.394747311986563,1.1119209098968412e-05,-0.7527920302548298,0.11347975098345171,-6.633712391249487,3.315886015212072e-11,-0.14968943517700156,0.024520023061299818,-6.104783621238016,1.0390238986599463e-09,-0.2762675742002073,0.07794554043762733,-3.5443666520123616,0.00039401453105012557,0.4410558711488325,0.0323567767383399,13.631020009054874,3.268084400355904e-42,-0.6849692175347809,0.03882432184772401,-17.642786401301578,2.14381011334309e-69,-1.1436274790310366,0.044553921480979496,-25.6683910420604,4.0868652831047987e-144,-0.13705231501264775,0.03432962973031136,-3.99224565162255,6.556943998597259e-05,-0.34231311060991343,0.051445222566080875,-6.65393390358484,2.8910268548787122e-11,-1.0748303199961815,0.044274117648461765,-24.276719155204322,3.1069485307713545e-129,-0.9110343170183308,0.036754647557756724,-24.78691478640136,1.3485736639379808e-134,-0.43059133915983305,0.05568939098532316,-7.732017383226809,1.0837085313475247e-14,-0.143787810590275,0.03311982434104359,-4.341442427642548,1.4190415560719189e-05
3.996,0.06739133581614909,0.06703512452151794,39288,0.16973105676052136,0.01751514220551604,9.690532612807905,3.502849020255026e-22,-0.8723766165143974,0.14684605632148398,-5.940756179413762,2.8609445576942397e-09,0.4508012331980238,0.0327024507860731,13.784937286412955,3.9585726155462655e-43,-0.4372228152507679,0.08528396573402307,-5.126670781402733,2.963073286019007e-07,-0.677132829649989,0.1139995536689723,-5.939784918949966,2.877930302715115e-09,-0.10182021392948429,0.02463233890378126,-4.133599100240297,3.578666472988421e-05,-0.2931380931312256,0.07830257595182881,-3.743658360761491,0.00018161873993744712,0.4362271505309896,0.03250498943089182,13.420313563197523,5.66150211105096e-41,-0.6519636577927536,0.0390021596256982,-16.716091212630698,1.6469934370882514e-62,-1.0977740946480021,0.04475800412863761,-24.526877728795125,7.524672588402183e-132,-0.10005858443000351,0.03448687922700214,-2.9013522438893458,0.0037176225742828533,-0.3533646735832817,0.051680871345843815,-6.8374364514598955,8.179970116051231e-12,-1.0816489015980442,0.04447691863324785,-24.319330898734492,1.1183706433757083e-129,-0.8550885911207721,0.03692300503422555,-23.15869443259434,7.34366614961045e-118,-0.3636246971411443,0.05594448050339408,-6.499742134866793,8.141981113387195e-11,-0.11055944872939753,0.033271532231546046,-3.3229443104688694,0.000891540539719425
4.05,0.06910589662963862,0.0687503402141122,39288,0.1947351558226307,0.0174980084007385,11.128989732020699,1.0009302232025935e-28,-0.8855706351367041,0.14670240737865262,-6.036510586025788,1.5889124190833659e-09,0.42284264139329214,0.032670460328848086,12.942659428031419,3.095836487503701e-38,-0.47105719415650804,0.08520053855984457,-5.528805358731847,3.244659057818418e-08,-0.769448538919729,0.11388803609895362,-6.756184102175404,1.4364616033883715e-11,-0.13435138035277844,0.024608242856998454,-5.4596088446262065,4.8006959330466335e-08,-0.361069469406869,0.07822597816951023,-4.615723291109978,3.929664517878622e-06,0.4493800483127049,0.032473192135918705,13.838493192532315,1.888798864520628e-43,-0.6841123808793603,0.03896400661608583,-17.557547087494143,9.543348692925578e-69,-1.1375303997990094,0.04471422059003004,-25.440014044494948,1.2831562235734325e-141,-0.16376999240932263,0.034453143191683175,-4.75341223580599,2.0071956627348872e-06,-0.34010043652498856,0.05163031566379552,-6.587223652468884,4.5377451637432874e-11,-1.0984561009501157,0.04443341006037834,-24.721399943364208,6.675830689461723e-134,-0.8571388996987592,0.03688688591211775,-23.236954774140465,1.220906801736956e-118,-0.44064661765713165,0.05588975403893957,-7.884211072929824,3.2465760993973954e-15,-0.16087403034627318,0.03323898508284375,-4.839920050065189,1.3038395988499387e-06
4.104,0.07117965427960882,0.07082488993896396,39288,0.2054416954161921,0.017535618761950388,11.715679851683886,1.196108430950457e-31,-0.9315051529174976,0.14701773072321858,-6.3360055167167975,2.3834873734276565e-10,0.4142188198968857,0.032740682481323155,12.651502305523895,1.2940319992279452e-36,-0.3883393484810239,0.08538366928862783,-4.548168891270014,5.427629815359987e-06,-0.775268499103101,0.11413282796767928,-6.792686319160037,1.1163007445253786e-11,-0.13609579736100416,0.02466113601383352,-5.518634554574534,3.437974863937339e-08,-0.39384807754493945,0.0783941177216083,-5.023949359868622,5.084128807403263e-07,0.46088460024291733,0.03254299027853951,14.162331005791065,2.027861196369474e-45,-0.6929664298825234,0.03904775616800807,-17.746638933641794,3.442776879821331e-70,-1.1031021261731007,0.04481032969851738,-24.6171392532646,8.438820748212014e-133,-0.14417100417187428,0.034527197057165906,-4.1755779924206875,2.97870791069424e-05,-0.438870729137822,0.05174129028314232,-8.482021355404992,2.289276182984547e-17,-1.1305312043690354,0.04452891559243513,-25.3886983172143,4.638344179146259e-141,-0.9103313675723699,0.03696617088394791,-24.626066097845957,6.7939652831603095e-133,-0.48408691421118943,0.05600988392968526,-8.642883724217524,5.684478736486475e-18,-0.16854426277647802,0.033310429227037294,-5.059804592360959,4.2157568449488663e-07
4.158,0.0743629273278692,0.07400937884319614,39288,0.2180960221017177,0.017482247825843365,12.47528488752541,1.190057829110785e-35,-1.0464560715671645,0.14657027152491225,-7.139620201831313,9.520990939427014e-13,0.43160550215441706,0.032641033823552226,13.222788974379572,7.88686561959337e-40,-0.4034794796847929,0.08512379785665564,-4.739913982271243,2.145571664194976e-06,-0.8235156178134703,0.11378545637207901,-7.23744179678438,4.655834013598475e-13,-0.13718702840553054,0.024586078045683756,-5.57986630281663,2.422874640305027e-08,-0.24394197064452544,0.07815551950018912,-3.1212379138998,0.0018022303804835875,0.46500259857451376,0.03244394331142273,14.332493251854423,1.7965980964289746e-46,-0.7186362047417834,0.03892891147094569,-18.46021832072372,9.039926855490234e-76,-1.1856812878317773,0.04467394618814685,-26.54077799257342,7.509006127354952e-154,-0.1728529020343351,0.03442211101183679,-5.021565992129184,5.147594506847801e-07,-0.3998576515639865,0.05158381188815187,-7.751611153339922,9.29117490632751e-15,-1.1133436493080198,0.044393388586444586,-25.07904182939476,1.0255317121346713e-137,-0.9050088336209707,0.036853661643689486,-24.55682266719722,3.644379615366705e-132,-0.5121237467820997,0.055839413758250016,-9.171366823428295,4.890645384602993e-20,-0.1757277641923392,0.033209046503444375,-5.291563073758022,1.21924707368541e-07
4.212,0.07511010609400193,0.07475684299539254,39288,0.2221080575868295,0.017515842401516324,12.680409682585514,8.966116598667003e-37,-0.930959334681176,0.14685192672893416,-6.33944242624465,2.330976256574875e-10,0.42577728549861826,0.03270375811917787,13.01921583284147,1.1442227922873106e-38,-0.3526020549074233,0.08528737509781782,-4.134281943875243,3.568048505287534e-05,-0.8519841417780816,0.11400411098461248,-7.47327560751802,7.984629281724473e-14,-0.12363132657137776,0.024633323621174683,-5.0188650331011315,5.220440766539236e-07,-0.27047853010350903,0.07830570622333047,-3.454135632620378,0.0005526419159125431,0.46869041788082944,0.0325062888701611,14.418453603021423,5.224379130489515e-47,-0.7089818671341994,0.039003718799803216,-18.177288959886983,1.5653627587762527e-73,-1.192020240602063,0.04475979340189065,-26.63149559023014,7.00172503478543e-155,-0.17179427202667652,0.034488257895505865,-4.981239485832739,6.344601886357698e-07,-0.46342628907497707,0.051682937371856225,-8.966717308280051,3.186223180447124e-19,-1.1500450727597529,0.044478696669655815,-25.856087495125163,3.492740608110014e-146,-0.9080805944621378,0.036924481090779365,-24.592914176088453,1.5192751507039964e-132,-0.48609796247081527,0.05594671697404484,-8.688587798571433,3.8087603315382854e-18,-0.180811904398763,0.033272862314597536,-5.43421550839757,5.536479327168989e-08
4.266,0.07222172056764442,0.07186735424579971,39288,0.21989386708765052,0.017588500195984933,12.50213859268384,8.503096969327304e-36,-0.9022371597037254,0.14746108596118818,-6.1184763005284974,9.536531919735422e-10,0.4023917068212872,0.03283941719176513,12.253314499204684,1.8643975166979543e-34,-0.44468474056440477,0.08564115725847987,-5.192418631409534,2.0861248806427867e-07,-0.7400964023616561,0.11447701357614182,-6.4650219222341745,1.0246990494179249e-10,-0.11645387014543672,0.02473550557301681,-4.707964015600013,2.510563312367612e-06,-0.2451057817948089,0.07863052759235588,-3.117183482037796,0.0018271963847445124,0.44833178407912855,0.03264112881685192,13.735180134078709,7.852415987093638e-43,-0.6906584604641177,0.03916551085747908,-17.634353423280547,2.485894453131844e-69,-1.1729974588209362,0.04494546234060926,-26.098239905324235,7.135893221173119e-149,-0.14794139658914374,0.0346313192850931,-4.271896065271312,1.9427338913225767e-05,-0.41334451981169473,0.05189732433395707,-7.964659548762868,1.7010987651424823e-15,-1.1559927184364782,0.044663199585745966,-25.882443021511772,1.7848127163617884e-146,-0.9127248746915751,0.03707764822350726,-24.61657948717758,8.554309421553383e-133,-0.5010373463374433,0.05617879060030341,-8.918621084284029,4.920014039255122e-19,-0.1923220838083496,0.033410882098974394,-5.756270763478383,8.66312752979119e-09
4.32,0.06976266848428703,0.06940736292376726,39288,0.21378941452678163,0.017664089583813897,12.103053118723022,1.1682536532123934e-33,-0.8691193627744279,0.14809482352221937,-5.868668074303285,4.428296016987739e-09,0.38994277463333893,0.0329805498303941,11.823416426914049,3.3505029346243925e-32,-0.44564185795112243,0.08600921380554181,-5.181326955954671,2.2140012397341683e-07,-0.7893550626402923,0.11496899681975481,-6.8658080393431735,6.709694122238142e-12,-0.10813316714698218,0.024841810357567516,-4.352869842839041,1.3470614873108771e-05,-0.2970000108631175,0.07896845483908789,-3.7609955958782177,0.00016948389131557132,0.4447589204274372,0.032781409279530334,13.56741306131575,7.766039704554814e-42,-0.6669055333558174,0.03933383089368099,-16.955010946135843,2.9939944749151165e-64,-1.1646669053087622,0.04513862264115564,-25.802003631516754,1.3823080609785081e-145,-0.18096815461871218,0.03478015290906902,-5.203201811442417,1.9686650473574067e-07,-0.42771856085622517,0.05212036137137658,-8.20636215103296,2.3486131504936006e-16,-1.1322529449129002,0.04485514681703634,-25.24243091949621,1.7828967510014583e-139,-0.9029930124469181,0.037236995336684786,-24.24988923736594,5.906744310793255e-129,-0.49008456706784453,0.056420227922595274,-8.686327317574953,3.885132749123471e-18,-0.21007860915659152,0.03355447069928402,-6.2608232160572905,3.8690285872189485e-10
4.374,0.06844514578359273,0.0680893369932779,39288,0.22715112586345002,0.017632372850615446,12.882618113166853,6.730491687767874e-38,-1.0281597111373468,0.1478289120534489,-6.9550651280285845,3.5790162607418717e-12,0.38221553219927257,0.032921331646816314,11.609965729810781,4.123272141393704e-31,-0.48387164414167044,0.08585478007297184,-5.635931321825135,1.753060118349886e-08,-0.7669481876258182,0.11476256438626178,-6.682912600701954,2.3736381084571936e-11,-0.1143600322888648,0.02479720567712028,-4.611811257200715,4.004326537731798e-06,-0.34923345763028324,0.07882666313217081,-4.430397580634791,9.431354630187563e-06,0.3815665162740577,0.03272254866251101,11.66066006072455,2.280852218279827e-31,-0.6489789557762694,0.03926320508450988,-16.528934771866208,3.6573590215121404e-61,-1.1617226964733525,0.04505757404567258,-25.783072459599644,2.235854691477176e-145,-0.18320716572248932,0.034717703450511644,-5.27705313180182,1.319733011448303e-07,-0.40775320525455855,0.05202677672394944,-7.837372040518088,4.716111993275392e-15,-1.1650956838966533,0.04477460721620252,-26.021349071154816,5.130187872167714e-148,-0.9057021324051526,0.03717013449788516,-24.366393736258438,3.610857615396765e-130,-0.5402325477467591,0.056318922655345244,-9.592380718161438,9.09402203291762e-22,-0.2405099447046671,0.03349422201283264,-7.180639831327341,7.061509836026474e-13
4.428,0.07053843932850101,0.07018343007483252,39288,0.23751903839274893,0.017614637000886692,13.484185815511987,2.395829841520638e-41,-0.9024032064271962,0.14768021559654212,-6.11052200040481,1.0023758102918444e-09,0.36214254723839134,0.03288821711391111,11.011315875958863,3.706080984641957e-28,-0.4630282552240551,0.08576842144780153,-5.39858665238293,6.755664002636942e-08,-0.8092476035966949,0.1146471283293178,-7.058594623252787,1.7097912490823096e-12,-0.09632143015405983,0.02477226294721611,-3.8882773995778357,0.00010112421821396472,-0.3379543173545452,0.07874737386896297,-4.2916265108333285,1.7779331159240753e-05,0.40151344723210985,0.032689634079162685,12.282592281693544,1.3005457797522321e-34,-0.6630635116809727,0.03922371146041584,-16.904660140337036,6.999195401408877e-64,-1.2134383188633049,0.04501225204793655,-26.95795619315011,1.2860942489904592e-158,-0.20600931466746933,0.03468278200366257,-5.939815169547654,2.8773997909980225e-09,-0.4968594792485629,0.05197444462425616,-9.559688089801762,1.2469542395153744e-21,-1.124985741372441,0.04472956984590763,-25.150828529046706,1.734247162959921e-138,-0.9313788755162862,0.03713274622771657,-25.08241296791261,9.435194435105384e-138,-0.567749566409701,0.05626227322094619,-10.091123836751239,6.467569048881008e-24,-0.232719536694868,0.033460531227512136,-6.955046084370586,3.579499168774294e-12
4.482,0.0703160937214723,0.06996099954256174,39288,0.2493433785470921,0.017763114748057317,14.037142814402063,1.1845624890507534e-44,-0.9039703960738872,0.14892504543392926,-6.069968912481779,1.2910453767785663e-09,0.3559577096789919,0.03316543931186422,10.732790430780023,7.780119808117393e-27,-0.5559943704780093,0.08649138281193917,-6.42832097721139,1.3049816401543673e-10,-0.8382843797282646,0.11561351482556304,-7.250747293627938,4.2210894103014195e-13,-0.12259647944677081,0.02498107393744747,-4.907574420289216,9.257858262719933e-07,-0.3573368233939994,0.07941115323989624,-4.4998316837750325,6.820222628331656e-06,0.4006308618084998,0.032965182375937804,12.153151687124636,6.351562037780461e-34,-0.6944233313681639,0.03955433696879391,-17.55618687063378,9.772926702329475e-69,-1.2228968196003156,0.04539167047017356,-26.940996154875364,2.0157493879521973e-158,-0.2294488932788079,0.03497513099372434,-6.5603440719057895,5.434951209044187e-11,-0.4614455604798674,0.052412548937610194,-8.804104548114113,1.371714423734734e-18,-1.1586590107734365,0.04510660547612228,-25.68712494640694,2.544568955082525e-144,-0.9239568819031366,0.03744574651866054,-24.67454832133461,2.0901005491942993e-133,-0.5732031573469556,0.05673652060839584,-10.102895827949895,5.73796787612636e-24,-0.2606350606302936,0.03374257759017878,-7.724219050359535,1.152046814243758e-14
4.536,0.06944721419583388,0.06909178814706984,39288,0.25401366337840675,0.017807298498191102,14.26458164915975,4.742583850511737e-46,-0.9513979013039888,0.1492954797349763,-6.372583436503733,1.8792657185260996e-10,0.33978938373854406,0.033247934612064475,10.219864412727965,1.7339318632517673e-24,-0.5694133410820701,0.08670652039907355,-6.567134033995375,5.193156736605851e-11,-0.7600151106199515,0.11590109044074054,-6.557445730060169,5.541485354134004e-11,-0.1273259211408006,0.02504321154926729,-5.084248914733378,3.707764384266584e-07,-0.41664567278934694,0.0796086795522774,-5.233671443020785,1.6702834361563885e-07,0.39492265055231035,0.033047179559532666,11.950267944678275,7.37982539050034e-33,-0.7256406903763035,0.039652723933362034,-18.29989514959354,1.6933256803570421e-74,-1.246622546320602,0.04550457714530657,-27.39554182296541,1.0791311822460475e-163,-0.23502076252150608,0.035062127698448776,-6.702980621792211,2.0696689837596624e-11,-0.4506709187939061,0.052542919258298876,-8.577196036223759,1.0071091688579047e-17,-1.1044010748268724,0.0452188030841436,-24.423491987874865,9.13503061237324e-131,-0.9378677586398005,0.03753888860163528,-24.98389786102897,1.073095699552479e-136,-0.5752249465435486,0.05687764632230228,-10.113374651334636,5.157458909948586e-24,-0.24933159903028113,0.033826508456936105,-7.370893728145207,1.7281825229687062e-13
4.59,0.06715394677210629,0.0667976448063694,39288,0.25562141048194986,0.017817385575252743,14.346740682145441,1.464739507983635e-46,-1.049751266356434,0.1493800492730898,-7.0273859960865765,2.1386156601838474e-12,0.3319974678211729,0.033266768152626865,9.979853356898968,1.9914478646837734e-23,-0.5784519603278112,0.08675563595431068,-6.667600945631352,2.6345580399848338e-11,-0.7485466877343285,0.11596674347794451,-6.45483925205413,1.095943110109488e-10,-0.09667692017359233,0.02505739746325049,-3.85821872823704,0.0001143988062453213,-0.4598274412697818,0.07965377448262301,-5.772826765040446,7.8538227605456e-09,0.40923076355433663,0.03306589938089809,12.376217529735364,4.0878082185975317e-35,-0.6758183387925712,0.039675185514609766,-17.03377892319399,7.891469198848215e-65,-1.162177202767432,0.04553035355245607,-25.52532787667624,1.5067627438421526e-142,-0.26030846458254886,0.03508198890221729,-7.420003047948532,1.194803663463661e-13,-0.42546110086497935,0.052572682586838344,-8.092817028353318,5.996206653208324e-16,-1.132445491563801,0.04524441761244452,-25.02950753536323,3.485711416795483e-137,-0.9098237584224107,0.03756015278509194,-24.223111221835346,1.1207919642760159e-128,-0.5656584510608784,0.05690986508932054,-9.939550026573995,2.98386199903998e-23,-0.2628839283514632,0.033845669734968595,-7.767136251402269,8.222285013608866e-15
4.644,0.06699714586053052,0.0666407840044475,39288,0.26498949397371396,0.01786093919170714,14.836257552276365,1.1642903726794006e-49,-1.1216913761442835,0.14974520056560128,-7.49066662509084,6.996009102210193e-14,0.3354694072347867,0.0333480869327968,10.059629744603521,8.902713244169019e-24,-0.5835086470309356,0.08696770532204438,-6.70948652571875,1.9795676459428268e-11,-0.7571363031185736,0.11625021778710012,-6.51298825525805,7.455820536018049e-11,-0.11168277113931077,0.025118648889496522,-4.446209333576514,8.763806984451123e-06,-0.4682096741369026,0.07984848374163908,-5.863726550548667,4.562067966347306e-09,0.37602774877053174,0.03314672714843294,11.344340184376515,8.804147222405753e-30,-0.6874047935150562,0.03977216931761285,-17.283562986609418,1.1051124175315692e-66,-1.1796984970073976,0.04564164999082978,-25.846973044235256,4.404876714685395e-146,-0.2719903569093902,0.0351677448894047,-7.734085815418183,1.066262150775966e-14,-0.4660587244535773,0.05270119361016974,-8.843418763927996,9.660975323214101e-19,-1.1394247858981275,0.04535501509618153,-25.122354903461524,3.511634181918438e-138,-0.9162135607196054,0.0376519665072265,-24.33375055041966,7.91138674563312e-130,-0.5934535356649127,0.057048978116094474,-10.402527008586144,2.6045075613831504e-25,-0.2570372811930114,0.03392840360813158,-7.575873128655177,3.6453612250701894e-14
4.6979999999999995,0.0654334106843174,0.06507645155721076,39288,0.26712636017421937,0.01790549010981544,14.918684634484588,3.420554915250982e-50,-1.0166102993983088,0.15011871318416542,-6.772042457832241,1.287614153613241e-11,0.32390218970135837,0.03343126777082917,9.688600262535747,3.569589259731412e-22,-0.5433540472623647,0.08718463070745011,-6.232222845395776,4.6452437978937426e-10,-0.9273127960057561,0.11654018316221937,-7.95702195452167,1.8092416969227994e-15,-0.12337190898585917,0.025181302866292252,-4.899345742392269,9.653852826242788e-07,-0.3837648181496651,0.08004765150219546,-4.794204588739741,1.6391866670515457e-06,0.36052103742624175,0.03322940573049953,10.849457867232887,2.193985403121004e-27,-0.6857467914558208,0.03987137388010759,-17.19897572423382,4.7219388409691227e-66,-1.1958134640413367,0.0457554949230164,-26.134860218500364,2.783458177557312e-149,-0.2643264003158785,0.03525546453873585,-7.497459011650749,6.643471405212447e-14,-0.46052743619980807,0.05283264731120617,-8.71672080876642,2.9736700530272622e-18,-1.1446306621187512,0.04546814506889253,-25.174342616889845,9.678958939325693e-139,-0.8946999972170375,0.03774588260304182,-23.70324749393823,2.460723927346327e-123,-0.5770302172680535,0.057191276587912385,-10.089479579653434,6.5765345238374e-24,-0.28812818180552724,0.034013031942311964,-8.471111375610649,2.5138039739763556e-17
4.752,0.06716450425802989,0.06680820632474083,39288,0.25678855122120736,0.017845753463330827,14.389336474296387,7.944849216389079e-47,-0.9450576986619538,0.14961788419567035,-6.3164754918336286,2.704553033121322e-10,0.32143822899191293,0.0333197337210986,9.647082767302338,5.349905762981686e-22,-0.5990586105598801,0.08689376363642773,-6.894149654587431,5.500516407686988e-12,-0.8851414067060739,0.11615137952265872,-7.620584536694213,2.5819345952107748e-14,-0.0946497722917789,0.0250972925109141,-3.77131406706992,0.00016262812321580686,-0.39784879749477614,0.07978059496085628,-4.986786544898261,6.165310258664978e-07,0.3841576981756476,0.03311854513685801,11.599473847301162,4.659342691995039e-31,-0.6969747201079166,0.03973835422235323,-17.539093748272574,1.3173230328462102e-68,-1.165784376432152,0.04560284454549636,-25.56385216867535,5.714840322501585e-143,-0.27861574518101967,0.03513784456805173,-7.929221288500563,2.2631756547604488e-15,-0.4563157619251227,0.052656385999400715,-8.665914936325407,4.6469362198692134e-18,-1.159991856727605,0.04531645335357877,-25.597586988479478,2.4423379291511195e-143,-0.9113730275987442,0.03761995405087828,-24.22578789878844,1.0513138333084545e-128,-0.5727106471852113,0.057000473931822955,-10.047471673134124,1.006896076985847e-23,-0.24996559908258711,0.03389955699956835,-7.373712850754067,1.6920598788134528e-13
4.806,0.0656127205144803,0.06525582987503542,39288,0.2493757677407419,0.017952419642661532,13.890927947569454,9.128027086819458e-44,-0.8706151493601334,0.15051216798702094,-5.784350601043823,7.33441449584039e-09,0.31460614037639756,0.03351888971076577,9.385935605001581,6.5586785188682346e-21,-0.6294527685568506,0.08741313793988921,-7.200894320825115,6.089047934966067e-13,-0.7984632440664496,0.1168456300570018,-6.833488284302361,8.408124678754612e-12,-0.07296500677191714,0.025247301996878642,-2.890012040927696,0.0038543794255475523,-0.4378304694428279,0.08025745301376454,-5.455324745575191,4.9178053289488696e-08,0.40320099814317933,0.033316498598559625,12.102142034835886,1.181245682162303e-33,-0.6901456187860379,0.03997587506598128,-17.26405282303223,1.5457884290569706e-66,-1.1450490215949791,0.04587541814146557,-24.959969150886057,1.934200219538902e-136,-0.27272795598023675,0.035347867621305915,-7.715541964286697,1.2330763719293568e-14,-0.4721821506661787,0.052971119446966246,-8.91395453967929,5.13123047009108e-19,-1.1266100984195004,0.04558731515551818,-24.713236446940183,8.145833489587418e-134,-0.9036670639270356,0.037844812966107,-23.8782277702453,4.033508444315412e-125,-0.580737263270696,0.0573411725067999,-10.127753547450189,4.454475953395187e-24,-0.23734353981070594,0.034102178661555176,-6.959776446138713,3.46148896376037e-12
4.86,0.06754077202287301,0.06718461780562779,39288,0.25058463232452494,0.01795424173900334,13.956848524555689,3.644883436962913e-44,-0.9230197883694079,0.15052744434954732,-6.131903669513032,8.765967427895737e-10,0.3740006633440184,0.03352229173943595,11.156774908203555,7.333381069659404e-29,-0.571038268081748,0.08742201001184588,-6.531973675786807,6.569990573610228e-11,-0.8435173382834769,0.11685748940517442,-7.2183421240446926,5.357697833737136e-13,-0.07550614186914417,0.025249864493607478,-2.9903583002696945,0.00278823080337813,-0.4972903265609028,0.08026559881329742,-6.195559914997081,5.865347727738327e-10,0.43608190555041426,0.03331988008536902,13.087739344593281,4.6717693566097445e-39,-0.6228289834785421,0.03997993245195867,-15.578540164542698,1.4841648334033064e-54,-1.1280786536773377,0.04588007430666437,-24.58755071182344,1.7303718757557617e-132,-0.30954032570839307,0.03535145528366929,-8.756084388169052,2.1005136667478848e-18,-0.46415915526973617,0.05297649579649946,-8.761605468446376,2.000314171569343e-18,-1.141706574726101,0.045591942079455515,-25.041849999203542,2.5703465657657224e-137,-0.8842269699383204,0.037848654058095406,-23.36217738631036,6.832097363308972e-120,-0.6407323294031915,0.05734699239864397,-11.172902058213994,6.119814399818491e-29,-0.24927670544764757,0.03410563989164136,-7.308958466682824,2.7433691456050853e-13
4.914,0.06333945757539838,0.06298169865972392,39288,0.23329925031492404,0.018122431708824608,12.873506936782682,7.569941344969097e-38,-0.9540770779070857,0.15193754045332344,-6.279403201213374,3.434239687023952e-10,0.37191286739999696,0.03383631854813974,10.991528728838146,4.6124419832337915e-28,-0.46952194291842114,0.0882409532698987,-5.320907419056492,1.0381577849593448e-07,-0.822802617941625,0.11795217543548162,-6.975730756163017,3.090921704918486e-12,-0.05438505129370665,0.025486397676623803,-2.1338853761820085,0.032858341717482885,-0.37792366959584167,0.0810175029503999,-4.6647163370020435,3.1006002729557e-06,0.42229954311317935,0.03363201076220136,12.556476212471871,4.2976239890014895e-36,-0.5969614234102432,0.04035445250857257,-14.792950623811079,2.2100214143146534e-49,-1.0992298305627948,0.04630986512853307,-23.7364075129971,1.1316103314868002e-123,-0.25463163295827795,0.03568261714969129,-7.136013367239262,9.773718842051304e-13,-0.4369233550675805,0.053472763773659074,-8.170951419623666,3.1502877077382456e-16,-1.1351404207973714,0.046019033764746725,-24.66675911972223,2.5262955374960038e-133,-0.8441596052753637,0.038203208935786395,-22.09656279644633,1.545912624757462e-107,-0.6589406642583888,0.05788420188156608,-11.383773859517209,5.613409264388388e-30,-0.23155612993431984,0.03442513133146357,-6.726368817732999,1.763296722121872e-11
4.968,0.06237028575368886,0.06201215666136628,39288,0.25227587431995135,0.018208332172104942,13.854968809633016,1.5034223309137183e-43,-0.9928896651654877,0.15265772554350973,-6.504025011708296,7.91363094770628e-11,0.3373091725756546,0.03399670295381366,9.921820155145845,3.5629667895640535e-23,-0.4803340119364856,0.08865921605537751,-5.417756137573603,6.07057655708761e-08,-0.7662567279774388,0.11851126963860101,-6.4656865993768475,1.0202093733309813e-10,-0.06933444328994556,0.025607203394252893,-2.7076148153494386,0.006779794671423019,-0.3893409679396844,0.081401526526765,-4.782968877268761,1.7335071070000314e-06,0.4058610273835873,0.03379142674742565,12.010769193535376,3.5665174453103606e-33,-0.6098175342905254,0.04054573291848702,-15.040239512170126,5.550609775942125e-51,-1.1092814716901676,0.0465293742392808,-23.84045540749386,9.821149970994981e-125,-0.29279844420754303,0.035851753024692026,-8.166921266189835,3.2571048998070937e-16,-0.4728589898762238,0.053726225078126306,-8.801269569723411,1.4067488325177389e-18,-1.1556848092971803,0.04623716433263183,-24.994716392708302,8.220178116796292e-137,-0.8520729624010472,0.03838429243490541,-22.198480376994006,1.6558204859225249e-108,-0.6606181150526309,0.058158573436009164,-11.358911954391337,7.456531037682006e-30,-0.2630777421812023,0.034588306714181054,-7.605973439380355,2.8906129751619176e-14
5.022,0.0683746562182751,0.06801882050436381,39288,0.2650181050611864,0.018090410010178665,14.64964613361845,1.8185883131438362e-48,-1.0791377287511965,0.15166907216984066,-7.115080967481402,1.1375789713887996e-12,0.3633803016939201,0.03377653096481508,10.758366573300625,5.9015400678733675e-27,-0.4325771681109747,0.08808503461288626,-4.910904218997621,9.102101685638246e-07,-0.8759850483443197,0.11774375809518675,-7.439757848022426,1.0292656633933018e-13,-0.06936868337209823,0.025441364109435677,-2.726610219236272,0.006401696732569928,-0.4112564769707172,0.08087434787572736,-5.085128817392872,3.6906272358243666e-07,0.37860926422438196,0.033572584183539735,11.277334570211902,1.8849137431076428e-29,-0.6700473739748645,0.040283147612076686,-16.633441369263497,6.503341053964512e-62,-1.2176817415475183,0.04622803722765826,-26.340762328948255,1.3659170355943618e-151,-0.3009717149005909,0.03561956722175531,-8.449617397843252,3.0215883378603586e-17,-0.47297385001175407,0.05337827928312063,-8.860792374049394,8.27051061963973e-19,-1.1956081631488649,0.04593771975265006,-26.0267198630357,4.470676842701534e-148,-0.876042401321744,0.03813570521092732,-22.97171106385427,5.216368311750475e-116,-0.6611587691276026,0.05778192253524028,-11.442311714781942,2.8697807396351487e-30,-0.261930726573365,0.03436430333668589,-7.622174790132839,2.550361771667828e-14
5.076,0.06483194070988496,0.06447475185040874,39288,0.25246510456347115,0.018192342181888328,13.877548148518049,1.0991911595801434e-43,-1.027727895958472,0.15252366628344904,-6.738153632161901,1.6262221071804424e-11,0.35899771341094777,0.03396684810810399,10.569061700055007,4.494680408709076e-26,-0.46487077518374564,0.08858135829312128,-5.247952663419984,1.545962927677848e-07,-0.8198044587293336,0.11840719673262762,-6.923603305806774,4.47050654486518e-12,-0.045734147150174,0.025584715945766192,-1.7875573544423962,0.07385515933949648,-0.4172400935560584,0.08133004224141269,-5.130208740302396,2.9079550462528833e-07,0.3874817754645381,0.03376175216888712,11.476945080522773,1.926500406450481e-30,-0.6557184342684408,0.040510126918631345,-16.18653122429157,9.730325545704925e-59,-1.1856418945807752,0.0464885135919772,-25.50397513215799,2.5772119471872633e-142,-0.26884025074371953,0.03582026913178548,-7.5052549090191345,6.260341517910224e-14,-0.47381746053118134,0.05367904438056132,-8.826860947300393,1.1200071957506375e-18,-1.1172843581344316,0.04619656029496739,-24.185444782046847,2.756197979824748e-128,-0.871622607398872,0.03835058454476454,-22.727752855539258,1.2914717636738282e-113,-0.6077346706618224,0.05810750038816139,-10.458799063840647,1.4428571888636636e-25,-0.2746172537009255,0.034557932340474475,-7.946576519547496,1.9681758992475363e-15
5.13,0.0647423655037187,0.06438514243085658,39288,0.2391282796186327,0.01821713716536185,13.12655646427872,2.8068336607735485e-39,-1.0433863273722628,0.15273154615658516,-6.831505040239366,8.525072471379293e-12,0.34419599543468293,0.03401314272091787,10.119499931507493,4.845480606733418e-24,-0.4964710997196745,0.08870208894412711,-5.597062094359453,2.1946656484742587e-08,-0.7215392521521871,0.11856857806861934,-6.085417097054244,1.1726120097963616e-09,-0.037367774445022775,0.025619586255631054,-1.458562760232302,0.14469348685098726,-0.4742713631452097,0.08144088981854788,-5.8235041906086344,5.807433894078944e-09,0.44297135910891194,0.0338077672492267,13.10265051943187,3.8420314523988036e-39,-0.6455502364754272,0.04056533959643914,-15.913837845254823,7.652877335583061e-57,-1.1594048678371816,0.0465518744234027,-24.90565379370249,7.351935303634026e-136,-0.2762206291240164,0.03586908983734719,-7.700798385924284,1.3838047612665883e-14,-0.4563498666128871,0.05375220543948289,-8.489881724512127,2.139890332619346e-17,-1.111869058963173,0.04625952321296855,-24.035463008219416,9.784092358529015e-127,-0.8475473508850546,0.03840285390626182,-22.069905350103596,2.7683847927517644e-107,-0.6136451067703546,0.05818669714564359,-10.54614090286611,5.733498453378984e-26,-0.2753573493528129,0.03460503256279298,-7.957147529139292,1.8074100574079067e-15
5.184,0.06430874241150719,0.06395135371564686,39288,0.24720964294725428,0.01823797818334556,13.554662718754626,9.233038453169642e-42,-1.0531866229944848,0.15290627618530675,-6.887791981266553,5.751644464938011e-12,0.30398457462101963,0.03405205490084463,8.92705522489568,4.55983405250561e-19,-0.44939619303286515,0.088803567118996,-5.060564655366583,4.198995818013154e-07,-0.7187043497468233,0.11870422451215215,-6.054581062304544,1.4205782132791635e-09,-0.03655350148157993,0.02564889592449077,-1.4251491210066836,0.15412204716882819,-0.41458333498305855,0.08153406093725389,-5.084787022960983,3.697274988249061e-07,0.4295620760611104,0.03384644447270229,12.691497814713129,7.787370479019934e-37,-0.6849290590335819,0.04061174771009446,-16.865293853466344,1.357190539496246e-63,-1.1678237052306493,0.04660513133436664,-25.057835302558104,1.7320104188894093e-137,-0.29671137944582376,0.03591012528323387,-8.262610534092339,1.469343601921122e-16,-0.4619935647300215,0.053813699771444026,-8.585054859490931,9.40712136944681e-18,-1.116804267098653,0.04631244566430917,-24.114560375275577,1.493253586593619e-127,-0.8430172179719396,0.03844678806351283,-21.92685684378375,6.237666982921152e-106,-0.6959633886104972,0.058253264685351795,-11.947199738412296,7.656314516301349e-33,-0.2729899619787517,0.034644621884617886,-7.879721212947008,3.3651942433015614e-15
5.2379999999999995,0.06415374114357164,0.06379629324474179,39288,0.2462265022184713,0.018228719205609666,13.507613971183346,1.7459449025005387e-41,-1.0630315988139605,0.1528286493895816,-6.9557089136091514,3.5627287098545845e-12,0.3179170467424932,0.03403476750116585,9.340949566692442,1.0031849265156615e-20,-0.5284867043124024,0.0887584837088418,-5.954210597445757,2.6354569366325406e-09,-0.8058586597036472,0.1186439612658172,-6.792243373416639,1.1197305190356353e-11,-0.055258715134455794,0.025635874604148803,-2.15552291418655,0.03112699362308365,-0.497009988335746,0.08149266807849806,-6.098830729863939,1.0784220266008694e-09,0.401914403550231,0.03382926145643472,11.880673306090818,1.6958273316586547e-32,-0.6793757300478918,0.04059113011399453,-16.737048910438308,1.161422406423486e-62,-1.17735960138282,0.046581471043238676,-25.275277379925388,7.870709368743281e-140,-0.30372433035571705,0.035891894586434686,-8.46219832793417,2.7132485229274006e-17,-0.44311755515415363,0.05378637986552787,-8.238471454334693,1.7976352891514395e-16,-1.1449788140686579,0.046288933962573935,-24.735475977787896,4.736002397935498e-134,-0.8451266198158887,0.03842726956474514,-21.992887587080734,1.4846973784082792e-106,-0.6236241365561683,0.05822369092035752,-10.710831393516523,9.858491178557694e-27,-0.2753429174644762,0.03462703365310048,-7.9516749896311785,1.888952419884235e-15
5.292,0.06594206718261086,0.0655853023376256,39288,0.2508209207330513,0.018312946969273342,13.696371269675765,1.3374688117359322e-42,-1.1077908057994916,0.15353481065174332,-7.215241944787673,5.481024290397679e-13,0.36116043853811064,0.0341920288161876,10.56270865000926,4.808663293432174e-26,-0.5128816715969571,0.08916860185837555,-5.751819148309124,8.894215377079835e-09,-0.9263518681390028,0.11919216848854651,-7.771918909487903,7.918093453814832e-15,-0.051287927028916554,0.02575432792843971,-1.9914294471757843,0.04644060958317911,-0.43649792727920955,0.08186921374305171,-5.331649191711644,9.786141756972093e-08,0.3978950237094472,0.03398557320860613,11.707762622308476,1.3127696052137615e-31,-0.6680709068369531,0.04077868580979081,-16.382845439235606,4.016758234451986e-60,-1.1645814867764697,0.04679670575555621,-24.885971522433458,1.1918981781378012e-135,-0.34155644504911636,0.0360577369575069,-9.472487013026683,2.8793324117854035e-21,-0.491139508874683,0.05403490563634804,-9.089300760142436,1.0420689528613838e-19,-1.160740101681811,0.046502816975750386,-24.960640605645395,1.902501375400578e-136,-0.8828464301742933,0.03860482690942923,-22.868809443066255,5.371074921705548e-115,-0.5586339712460509,0.058492719765618234,-9.55048719711634,1.3625474448983102e-21,-0.28462550999285496,0.03478703159777286,-8.181943009218335,2.876199628923067e-16
5.346,0.06600574641783408,0.06564900589522937,39288,0.26801232093627636,0.018369235719799343,14.590281545976264,4.3287201453119555e-48,-1.2000619834310036,0.1540067326568872,-7.792269615281243,6.742913679241458e-15,0.32702493400345,0.03429712531339482,9.535053769527723,1.5807079932930892e-21,-0.5222295081851552,0.08944268058492785,-5.838705915005382,5.302097726656665e-09,-0.8319165856899435,0.11955853105421997,-6.9582369267540445,3.499470964901308e-12,-0.06543918338728827,0.025833489351347837,-2.5331143809991756,0.011309263250371156,-0.5601184093417187,0.08212085624252899,-6.8206596347158275,9.193351060886615e-12,0.3667110503281734,0.03409003512044545,10.75713325118398,5.98080120811236e-27,-0.6946623244001422,0.04090402780287237,-16.982736461746722,1.8737676736876602e-64,-1.2079867323559097,0.04694054541719739,-25.7343991557743,7.686058449172529e-145,-0.3217740141376456,0.03616856810683195,-8.896509620928706,6.003195568067052e-19,-0.4948601118329221,0.05420099344996775,-9.130093017385764,7.160681650404837e-20,-1.1854322674586273,0.04664575330751044,-25.413508913527625,2.4927080431099684e-141,-0.8891150047464322,0.0387234870832751,-22.960613098566892,6.711190341162024e-116,-0.6274019045764606,0.058672509622269844,-10.693285639486653,1.1907518787841973e-26,-0.32100001542268586,0.03489395696300395,-9.199301064164882,3.774705984158554e-20
5.4,0.0650743587213316,0.06471726245378273,39288,0.2513960855693883,0.018412772473729935,13.653353177967238,2.409346547061702e-42,-1.1325786019811295,0.15437174257486164,-7.336696360941138,2.23153766114625e-13,0.3461739155151543,0.034378412609615126,10.069514245644218,8.053990415700082e-24,-0.5114326931434662,0.08965466784639683,-5.7044736813892545,1.1754009819974597e-08,-0.8945711721324152,0.11984189561147261,-7.4645946442020135,8.528267251298389e-14,-0.04084253854310475,0.025894717063061828,-1.57725370945897,0.11474521351357243,-0.4067884254529149,0.08231549011654186,-4.941821094389232,7.771428818565489e-07,0.4021675525908066,0.034170831594134574,11.769322952615491,6.3564483730119e-32,-0.6451894463740491,0.041000974056945645,-15.735954113625569,1.2688962037974335e-55,-1.1691340474458747,0.04705179876526094,-24.847807695485262,3.038480666413309e-135,-0.29025700968517376,0.03625429089212953,-8.0061422397917,1.2159437124415432e-15,-0.4740947445380631,0.05432945471806948,-8.726293076164145,2.7330149750529645e-18,-1.1795474471370295,0.04675630797154947,-25.227557484965814,2.5809554214216562e-139,-0.8865162897981234,0.038815265258164644,-22.839372187766976,1.0446070418049085e-114,-0.5595978705083837,0.05881156878906804,-9.515098509196754,1.9146914451942673e-21,-0.27919716689755136,0.034976658804339984,-7.982385294701389,1.4740470106267893e-15
