peth_time,r_squared,r_squared_adj,n_trials,Intercept_beta,Intercept_se,Intercept_tstat,Intercept_pvalue,C(word_l2)[T.LR]_beta,C(word_l2)[T.LR]_se,C(word_l2)[T.LR]_tstat,C(word_l2)[T.LR]_pvalue,C(word_l2)[T.Ll]_beta,C(word_l2)[T.Ll]_se,C(word_l2)[T.Ll]_tstat,C(word_l2)[T.Ll]_pvalue,C(word_l2)[T.Lr]_beta,C(word_l2)[T.Lr]_se,C(word_l2)[T.Lr]_tstat,C(word_l2)[T.Lr]_pvalue,C(word_l2)[T.RL]_beta,C(word_l2)[T.RL]_se,C(word_l2)[T.RL]_tstat,C(word_l2)[T.RL]_pvalue,C(word_l2)[T.RR]_beta,C(word_l2)[T.RR]_se,C(word_l2)[T.RR]_tstat,C(word_l2)[T.RR]_pvalue,C(word_l2)[T.Rl]_beta,C(word_l2)[T.Rl]_se,C(word_l2)[T.Rl]_tstat,C(word_l2)[T.Rl]_pvalue,C(word_l2)[T.Rr]_beta,C(word_l2)[T.Rr]_se,C(word_l2)[T.Rr]_tstat,C(word_l2)[T.Rr]_pvalue,C(word_l2)[T.lL]_beta,C(word_l2)[T.lL]_se,C(word_l2)[T.lL]_tstat,C(word_l2)[T.lL]_pvalue,C(word_l2)[T.lR]_beta,C(word_l2)[T.lR]_se,C(word_l2)[T.lR]_tstat,C(word_l2)[T.lR]_pvalue,C(word_l2)[T.ll]_beta,C(word_l2)[T.ll]_se,C(word_l2)[T.ll]_tstat,C(word_l2)[T.ll]_pvalue,C(word_l2)[T.lr]_beta,C(word_l2)[T.lr]_se,C(word_l2)[T.lr]_tstat,C(word_l2)[T.lr]_pvalue,C(word_l2)[T.rL]_beta,C(word_l2)[T.rL]_se,C(word_l2)[T.rL]_tstat,C(word_l2)[T.rL]_pvalue,C(word_l2)[T.rR]_beta,C(word_l2)[T.rR]_se,C(word_l2)[T.rR]_tstat,C(word_l2)[T.rR]_pvalue,C(word_l2)[T.rl]_beta,C(word_l2)[T.rl]_se,C(word_l2)[T.rl]_tstat,C(word_l2)[T.rl]_pvalue,C(word_l2)[T.rr]_beta,C(word_l2)[T.rr]_se,C(word_l2)[T.rr]_tstat,C(word_l2)[T.rr]_pvalue
-2.16,0.045269246256022355,0.04434202312192326,15461,0.5491795569537125,0.02364095657390194,23.230005741813788,2.30831521614003e-117,-0.7037673329827543,0.21848614034145047,-3.221107443625054,0.0012796069660665642,0.049507985634024934,0.05810571823925519,0.8520329346962313,0.3942090236667065,-0.8003237023935642,0.10187971030643637,-7.855574971565293,4.2401258190982654e-15,-0.3020207847209243,0.2560997135830745,-1.179309342034675,0.23829318518519302,-0.0846937719235715,0.03322446020649533,-2.5491391401752255,0.010808502819921306,-0.6670833693812709,0.10888006132607944,-6.1267725353630755,9.185522276862432e-10,-0.0585622698493607,0.0564409291969673,-1.037585147561805,0.2994794791057262,-0.9025980336749955,0.07684826183029245,-11.74519777256959,1.019776669174864e-31,-0.6609208901449953,0.06929902998443407,-9.537231477748696,1.6812029184173323e-21,-0.6313081687157116,0.060037637428116845,-10.515206722975698,8.984188476733701e-26,-1.028525056063762,0.10287891329192081,-9.997433129423746,1.8431037093970597e-23,-0.5205465711074238,0.06488409094481466,-8.02271502193288,1.108148123128275e-15,-1.0113453394775416,0.07052411799690865,-14.340418117981608,2.4267732446612247e-46,-0.6143227116225003,0.1141290274076693,-5.382703467962952,7.444671349862639e-08,-0.7060520379727353,0.054877475046308376,-12.86597164641655,1.0924315158721414e-37
-2.106,0.04756572688063565,0.04664073406116065,15461,0.5305365495319189,0.022075742520800537,24.032557411467756,2.512260197472511e-125,-0.6568766304006246,0.2040206691071839,-3.21965726940896,0.0012860927035184357,0.045226330809949714,0.05425867057562414,0.8335318637583385,0.4045577249860398,-0.757178630261806,0.09513448602589387,-7.959034225041335,1.8536650048003114e-15,-0.28554564536121174,0.23914393307383802,-1.1940325714767213,0.2324835652079087,-0.09178625342441044,0.031024744139196977,-2.9584854273929935,0.0030962350417815016,-0.641071241076739,0.10167135970026388,-6.305327704544067,2.954000690684868e-10,-0.10437711936101177,0.052704103435580026,-1.980436295412774,0.047672239861247176,-0.8665231348125461,0.07176031291430081,-12.075241865895771,2.0189032392785305e-33,-0.6520292355153134,0.06471089856687234,-10.076034330469163,8.352964192148006e-24,-0.5785785820260936,0.05606268178181132,-10.320208802672807,6.878456053947867e-25,-0.9940075741219327,0.09606753405060539,-10.346966682816282,5.213558395624425e-25,-0.5235746116785994,0.060588262616038564,-8.641518820181549,6.083857242547418e-18,-0.9737127249528734,0.06585487628385542,-14.785734631948324,3.924031424754307e-49,-0.6380941970667227,0.10657280365644926,-5.987401805846255,2.1794406310517248e-09,-0.6978367794104722,0.051244162034091864,-13.617878636520846,5.4792277015745975e-42
-2.052,0.049958750655768935,0.04903608191247566,15461,0.5020066529875195,0.0204722260335411,24.521351618775913,2.6766287132463964e-130,-0.621936303799995,0.18920121257715694,-3.2871686990186024,0.001014260840556108,0.04709386431973807,0.05031748160937247,0.9359344469053484,0.3493215734231323,-0.7478483661111521,0.08822419901263778,-8.476680712102874,2.524224772402331e-17,-0.5367435389693678,0.22177322678159683,-2.4202359624678906,0.015521899844488407,-0.08092906584165813,0.02877119870608944,-2.812849984749834,0.004916653454599812,-0.6548873095669409,0.0942862535636144,-6.945734768484486,3.9152365877892376e-12,-0.09643445504760192,0.0488758336174505,-1.9730498266769452,0.048507687923628424,-0.8305575770837008,0.06654785653687406,-12.480605992523444,1.414165928434609e-35,-0.5884544333320585,0.06001049074776584,-9.8058593755787,1.236945832503946e-22,-0.5418339751447487,0.051990454790016634,-10.421797180523864,2.3930141279860925e-25,-0.9035255754290644,0.08908947319510503,-10.141777058781711,4.2890208359287085e-24,-0.5175150894773843,0.05618731084974213,-9.210533155098657,3.654404430130809e-20,-0.919754349374946,0.0610713733150156,-15.060318762289995,6.786487336252264e-51,-0.6084897471817461,0.0988316711624659,-6.156829486182332,7.605130617264815e-10,-0.660863385695848,0.047521938030979115,-13.906490624709734,1.061027014605848e-43
-1.998,0.05284921410046062,0.05192935254083009,15461,0.46270270186609536,0.018753072402389926,24.67343440785349,7.271603025803899e-132,-0.6157839570686136,0.17331305507599815,-3.5530154194015617,0.00038197756876910135,0.08067486896358886,0.04609207490091731,1.7502980531254688,0.08008675168258582,-0.6502075374159593,0.08081557858027802,-8.045571767701652,9.204146769242375e-16,-0.6375121015424718,0.20314983685374796,-3.138137403484261,0.0017034496559939192,-0.0797973771565821,0.026355139473101863,-3.0277729031949745,0.002467695405183275,-0.6332194801151433,0.08636857255931325,-7.331595988578861,2.387019034950896e-13,-0.06750709409573766,0.04477148918996536,-1.5078143550085001,0.13162250036732728,-0.7619215385846775,0.06095950532273375,-12.498814328477376,1.1274650751411466e-35,-0.5273309589632726,0.05497111433080174,-9.592873737103696,9.848758020869035e-22,-0.5075702301264328,0.04762456028538284,-10.657741028681343,1.982313401391964e-26,-0.8616971312497265,0.08160819142878516,-10.558953901112742,5.661779893064561e-26,-0.5081180437740829,0.051468985675249816,-9.872315086606116,6.416420041204213e-23,-0.8521396647375012,0.0559429093647894,-15.232308694939631,5.152803933511998e-52,-0.5907263772152922,0.0905322890594488,-6.5250352482238325,7.010160386175522e-11,-0.6318904954688294,0.0435312868828603,-14.515777977554471,1.9754746762216773e-47
-1.944,0.057027388165895254,0.056111584399141434,15461,0.4322063889298853,0.017301855321519396,24.980349268804904,4.72358854172518e-135,-0.5605525609774898,0.1599011265947702,-3.5056198346749077,0.00045683704657083907,0.07433416524981928,0.04252521369792582,1.7480021565052113,0.08048352338548398,-0.6132044813261933,0.07456161946789346,-8.224130399826437,2.121376544857161e-16,-0.5475685189377143,0.18742897219262455,-2.9214721317202073,0.0034888589828787567,-0.09197738098128064,0.02431563214590697,-3.7826440385907514,0.00015575650105454093,-0.5698871465796659,0.07968489187707434,-7.151759049366605,8.951686154471201e-13,-0.0777803162224523,0.04130682225676418,-1.8829895879902845,0.059720555501167095,-0.755716483152654,0.056242119634269436,-13.436842140141906,6.244698672934234e-41,-0.5622486888435687,0.05071714365551231,-11.085969128359212,1.8789592251276899e-28,-0.49298369451635293,0.04393910683689682,-11.219702219854446,4.229172375774224e-29,-0.823197593821116,0.0752928955242425,-10.933270504334187,1.0097846244464214e-27,-0.4577201509633788,0.047486029200475885,-9.639048761710145,6.304702998542111e-22,-0.8412992530012043,0.05161373578289527,-16.299910096412937,3.084773084049297e-59,-0.5545939869377862,0.08352639682833701,-6.639745134434383,3.247073015081701e-11,-0.6054953961247266,0.04016259370442244,-15.076102917577591,5.362964583061212e-51
-1.89,0.05640387549085879,0.05548746617602307,15461,0.39369208087359125,0.0162588424594081,24.214028880375995,3.6707438833843492e-127,-0.4323646300362504,0.1502617596826565,-2.8774096014140764,0.004015041856746055,0.0711239109670191,0.03996165366192194,1.7798039983212852,0.07512769950099944,-0.5550772808162312,0.07006679930672062,-7.922115556989481,2.493336574403718e-15,-0.4762914011522485,0.17613013602179703,-2.7042016313057577,0.006854372597849727,-0.09166398131138007,0.022849805700866466,-4.011586904124273,6.059604407932309e-05,-0.6110101486089068,0.07488122396983178,-8.159724377035706,3.614674226576614e-16,-0.06817617157774086,0.03881671087239926,-1.756361372344346,0.07904654033341844,-0.6934338161968399,0.05285165930034301,-13.120379291333611,4.07395266670029e-39,-0.5190260058776368,0.04765974708276139,-10.890238359350619,1.6153489130445094e-27,-0.4554753434663886,0.041290312662576954,-11.031046124269336,3.4492703321046764e-28,-0.7273434984994537,0.07075399163225858,-10.279893497455186,1.0429391261035941e-24,-0.44638181447107916,0.044623414856158304,-10.00330915753472,1.737581026158623e-23,-0.7815917447437146,0.04850228968172383,-16.11453294004441,5.985016052443302e-58,-0.4746901729325931,0.078491150341828,-6.0476903557321195,1.5032383240269806e-09,-0.5943774854565029,0.0377414601883329,-15.748661617502655,1.893795049433835e-55
-1.836,0.05406094926831384,0.05314226453144255,15461,0.363196096942626,0.015456813755351555,23.49747513887705,5.46026385119991e-120,-0.2906678994585111,0.1428495318633383,-2.0347837032926934,0.04188968486580236,0.07755808610382303,0.03799039443000276,2.041518317129444,0.041216291802417385,-0.42488236645494426,0.06661049026223254,-6.3786104077941035,1.8378556503368198e-10,-0.4029289893994729,0.16744185300955067,-2.406381571616329,0.01612309482212192,-0.1018712674738825,0.021722652885408478,-4.689632892044755,2.760378304510069e-06,-0.573024322792135,0.0711874252772969,-8.049516056523032,8.913534292439312e-16,-0.045952499061822076,0.036901930260282954,-1.2452600375563585,0.21305507198147655,-0.654124535334911,0.050244551941887476,-13.018815176050673,1.525783805956867e-38,-0.4844578742340961,0.04530875036919575,-10.692368919613076,1.3690976247033155e-26,-0.4336614254319342,0.0392535123160865,-11.047710124380773,2.869588958957104e-28,-0.6336004140350064,0.067263784235433,-9.419636751588538,5.1538818278762985e-21,-0.42255021786548386,0.042422196677372584,-9.960592589748336,2.6653237846408033e-23,-0.744032615516734,0.04610973137787615,-16.13612990757364,4.243802992150339e-58,-0.43422272266982304,0.07461927842070382,-5.819176114538035,6.030989394268615e-09,-0.5643468676226621,0.03587972037016184,-15.728853564086917,2.57704819100047e-55
-1.782,0.05294729179520741,0.05202752548746559,15461,0.32449832234645704,0.01483771868044134,21.869825768714804,1.9243317053888105e-104,-0.3401506828338976,0.13712794894013053,-2.480535043825427,0.01312910680921114,0.06451364621149433,0.036468757017675914,1.7690113808985988,0.07691170731101249,-0.3798390167716359,0.06394252601608089,-5.940319227865823,2.9057797172110347e-09,-0.3960729719218848,0.16073526857547468,-2.4641323303348646,0.013745349968172877,-0.08687942255283013,0.020852590812577693,-4.166361069168773,3.1118375371433436e-05,-0.5609824976997692,0.06833614007180269,-8.20916278136765,2.4019404287063054e-16,-0.033101593189388545,0.0354238893366863,-0.9344426546383574,0.3500902122896906,-0.6660416775242559,0.04823209613174205,-13.809096658478563,4.051948325869091e-43,-0.47741183559307915,0.04349398927755786,-10.976501432105133,6.287296030001772e-28,-0.3833737772834698,0.03768128297228641,-10.174116883584647,3.0852376180876877e-24,-0.6099109877220491,0.06456965346572233,-9.445783816167275,4.0221966480507936e-21,-0.37900730683649847,0.0407230513395606,-9.306947646830926,1.4889299205294322e-20,-0.6965751634569457,0.04426288842218662,-15.737227919084237,2.2624519093713724e-55,-0.381444649664183,0.0716305364655504,-5.32516812641258,1.0227194721251834e-07,-0.5199912549769355,0.03444262223843129,-15.09731899555331,3.9067692927034764e-51
-1.728,0.04812443849704251,0.0471999882916333,15461,0.2781740885438943,0.014309635456385106,19.439634880409912,3.5103887218338394e-83,-0.306477106722696,0.13224748375918743,-2.3174513269437127,0.020492164359557273,0.050958983651981565,0.0351708122865493,1.448899821727185,0.1473858625370634,-0.34404905335915303,0.06166677352204133,-5.579164170737437,2.4573608511996112e-08,-0.175172263310908,0.15501460486180216,-1.1300371566090608,0.258478116741729,-0.06801900158010324,0.02011043471544485,-3.3822740553621413,0.0007206676044303399,-0.4789969007325623,0.0659040162429391,-7.26809879032041,3.8203443541632595e-13,-0.01439274993363601,0.03416313206716162,-0.4212948012302024,0.6735456885866853,-0.6582000212275205,0.046515487172049674,-14.150126360990177,3.5702527533517865e-45,-0.4326179006154738,0.04194601235607623,-10.313683621294349,7.358603578613791e-25,-0.3574399488442985,0.03634018372198115,-9.83594226102091,9.194809839733884e-23,-0.5622111965966443,0.06227158113312583,-9.028375165145308,1.9445805628502079e-19,-0.31072525710603494,0.03927369374571767,-7.911791009978934,2.708217301548397e-15,-0.6287728314051535,0.04268754592328608,-14.72965516769512,8.90781026319314e-49,-0.3898010506305499,0.06908116311158138,-5.642653265709131,1.7038904965131592e-08,-0.4525443054914601,0.03321678884797906,-13.623963097775277,5.046198561031672e-42
-1.674,0.04120861732809544,0.04027745055955678,15461,0.23610226237560183,0.014050601867885273,16.80371165560163,8.278542496523234e-63,-0.17390983442004437,0.12985353456372206,-1.3392768630006209,0.18050026590289253,0.028516727357521848,0.034534148847791074,0.8257544578037538,0.4089561478318138,-0.3095410384618694,0.060550479142264295,-5.11211542578545,3.2237677779392347e-07,-0.18312570883347074,0.15220852433727566,-1.203123869906828,0.2289468311180358,-0.05373456473564917,0.019746394828718813,-2.721234189924054,0.006511153117037314,-0.373968493273746,0.06471101912739466,-5.779054298890354,7.656993007343127e-09,-0.030378762048316858,0.033544709695695694,-0.9056200612227961,0.3651511135996389,-0.5972140532546895,0.04567346197862537,-13.075734296957355,7.288405328048157e-39,-0.3804500604960879,0.04118670397697951,-9.237205791187684,2.853209416343844e-20,-0.3379610753445198,0.03568235227512569,-9.471378813221175,3.153449699161846e-21,-0.5422549838454491,0.061144338501988464,-8.868441414699655,8.216768814660041e-19,-0.2629513385269018,0.03856275978408014,-6.8187894227284,9.521549207070799e-12,-0.5615238813422172,0.041914814274149184,-13.396788010785368,1.0653188270346647e-40,-0.34288236300223357,0.06783065315742665,-5.054976578309597,4.3536631026936243e-07,-0.42921367320868264,0.03261549721899532,-13.159807754171164,2.4334601553917527e-39
-1.6199999999999999,0.036025700483821255,0.03508950012818879,15461,0.19347441284712547,0.013793435856156083,14.026556897408328,2.0085744532116711e-44,-0.21906345474707634,0.12747684522993505,-1.718456825252797,0.08573336367950828,0.013287717394740871,0.03390207561625588,0.39194406693994494,0.6951049496796864,-0.2603410673001323,0.059442233006210966,-4.379732290220825,1.1960727213183186e-05,-0.21164231830389044,0.14942267505316284,-1.416400276789253,0.1566785103141365,-0.032062165319074014,0.01938497959171475,-1.6539695163144543,0.09815402776347558,-0.3214947941424268,0.06352662326589352,-5.060788337462799,4.223228437048225e-07,-0.041512886972232675,0.03293074601725905,-1.2606117987875438,0.20746778896456716,-0.5546603068837613,0.04483750760675221,-12.370453588732337,5.530958060903797e-35,-0.35812907333869687,0.04043287004889421,-8.857374529822456,9.070051336147402e-19,-0.32982721543260374,0.03502926365230421,-9.415762166924907,5.346444631478891e-21,-0.42344595900347576,0.06002522304912548,-7.054467063902814,1.8062256654480975e-12,-0.2138847892259536,0.037856951504250544,-5.649815442797575,1.634540299222327e-08,-0.5420300782601937,0.041147653854929724,-13.17280640522486,2.052593837483126e-39,-0.22157492571277007,0.06658915911258066,-3.3274924727335686,0.0008783600246514776,-0.37470620667080046,0.03201854077405152,-11.702788372369236,1.6752123149380526e-31
-1.566,0.027083710077133616,0.026138825366946228,15461,0.14771758785829983,0.013590879035467135,10.868876654174606,2.0382794325340206e-27,-0.14697964615948267,0.12560484576943018,-1.1701749662532106,0.2419486206351307,-0.013096902208707016,0.03340422310704801,-0.39207324674896205,0.6950095039532429,-0.20818430210604655,0.05856932288737236,-3.554493920074521,0.0003798380888293754,-0.1937636686266303,0.14722840073940666,-1.3160753472394962,0.18816828633975607,-0.019932675005452587,0.019100310864055756,-1.0435785651511689,0.2966967475798085,-0.23925263872922897,0.06259373381238574,-3.8223097450353225,0.00013272612494488222,-0.02857932598522554,0.03244715749836263,-0.880795983027719,0.37844195975754014,-0.45446796835022885,0.04417906810819994,-10.286952346690095,9.697450722317584e-25,-0.3098048859486374,0.03983911272157984,-7.776400245501049,7.93089774454151e-15,-0.30767798324048073,0.0345148583692058,-8.914363198285391,5.4462754058011905e-19,-0.3136845144004935,0.059143751712413574,-5.303764223916401,1.1500246145318816e-07,-0.17779203874407062,0.03730102158094181,-4.766412050090065,1.8924408762010614e-06,-0.4724279198648057,0.04054339991627497,-11.652400164771658,3.0144558393790523e-31,-0.17421967116053066,0.06561129627239679,-2.6553304241578646,0.00793120574369005,-0.31565095558726886,0.03154834800337961,-10.005308536391661,1.7030581624382497e-23
-1.512,0.01816808142429882,0.017214537961777854,15461,0.09583961571040502,0.013391603698642587,7.156694438330758,8.636407591195673e-13,-0.1733338700486612,0.1237631732858344,-1.4005286503792362,0.1613751589812707,-0.033026857688020474,0.03291443596424084,-1.003415574974512,0.31567611219161684,-0.12582292930254427,0.057710554185546034,-2.1802412241270317,0.02925462900009852,-0.26047561521606066,0.1450696743560049,-1.7955207824954957,0.0725903052151274,-0.004606843010509096,0.01882025385884252,-0.2447811302154468,0.8066291572534812,-0.21443073873671917,0.061675957459876224,-3.4767314131478018,0.0005089614044150088,-0.00717397678786584,0.03197140326476143,-0.22438729787544007,0.8224589217059785,-0.3713645770236741,0.043531295535514866,-8.530979205998992,1.5843128026846126e-17,-0.2138403015645799,0.03925497444872301,-5.447470150411378,5.1872904243178825e-08,-0.25558732890562985,0.034008786612623604,-7.515332193908949,5.987557732656936e-14,-0.16978193144832576,0.05827656048712183,-2.9133828425897716,0.003580484902837886,-0.1172997042320377,0.036754097896311545,-3.191472813805867,0.0014183272448136702,-0.3707487357234206,0.039948935080465306,-9.280566177212409,1.90529671667138e-20,-0.13756685856804485,0.06464927511614509,-2.127894834410754,0.033361594612491795,-0.26332917705259934,0.031085772502690855,-8.47105141201831,2.6486738756106885e-17
-1.458,0.012397660381184505,0.011438512754490815,15461,0.055519153044276785,0.013119068072476606,4.231943361949179,2.330181733673758e-05,-0.14537849643407724,0.12124444030308024,-1.1990528891111873,0.2305257763599804,-0.005664203885401989,0.03224458666035771,-0.1756637151241793,0.8605604459667349,-0.045520769599104324,0.05653607334103465,-0.8051632684943603,0.4207378642818346,-0.0700318642179679,0.14211732783888714,-0.4927749858719571,0.6221785922761813,0.0018884873991452179,0.01843723851688297,0.10242788785402603,0.9184183784955946,-0.13840357230591324,0.06042077577559314,-2.290661954092637,0.021996380976568076,0.02910537767191197,0.03132074583759682,0.9292683457420874,0.35276455826581166,-0.33544889217371165,0.04264538006537663,-7.866007798721891,3.902539097631347e-15,-0.13489889174204198,0.03845608737871535,-3.507868348996568,0.00045299639792907326,-0.21610945116834074,0.03331666592542345,-6.486526942764428,9.050808317155817e-11,-0.05077227851773143,0.05709056071737302,-0.8893287765919787,0.3738402612497662,-0.04594946686649814,0.03600610674381408,-1.2761576027486599,0.201919002266347,-0.276066413335299,0.03913592505703381,-7.054040831613925,1.811752317175905e-12,-0.15059035360446527,0.06333358275610748,-2.3777330612161416,0.017431528571278478,-0.19015175391072656,0.030453138752131702,-6.244077349741692,4.374556735655473e-10
-1.404,0.00723873241540629,0.006274574499331775,15461,0.019453983881593178,0.012955759852057167,1.5015702748229158,0.13322856772137698,-0.17446716934190581,0.1197351704622455,-1.4571087899099642,0.14510668223641165,-0.0192143291097542,0.03184320097986788,-0.6034044479982402,0.546248524844121,0.013273647420881244,0.05583230341806295,0.2377413541671457,0.8120848606235958,0.005850000726472179,0.14034822901480024,0.04168204164411134,0.9667527089937251,0.011539959868273983,0.018207728875267663,0.6337945796166377,0.5262242766785762,-0.09207451795919802,0.0596686484664152,-1.5430970924542162,0.12282770740905516,0.02358102415006718,0.03093086027280747,0.7623785417568286,0.44584575180885266,-0.2932943487625138,0.0421145236745787,-6.964209093965203,3.4357678411154703e-12,-0.06842256702593538,0.03797737996143408,-1.8016663365250132,0.07161741094744331,-0.17412177707213683,0.03290193483381454,-5.292144001610064,1.22542834909884e-07,0.0541925079991634,0.05637988844842868,0.9612028241016103,0.33646524407079426,0.017517074625615824,0.03555789707037692,0.4926352812975883,0.6222773170968839,-0.15611288565991188,0.03864875491352786,-4.0392733481116405,5.387627179253938e-05,-0.026583878239476354,0.06254519636802354,-0.42503469144222655,0.67081730658753,-0.09775321657797277,0.030074053296646443,-3.2504170825843826,0.0011548261402993794
-1.35,0.004181778719855034,0.0032146519267696183,15461,-0.025336480141370462,0.012909733496040979,-1.9625873879689606,0.049712061320832404,-0.1381653894576249,0.11930980185042461,-1.158038881255029,0.2468660764074314,-0.030144652597589996,0.03173007550349825,-0.9500340645034562,0.3421098094358571,0.02208254620279125,0.05563395476822166,0.39692569573365816,0.6914277393219515,0.00037388728315455703,0.13984963089098187,0.002673494958638943,0.9978668967180974,0.04064491809329275,0.018143044486159738,2.2402479431882765,0.02508899280107893,-0.03153918791348693,0.05945667089901038,-0.5304566743579967,0.5958029669200833,0.05796155882906037,0.03082097595856733,1.8805880419548737,0.0600467796789135,-0.19047336837315082,0.041964908516360824,-4.538872479583534,5.6982646278185284e-06,-0.025997917511996482,0.03784246233169818,-0.6870038551962754,0.49209061376643404,-0.10498875645723149,0.032785048122145354,-3.202336506143928,0.0013659391797092933,0.13439677670454392,0.056179594459692214,2.3922703251439636,0.016756383741482753,0.07847805676971449,0.03543157484393582,2.2149186739619666,0.026780183943560392,-0.03520763710910188,0.03851145217146214,-0.9142121401278018,0.36061965764274295,0.005449826557585189,0.06232299963791975,0.08744486929780737,0.9303190390334491,-0.0012219184106904213,0.029967212856588314,-0.040775177075627896,0.9674756557621262
-1.296,0.003261815556865555,0.0022937953065160777,15461,-0.07175467616237312,0.012797447286256721,-5.606952273945369,2.0944678056577552e-08,-0.003871470247983267,0.1182720697048305,-0.03273359684704281,0.9738874548047938,-0.051540908323736985,0.031454093825367666,-1.6386073180136997,0.10131543573592362,0.06463207218595701,0.055150062059038454,1.171931087163021,0.24124280180781799,0.08963070702586022,0.13863324753207742,0.6465311072304006,0.5179450650824746,0.049876218495502826,0.017985240012510242,2.773175029124423,0.005557882225110115,0.063259231876518,0.05893952899025703,1.07329042088163,0.2831576001556063,0.05464050615784078,0.030552901441513937,1.7883900899702334,0.07373268806086082,-0.055571145141836545,0.04159990636331945,-1.3358478419758217,0.18161869490083485,0.08016981304656456,0.03751331636865929,2.1371027892789263,0.03260529324962035,-0.0188584430432202,0.03249989050891042,-0.5802617408218599,0.561746588788334,0.20839603313434274,0.05569095588856834,3.7420085507478267,0.00018321639494177553,0.12587770835524872,0.03512339828497486,3.5838704254621305,0.0003395825809646096,0.06307039968883059,0.03817648747223366,1.652074453803605,0.09853970134711115,0.01906381689784892,0.061780926990651415,0.30857123430235395,0.757651867055447,0.07832137179451575,0.02970656419559959,2.636500514795899,0.008384986892068272
-1.242,0.006790177534017006,0.005825583986785454,15461,-0.10696892894682712,0.01264485716310509,-8.459481002200555,2.923782384699898e-17,-0.030281945004534218,0.11686185489573811,-0.25912599993857005,0.795541478060237,-0.070648376315049,0.031079051526456215,-2.2731831521598775,0.023028815675586053,0.11731617994669376,0.054492481326477354,2.152887464305851,0.031342961028807514,0.11988281446317157,0.13698025660031968,0.8751831646290827,0.3814878613894688,0.04179949043845697,0.01777079333990173,2.352145435432097,0.01867795787747529,0.1353780293874677,0.05823676461967972,2.3246145329598193,0.020105478312523562,0.06265158426719689,0.030188604493121197,2.075338867733112,0.03797165128528165,0.03341730778215301,0.04110389065853963,0.8129962212034623,0.41623275635861956,0.13509362214410967,0.03706602704318052,3.6446750008230095,0.0002686080237445755,0.07039626480249805,0.03211237867281988,2.1921846873985045,0.02838104372008953,0.22594565754007198,0.05502692581855628,4.1060926842451035,4.044787226416606e-05,0.18691308117998207,0.03470460510302805,5.385829362561267,7.316663476141476e-08,0.16392112760737476,0.03772129083851588,4.3455863774417995,1.3979135439255883e-05,0.07436878291891807,0.061044283264206904,1.2182759620100896,0.22313773076022095,0.17211345196466474,0.02935235853351522,5.863700927751394,4.6190195624857805e-09
-1.188,0.011826726854505809,0.01086702474397272,15461,-0.1452728685339577,0.01261489271851285,-11.515981290967625,1.4608662438474388e-30,-0.09022385036966252,0.11658492803679445,-0.7738894888813388,0.4390079910340875,-0.06753291591840622,0.0310054036785263,-2.178101488972973,0.029413556457151973,0.11933920056853396,0.054363350809909304,2.1952142167583406,0.028163060770882504,0.23155526788061426,0.13665565528168183,1.6944433613326895,0.09020122605565653,0.03670844688235617,0.01772868199411703,2.0705682968726755,0.03841573287470811,0.17727774232571783,0.05809876129673438,3.051317074047193,0.002282264692815674,0.06470385394839441,0.030117066732355455,2.1484115476253063,0.03169657710472641,0.17085113694493942,0.041006487007531456,4.166441687959274,3.110739025315875e-05,0.18004463347802002,0.036978191894134274,4.86894096913862,1.1330765836336038e-06,0.14477021188362904,0.03203628215555163,4.518945462544614,6.260957142745978e-06,0.2765978656785228,0.05489652883197881,5.0385310613190635,4.744159498401311e-07,0.1932676810105336,0.03462236580184089,5.582162759087291,2.4154394987820284e-08,0.24809204378441363,0.03763190291465886,6.592598953792838,4.462065990772181e-11,0.15491239085219796,0.060899626980632546,2.5437330002277942,0.01097714715015012,0.2277206296373931,0.029282802419943976,7.776599601761366,7.918463937079834e-15
-1.134,0.019731281704902903,0.01877925640387168,15461,-0.19575070279733237,0.012603763749065341,-15.53113075543396,5.466809113382431e-54,0.01811487758809785,0.116482075786592,0.15551643860885775,0.87641622778394,-0.033100402440562234,0.030978050438356476,-1.0685114773903879,0.28530655549898964,0.13764084431562038,0.05431539098308178,2.5341039035969177,0.011283325718831207,0.20342004042979905,0.13653509645915396,1.4898736347299135,0.1362778847661428,0.06006791203495588,0.017713041594736734,3.391168688544406,0.0006976962794649679,0.270169154126857,0.05804750605788001,4.654276686021056,3.278223374430769e-06,0.09100857618825506,0.030090497190862556,3.024495594439404,0.002494572924196553,0.25729970055058926,0.04097031072357568,6.280150089331162,3.47294112226382e-10,0.25482848092807475,0.03694556940760214,6.897402990780263,5.5017665248978875e-12,0.224696576234538,0.032008019465311094,7.020008734937644,2.3109448442463508e-12,0.34965665780005534,0.05484809863080485,6.375000529255802,1.8815543454965155e-10,0.2248503509002907,0.03459182164583362,6.5001014749211,8.272647383983363e-11,0.36396356830864207,0.037598703718507605,9.680215866843422,4.2286185526298036e-22,0.21273362253853373,0.060845900793406425,3.4962687669106978,0.0004731377363806063,0.2961440913968264,0.029256968873774315,10.122172692410638,5.234461911997108e-24
-1.08,0.02980600317819493,0.0288637623266359,15461,-0.2338992707203156,0.012575136102606332,-18.60013830560748,2.1859700958037024e-76,0.1159559391964418,0.11621750341354374,0.9977493560830403,0.3184165444718743,-0.039192910079838855,0.030907688228020348,-1.2680634601557574,0.20479440346209474,0.15827071515647245,0.054192021341972645,2.9205538239240596,0.0034991520312247716,0.3113534329664579,0.13622497651811896,2.285582577619645,0.02229217494836106,0.06078807714688798,0.01767280895450453,3.439638673364034,0.0005840299147874129,0.29024690109856427,0.0579156594512364,5.011544439771859,5.459210130778292e-07,0.09709688082983481,0.030022150930768647,3.2341746950024035,0.0012225123860987932,0.35964804308347925,0.0408772525233379,8.798244032622954,1.5345969759985784e-18,0.3143901567913862,0.036861652831547145,8.528921864358807,1.6126057249195466e-17,0.27937603714522197,0.03193531782766148,8.748184021617416,2.3888580085412005e-18,0.38402576918694675,0.05472351902047473,7.017563491179433,2.35160701072352e-12,0.2571677519043746,0.034513251271129204,7.451275739979294,9.733302967465985e-14,0.4419371811116448,0.03751330364129256,11.780812091025354,6.712682302529666e-32,0.3132313437234927,0.06070769803341557,5.159664323807494,2.5045660471716823e-07,0.3581282934753689,0.02919051585402117,12.268652437193383,1.9305288354590357e-34
-1.026,0.03714976967613215,0.036214661003107884,15461,-0.2676654312276305,0.012771566263923655,-20.95791743129545,3.4531366253055865e-96,0.15429734420942606,0.11803288121599054,1.3072403437062128,0.191150558180813,-0.016762109803426826,0.031390482381104486,-0.533987009180744,0.5933582070873142,0.21760201710701133,0.055038528879343095,3.9536306935827477,7.731728846229059e-05,0.35448024325342065,0.13835288144849633,2.5621457214491086,0.010412164986388094,0.07921582444752312,0.017948867415068154,4.413416324030623,1.0244169778689853e-05,0.3267043071861701,0.05882033215107681,5.554275116078025,2.8336692720633528e-08,0.09078512240748844,0.03049111253104919,2.9774289906621703,0.002911279771810439,0.46191059470685936,0.04151577645197387,11.126146110773217,1.2026324288801049e-28,0.3820156903878701,0.037437451006059407,10.204105250809924,2.2710553838691886e-24,0.33926632781342925,0.03243416408915899,10.460153277908214,1.6020789117112974e-25,0.4058623693976863,0.0555783288278068,7.302529204415846,2.961857722751606e-13,0.2719677437705842,0.03505236619278545,7.758898280212568,9.100793552660679e-15,0.5058235105338464,0.038099280940120966,13.27645819166057,5.2520467648577414e-40,0.37910523727952716,0.061655983826953475,6.148717670997537,8.003384469859014e-10,0.38924322610918444,0.029646486882195795,13.129489091098499,3.617157268101364e-39
-0.972,0.042414510334204514,0.04148451471458725,15461,-0.28519738309971615,0.013145657823084685,-21.6951777490275,7.77273836626779e-103,0.1688436451950412,0.12149017875130422,1.3897719711209877,0.1646181628775726,-0.019903827985033026,0.03230994004620973,-0.6160280073737846,0.5378851133886322,0.27518672771547886,0.05665066075549071,4.857608438200028,1.1997669917413691e-06,0.1950731262058241,0.14240537149286062,1.3698438771012507,0.17075555549518306,0.07882113974531195,0.018474607144849317,4.266458232498174,1.997832039786764e-05,0.358913950350965,0.06054323671188405,5.928225345119576,3.1275132003258755e-09,0.08146824522436275,0.03138422678121872,2.5958340727105575,0.00944509291233427,0.5621352859186655,0.042731813797884204,13.154959641486098,2.592845314182724e-39,0.3682794247352764,0.03853403024532093,9.557251665363902,1.387429005675946e-21,0.35884098206384973,0.0333841922034453,10.74882926257586,7.46913655321987e-27,0.3996955249664462,0.0572062719678341,6.9869178888494385,2.9247465473837627e-12,0.28379308466446945,0.03607908398529166,7.865861693721582,3.907078868103878e-15,0.5765760992586321,0.03921524581986041,14.70285566759414,1.3166063766015862e-48,0.4227923781652828,0.06346194737479058,6.662140001288891,2.7899180464529682e-11,0.4165960954615156,0.030514861228162694,13.652236277484095,3.4404570114117256e-42
-0.918,0.045826355863543,0.04489967378765769,15461,-0.29166659727145544,0.013524078354867292,-21.56646757126227,1.1658457718327573e-101,0.23693375090710636,0.12498748399598343,1.895659815943814,0.058023692279334384,-0.009751320062079748,0.0332400376387912,-0.2933606805155941,0.7692504178107431,0.34554968482262816,0.05828144815749372,5.9289824763593835,3.1131610714440485e-09,0.18117156015086588,0.14650475679059707,1.2366257869006871,0.21624484558335555,0.05958744981945588,0.019006430713841935,3.1351204608901,0.0017210553469004823,0.40402348974414354,0.06228607865564121,6.4865777147065815,9.047768553295488e-11,0.029694448600453092,0.032287676113916156,0.9196836742194224,0.3577524494908395,0.6064986620532722,0.0439619230795235,13.795999345983251,4.848644056895256e-43,0.34304967098998534,0.03964329905585959,8.653408751542335,5.484811653051301e-18,0.3438328581380509,0.03434521400522807,10.011085040428407,1.6070869670974608e-23,0.4300871485406571,0.058853053601032615,7.307813651543664,2.8480933978148656e-13,0.28474466377595364,0.037117682915195925,7.67140191446001,1.8025050921683424e-14,0.6114627490163136,0.040344124600736435,15.156178379568857,1.6185921740006294e-51,0.4236219514590993,0.06528880946086706,6.48843124813006,8.937476641199627e-11,0.4473325904080334,0.031393284367471526,14.249308392579072,8.830279188390474e-46
-0.864,0.05052580557260766,0.049603687546294184,15461,-0.31852978135154014,0.013921164024688749,-22.880973228002883,5.599669125810524e-114,0.3971749696542297,0.12865728961966807,3.0870770776249343,0.00202493157208479,-0.02708574770401394,0.03421601117756765,-0.7916103242850124,0.4286000818382608,0.42040716391182087,0.05999267218862735,7.007641909831721,2.5239171428639807e-12,0.12356199950121273,0.15080633934252655,0.819342210943575,0.4126038384731604,0.06402160355047858,0.019564485841362313,3.272337646365698,0.0010689624801404625,0.47663677898191287,0.06411488418416182,7.43410496715294,1.107971024626066e-13,0.04365383146509207,0.03323568699940902,1.3134625881471413,0.18904663043124223,0.662509257781678,0.0452527060234414,14.640213061258502,3.272846404253446e-48,0.398692758929894,0.04080728121763573,9.77013775565108,1.7571401270768481e-22,0.3755995427914576,0.035353637052667676,10.624070791695702,2.83779265158346e-26,0.46902762375655266,0.06058106075959758,7.74214940900068,1.0378716790016888e-14,0.29574291415111553,0.0382075094893888,7.740439460814657,1.0518719796059614e-14,0.6456139568016948,0.04152868397107447,15.546217579429614,4.335886848927944e-54,0.42424289349233957,0.06720577932427246,6.312595401138624,2.818851018071975e-10,0.4667418988161368,0.03231503467265713,14.443490577810312,5.575402614312393e-47
-0.8099999999999999,0.054653506043466527,0.05373539679067607,15461,-0.31326991732788045,0.014453813221624453,-21.6738595223574,1.218480779370999e-102,0.3908894126897802,0.13357995283046753,2.92625805300198,0.0034356596521542718,-0.011779888527291464,0.035525178345180417,-0.3315926640207734,0.7402013587905649,0.4392471718164205,0.0622881015511884,7.051863211073256,1.840247906867099e-12,0.2190119770963114,0.15657646570560602,1.398754123803613,0.16190680730622278,0.0425156259810025,0.020313058852453932,2.093019386682197,0.036363696828140585,0.5103306362153837,0.06656803691706219,7.666301424078495,1.8753318124141246e-14,0.0004563166719583867,0.034507345170984756,0.01322375481791851,0.9894494484900339,0.7523890234176085,0.04698415732160915,16.013674955740168,2.9634941415223443e-57,0.438827913756912,0.0423686424321976,10.357374901949404,4.679900649611161e-25,0.42190909450228087,0.03670633186694207,11.494177517701097,1.8768663450629817e-30,0.4888952711098622,0.0628990029450273,7.772703035327105,8.165006046596824e-15,0.315234971567771,0.039669398682730964,7.94655280986148,2.049383464648911e-15,0.6511610071743165,0.043117647374404815,15.101960492419026,3.644958925714759e-51,0.37930622375964085,0.06977719535837901,5.435962592241003,5.5328323162876427e-08,0.4744902322447949,0.03355146700236852,14.14216052643239,3.992554715271105e-45
-0.756,0.0504526244228114,0.04953043532383705,15461,-0.30195693437871374,0.01510431046579556,-19.991441189090345,8.410285951358981e-88,0.45532930653291986,0.13959174984626982,3.261864021579834,0.00110922318971326,0.013749506329760157,0.03712399730443287,0.37036707596459095,0.7111140806998393,0.3946216547428517,0.0650913921280362,6.06257819723109,1.3707433148943814e-09,0.32587216670197383,0.16362322616125974,1.991600913557399,0.04643244418832545,0.032176612747473105,0.02122725281646876,1.5158161550942424,0.12958631060561773,0.5466717953207187,0.06956394698594591,7.858550571191188,4.141014120932352e-15,-0.04100691128303467,0.03606035631020467,-1.1371743232451141,0.2554830603008709,0.7344342422281912,0.04909869030946337,14.958326537818769,3.08889452648207e-50,0.4325428609568155,0.04427545309308132,9.769360463629148,1.7705891654292396e-22,0.44216086554128675,0.038358308916662955,11.527120929703209,1.2850951924114156e-30,0.43439265229310553,0.06572978728196867,6.608764005726067,4.0023067402908316e-11,0.28879015001332586,0.041454729247431675,6.966398171113802,3.382919470145816e-12,0.6450372792404031,0.04505816717787295,14.315657285704386,3.449991994213107e-46,0.31330206770445257,0.0729175343533998,4.296662942359141,1.7444914787349116e-05,0.48295350287714994,0.035061458621070615,13.774484059454192,6.5091794107919545e-43
-0.702,0.04339697733722048,0.04246793587785225,15461,-0.24637784387999434,0.015855894045828853,-15.538565228039474,4.876907102771684e-54,0.5589035875835884,0.1465377714690481,3.814058191144532,0.00013723518897234223,-3.670827794751072e-05,0.03897127042970377,-0.0009419317754530218,0.9992484594550631,0.4101246606560899,0.06833031002738196,6.002089855757143,1.9915187684396812e-09,0.4692048415028254,0.171765043053422,2.731666660234785,0.006308643461292427,0.005664139585492979,0.02228351120722431,0.25418523736316145,0.7993558387855286,0.4852702867244857,0.07302541716926486,6.645224437399415,3.128872363430585e-11,-0.06324581968224571,0.03785470314611449,-1.670751965432793,0.0947909406890401,0.7234593196089392,0.05154181868141378,14.03635607196418,1.752382933953929e-44,0.41251661514406657,0.04647857938730382,8.875413590131165,7.720436971752681e-19,0.41365305746817393,0.04026700082318159,10.272755581787337,1.1225170550186126e-24,0.45771133395155045,0.06900047143217075,6.63345227143111,3.388221303742429e-11,0.2430032842177553,0.04351749761329992,5.584036250822659,2.389600638866428e-08,0.5812945136871794,0.04730024096693955,12.289461994358012,1.4964355342942723e-34,0.29872944357483566,0.07654587751018505,3.9026196222662324,9.556098918795339e-05,0.43749352051681434,0.03680610076486712,11.886440329871052,1.9281135975583986e-32
-0.648,0.03264324594194756,0.031703760586759944,15461,-0.16379547061246377,0.016765761383211748,-9.76964104812317,1.765722660850889e-22,0.4642448744495665,0.1549466276059015,2.9961599140469755,0.0027383703913040538,-0.03657588121957009,0.04120757990287606,-0.8876008080498146,0.3747693403376703,0.3615944232422051,0.07225134513694216,5.004673927618292,5.657227592123164e-07,0.457450730886867,0.18162152934973322,2.518703220508582,0.011788805450486217,-0.0076290517930694655,0.023562217973998694,-0.3237832618936067,0.7461065132764604,0.37303491375134656,0.0772158741494282,4.831065086816854,1.3710790429006377e-06,-0.054537644597026584,0.040026940035401457,-1.362523454173396,0.17305261438152944,0.6554441659582368,0.05449947071869304,12.026615255428947,3.622032544256712e-33,0.3316317339872361,0.0491456848277309,6.747931891674646,1.5530185457903458e-11,0.3971549079167434,0.04257766389380302,9.327775918080548,1.2249544694811806e-20,0.4034545189004082,0.07295996277581208,5.529807082551893,3.2578355019778206e-08,0.1821930233320824,0.0460146856979665,3.9594538258496454,7.545808013924471e-05,0.5611969630992633,0.050014496257859586,11.22068610280311,4.1827569060697407e-29,0.2802484225226536,0.08093835096873156,3.462492368184278,0.000536646115120922,0.3710149475811939,0.03891816513699162,9.533207597923088,1.747287031612125e-21
-0.594,0.018676567595649618,0.01772351796884053,15461,-0.05255611659771756,0.017612911270643412,-2.9839539750203743,0.0028499460954983734,0.4744379720194545,0.1627758585685761,2.9146703706039907,0.0035657563388483684,0.00461272688692516,0.04328973984050995,0.10655473800303678,0.915143611793972,0.2621906612241405,0.07590210202775875,3.4543267474760144,0.0005531490771844376,0.24709728914667295,0.1907986048565969,1.2950686370709568,0.19531591087429462,-0.006589361643733907,0.02475278306961677,-0.26620689985451096,0.7900834228714222,0.25973835066853246,0.08111748157413645,3.202002153273797,0.0013675245444777179,-0.06774928535579185,0.042049443933087766,-1.6111814811059,0.10716060665838718,0.5587199603295848,0.057253250844101315,9.758746483251414,1.9647612371807666e-22,0.2420666413998499,0.05162894582721369,4.688583846162055,2.774543999513688e-06,0.3098668047290628,0.044729052211356944,6.927640748229089,4.448203347101198e-12,0.3197752672026639,0.07664652510005218,4.172077818077707,3.0348479864761454e-05,0.08572219853829668,0.04833974179999771,1.773327604706005,0.07619413958222952,0.4648361374607678,0.052541657053385635,8.847001855850587,9.94900922701947e-19,0.16429824353344147,0.08502804981060608,1.9322828631187485,0.05334286690537559,0.250256434995705,0.04088464422859214,6.121037365434415,9.52152530807255e-10
-0.54,0.01322504139158176,0.012266697307468655,15461,0.017421707829437083,0.018512360743740346,0.9410851522720003,0.3466759421039215,0.40654628330286047,0.17108843438143653,2.376234751184161,0.01750245147882123,0.00572760302975467,0.04550044385711104,0.1258801572956421,0.8998284283515283,0.15759047187821348,0.07977824178834493,1.9753565426561757,0.048245475798633315,0.01959533624121315,0.20054223564930612,0.09771176718843441,0.9221624393202923,-0.020552813672063568,0.026016848807957155,-0.7899809013679461,0.4295510502507791,0.16062887183011582,0.08525995835947156,1.8839895646309741,0.059585153676182605,-0.08571228961939897,0.04419680898866913,-1.9393320825802898,0.05247910167935211,0.5032160316202278,0.06017703814499155,8.36225987739328,6.672966917741444e-17,0.18048694507904353,0.054265513252511416,3.3259971989796036,0.0008830821824610755,0.2541129193028185,0.047013258486255226,5.405133094042201,6.572131099704276e-08,0.27578751097689314,0.08056068077577282,3.4233512964531863,0.0006201460701276462,0.007116389834906311,0.05080833740145966,0.14006342657262125,0.8886117034333796,0.4345422873828813,0.05522483446943703,7.868602804475026,3.822767101619409e-15,0.013490365357898172,0.08937023001156362,0.15094920709225715,0.8800177548415016,0.17212241928056163,0.04297252573461301,4.005406159822774,6.220091674431366e-05
-0.486,0.013662139189366873,0.012704219609427692,15461,-0.00595207134851538,0.019815197635545113,-0.30037910587570277,0.7638920421522114,0.43521086511964746,0.18312905562681844,2.376525470685127,0.017488670442898542,-0.006381316700480256,0.04870261011084398,-0.13102617469488376,0.895756308007175,0.1892347639306121,0.08539276270244937,2.2160515474830063,0.026702492186458076,-0.02422045927533573,0.2146557151015292,-0.11283398284494678,0.9101636423798158,-0.04196563892694245,0.027847826007716764,-1.506962838510754,0.13184063472501456,0.1919044738364995,0.09126026381387004,2.1028262007646448,0.03549710348297931,-0.11472387760204039,0.04730722986084,-2.425081281223075,0.015316348547714258,0.5233581001312866,0.06441209311286471,8.1251528220678,4.803782622345684e-16,0.13121284570066602,0.05808453523445923,2.258997944479079,0.023897395459166117,0.29460289780923044,0.050321891480594294,5.854368529109018,4.88538339740036e-09,0.27008779004552846,0.08623026708064607,3.132169239287306,0.0017384392985502093,0.007904807357026377,0.054384055122943024,0.14535156194506674,0.8844352031022913,0.46666526966554034,0.05911137021096434,7.894678604133937,3.1052101564682135e-15,0.04438708804840545,0.0956598023843099,0.4640098237928809,0.6426472468834804,0.15171003239828504,0.045996785721552504,3.298274651552423,0.0009750080544178596
-0.432,0.014052298605860325,0.013094757944098423,15461,-0.04665848566009487,0.021155734787753247,-2.2054769606539404,0.027435318396727634,0.4133629037605021,0.19551809696931657,2.1141925487612165,0.034514806769260595,-0.009438487221350812,0.05199743761970409,-0.18151831423658768,0.8559631411963664,0.3205115233341007,0.09116975130674079,3.515546754709675,0.00044010701711778296,-0.24319301034426105,0.2291775970590032,-1.0611552501863848,0.2886359451986399,-0.08522461259175365,0.029731786292049565,-2.866447772582812,0.0041566763511317086,0.1714858081677778,0.09743420042620819,1.7600165795751832,0.07842478786926303,-0.16520870714071445,0.050507657147154134,-3.270963582004579,0.0010741662320678902,0.5065900390028018,0.06876969809149955,7.366471760989453,1.8405555796236182e-13,0.07935824496371453,0.06201406845853665,1.2796813196794918,0.20067645888471164,0.3211169168125606,0.053726266563793756,5.976907336959124,2.3241777291863923e-09,0.18967640270089323,0.09206391450584654,2.0602687135234485,0.03938957114555908,-0.004799529605446135,0.058063243578235696,-0.08266037702456534,0.9341226627330965,0.4710351694898759,0.06311037084387157,7.463672977856008,8.862523209039345e-14,-0.004665489826149769,0.10213137644719096,-0.04568125867335346,0.9635648922058135,0.11310558192110777,0.0491085588805186,2.30317452801444,0.021282245531814396
-0.378,0.015639042411621507,0.014683042776540423,15461,-0.08569973447674553,0.022330309579371502,-3.837821153895422,0.00012462529926020086,0.4264005632576037,0.20637333930948215,2.066161087882402,0.03882990575382243,-0.011148452814907025,0.054884355992882154,-0.20312623903891386,0.8390390392367744,0.35270077176184994,0.09623153208237208,3.6651268469875946,0.0002480440641043473,-0.4727586697080245,0.24190162820279404,-1.9543426525087109,0.050678726278578654,-0.16242082042029463,0.03138250686681488,-5.175520907542441,2.301242165272953e-07,0.19234748318529984,0.10284378590316146,1.8702878496364943,0.061462755291788636,-0.20731529228793255,0.0533118623172382,-3.888727260253632,0.00010119318566077078,0.49423815917553504,0.07258781902257838,6.808830542515717,1.0202290259642598e-11,0.041277251526006094,0.06545711415124651,0.6305999288424181,0.5283114756178515,0.3029203582864323,0.056709170206078297,5.3416468127753385,9.341126687791339e-08,0.20136552567198895,0.09717533957716404,2.0721875174111495,0.038264510896349864,-0.031421006955912364,0.0612869379056039,-0.5126868469804774,0.6081777236702296,0.4540736567246247,0.06661428368011127,6.816460849524911,9.676618170002982e-12,-0.027610717859753373,0.10780175100102535,-0.25612494791008317,0.7978577697427682,0.09518611917642993,0.051835085559570615,1.8363260742965082,0.06632865424217589
-0.324,0.018300835462225717,0.01734742092884478,15461,-0.097337762139337,0.023418201585471633,-4.156500309559388,3.249016276231086e-05,0.5585914923365184,0.21642747247359995,2.580963894981752,0.009861624706723183,0.0034046155691926207,0.05755822184021318,0.0591508121749164,0.9528327524512463,0.4856095584381891,0.10091975703129495,4.811838362706351,1.509615544479828e-06,-0.04581992576093452,0.2536866348839165,-0.18061623854130543,0.8566711787546898,-0.18478500288046568,0.03291140543539224,-5.614619018419424,2.0038742057657856e-08,0.20939370164011745,0.10785414781343604,1.9414524697030893,0.05222158270777233,-0.20353965320213266,0.05590911913712626,-3.640544804558955,0.0002729502911525665,0.5521702796884864,0.07612416534031398,7.253547900591129,4.252725807188661e-13,0.07409017506047218,0.06864606551685178,1.0793069421041173,0.2804677735934901,0.3654734358395011,0.059471937677817964,6.145309033302551,8.176738921103039e-10,0.3254101609873542,0.1019095451080055,3.19312740178046,0.001410230506695146,0.010292302005868125,0.06427272588086126,0.16013482958457972,0.8727769592716123,0.47813034483548184,0.06985961023727758,6.844159926050492,7.982115729898171e-12,0.043139576236118984,0.11305365593950194,0.38158497288406257,0.7027744814586581,0.1263411181415844,0.0543603965059028,2.3241390104258253,0.020130949313221996
-0.27,0.01673373553966806,0.01577879905751156,15461,0.07635162456189612,0.02465268601528578,3.0970915102133154,0.0019577977642099946,0.42844121911462474,0.22783639061693176,1.8804775565242164,0.06006182342330187,-0.02114217182749438,0.06059238859337723,-0.34892454841770715,0.727150711457569,0.3750044400089425,0.10623971587873483,3.5297952080084976,0.00041709131492313084,-0.2009989556761934,0.2670596601212784,-0.7526369036226392,0.4516796058036414,-0.22869412567212338,0.03464632164682745,-6.600819792743129,4.2221423999764194e-11,0.07594911270320778,0.11353965127451997,0.6689214899874536,0.5035555586923905,-0.2843270296994508,0.05885635386851678,-4.830863806728978,1.3724638888967562e-06,0.5206395347649604,0.08013703099535709,6.496865784747189,8.451971168309037e-11,-0.10406139547776962,0.07226472507699189,-1.4400026481371249,0.14988691825272318,0.31402466064012835,0.06260698546559047,5.015808672224283,5.339688693600299e-07,0.21693395221683365,0.10728168037749278,2.0220968897346374,0.04318354781202312,-0.18939967585148518,0.06766084597505584,-2.7992507797095847,0.005128487039525946,0.449811821476088,0.07354224149297173,6.11637356088848,9.803571284528525e-10,-0.09909558830669803,0.11901325012445695,-0.8326433250337234,0.4050587913427587,0.04459605098853777,0.05722599072500341,0.7792971414482246,0.43581663841695395
-0.216,0.015738935552594313,0.014783032932541684,15461,0.23915900696664322,0.025778573938490246,9.27743355925335,1.9618197435579618e-20,0.1367899714432648,0.23824167629262022,0.5741647455303017,0.565864684908238,-0.013603248628238284,0.06335964237307068,-0.214698949027212,0.8300048765529132,0.08482258349715896,0.11109168263799081,0.7635367606553074,0.4451550103760097,-0.32734484173794093,0.27925627212206416,-1.172202290213403,0.24113392944867185,-0.3166688007210521,0.0362286188091502,-8.740846632581851,2.5484251144239885e-18,-0.22139463644821952,0.11872500601012835,-1.8647683743164645,0.06223282962237485,-0.38666577352099424,0.061544322959727525,-6.282720402562799,3.416129095204272e-10,0.42282963226170955,0.08379688839763734,5.045887029304435,4.565488235432304e-07,-0.35162555393203054,0.07556505434689083,-4.653282618151103,3.2940517802242316e-06,0.14172144410678933,0.06546624586424399,2.164801757545013,0.030418136692575534,-0.060506988797339026,0.11218123364496257,-0.5393681887011059,0.5896406015442199,-0.4722230841233678,0.07075091613251774,-6.674444797843824,2.5662116877887025e-11,0.23093286270588687,0.0769009149247829,3.002992395236952,0.002677670538193634,-0.3774777416578672,0.12444858406467568,-3.0332023822922145,0.002423750321240173,-0.21305517396252216,0.05983950114779234,-3.560443684788011,0.0003713411498192905
-0.162,0.01343025147412924,0.012472106687603568,15461,0.14278228311789146,0.026666530207787243,5.354363016310076,8.708641462667171e-08,0.20792364620585224,0.24644803365655468,0.8436814979648436,0.39886047551074255,-0.015547927664567468,0.06554209791928617,-0.23722047597125198,0.8124888983714185,0.10543760081745157,0.1149182929190921,0.9175005835814548,0.3588947137509334,-0.3178676032447171,0.28887539838416715,-1.1003623189192249,0.2711914387864622,-0.3269668664175256,0.03747653226147363,-8.724576333164418,2.9407638437889497e-18,-0.22468737556263316,0.12281455005009596,-1.8294849874952386,0.06734625355951572,-0.42937667632972,0.0636642488928736,-6.744392399134756,1.5912352249847184e-11,0.2927724344686593,0.08668331541946588,3.3774946545585567,0.0007332992510798773,-0.34996762804985815,0.07816793160096984,-4.4771253490033,7.619655342158404e-06,0.043073346924147944,0.06772126445375944,0.6360387283311689,0.5247606043154809,-0.09983929989401033,0.11604537407221036,-0.8603470900260476,0.38961109682880624,-0.5080512215468049,0.07318796791390324,-6.941731489859993,4.027476232376387e-12,0.11693942633887625,0.07954980658516213,1.470015218876574,0.14157800176998223,-0.40656407842335673,0.12873527970148774,-3.1581403277027116,0.001590848281941831,-0.3074049768189324,0.061900703614715884,-4.966098264929123,6.904270779596113e-07
-0.108,0.008976284533465217,0.008013814107307948,15461,-0.024676133892914225,0.027468870462615463,-0.8983308551583112,0.3690231911352103,0.33969097293005635,0.25386314078092176,1.3380870176155353,0.18088777156321503,0.0025989759858424193,0.06751412289354321,0.03849529364308716,0.9692932813612292,0.26513970651020785,0.11837594457855706,2.239810693415459,0.02511738392192705,-0.10766960470323932,0.29756705638943215,-0.36183308061605407,0.7174817199142662,-0.2488050598530589,0.038604122923267634,-6.445038535070514,1.1899646518117178e-10,-0.10189629216944741,0.12650978361126738,-0.8054419923960109,0.42057706710461407,-0.37579125704636174,0.06557977330801625,-5.730292102129397,1.0212749542845128e-08,0.21047468184653045,0.08929143551762168,2.357165394714628,0.01842744977307993,-0.20587238847439598,0.08051984156718667,-2.5567907793585727,0.010573747801577283,0.004622734313937377,0.06975885600225612,0.06626734695574522,0.9471658371204805,0.044110163122882275,0.11953693725194281,0.3690086439969028,0.7121263400219745,-0.43446145263732117,0.07539004116336005,-5.762849388766107,8.428258316828825e-09,0.10028892132893073,0.08194329428640178,1.2238819808538421,0.22101542163222734,-0.22866558591594197,0.13260865566439836,-1.724363954753009,0.08466216888710491,-0.30639630211881846,0.06376316663203689,-4.8052240549307035,1.5603136879988847e-06
-0.054,0.006433826868548431,0.0054688872377959274,15461,-0.23459568406959377,0.02802099119490823,-8.372140815354982,6.13872962015136e-17,0.40437860493043337,0.2589657569726164,1.5615138065269116,0.118423057073243,0.018520921833278265,0.06887114800394295,0.2689213461668727,0.7879938019811198,0.451996663984945,0.12075528570565261,3.743079744655739,0.00018243749738864563,-0.013862144136824888,0.30354811561440237,-0.04566704065603224,0.9635762245314233,-0.13489463816448827,0.039380060785252996,-3.425455305924857,0.0006153664037335632,-0.04410253257222145,0.12905261384757855,-0.3417407153357627,0.7325506777923805,-0.2788176208839948,0.06689791824272312,-4.167807133734291,3.092189344129338e-05,0.1339358170134884,0.09108618178622263,1.4704295908223814,0.14146581274744804,0.004072795594534204,0.0821382799354726,0.049584622392065805,0.9604540422736324,-0.05182014035794008,0.07116099995689341,-0.7282098395094324,0.4664961834650181,0.16717750724912722,0.121939614181138,1.3709860275659849,0.1703992322302579,-0.3758481765263705,0.0769053712091057,-4.887151191357484,1.0333213716277467e-06,0.1669815529280908,0.0835903438696551,1.9976177294888282,0.045775627712047205,-0.0992889509143149,0.1352740724376666,-0.7339836017731085,0.4629698740417689,-0.2848515007062144,0.065044798008256,-4.379312557324858,1.1983756973797672e-05
0.0,0.007122514516069711,0.006158243730555957,15461,-0.506028431097133,0.028454926501121126,-17.783508633459146,4.7323742594491435e-70,0.636219221644612,0.26297612135512216,2.4193041496169285,0.015561706986799128,0.02627225906420775,0.06993769209906243,0.3756523596316949,0.7071805184701456,0.7026193896273244,0.12262531169848864,5.7298071653830025,1.0241925661417665e-08,0.08837389357023637,0.3082488859612921,0.286696554618964,0.7743485215496934,-0.026037930375978915,0.03998990354979575,-0.65111260754996,0.5149834853511882,0.13963125876833218,0.13105113292629333,1.0654715884590218,0.28667923154359554,-0.17626225911601648,0.06793390474426188,-2.5946139822163645,0.00947866836785811,0.15575494523547334,0.09249674966764541,1.6838964157673004,0.09222189636616353,0.22411117489993324,0.08341027989463451,2.686853169453871,0.007220585630874972,-0.04519851111936764,0.07226300488212681,-0.6254723449861248,0.531670334901557,0.3975691890593444,0.12382798077927568,3.2106571273904123,0.0013270281366868767,-0.2806355427990919,0.07809633392605284,-3.5934534784285472,0.0003273389187907186,0.24088447806279728,0.08488483060680203,2.8377800408014786,0.004548767581946962,0.07958759308101633,0.13736893752068946,0.579371104686818,0.5623472468411623,-0.212832678783177,0.06605208694193215,-3.2221946139307134,0.001274764540207027
0.054,0.007905979294258736,0.006942469400403883,15461,-0.6060711564552309,0.028710841279620883,-21.10948789527194,1.5458694378834053e-97,0.8812413589941249,0.2653412469808963,3.3211623485645694,0.000898512482001797,0.045482322544967674,0.07056668999795389,0.6445296292951597,0.5192416227850019,0.8708957556254794,0.12372816569744541,7.038783374151813,2.020892287084422e-12,0.1769827400097997,0.311021180782383,0.5690375798992029,0.5693389116283303,0.06912895857763443,0.04034956033220809,1.7132518423615601,0.08668628590233932,0.21173969967715428,0.1322297661465778,1.6013013245628753,0.10933064695657095,-0.05928606963655976,0.06854488120152197,-0.8649233698758438,0.3870942829962445,0.14247209992272444,0.09332863672952942,1.5265636027194418,0.1268900401213408,0.3851940842752674,0.08416044606719507,4.576901647689963,4.755907060251849e-06,-0.04084278310989465,0.07291291592257204,-0.5601584107988024,0.5753795160885786,0.5273111953112849,0.1249416512107193,4.2204596321682395,2.4519760651951125e-05,-0.1632328516660767,0.07879870811765517,-2.0715168505345547,0.03832708419184449,0.30525784052530025,0.08564825843086875,3.564086954222076,0.00036622622346398255,0.15866124611888674,0.1386043911148841,1.1447057690068294,0.2523487993934488,-0.06829486982174551,0.06664613891386487,-1.0247385810303506,0.3055026024949339
0.108,0.008953595345465915,0.00799110288383953,15461,-0.5056131491486764,0.02921813869871121,-17.304769286038695,1.8323473248112103e-66,0.9571855350636536,0.2700296129002594,3.544742833139595,0.000394157809215502,0.1197440474294852,0.07181354652023626,1.6674297988575548,0.09544924608935278,0.9925507005165117,0.12591434263722207,7.8827453626645045,3.4154287625326152e-15,0.11350565489409385,0.31651667430542796,0.3586087688529316,0.7198926874141174,0.1377800716972429,0.04106250453396813,3.3553742827173902,0.0007944858218117227,0.32972569816544306,0.13456615951240686,2.4502869024440184,0.014285257551230788,0.06298447266141148,0.06975601399232831,0.9029253401482837,0.3665796021114147,0.07217187493635009,0.09497767850016241,0.7598824910868577,0.4473364266772961,0.42249008085799145,0.08564749330010508,4.932894876182828,8.186261068322562e-07,0.03051017140533231,0.07420122836544447,0.4111814868490897,0.680945167123239,0.6142393688075831,0.12714926946121868,4.830852520115579,1.372541582804215e-06,-0.2168914054471964,0.08019101776356279,-2.7046845332065055,0.006844422038587806,0.2980841832609744,0.08716159410878918,3.4199028403372935,0.000628054683013141,0.2725035085999471,0.1410534189647603,1.9319170751049093,0.05338801039130969,0.08245802531595016,0.06782372245919055,1.2157696794888404,0.22409125394624418
0.162,0.012618179008448527,0.01165924554681863,15461,-0.2648873319933072,0.030029412707310226,-8.820929485871172,1.2547266558956556e-18,1.1830309039146751,0.2775272844240001,4.26275530483434,2.0311993706443973e-05,0.2599154779009141,0.07380752924302188,3.5215306699280657,0.0004303003610808183,1.2218598661117506,0.1294104939336739,9.441737134068774,4.179708922425481e-21,0.29971621239238444,0.32530511061891293,0.9213387758407975,0.35688797321213395,0.14673585844549772,0.04220265048918796,3.47693466511281,0.0005085760424449822,0.4535479467073571,0.1383025380947366,3.2793899009769354,0.001042619827104588,0.19532343044414419,0.07169286704374947,2.7244471939579578,0.006448169441477381,0.16689691022875705,0.0976148390242739,1.709749377215638,0.0873323137788149,0.5872657533917224,0.088025590889843,6.671534351034786,2.617483912514487e-11,0.06260932008397761,0.07626150772135226,0.8209819338052216,0.41166923010905765,0.814568148843914,0.13067970986982652,6.233317702153813,4.685178413242307e-10,-0.0883368194827945,0.082417610261652,-1.0718197142861912,0.2838177637728928,0.3649562499032496,0.08958173238582587,4.074003038157309,4.6442681371209014e-05,0.4550948650033554,0.14496992349676135,3.139236429365449,0.0016970774480171305,0.2240787569142653,0.06970692329429377,3.2145839512702814,0.0013090220704069476
0.216,0.015512211235042317,0.014556088423033575,15461,-0.05268575916013768,0.030818326283338172,-1.7095593925430683,0.08736746714783052,1.4315878230548957,0.28481830421630405,5.026319593447486,5.055757206720704e-07,0.40536914819926734,0.07574655357228306,5.351651383220143,8.839935195489682e-08,1.2828968913448742,0.1328102838842747,9.65962012748001,5.165023960088039e-22,0.3605802012062932,0.3338513189853542,1.0800622333983099,0.2801313332615724,0.11354102015568447,0.04331137160337671,2.6215059914388026,0.00876280329368955,0.5191787466737924,0.14193593415764058,3.6578386562571854,0.00025519666647868584,0.30221239878815515,0.07357633631657383,4.1074673450420045,4.020823043595171e-05,0.18487836668669483,0.10017931381033209,1.8454744762648516,0.06498767615032122,0.7929916765571077,0.09033814306552954,8.778038264323044,1.8352618732152462e-18,0.028211774341059058,0.07826500140789674,0.3604647522335898,0.7185045404193298,0.8198761079431258,0.13411284385191743,6.113330270204422,9.991991547768696e-10,0.10222487296152405,0.08458283314739191,1.2085770735935217,0.22684387135596362,0.3702129541763988,0.09193516651829148,4.026891647634542,5.6789147173703096e-05,0.5290548746210886,0.14877848085607615,3.5559905678354147,0.00037768376162442295,0.2066549053846071,0.07153821911969031,2.888734272778773,0.003873334018821348
0.27,0.01840214422559272,0.01744882808207593,15461,0.044225272767581016,0.031535765728529126,1.4023846177793047,0.16082052275201986,1.6248007996865836,0.2914487709158422,5.574910453665134,2.518042942922658e-08,0.5257789992352284,0.07750990583451822,6.783378118891718,1.2166190839862816e-11,1.1704825294521914,0.13590205906731254,8.612691650775131,7.817637638767403e-18,0.5864369148834448,0.3416232564639517,1.7166188302093128,0.08606889006427487,0.08558043643249244,0.04431964460717009,1.930982010145612,0.05350355588838602,0.4927374361308544,0.14524015116535563,3.392570388954455,0.0006941389352309086,0.39562027749747075,0.07528916670914076,5.254677329951628,1.5025551219380762e-07,0.21500666135634366,0.10251145185893704,2.0973916324217896,0.03597513436762225,0.9901894155112703,0.09244118223270052,10.71156157456624,1.1146210726373821e-26,-0.0114403141200405,0.08008698222125157,-0.14284861038258403,0.8864116085869935,0.7779068539720266,0.1372349421580192,5.668431390281825,1.4668628769146475e-08,0.27106700215498225,0.08655189078952456,3.1318437954655254,0.0017403661540058091,0.37360870696440285,0.09407538381153498,3.9713758459159547,7.178270482348993e-05,0.5647965241144142,0.15224198986627976,3.7098603651364357,0.00020810057389075687,0.09471874934390147,0.07320360288399058,1.2939082997596036,0.1957164452249708
0.324,0.02361156397383657,0.02266330715671816,15461,0.037829786318017186,0.03212418460561425,1.1776107870892318,0.2389699527226149,1.6737129487483748,0.29688684906452006,5.63754492333421,1.7550910773155045e-08,0.748400488437067,0.07895614602246015,9.478685651958928,2.941483786440271e-21,1.1102787623252373,0.13843782552620656,8.020053465193003,1.1323237106810411e-15,0.7371627460664496,0.3479975292399835,2.1182987927425567,0.03416569550580966,0.04371153377529587,0.045146595052485285,0.9682132999062039,0.33295301477715455,0.5172898483184453,0.1479501550191412,3.496379224824201,0.0004729420597374133,0.5909240189254457,0.076693970616965,7.704960561720234,1.3881116351063038e-14,0.1955241865989746,0.10442419036386044,1.872403184718801,0.061169723961209045,1.115651572523039,0.09416602180418993,11.847708453086609,3.0502166868369974e-32,-0.004442063365947124,0.08158130750744981,-0.054449524059681016,0.956577727098893,0.7284474379938521,0.13979557858767183,5.21080455729157,1.904428339414512e-07,0.3569266506559138,0.08816684337467434,4.0483092849215,5.1840486939421603e-05,0.38094323529916796,0.09583071558880199,3.975168430691359,7.064946666400863e-05,0.5499812993515821,0.1550826394795942,3.5463756691086545,0.00039172530335086764,0.09991356308164792,0.07456949271772356,1.339871835522097,0.1803067282648683
0.378,0.03222289195384165,0.03128299835586856,15461,-0.07836006686687558,0.0325895492912409,-2.404453837842318,0.016208348469405616,1.7993019563716042,0.3011876790117322,5.9740224509699,2.3655791672576934e-09,1.0379193374334532,0.08009993854274136,12.9578044167864,3.3567246316913835e-38,1.1631187515568213,0.14044329511075068,8.281767745762515,1.3122114617744314e-16,0.9281070781820886,0.3530387703728499,2.62890978574931,0.008574389405430425,0.01555073133586404,0.04580060794873921,0.3395311117544263,0.7342142803301495,0.6256883517497958,0.1500934242794873,4.1686593183769896,3.0806656816843796e-05,0.8755657311499512,0.07780499229623233,11.253336133192445,2.898575103837521e-29,0.23482140502743254,0.1059369238734295,2.2166152880556607,0.026663903804024083,1.1343544295307044,0.09553015109405712,11.874307917861882,2.2263699359298522e-32,0.11955816848932248,0.08276312924043103,1.4445825041486775,0.14859547586281865,0.7644771907144668,0.14182071716410993,5.390447926094188,7.131423970929757e-08,0.4298077317283977,0.08944406599848466,4.805324164664869,1.5595342952805613e-06,0.3538708062653741,0.09721896034523282,3.639936129832583,0.00027359575454934506,0.6239519647805915,0.1573292329621556,3.9658997443321837,7.344936140846948e-05,0.17278611830154383,0.07564973830097979,2.284027971307681,0.022383395021689668
0.432,0.04331581320394284,0.042386692918935265,15461,-0.2445474793797079,0.032886155031874004,-7.436183376946528,1.0907472753041885e-13,1.7136446321308156,0.30392886434708294,5.638308279182905,1.747346145645698e-08,1.3287092265210907,0.08082894836683614,16.438531656886628,3.2882979855338385e-60,1.2429680638574228,0.14172150510350054,8.770497201181088,1.9617962244100426e-18,1.0115389548003602,0.3562518656207423,2.839392723004633,0.004525851230537129,-0.003443130268162395,0.04621745087960273,-0.07449848926397541,0.9406147080150539,0.7207507339236267,0.15145946254146905,4.758703892312359,1.9660406637431182e-06,1.1579382272510115,0.07851311523339671,14.748341392502349,6.780789059908711e-49,0.2226507884037477,0.10690108264362509,2.082773933599869,0.037288246373432116,1.135592954315717,0.09639959518991827,11.780059367245979,6.772359186894283e-32,0.25929768188128666,0.08351637743745562,3.104752502890484,0.0019078270793830105,0.7726660537041161,0.143111463423767,5.399050748409836,6.798424401927023e-08,0.47209767821067583,0.09025811909273371,5.230528654443037,1.7123310518654632e-07,0.3361387902920989,0.09810377472173996,3.4263593959102776,0.0006133231368604217,0.7289759312290178,0.15876112615125595,4.591652559421272,4.432195420470138e-06,0.2816764813731548,0.07633824572576621,3.689847450582447,0.000225159367988437
0.486,0.05709016486907026,0.056174422070302654,15461,-0.4426782199090627,0.03333098475101525,-13.281282362819445,4.927965436665499e-40,1.6856195418468514,0.30803991324396357,5.472081601684724,4.517051970470043e-08,1.6204152381631278,0.08192226919943739,19.779911542956334,5.134603515204099e-86,1.4225579365878094,0.1436384801116875,9.903738437511212,4.697375540853605e-23,1.0097577659422845,0.3610706538668606,2.7965655893890995,0.005171276616272686,0.010817164278135845,0.04684260440315305,0.2309257654642218,0.8173755324594257,0.8909318933692572,0.1535081565927592,5.803808169834288,6.609633029281593e-09,1.4709873285974333,0.07957511129113974,18.485520217691732,1.7586475010010264e-75,0.17264639471003884,0.10834706434997445,1.5934570608426417,0.11107815640620808,1.0400471410514633,0.09770353007717095,10.64492900338385,2.2725632713107495e-26,0.4566071216021079,0.084646049382479,5.3943110745653025,6.979978883842012e-08,0.9388291600492193,0.14504723949789258,6.4725751644715706,9.925086163244827e-11,0.46342872739747354,0.09147898221058144,5.065958498867824,4.1103690794048986e-07,0.31194891241905587,0.09943076094174261,3.137348135169453,0.0017080394442145661,0.9196046953398694,0.16090858507699424,5.715075394515722,1.1167909872055851e-08,0.4914905522544795,0.07737082373231685,6.352401700606296,2.1791160262505718e-10
0.54,0.07427323425068189,0.07337417944419167,15461,-0.6369007628749738,0.033781896760564506,-18.85331564977321,2.09210329244827e-78,1.6481797927161699,0.31220717374766,5.279122106426368,1.315613674521872e-07,1.9257002107781616,0.0830305393362934,23.192673758008706,5.340842594847268e-117,1.619018971342276,0.14558166649515578,11.121036118899964,1.2729679497722246e-28,1.0236268167008062,0.3659553308525716,2.7971359627855334,0.005162160593692377,0.008409072827172563,0.04747630583867104,0.1771214646680259,0.8594153046514864,1.0458644200961227,0.15558486305338468,6.722147640656167,1.8533862713689497e-11,1.728340774828164,0.08065162834007872,21.429707129289152,2.0374047793547795e-100,0.1272385250567185,0.10981281739866951,1.1586855530241602,0.24660229638370412,0.9752146566690044,0.09902529405793097,9.84813694265318,8.151155590138454e-23,0.7008096726228865,0.08579116767143974,8.168785804464452,3.3543759629107616e-16,1.1062632273723918,0.14700948401992323,7.52511468731138,5.557407754408118e-14,0.4035220434923436,0.09271653855667282,4.352212127135133,1.3563665547504409e-05,0.2558830809655448,0.10077589144305152,2.539129917894543,0.011122579029200172,1.0827765502973832,0.16308540685387213,6.63932212688762,3.25637782297918e-11,0.6782260308720724,0.07841752048821025,8.648909410162247,5.704321762028298e-18
0.594,0.09282029245938261,0.09193925033486916,15461,-0.8401429786434288,0.0344001994859202,-24.422619380079304,2.7506227152463117e-129,1.6215649393364333,0.31792143389628263,5.100520966653182,3.427307614912701e-07,2.258943198446653,0.08455022927920132,26.717174130742833,9.081328193422214e-154,1.8166855397016817,0.14824621614415173,12.25451540655292,2.294677355537782e-34,0.931928481009988,0.37265333185672866,2.5007920266449672,0.012401867399532642,0.020377006853315973,0.04834525436154197,0.4214892882955979,0.6734036970787087,1.1636776088310197,0.15843249903817933,7.34494258372201,2.161266221748877e-13,1.9708583434504912,0.08212777759127347,23.997463480125944,5.669102097249918e-125,0.0682903906417177,0.11182269756489646,0.610702407729748,0.5414055982020438,0.839995042225534,0.1008377325254667,8.330165912976993,8.744717590668253e-17,0.9641556812416189,0.08736138479567834,11.036405655617703,3.251171267498672e-28,1.2271210730955697,0.14970016670322248,8.197192428838855,2.6523826020365254e-16,0.32717128143777446,0.09441350924134019,3.4653015661292486,0.0005310755300856361,0.20254975329920605,0.10262037071462773,1.9737772519110006,0.04842487015491665,1.230420265602163,0.16607032366414443,7.409031538292943,1.3380415174871017e-13,0.8625266331455512,0.07985277934821887,10.801460389804078,4.233949948078045e-27
0.648,0.10956980296495589,0.1087050277655045,15461,-1.0179285914320193,0.03499351706851873,-29.089062109386543,3.645467190545589e-181,1.5102574432322706,0.3234047851394289,4.669867338484668,3.039319190221273e-06,2.5177682414338416,0.08600850970762207,29.273478287122526,2.208656939031783e-183,2.005922677628761,0.1508030933688907,13.30160166358076,3.76750500837888e-40,0.9852846035125099,0.3790806717358191,2.5991422854688664,0.009354587986963002,0.027077404448584596,0.0491790893356572,0.5505877561858832,0.5819242670686174,1.2255478046497172,0.16116506421917048,7.604301903687258,3.028970751297091e-14,2.177359334782283,0.08354427677420954,26.06233986161506,1.4112058745405387e-146,0.005567346867614297,0.11375136000262465,0.04894312355901361,0.9609652552391669,0.7302088227193342,0.10257693173334381,7.118645590000343,1.1379299895781846e-12,1.1268052345166844,0.0888681506404708,12.67951708678333,1.1696855806611975e-36,1.3696849203529178,0.15228212094622928,8.994390883461314,2.6468066522713722e-19,0.24062423200252908,0.0960419066316124,2.505408737099427,0.012241203991426784,0.12048788080425382,0.1043903159820291,1.1542055378488933,0.2484337714386353,1.4063726482859331,0.1689346222568922,8.324952158991529,9.136523881037885e-17,1.0328193806382282,0.08123004048956925,12.71474659391377,7.4925914660809466e-37
0.702,0.12458580040341305,0.12373560856178467,15461,-1.162769458967933,0.035602507952538415,-32.6597626357676,2.6772118413490296e-226,1.5204379161695742,0.32903298666065983,4.620928532425963,3.851150553232648e-06,2.766533842641429,0.0875053126227878,31.615610066639302,1.2608898988263374e-212,2.127462478304985,0.1534275140284032,13.866238345692933,1.8480595894121996e-43,0.7227587729056054,0.38567779865344637,1.8739963135784377,0.06094979711907992,0.07944367700561394,0.05003495120947692,1.5877636549102265,0.11236026264556033,1.3256327528995366,0.1639698138743636,8.084614610316375,6.695317320845947e-16,2.3529375517210065,0.08499819473472464,27.68220618172437,1.1617380706350648e-164,-0.07254544861423105,0.11573097071596905,-0.626845589952534,0.5307697211389599,0.6481056107973449,0.10436207428457694,6.210164135201791,5.42837694375998e-10,1.3418019877947822,0.09041471978108521,14.840525868393916,1.756363009799309e-49,1.5258934774052597,0.15493228106799845,9.848776942331071,8.099746212163641e-23,0.11092252944510879,0.09771332038256514,1.135183299583181,0.2563161411832836,0.06036718403593637,0.10620701679231097,0.5683916737251464,0.5697773063784073,1.5348304697199813,0.17187458524341667,8.929944282025664,4.734764224300124e-19,1.2128875225324374,0.08264368388156773,14.67610669764627,1.94322978144753e-48
0.756,0.13749680161394917,0.13665914878288465,15461,-1.2443661683794522,0.03623626781705226,-34.34035134804561,4.1101898635739767e-249,1.4600786281575877,0.3348900993484692,4.359873973575749,1.309791335978782e-05,2.9508818185149392,0.08906299375991415,33.13252445195801,1.2881340948136346e-232,2.1859634281490017,0.1561586755699711,13.998347643320797,2.9734173515682516e-44,0.9077666211193627,0.3925432450356634,2.312526409763821,0.020761771048380808,0.06559329792211555,0.05092562284254693,1.2880215157096553,0.19775777016909715,1.3538135440297865,0.16688863878310065,8.112077334331254,5.347694869509995e-16,2.5015382527085976,0.08651124669305334,28.91575775788081,4.308611003049842e-179,-0.1656773935982741,0.11779109649190556,-1.4065357954254143,0.15958520267479095,0.5390102515799181,0.10621982245633917,5.07447893543104,3.9306985433095315e-07,1.4856761192579404,0.09202419124401996,16.144408325397638,3.719389977029264e-58,1.516239908880749,0.15769022895159623,9.615306661430278,7.931980515094169e-22,-0.03853655961832532,0.09945271415699831,-0.3874862535927439,0.6984015991053394,-0.025979219947976296,0.10809760676598489,-0.2403311296633737,0.8100767537406204,1.5503339047003686,0.17493412290302346,8.862387045892769,8.673243934454249e-19,1.35160099136949,0.08411482321730021,16.068523236122086,1.2431184698533406e-57
0.8099999999999999,0.14790813366177924,0.1470805921923668,15461,-1.32144373812128,0.03705818954855402,-35.65861565875772,1.0811325942972324e-267,1.3575651114549439,0.3424861755147282,3.963853750927717,7.408140220895124e-05,3.169267034645436,0.09108314689526079,34.79531771437223,1.85709742734023e-255,2.227853630085837,0.1597007127814604,13.950179628405941,5.799603703667775e-44,0.7445661372007882,0.4014470268842234,1.854705820042154,0.06365729201495533,0.10177418112639483,0.052080732864248844,1.954161846986189,0.05070010029414763,1.4748390411816281,0.1706740561900232,8.641260857711075,6.0975453954676395e-18,2.624190079977507,0.08847352034759534,29.66073995549823,4.4319464390805154e-188,-0.2685208162963879,0.12046286894024136,-2.2290753877827236,0.025823216982696177,0.398261381838318,0.10862913184862816,3.6662484092507044,0.0002469602090176322,1.6018490643612253,0.09411151113549455,17.020755963157423,2.225050533601623e-64,1.5453149287197694,0.16126700530933724,9.582337848685139,1.09007475674956e-21,-0.18493098141470987,0.10170852999971053,-1.8182445603651551,0.06904612326299715,-0.09832243929764352,0.11054950861671808,-0.8893973435787348,0.37380342417399026,1.6219623200334723,0.17890203035754154,9.06620409389389,1.3778695430009714e-19,1.473781001277867,0.0860227404866166,17.132458149332706,3.400226398652066e-65
0.864,0.1522598636919178,0.1514365485708674,15461,-1.3228241644192615,0.037987326044152066,-34.82277649344847,7.649079458852294e-256,1.236261238593787,0.35107311429358035,3.521378277802212,0.0004305475543242237,3.291837221822198,0.09336681690033276,35.25703596960117,5.713351595859765e-262,2.1778358329309437,0.1637047875197544,13.303433979706565,3.6773044435160595e-40,0.5478467004354346,0.4115122537145507,1.3313010620953551,0.18310961822203387,0.08410474433165353,0.05338652006570575,1.57539289371439,0.11518626503968694,1.5173809219609407,0.17495325861166686,8.673064645963406,4.619661395455924e-18,2.6881424211219676,0.09069176084046353,29.64042594619699,7.84102024448575e-188,-0.3850765765111973,0.12348315809252644,-3.1184542285730807,0.0018213652528472654,0.27353078408764353,0.11135272121214661,2.4564355599942553,0.014043220652471317,1.6623289385760196,0.09647110939750089,17.23136542077625,6.380681011064537e-66,1.4977149068661382,0.16531035070731973,9.060018930803837,1.4578488123592636e-19,-0.36285592313127374,0.10425860349999697,-3.480345131721281,0.0005021503020620212,-0.1635684014693426,0.11332124636962812,-1.4434045398320072,0.1489268273878968,1.6546537876705223,0.18338752755982637,9.022717137242203,2.0471616061905802e-19,1.504504759295413,0.08817953412956436,17.061836106831855,1.116602868013506e-64
0.918,0.15812810831787938,0.15731049236609995,15461,-1.3130267937998614,0.03881418509188232,-33.828529201157195,4.636803368500675e-242,1.1068034749050837,0.3587148203886892,3.0854690467090133,0.0020359061119944845,3.422774361271726,0.09539910517516645,35.878474488696945,7.540153426925296e-271,2.1491600514832068,0.16726810188834512,12.848594724401279,1.3644908203003389e-37,0.7684508121904271,0.4204695209315236,1.8276017022303375,0.0676286334059305,0.08750023498965208,0.05454856887882449,1.6040793881142366,0.10871700120354547,1.43777060838491,0.17876141517011504,8.042958302923939,9.401826651462398e-16,2.765115320144221,0.09266582195017066,29.839645966029536,2.870029944866957e-190,-0.4827947509063295,0.1261709799832391,-3.8265118569299004,0.00013048388979285323,0.18811821191048006,0.11377650342089257,1.6534012406285308,0.09826955357668848,1.7351860204441993,0.09857096790181324,17.603418708159808,1.0857585801962106e-68,1.5261103581121884,0.16890861290158257,9.035124567634702,1.8288394207087942e-19,-0.5510588580651351,0.1065279701173655,-5.172903017470573,2.3336743719049588e-07,-0.2821204219808515,0.11578787689139448,-2.4365281543720845,0.01484023370821858,1.6187430964078797,0.1873792703907769,8.638858999888372,6.226462369744143e-18,1.5699684214373035,0.09009891233309796,17.424943107338418,2.3504353746018173e-67
0.972,0.16167153617500252,0.16085736155814423,15461,-1.2718070055875448,0.03963073202327311,-32.09143360866202,8.278313655209118e-219,0.8882370238879507,0.36626122346631146,2.425146226186978,0.01531360976469214,3.5325409091816327,0.09740604790509381,36.26613526732461,1.8702066430008083e-276,2.0671133237224573,0.1707869766242997,12.103459904145565,1.4366774912111508e-33,0.6561278275155977,0.42931507820001297,1.528313028898359,0.12645531478680094,0.06291269710331464,0.05569612527925704,1.1295704465593277,0.2586748123475362,1.4169304943007073,0.18252207856321975,7.763063545268187,8.807842674855197e-15,2.779032378132196,0.09461526369109856,29.371924462476013,1.429490123258716e-184,-0.6108011157902267,0.12882528088616926,-4.741314061872172,2.142319853245864e-06,0.0417112727655967,0.1161700575947797,0.3590535601789274,0.7195599299484571,1.7500755321160948,0.10064463816370105,17.388661373788764,4.375535948890917e-67,1.478414845372918,0.1724619996137799,8.572409276732003,1.1082980317801516e-17,-0.7162411361027176,0.1087690344834139,-6.584972823418199,4.696530974636096e-11,-0.43435368951816955,0.11822374499848239,-3.673997042842326,0.00023959259272775027,1.5350730476761396,0.1913212304726809,8.023537397724061,1.100781641904062e-15,1.6040451085693905,0.09199435314199504,17.436343142643942,1.9330266454715367e-67
1.026,0.16702307850579823,0.16621410124309743,15461,-1.2393928492225537,0.040350850723739576,-30.71540815106986,3.764177235625005e-201,0.7437122360848886,0.372916451437345,1.9943132924771014,0.0461353757722316,3.647692866473464,0.09917598535146244,36.780001262873014,5.80059592369679e-284,1.973554554727138,0.17389029794551739,11.349423044553552,9.791275624968885e-30,0.34220805168720825,0.43711603973719837,0.7828769035630666,0.4337114048719618,0.05621067879022237,0.05670816364719743,0.9912272797251891,0.32159014112391543,1.4263637301256522,0.185838635066496,7.67528092108122,1.748988788069554e-14,2.8518036158712006,0.09633449059544932,29.603142117055164,2.2322617068011689e-187,-0.6848677180078734,0.13116612823172163,-5.221376335801934,1.7990153318191252e-07,-0.05064241264974583,0.1182809504962568,-0.4281535821049096,0.6685452784685164,1.7610643447308982,0.10247342310768849,17.185571549417354,1.386108777477411e-65,1.5126962616926103,0.17559575729882068,8.614651543763522,7.685693112574601e-18,-0.8776492181302877,0.110745445510018,-7.924923811434718,2.437853950291696e-15,-0.5321223498277979,0.12037195486658654,-4.420650561150828,9.907534215223633e-06,1.5577044776526952,0.19479767384947053,7.996525045039336,1.3699247478605774e-15,1.659738111779957,0.09366595623012279,17.71975836879556,1.4396249897422202e-69
1.08,0.16849824097375643,0.16769069637127054,15461,-1.1920250130936192,0.04112711053265946,-28.983923199443343,6.613839878174673e-180,0.6354991010436857,0.3800905270303913,1.6719677441286833,0.09455093884399723,3.7206936463499263,0.10108390872996693,36.80797164550983,2.250288529536256e-284,1.9403170462962094,0.17723555701775784,10.947673700158273,8.625051475097966e-28,0.08848024280859106,0.4455251713266492,0.19859762927675145,0.8425801221900936,0.03883676937771736,0.05779910144621322,0.6719268709368803,0.5016403032304927,1.3656069985803483,0.1894137533294123,7.209650696300816,5.869520939731694e-13,2.8561082536849183,0.09818774999198597,29.088234060949887,3.729772392062146e-181,-0.774311686756294,0.13368947016408925,-5.791867420866511,7.0961749745273046e-09,-0.18398680063734996,0.12055641052706771,-1.5261469699783459,0.12699374299122063,1.7850663669636422,0.10444478178821667,17.091005758269784,6.836855860527163e-65,1.4329156399003706,0.17897382558147354,8.006286032300686,1.2659175026567959e-15,-0.9837305600320065,0.11287593933675105,-8.715148381597704,3.1948055871332093e-18,-0.6271656081147511,0.1226876411286627,-5.111889040698416,3.227627839517409e-07,1.5555099821629959,0.1985451439118914,7.8345405559417065,5.010541595847958e-15,1.6946385559281163,0.09546787901443517,17.750876770519636,8.367704349002202e-70
1.134,0.16964278123043464,0.16883634819181081,15461,-1.1265015723294531,0.04186854229638731,-26.9056793130019,7.209297229105037e-156,0.4973984805237671,0.38694272710432065,1.285457628952068,0.19865168785788348,3.7747965871348113,0.10290623030236741,36.6819052261792,1.5983029325162746e-282,1.830715981367094,0.18043072609073738,10.146364873832184,4.093443200794633e-24,-0.17040487751494074,0.4535570147818211,-0.37570773234961924,0.7071393485670512,0.016949481488868115,0.05884109270628776,0.2880551789456638,0.7733083662317964,1.3109137933573072,0.19282846862028633,6.798341566144626,1.097081270700747e-11,2.882077343450166,0.09995786016287231,28.832923581538072,4.1788268147995534e-178,-0.8724442182617134,0.13609959862611404,-6.410336452633105,1.4941130959011058e-10,-0.2802156428223189,0.12272977867591447,-2.2831919510118923,0.022432584490132405,1.8218609952386742,0.10632769254393128,17.134397931996297,3.2907530974261826e-65,1.3829017037849196,0.1822003318310827,7.59000650485644,3.381222701682463e-14,-1.0872908785348496,0.11491084540481597,-9.462038806732865,3.446523620263847e-21,-0.7130039254494049,0.12489943069937416,-5.708624302424283,1.1598560728988474e-08,1.5719312810790258,0.20212447818370452,7.7770455869790664,7.890717367413901e-15,1.6875946373470185,0.09718895586618288,17.364057698805066,6.664089853423214e-67
1.188,0.16997411002255292,0.1691679987665048,15461,-1.0632717206308109,0.04249711878728725,-25.01985430948514,1.82546839126659e-135,0.42640133369794014,0.3927519358381884,1.085675956728104,0.27763932618706283,3.8192518666803252,0.10445117153001517,36.56495002148274,8.251059542697046e-281,1.730380892389531,0.1831395501012267,9.44842821462157,3.9224538359111326e-21,-0.23198897810776384,0.46036631028478886,-0.503922578444657,0.6143229712092275,-0.011375006343841764,0.05972447974451353,-0.19045802311717427,0.8489527369181696,1.2847562347773636,0.19572342114318336,6.564141518032672,5.40014679808278e-11,2.866376117686136,0.10145853722333129,28.251699621655767,2.9726088745727766e-171,-0.9396521507335462,0.13814287511545753,-6.802031229972595,1.0694217274407244e-11,-0.4049138032338557,0.12457233276014608,-3.250431249557511,0.0011547686453789304,1.7935465533807484,0.10792400051643307,16.618607027151977,1.7466034193223024e-61,1.35506440461366,0.18493572310437925,7.327218245708269,2.465994497508708e-13,-1.1959032536448784,0.11663601308463596,-10.25329331839456,1.3713715531608057e-24,-0.8123720451749473,0.12677455798010556,-6.408005345224166,1.5170694798259243e-10,1.5281816327219242,0.20515899260081275,7.4487674819859215,9.919448009714958e-14,1.691572762181104,0.0986480630975771,17.147551701120538,2.63559549326642e-65
1.242,0.1671940734480848,0.1663852622536348,15461,-0.9982221724153292,0.0431064209496845,-23.15715734276555,1.184953747069534e-116,0.4137406030239935,0.3983830141470431,1.038549808429538,0.29903041711690825,3.8045625700434127,0.10594873951801727,35.90946515599104,2.698553302172364e-271,1.6255160305437388,0.1857653122018451,8.750374390551011,2.3431655918856052e-18,-0.292120446565687,0.46696680924462125,-0.6255700422011348,0.5316062366591892,-0.04155979106679146,0.06058077908185281,-0.686022723653629,0.49270907658252583,1.203798420744635,0.19852960441248307,6.063571346485507,1.3623217296275836e-09,2.8509242834091877,0.10291319833655314,27.70222215896855,6.846570733167937e-165,-0.9942967209847471,0.14012349768304677,-7.095859990833249,1.3413888275515395e-12,-0.5116462694740144,0.12635838776555816,-4.049167439705773,5.165098344044938e-05,1.7800545056893673,0.10947136016729239,16.26045847031695,5.814102183015661e-59,1.3310703477112236,0.18758723782367134,7.0957404307131275,1.3425453369734752e-12,-1.250782893559692,0.11830828115865705,-10.572234515708436,4.919472181865138e-26,-0.8393230762759243,0.1285921873751915,-6.52701453648225,6.918434851654461e-11,1.5573029425662432,0.20810045831411447,7.4834190908680895,7.631193480468622e-14,1.6734273069266075,0.10006242905642028,16.723832538415035,3.098364110191184e-62
1.296,0.16614457465771126,0.16533474420253902,15461,-0.9565842373236385,0.04348487647200373,-21.998090254194533,1.250015229170014e-105,0.33984713829704183,0.40188064276896274,0.8456419696044346,0.3977656052068068,3.8105863279754093,0.10687892311178301,35.65330017397327,1.2882194013902742e-267,1.561271611035158,0.1873962503940974,8.331391944885654,8.655017034646117e-17,-0.5260036260522953,0.4710665735907428,-1.1166226931424799,0.26417305512332107,-0.04514990286362177,0.06111265182574613,-0.7387979659655447,0.4600409137233328,1.1753879352769994,0.20027260750757786,5.8689400907337035,4.475735605180186e-09,2.834470227226279,0.10381673120641181,27.302634115792888,2.4625227575843474e-160,-1.0451523086291898,0.14135372070635774,-7.393879010799759,1.4992015493521408e-13,-0.5779852557320652,0.12746775914429198,-4.534364294251009,5.82116147090429e-06,1.7903120934228043,0.1104324708296568,16.211826829306197,1.2673952381947788e-58,1.3705840821633557,0.18923417172602078,7.242793781176746,4.602826286037022e-13,-1.2486868526811725,0.11934697612228796,-10.46266016326811,1.5605328393466997e-25,-0.9153121994287947,0.1297211705374925,-7.055997071536198,1.7865230502178887e-12,1.555076726084845,0.20992748932042488,7.407685058869248,1.3516443530201462e-13,1.6716524642003021,0.10094093341885114,16.560699486142397,4.5038157758972426e-61
1.35,0.1638430837764142,0.1630310181407163,15461,-0.8915160359838337,0.04389417319003129,-20.310578174560625,1.5731687596847742e-90,0.09968385590621938,0.40566330105086085,0.2457305249155908,0.8058941062052236,3.786695433353141,0.1078849094685371,35.09939853504229,9.735916025064261e-260,1.4424543272544814,0.1891600974250613,7.625574034322604,2.5706241536196494e-14,-0.4167914119335957,0.4755004369976518,-0.8765321322631171,0.38075444860442487,-0.08105118085027842,0.06168786808141016,-1.3138917484279773,0.1889021503838044,1.099796668346008,0.20215765186354945,5.440292060220105,5.4002892673073704e-08,2.7855020687700325,0.10479389501154508,26.580766641636476,2.948365773842804e-152,-1.0943239670816847,0.14268419738376867,-7.669552670491958,1.828581933635111e-14,-0.6946120621722573,0.12866753570352113,-5.398502880888302,6.819174423010894e-08,1.7548929414791017,0.11147190457171545,15.74291699977272,2.0708588926447383e-55,1.378497973164381,0.19101531799364302,7.216688104617124,5.574727303336072e-13,-1.3253881078655203,0.12047031668564026,-11.001781553575869,4.761836995947129e-28,-1.003348779680523,0.13094215708884838,-7.6625343738588265,1.9309703234057856e-14,1.473746880941949,0.21190340921197462,6.954804957704606,3.6721607775039545e-12,1.6116607034170176,0.10189102908692953,15.817493628825854,6.473863230129652e-56
1.404,0.16025637253660163,0.15944082352967692,15461,-0.8379719501423146,0.044219642317965845,-18.95021999763797,3.474747098667615e-79,-0.07683222046737626,0.40867123744042383,-0.1880049620046404,0.850875231261637,3.7391919394168083,0.1086848609165347,34.40398145504687,5.3797668681709193e-250,1.2482417197676168,0.19056269297418835,6.5502942904815615,5.923875198685408e-11,-0.5451335093616902,0.47902620593951384,-1.1380035217332634,0.25513666418553843,-0.09794584853841178,0.06214527495729951,-1.5760787703604355,0.11502813179722408,1.1103713566599909,0.20365662245293667,5.452174072643222,5.05214987607295e-08,2.723124751775548,0.10557092702157093,25.79426768904986,1.1132609255840612e-143,-1.1492388382540786,0.143742180663041,-7.995139860498658,1.3853507291926052e-15,-0.7801021777597701,0.1296215874055002,-6.018304461272693,1.8023880310029513e-09,1.7175735568647226,0.11229845308450072,15.294721429264102,2.0078523833419365e-52,1.2630961237519007,0.19243166974266404,6.56386823146637,5.4100307701500854e-11,-1.4001705156455773,0.12136358716015007,-11.536990199522757,1.1470063175685293e-30,-1.037375833355222,0.13191307478886,-7.864086520730757,3.962654128614345e-15,1.4218921874059514,0.21347464322301285,6.660707641612161,2.8171679268602264e-11,1.5846994846884654,0.10264653675392002,15.438411609419902,2.2608556947863347e-53
1.458,0.15510973739077005,0.15428919003310482,15461,-0.7911584208009854,0.044480808679925515,-17.78651162783469,4.490329864413486e-70,-0.19665262464251937,0.41108489740520626,-0.4783747247437284,0.6323902909825263,3.6785694034331535,0.10932676637387784,33.647472850821444,1.3777579515397902e-239,1.1881638160810422,0.19168817845169264,6.198419880026516,5.848144856490993e-10,-0.6407443181196014,0.4818553905491265,-1.3297440076148235,0.18362226753445676,-0.11616790043387225,0.06251231219511513,-1.858320326902736,0.06314255053322705,1.0522227969621103,0.20485944220422667,5.136315835094082,2.835856355460637e-07,2.6106589707551544,0.10619444122235702,24.583762960706974,6.109893235573713e-131,-1.1864100063072405,0.14459113873723745,-8.205274656998721,2.480617724341511e-16,-0.8689207137069147,0.13038714760996115,-6.664159233747453,2.7519410167906443e-11,1.6581296803589445,0.11296170083840355,14.678689042855051,1.8716095401558066e-48,1.1722446126066366,0.19356819361481886,6.055977434698207,1.4280193072661638e-09,-1.4329241029594029,0.1220803746525743,-11.7375467353973,1.1154515688625072e-31,-1.1056085143032521,0.1326921687849126,-8.332130859172167,8.601394527292206e-17,1.3767600930379227,0.2147354493494012,6.411424369889498,1.4835159892153916e-10,1.5321136892063765,0.10325277916490598,14.838474098207307,1.8101315622595e-49
1.512,0.15095826365306797,0.15013368443356623,15461,-0.7333375309039996,0.04471819553835246,-16.399085921860472,6.229247982593981e-60,-0.36148146147514043,0.4132787907996361,-0.8746673420518988,0.38176853512928033,3.5925850228584153,0.10991022558655138,32.6865403440497,1.1801738678903541e-226,1.0380321124471417,0.1927111871565854,5.386465247623118,7.290885711826621e-08,-0.5517193177318822,0.48442697458217876,-1.1389112222905082,0.254757848544555,-0.1309067077424761,0.06284593026199395,-2.0829782803237755,0.037269612363977495,0.9691936802686276,0.20595274380658501,4.70590322010383,2.549363652922394e-06,2.5349410398749255,0.10676118372395092,23.74403272288029,1.957773067252947e-122,-1.223399513873229,0.14536279818318404,-8.416180268706158,4.2271969631232293e-17,-0.9965261440951991,0.1310830026600144,-7.602252953266989,3.077148616078477e-14,1.5686302136964576,0.1135645591065064,13.812673830973266,3.857978683421776e-43,1.0397962949582156,0.19460123565558418,5.343215275356748,9.260773346463695e-08,-1.5612524381481312,0.12273189780321879,-12.720836767727269,6.936488750045698e-37,-1.1589693425436391,0.13340032535896168,-8.687904916461141,4.057095816904009e-18,1.3944553084155278,0.21588145759940316,6.459356555777595,1.0829315664921929e-10,1.4567774377881655,0.10380382249341612,14.033947910546004,1.8121564190660092e-44
1.566,0.14683125590920454,0.14600266858894795,15461,-0.7045522801852935,0.0449928733441945,-15.659197286545446,7.591322822258086e-55,-0.3964092329777457,0.4158173214825331,-0.953325444847774,0.34044012235389054,3.5229741204237506,0.11058534002800564,31.85751492495805,9.279401621347058e-216,0.9827303754445644,0.19389489963451814,5.068366302037652,4.0588078376109104e-07,-0.6348165355636681,0.48740252708082127,-1.3024481825437944,0.19278264124683514,-0.1327869193375836,0.06323195617432445,-2.099997016880243,0.035745281038789316,0.9314323960304419,0.2072177914475933,4.49494413353019,7.009414646589556e-06,2.4849309604559973,0.10741695543703901,23.13350765105706,2.0131852372137565e-116,-1.256372332016627,0.14625567711032617,-8.590246593087103,9.497734588282497e-18,-1.0359450716074903,0.13188816912794488,-7.854723273946723,4.2689217108573e-15,1.5110254067312283,0.11426211998840827,13.224202446834697,1.045517387575954e-39,0.9573525516525326,0.19579655759960543,4.889526983463482,1.0209477126549548e-06,-1.656771334942884,0.12348576830245449,-13.416698601938835,8.170595601229629e-41,-1.1726137410769657,0.134219725789303,-8.736523146513687,2.647329514703646e-18,1.3682678177587577,0.21720749154110208,6.2993583142588845,3.0697226293387104e-10,1.3998597316292427,0.10444142886051683,13.403299312371313,9.768228626224321e-41
1.6199999999999999,0.14592367380416804,0.14509420505098325,15461,-0.67448035017152,0.04528920990100971,-14.892738284588239,8.142742952727197e-50,-0.46638253707981786,0.4185560190618055,-1.1142655124760017,0.26518263652932905,3.5239852651375765,0.11131368824100916,31.65814843460826,3.5582378021986626e-213,1.0244890510316178,0.19517194959090056,5.249161332758353,1.548161781718079e-07,-0.8873406268269839,0.49061270629194287,-1.808637679878933,0.07052674937709938,-0.13008462304678575,0.06364842080040077,-2.0437996954351245,0.04099026649123689,0.8895286528407891,0.20858258996487572,4.264635188347126,2.0141938399797713e-05,2.4466373390628275,0.10812443571895552,22.627977873774025,1.4854427584627935e-111,-1.3531202765060413,0.14721896086057687,-9.191209261336306,4.370172314806651e-20,-1.0766467545154397,0.13275682416193327,-8.109916468039145,5.443247131339682e-16,1.4672613596436617,0.11501468457686526,12.757165444061874,4.3755344971520124e-37,0.9275759091412212,0.19708613244563652,4.706449396672189,2.5425559238163232e-06,-1.7448704140300613,0.12429908260479948,-14.037677330071363,1.7204254790006016e-44,-1.198757124420454,0.1351037371546766,-8.872864286855584,7.898382710454385e-19,1.367609105947956,0.21863808521902428,6.255127529944891,4.0764935707743635e-10,1.3335636943467408,0.10512931143206589,12.684984579286283,1.0916475203610674e-36
1.674,0.14274350593743723,0.14191094864310638,15461,-0.6348824810475304,0.0455330496692278,-13.943333153821179,6.376172485022013e-44,-0.4968935134423791,0.42080954927126146,-1.1808037966412035,0.23769885878761648,3.4833138255588416,0.11191300768154512,31.125191769224994,2.4449017934102683e-206,0.9807629159637812,0.19622276683975387,4.998211633437649,5.849787513503296e-07,-0.7953742186744392,0.49325419394095593,-1.6125037119697516,0.10687280398576794,-0.12732079350994668,0.06399110763926018,-1.9896638487287588,0.0466455820669403,0.8122352299075314,0.20970561088978326,3.873216488873179,0.00010785128569535544,2.3763982528245045,0.10870658403644767,21.86066533033302,2.3379273061157424e-104,-1.4246704419156317,0.14801159639941747,-9.625397445691213,7.194975844568847e-22,-1.118512681006854,0.13347159470670036,-8.380155219279057,5.736587785286881e-17,1.4250916235163775,0.11563393039921895,12.324164876142646,9.776486963658844e-35,0.8757721161604128,0.19814725576749587,4.419804416509486,9.946355743097827e-06,-1.8070332483690688,0.12496831617187479,-14.459931154739824,4.40538750692927e-47,-1.1974613561713832,0.13583114361694876,-8.815808542025454,1.3131300503711548e-18,1.3860059911659657,0.21981524552144469,6.305322398717563,2.954101632324267e-10,1.2978845092138727,0.10569533382434328,12.279487298567476,1.690844165000623e-34
1.728,0.14211497087014202,0.14128180315004168,15461,-0.609725149650088,0.04571103619334714,-13.338685806007355,2.305586320933015e-40,-0.5777423785870095,0.42245447377192885,-1.3675849457305456,0.17146193057554773,3.4389454322943096,0.1123504703023377,30.609087999721126,8.159326647078595e-200,1.0061768682534218,0.19698979229657254,5.107761455672789,3.298794144990232e-07,-0.8919868238899682,0.4951823011098059,-1.8013301806038733,0.07167034966630363,-0.12949440538671203,0.06424124583351683,-2.015751776083247,0.04384322270175756,0.7658415018351378,0.2105253401423095,3.637763992293989,0.0002759108591355784,2.376994386713374,0.10913151289981372,21.781008285805882,1.2666881370961972e-103,-1.4776176974484363,0.14859016668548136,-9.944249544965436,3.137863022037149e-23,-1.1487287444076544,0.13399332881814438,-8.573029377952897,1.1023724276885232e-17,1.437026583891524,0.11608593792982641,12.378989303253958,4.978340860475832e-35,0.858386579042433,0.1989218039599416,4.315196031578784,1.6045293517394854e-05,-1.8699690396492066,0.1254568113722196,-14.905281101885883,6.767128259519283e-50,-1.2036834526004612,0.13636210109278582,-8.827111367119743,1.1876329329050423e-18,1.3920597258857625,0.22067449285460197,6.308204033363126,2.8997724446139375e-10,1.265265115972377,0.10610849185394353,11.924258783302585,1.2303394142304326e-32
1.782,0.14153854027620338,0.14070481273357738,15461,-0.5811744984896341,0.04584082434757556,-12.67809876373594,1.1908195299249603e-36,-0.6712097682662808,0.4236539562374866,-1.5843349469160215,0.11313799059964043,3.4319495887974414,0.11266946898146539,30.460333396636596,5.942709694822892e-198,0.9723889412753535,0.1975491089009013,4.9222643761108715,8.643109545173314e-07,-0.8901460182112528,0.49658828098293284,-1.792523207453311,0.07306875832946513,-0.11934199295697309,0.06442364713999343,-1.8524563301677313,0.06397938818036171,0.756168826916214,0.21112308846723934,3.581649133716378,0.0003424811158434194,2.3788735666124694,0.10944137193620727,21.736510832476593,3.247204383894726e-103,-1.4653077526667528,0.14901206137605522,-9.833484210172893,9.420671958694047e-23,-1.1715918918966763,0.13437377844857212,-8.718902641746217,3.0911480322773834e-18,1.3860142577928567,0.11641554278831308,11.905749220386733,1.5331754654558224e-32,0.8492622542413261,0.19948660615918612,4.257239473830301,2.081888552207338e-05,-1.9234771881246533,0.12581302311755196,-15.288379060150826,2.2100365001962176e-52,-1.2350127888153892,0.13674927642026433,-9.031219916805188,1.8949407587789282e-19,1.340766378040938,0.22130105784848542,6.058562896517642,1.405312137510202e-09,1.257024195688969,0.10640976757316883,11.813052733383913,4.59231281474248e-32
1.836,0.14051761521349992,0.13968289616061558,15461,-0.5555858509556586,0.046147008022406684,-12.03947720046972,3.103901088512579e-33,-0.6841763940501024,0.42648365939016125,-1.6042265136920415,0.10868457880538947,3.4227082548372283,0.11342201984731475,30.176752798484575,2.0045495167485985e-194,0.9112623738753163,0.19886859459915732,4.5822336890954105,4.6363641530247e-06,-0.7208099511116133,0.4999051328701626,-1.4418934788149596,0.14935270182744367,-0.1278076610992814,0.06485395068073659,-1.9706996992126775,0.04877606466645715,0.7719766370220066,0.21253323856791076,3.6322630861117604,0.00028185621913961106,2.3669319584266075,0.11017236143988447,21.483899659517814,6.571091446363814e-101,-1.5013674978966316,0.1500073545714904,-10.008625924944972,1.6472699552443262e-23,-1.22040641898913,0.1352712984620512,-9.021916939250058,2.0620944923248387e-19,1.3670199643953655,0.11719311472786025,11.664678147430317,2.612991464247156e-31,0.8128156050945042,0.2008190329430129,4.0475028346798165,5.201917314446492e-05,-1.9448936259572922,0.12665336345409703,-15.356036136080823,7.925991271139842e-53,-1.2482488654848503,0.1376626630484668,-9.067446741498674,1.3623322193548647e-19,1.3461170481044957,0.22277918945062028,6.042382376127941,1.5534314347558845e-09,1.2690681991836865,0.10712050814420312,11.847107721663312,3.07195816803678e-32
1.89,0.1378745071168549,0.13703722110887506,15461,-0.5427263396412727,0.046603029766364136,-11.64573081111106,3.257610013892906e-31,-0.7650335533325857,0.43069814328541234,-1.7762638758942086,0.07570911593724182,3.3663117040437815,0.11454284890017198,29.38910404592466,8.858011370627503e-185,0.9201672555257399,0.20083380116863722,4.58173499765156,4.6474214894290045e-06,-0.8240308699932768,0.5048451630102324,-1.632244756154225,0.10264832161898362,-0.12397413635913204,0.06549483322024165,-1.8928842209925187,0.058391946192442756,0.75323799075803,0.2146334782639189,3.509415198647757,0.0004503717701591738,2.342443162328569,0.1112610775788665,21.053572491855004,4.874240305983306e-97,-1.5050590325694646,0.15148971753215992,-9.93505735628528,3.43916780605722e-23,-1.253674499518878,0.13660804067082236,-9.177164780071735,4.975747427166759e-20,1.3924238607683666,0.1183512094960423,11.765184882330498,8.065844787463809e-32,0.8684408151320362,0.20280351361786092,4.282178349081387,1.8619012867264097e-05,-1.9690460248940616,0.1279049437873739,-15.39460451323411,4.408947557631468e-53,-1.2950475495811191,0.13902303656717266,-9.31534500726707,1.376340207925936e-20,1.3721522631892689,0.2249806789695371,6.098978229926408,1.092923773057064e-09,1.2961252641317826,0.10817906606661078,11.981294637297934,6.232161912710369e-33
1.944,0.1365802115027437,0.13574166849028269,15461,-0.5384704222809631,0.04700689325734027,-11.455137427038519,2.9361883799322426e-30,-0.819099084890115,0.43443058850573857,-1.885454446721804,0.05938726127955904,3.3561680182598073,0.1155354812473625,29.04880805468081,1.1069997201857482e-180,0.9508753934903218,0.20257423393561824,4.6939602091375905,2.702675048962923e-06,-0.8101772717635254,0.5092201689048682,-1.5910156769828996,0.1116265135443702,-0.09867733735747311,0.06606241374274917,-1.4936986368940186,0.1352748326968177,0.7647905673946445,0.21649349951675556,3.5326260100269353,0.0004126546658610112,2.345465375135333,0.1122252699806489,20.899618914169363,1.1341261464920999e-95,-1.4778580018174599,0.15280253273915928,-9.671685248439102,4.594124868218061e-22,-1.311146661941383,0.13779189074403259,-9.515412371958945,2.0717224019791614e-21,1.4037324256877999,0.11937684522976917,11.758833323045039,8.690322029038905e-32,0.8972071552441818,0.20456101598203233,4.386012412663165,1.1621155951988488e-05,-2.0168821780408765,0.12901337251765269,-15.633124990705207,1.136114750285561e-54,-1.2938156265689829,0.14022781507954837,-9.226526319582371,3.1506842477979284e-20,1.3568499682278963,0.22693036942670985,5.979146694449413,2.292527807808008e-09,1.314456563405646,0.10911654964849868,12.0463538082899,2.8578158889820836e-33
1.998,0.13601967949086224,0.1351805920963891,15461,-0.543155893066805,0.0473910321561141,-11.46115347894423,2.7407937844174976e-30,-0.9136047894499562,0.43798074203213017,-2.085947398534099,0.03699975698050564,3.342237855866977,0.11647963367821339,28.693753150874794,1.8755886974725512e-176,0.9477421578901962,0.20422966440020932,4.640570510036175,3.503039422123799e-06,-0.7110311614056821,0.5133815006024484,-1.384995681712905,0.1660737917569418,-0.09430030319634633,0.06660227377405464,-1.4158721294749796,0.15683311122439791,0.8141428255594761,0.21826267779537054,3.7301055488871335,0.0001920844334536295,2.374419290767774,0.11314237146593438,20.98611917006423,1.9404315456527292e-96,-1.483462543290004,0.1540512303787785,-9.629670205440696,6.903718484173319e-22,-1.3829678676074453,0.1389179218748415,-9.955287618349447,2.810420841050635e-23,1.3859242283658348,0.12035238916998683,11.515552270494128,1.4680931982046043e-30,0.8477819717383421,0.206232682368943,4.110803205389581,3.963228681974785e-05,-2.059689425296636,0.1300676658651138,-15.835522315228053,4.883603300537552e-56,-1.3001823435429058,0.1413737525097721,-9.19677323733084,4.150950705344404e-20,1.2954813512695758,0.22878483748807876,5.662444091545529,1.518880476956354e-08,1.3245500814666937,0.11000824676599386,12.040461696332965,3.067419745127676e-33
2.052,0.1339143763303321,0.13307324429051037,15461,-0.548267970276239,0.04787183886138495,-11.452828705071752,3.014791001711933e-30,-0.8495113104781613,0.442424284786271,-1.9201281206535676,0.054860113820762696,3.340616656975442,0.11766138023134796,28.391785396423703,6.809526104139076e-173,0.9298992874313787,0.2063016807204145,4.507473153801413,6.608631718016615e-06,-0.49994030991372757,0.5185900233254511,-0.9640376548470166,0.33504214105733954,-0.08012010171861451,0.06727798853188818,-1.190881348669327,0.23371846904285626,0.8441939525085221,0.2204770663456914,3.8289422410260565,0.00012920338851003072,2.3570847240948085,0.11429025975568222,20.623671073401514,3.0256820740401754e-93,-1.5175444316681959,0.15561416034994574,-9.751968768494692,2.0996307161544488e-22,-1.4011351902642812,0.1403273165489159,-9.98476436892362,2.0926864510598447e-23,1.3884741914772651,0.12157342684474513,11.420869078983936,4.343620421537044e-30,0.8542286817846864,0.208325020349731,4.10046129049035,4.144380558797192e-05,-2.0827940906741578,0.13138727008223378,-15.852327926218125,3.75406593829742e-56,-1.277226432001119,0.14280806286477946,-8.94365770657141,4.1850467554049827e-19,1.3318232650729545,0.23110597882904405,5.762824795018149,8.429484372853096e-09,1.348324283753941,0.11112433772822367,12.133474190429213,9.996111991839878e-34
2.106,0.13344813797545185,0.1326065531304943,15461,-0.5416323322117238,0.04828743720193257,-11.216837413563262,4.3672526852378627e-29,-0.9702370761290383,0.4462651817091476,-2.1741267656444423,0.029710748523552686,3.3117194343140106,0.1186828549758691,27.90394143271459,3.2574059419966403e-167,0.8807291034426965,0.20809268432919265,4.23238859300515,2.3255776160856032e-05,-0.39187746456957473,0.523092151471033,-0.7491556955453106,0.45377477830478796,-0.08739861761744282,0.06786206094385873,-1.287886285825395,0.19780484539398344,0.8857952569232018,0.22239113326021692,3.98305114029319,6.834800782030594e-05,2.3656194625966434,0.11528246819022245,20.520201377829977,2.413857697492462e-92,-1.5046268158829124,0.15696512133965015,-9.585739832144712,1.0549451432844004e-21,-1.4620605055933151,0.14154556513259986,-10.329256901999416,6.263635283848356e-25,1.3915840295289308,0.12262886393789006,11.347932165739953,9.958233013560583e-30,0.8163664754971457,0.21013358953802957,3.8849880083041235,0.00010276183281559126,-2.135460077879824,0.1325279058445943,-16.11328621146342,6.1049019046552655e-58,-1.3109222412161614,0.1440478479943057,-9.100602747414754,1.0060801733271863e-19,1.3468452682198506,0.2331123204189314,5.777666602088662,7.720257320106861e-09,1.3871076344071205,0.11208906127870241,12.375049077787924,5.226266511908133e-35
2.16,0.13387827724658596,0.1330371101477642,15461,-0.5514724363531419,0.04884350869016585,-11.290598303478868,1.9048432111978343e-29,-1.0289768919281763,0.4514043101889205,-2.279501698815263,0.022650834916708242,3.3450244703577754,0.12004959041718517,27.863689153236237,9.496236281723554e-167,0.8848958269226528,0.2104890510732277,4.2039993168804,2.637157858761915e-05,-0.41396495273551925,0.5291160087723686,-0.7823708711743239,0.4340086417241469,-0.09490676441540769,0.06864355110797368,-1.382602777442603,0.16680668714162958,0.9006829247747163,0.22495215897638282,4.003886554693066,6.260161152784024e-05,2.39393072788958,0.11661004524480212,20.529369685638546,2.0089500113208435e-92,-1.467024616386963,0.15877271009734392,-9.239778142525417,2.7858128295714435e-20,-1.5349597268226391,0.14317558440090253,-10.720820405556266,1.0092264792139511e-26,1.3871074587123406,0.12404104107591324,11.182649280276756,6.404039774878735e-29,0.7338595791938134,0.21255345906586479,3.4525882684713656,0.0005567230954882892,-2.178367423529139,0.13405407898828922,-16.249915257852305,6.885505021454633e-59,-1.3146298243702348,0.14570668320802851,-9.022440120288168,2.0523190217521728e-19,1.333064245163555,0.23579680985246215,5.653444785778281,1.6004525385905578e-08,1.4431300686518043,0.11337986349832041,12.728274881660822,6.312674538827272e-37
2.214,0.13022250769304144,0.12937779015438133,15461,-0.552683314965655,0.04956825141563905,-11.149945765310585,9.22615021003823e-29,-1.0418719326807044,0.4581022726987789,-2.27432168485612,0.022960305761730325,3.3048190734624114,0.12183089298295297,27.126281294883345,2.4155253338877565e-158,0.8816775993563379,0.21361229943617333,4.12746645059069,3.687068980401593e-05,-0.36314567968921563,0.5369670618308562,-0.6762904198462847,0.49886640087001655,-0.09972615836257138,0.0696620879750061,-1.431570044216187,0.15228714221770864,0.8302196223727849,0.22829001174678487,3.6366883334941935,0.0002770641018945851,2.395489836787455,0.11834031164610363,20.24238235869414,6.069454985663991e-90,-1.4821689428478653,0.16112858848799452,-9.198671426072226,4.078677731193823e-20,-1.5694745367559295,0.14530003176438241,-10.801611793870626,4.227025417977449e-27,1.395689366229294,0.12588156901075406,11.087321020840312,1.851006109292856e-28,0.744801918242917,0.21570733923056246,3.4528353133447296,0.0005562139051999905,-2.1883814437033253,0.1360431809421039,-16.085932632188584,9.429693561633451e-58,-1.291038486639104,0.14786868715777976,-8.730979570147479,2.779707336123526e-18,1.3257004944113258,0.239295576161705,5.5400125471416075,3.07391717849643e-08,1.4629485309609016,0.11506220028142906,12.714414702506087,7.524139080836775e-37
2.268,0.127837697317427,0.12699066367934086,15461,-0.5266535883697004,0.050418982428972595,-10.445541797905584,1.8669840951740074e-25,-1.15743225312928,0.4659645998846935,-2.483948895293109,0.013003965486184285,3.2841351801920573,0.12392185475954726,26.501662572469197,2.2021742880071396e-151,0.9294750800040392,0.21727848903878874,4.277805336901568,1.898802825752212e-05,-0.6165189621128617,0.5461829312551703,-1.128777423886268,0.25900927072208707,-0.11521722664026607,0.07085768590314301,-1.6260371076436102,0.10396216311518695,0.7713906011730466,0.2322081122946285,3.3219795533857006,0.0008958869645325664,2.3604799858709997,0.12037136520094283,19.60997934957799,1.3552902989074185e-84,-1.5150151973692823,0.16389400956795108,-9.243871703200666,2.6817916287637577e-20,-1.6333409373764143,0.1477937901627533,-11.05148555685424,2.7523232065597234e-28,1.4071709384909066,0.12804205181388048,10.989912443267809,5.425904248070953e-28,0.713044633231586,0.21940948562560758,3.2498350342441418,0.0011571906007944528,-2.267819229206347,0.13837806566921532,-16.38857443366376,7.383570991788462e-60,-1.317340309800906,0.15040653092820472,-8.758531306261743,2.180472967462975e-18,1.255086998725928,0.2434025632387204,5.1564247394345815,2.548190441268974e-07,1.4622044717453142,0.11703699219855775,12.493524007047517,1.204220823147694e-35
2.322,0.12451037350814154,0.12366010841281105,15461,-0.5104447471402652,0.05114379264377589,-9.980580648282944,2.1822446131548603e-23,-1.1003601258745916,0.47266318612071956,-2.3280004836119317,0.019924924291666837,3.2767250741495837,0.1257033232033744,26.067131644946222,1.2518653630812445e-146,0.8992612360780513,0.2204020282441703,4.0800951027629075,4.52433962469371e-05,-0.708076080307093,0.5540347154176658,-1.2780355826138101,0.20125608718735394,-0.12828811416642819,0.0718763176181379,-1.7848453902159123,0.07430601862377935,0.7183202493957582,0.23554627589181015,3.0495928949676676,0.0022953981354228888,2.3161968582118595,0.1221017927277254,18.96939272117604,2.4334158976796836e-79,-1.4869589904649896,0.16625010734218257,-8.944108453442809,4.1680915571068793e-19,-1.6709949795800139,0.14991843535854568,-11.146027342025375,9.63805145598861e-29,1.3949947199864188,0.12988275114195227,10.740415549573571,8.176589219410241e-27,0.6685436877730269,0.222563659485229,3.003831305251325,0.0026703030310615966,-2.3314899964569955,0.14036735285173751,-16.60991640213963,2.013825782433894e-61,-1.3043796552486726,0.15256873620760453,-8.549455725147824,1.3512109816331896e-17,1.2353635099269717,0.2469016553592974,5.003463861468406,5.692813169384216e-07,1.4449230225152512,0.11871948564385627,12.17090029222196,6.351458000655305e-34
2.376,0.12391790198371122,0.12306706148709445,15461,-0.5037666377270494,0.05179779633097164,-9.72563841342089,2.7162588984537865e-22,-1.0449721417133913,0.4787073891519209,-2.1829037223859573,0.029057905929176106,3.2927361767788397,0.127310760442931,25.863769608499506,1.9866929938062797e-144,0.9296719793926764,0.22322042969009145,4.164815831075088,3.13296434187371e-05,-0.6659907453484338,0.5611194607599083,-1.1868965379430991,0.23528668818314466,-0.12800915721644018,0.0727954394570623,-1.7584777037021004,0.07868606449989686,0.6977705499888807,0.23855833512667057,2.9249472654911677,0.0034501561818584556,2.332989647090958,0.12366317522458765,18.86567802301663,1.6646800543040373e-78,-1.4938675457920865,0.16837603851736516,-8.872209840226281,7.94471395937475e-19,-1.7217873319606456,0.15183552449947077,-11.339818778487817,1.0917587437350407e-29,1.3792386387972142,0.13154363301556715,10.485027721820577,1.2340753944779711e-25,0.5948436717617378,0.22540970289372136,2.638944393809885,0.008324809061791763,-2.396673124630034,0.1421623070696687,-16.858710118255956,3.3249783836021866e-63,-1.3301698385335596,0.15451971619701507,-8.608414972996535,8.113365669349369e-18,1.287271893636866,0.25005892205057334,5.147874281312469,2.6668860002354775e-07,1.4404026395198946,0.12023761672760011,11.979633984122835,6.357091542348038e-33
2.43,0.12303919021587273,0.12218749632485537,15461,-0.5096145601457321,0.052451550421750086,-9.715910321964673,2.986850852957695e-22,-1.0370425736634172,0.4847492854508338,-2.1393380140806837,0.03242393264521661,3.300213236675342,0.12891758421411748,25.59940334589316,1.3654186286249755e-141,0.9286281823827873,0.2260377555107261,4.108287928645272,4.006582267936611e-05,-0.7269235382634499,0.5682015022533964,-1.2793411058939255,0.20079618210457098,-0.11224068522319301,0.07371421051888473,-1.5226465078187095,0.1278676403130829,0.7094910021428246,0.2415692448279604,2.9370088176916163,0.003318838881541406,2.3785042133676315,0.1252239618295843,18.994002254971836,1.5396488262525913e-79,-1.434605661232285,0.1705011583442096,-8.414052286589676,4.304278998528506e-17,-1.7262055435537635,0.15375188199531403,-11.227215700724717,3.887271372681169e-29,1.416897144087378,0.13320388102400155,10.637056016649186,2.4714302514829118e-26,0.5744798397645836,0.22825466012754508,2.516837287981649,0.011851393291768915,-2.4648276733850487,0.14395657625454766,-17.12202205355786,4.054575148036217e-65,-1.3641862736926815,0.15646995160711344,-8.71851917688369,3.1015816072604743e-18,1.2068685087055524,0.25321498379076096,4.766181252934161,1.8946056279505819e-06,1.4441425939521253,0.1217551684261097,11.861037298211622,2.605262385109937e-32
2.484,0.12390489742731348,0.12305404430082645,15461,-0.49937921617554587,0.05297345902018641,-9.426970135841973,4.808010390226224e-21,-1.0239644360256839,0.48957268567691636,-2.091547314593095,0.03649532257786529,3.3198395149233413,0.13020035269569674,25.497930275829933,1.648811265943949e-140,0.9370309382374783,0.22828689871476332,4.104619859978327,4.0706130608067675e-05,-0.7448961882755769,0.5738552769709405,-1.2980558307444086,0.1942875341139015,-0.1113330823521557,0.07444768893825282,-1.4954538406759108,0.13481646933038832,0.6962444503317268,0.24397293099128115,2.8537774559777227,0.004326023989865027,2.359124140375723,0.12646997766483828,18.65362976996569,8.22653077854041e-77,-1.4738424724310353,0.17219769581293418,-8.559013902439986,1.2442592985021923e-17,-1.8002457090810116,0.1552817591599335,-11.593413925887047,5.977633470570635e-31,1.4566059700362675,0.13452929943952063,10.827425520721627,3.1966509319393175e-27,0.5109480020697365,0.23052586219489765,2.2164454660525528,0.02667552314987167,-2.552737618680483,0.14538898720035542,-17.5579847403617,2.3818704361627786e-68,-1.3902885771121687,0.15802687437648888,-8.797798365611506,1.5406715560663385e-18,1.192498818067532,0.2557345485363345,4.6630336999543225,3.1419034058966296e-06,1.4637391884705075,0.12296666873057542,11.903544298476646,1.5738615876955122e-32
2.538,0.12457859186975229,0.12372839302728189,15461,-0.503269523999652,0.05358294716285631,-9.392344965088414,6.67131655634071e-21,-1.1166543129383324,0.495205482787285,-2.2549312391559084,0.02415158854952996,3.3284349225586185,0.1316983777936845,25.27316568601068,3.977258788507128e-138,0.9595980128306316,0.2309134622895624,4.155660754102368,3.260957538769562e-05,-0.78269587850548,0.5804577906332833,-1.3484113593368323,0.17754588493022314,-0.10576449128079525,0.07530424964801789,-1.4044956529698203,0.16019141453824884,0.6622045652715934,0.24677997080559538,2.6833805154846013,0.007295966352161018,2.3716857960118114,0.12792508279137102,18.539646363799655,6.57992544320105e-76,-1.480779602464375,0.17417892293561588,-8.501485584520095,2.0411408101666555e-17,-1.8758298585692006,0.1570683593316315,-11.942760888006763,9.870811938131523e-33,1.4898632960247022,0.13607713139851788,10.948667720378838,8.531655266202967e-28,0.4396596732429091,0.2331781862489679,1.8855094480127645,0.05937984173633044,-2.6386990774878702,0.14706176570892204,-17.942794748640665,2.8880294447615267e-71,-1.4126672615299438,0.15984505857546583,-8.837728698776116,1.0805711053427224e-18,1.2008031586604309,0.2586769120875713,4.642096385679431,3.4772982193641616e-06,1.494701075560269,0.12438146640324285,12.01707230814011,4.0611712753195175e-33
2.592,0.12466170827402656,0.12381159015321785,15461,-0.5135713113849263,0.054145719155388405,-9.484984582272693,2.7701124601838425e-21,-1.165360025184736,0.500406536313027,-2.3288265452546977,0.019881090395087248,3.371674229782295,0.13308158201085707,25.335393364254017,8.748469971437257e-139,0.9874328916241017,0.233338704575699,4.231757836401984,2.3321028056645456e-05,-1.0407743029004433,0.5865542337128816,-1.7743871633358672,0.07601882645896366,-0.08433657490706073,0.07609515654777736,-1.1083041120246448,0.2677477583679382,0.6460283167531625,0.24937185615794777,2.5906224010458483,0.009589257075274674,2.380506631144458,0.12926865677431235,18.4151881093693,6.283460266861695e-75,-1.4805399202544374,0.17600829262705237,-8.411762299129759,4.388778640279968e-17,-1.8877417531229066,0.15871801987150722,-11.893682611786355,1.7693579508999515e-32,1.5029239719175127,0.13750632487200196,10.929853396318407,1.0482370626413124e-27,0.42481523934687293,0.23562721452080806,1.8029124530916942,0.07142144871683184,-2.6751523741380723,0.14860632880773325,-18.001604612675564,1.0223434885641517e-71,-1.4351000316002915,0.16152388228476122,-8.88475444807758,7.101622564668228e-19,1.198354502192506,0.2613937488601945,4.584480338255684,4.586861645138106e-06,1.5445218214382257,0.12568782242485302,12.28855581742355,1.5131388967547202e-34
2.646,0.12301819379970313,0.12216647951721649,15461,-0.5027871900400875,0.05486113155679709,-9.164725111795367,5.58095449113168e-20,-1.1635051958530975,0.5070182693809158,-2.294799351656049,0.021757971936720376,3.357899410685908,0.13483995212127012,24.902852291625972,3.0374592392749973e-134,0.9733297109504615,0.23642174429861823,4.116921283353166,3.859627934971087e-05,-1.074765491600632,0.5943042124636062,-1.808443334341077,0.0705569688963069,-0.09241097771192779,0.07710058079055422,-1.1985769337194057,0.2307108816708672,0.6141790748597484,0.2526667374752632,2.4307872140070605,0.015077363730471933,2.3838864340726067,0.13097664775886986,18.200850875809408,2.9590767497442735e-73,-1.5203400096397381,0.178333841484106,-8.525246789882214,1.664392216752185e-17,-1.9272691430229525,0.16081511714003258,-11.984377944672634,6.0066390590181964e-33,1.5057053316216895,0.13932315788521296,10.80728684647118,3.975418398750059e-27,0.38026231755634515,0.23874049169224618,1.5927851821907566,0.11122885396122875,-2.7326599981804476,0.15056982310082342,-18.148789325140037,7.493687977685607e-73,-1.4490331392509628,0.16365805263678054,-8.854028970190171,9.344821442405738e-19,1.255290269920942,0.26484747211851195,4.739672460831471,2.159723479431876e-06,1.5147915474319111,0.12734850083621074,11.8948518238166,1.7449745730584862e-32
2.7,0.12206178417802882,0.1212091410419116,15461,-0.4885942791143901,0.05546233527203045,-8.809479022438264,1.3890382444066535e-18,-1.0919583306920984,0.5125745030675546,-2.1303407098034763,0.033159251203921235,3.356691071056762,0.13631761541177786,24.624044815610407,2.3505001461069363e-131,0.953761331680993,0.23901260648102013,3.9904227049912144,6.626013090816988e-05,-1.1685487464016326,0.6008169818938548,-1.944932952324703,0.051801173021394135,-0.10906462140020524,0.07794549875528746,-1.3992420748068766,0.16176048551148467,0.5657640405234958,0.25543562278578136,2.2148987457319858,0.026781552354503146,2.3733946065817033,0.13241197446480776,17.9243200335518,3.9993678565853096e-71,-1.5226832386457896,0.18028813890761217,-8.445831477721791,3.284737225740313e-17,-2.00389222106808,0.16257743306656758,-12.325771069639064,9.5854789598257e-35,1.4776754111139432,0.14084995104025236,10.491131876159832,1.157411602151971e-25,0.36743703889334456,0.24135676420630142,1.5223813598166867,0.12793402512035357,-2.7738451800603654,0.1522198644776865,-18.222622846093625,2.0047999033619918e-73,-1.4757371900272056,0.1654515232867839,-8.919453630349778,5.202915302294033e-19,1.2237771697956856,0.2677498417869714,4.570599039865554,4.901018724554001e-06,1.532378403989675,0.12874406796469523,11.902516583598171,1.5931900266494303e-32
2.754,0.12053797179999348,0.11968384875544824,15461,-0.47861523705255077,0.05602913414428497,-8.542256530683332,1.437710294743887e-17,-1.172534959239825,0.5178127724058387,-2.264399454250704,0.023563359512140728,3.3729624817594357,0.13771071706003798,24.49310085495321,5.2179071271896064e-130,0.8771038219855141,0.24145520243633997,3.6325737160985954,0.00028151731817695094,-1.1615988922774285,0.6069570476898317,-1.9138074048215532,0.055663231741150385,-0.11744575615924523,0.07874206493980028,-1.4915249714245444,0.13584414326382444,0.5757593962536043,0.25804605421133336,2.2312272823287254,0.025680373574540206,2.3329349330031883,0.1337651623071793,17.440527060744106,1.799126127936063e-67,-1.5152035539445978,0.18213059853922514,-8.31932451821527,9.57887241089167e-17,-2.048960061217106,0.16423889764904856,-12.47548595701973,1.5071062718874127e-35,1.4908553299462508,0.1422893710180653,10.47762963093687,1.333763631695011e-25,0.34530278705385153,0.2438233163464548,1.4162008466950797,0.15673687451961976,-2.801526032895265,0.15377547960095014,-18.218288378389524,2.1664499604292832e-73,-1.483452841528508,0.1671423597139156,-8.875385294712945,7.722390137845218e-19,1.2765825367656052,0.270486118714851,4.719586139321961,2.3839757782491894e-06,1.5172454278386251,0.13005977153494586,11.665754982746186,2.5804239638845575e-31
2.808,0.11902980966696852,0.11817422191332683,15461,-0.45484111697472535,0.05669095034395442,-8.02316973370742,1.1040690324969783e-15,-1.1945375241281107,0.5239291774941527,-2.279959917180681,0.022623634808303292,3.3667295018007426,0.13933735621501278,24.162432769325054,1.224246177207543e-126,0.8102308386795884,0.24430727157692897,3.316441763889365,0.0009138189040359998,-1.0831889407730708,0.6141264250646497,-1.7637881982672257,0.07778741252393752,-0.12076521807140993,0.07967216630525034,-1.5157767595865104,0.12959627517630048,0.5176256576340837,0.2610940945129746,1.9825253366975761,0.04743816457548387,2.310725354002851,0.13534519656468416,17.072828682904234,9.282279740373816e-65,-1.5463867518693728,0.1842819253874743,-8.391418467209489,5.215005527366744e-17,-2.120244827443145,0.16617888770493774,-12.75880983875514,4.285093138955002e-37,1.4676236986659252,0.14397009323908033,10.193948379464842,2.519631782980325e-24,0.299147575060924,0.24670335765138854,1.212580071502891,0.22530895880340054,-2.847679004652576,0.1555918757503136,-18.302234553829756,4.810093939866022e-74,-1.4931349903746454,0.16911664546719513,-8.829024406496286,1.1675974375716158e-18,1.3113680250006599,0.2736811010733186,4.791591453913901,1.6700199416906934e-06,1.5201882548370076,0.13159603771220776,11.551930295664095,9.655003809462021e-31
2.862,0.11748467660658368,0.11662758823812125,15461,-0.43082484044252384,0.05725097525877142,-7.525196531503927,5.553940331748767e-14,-1.2093638578272292,0.5291048429436841,-2.285679055778269,0.022286524541497682,3.343349062775422,0.14071380855126225,23.75992162529973,1.3594374041177048e-122,0.7686196031788153,0.24672067544692838,3.115343299812551,0.0018406739627865021,-1.297079896911602,0.6201931093731158,-2.0914129443048406,0.036507357532515175,-0.13542268147757047,0.08045921252475585,-1.683122133912302,0.09237166100550079,0.5762071868599348,0.2636733280088273,2.185307066176388,0.028881309806810824,2.2839708214041305,0.1366822121150878,16.710080895391158,3.8863738423358136e-62,-1.5817379387381387,0.18610236531556307,-8.499289818568812,2.0799362248298664e-17,-2.1597042196985776,0.1678204957017468,-12.869132644780393,1.049089759221326e-37,1.442769858882765,0.14539231034274916,9.923288621534153,3.867069568932878e-23,0.2630307646392166,0.24914043139976538,1.0557530271638773,0.2910975773680427,-2.9038156241997,0.15712889932170587,-18.480468180805016,1.9273904587050983e-75,-1.4936714245027312,0.17078727427827137,-8.74580047497582,2.4395802207684053e-18,1.3093907959219857,0.2763846760599029,4.737566548871152,2.1822484655034874e-06,1.5095020817762967,0.1328960169745574,11.358520113249796,8.831070409898715e-30
2.916,0.11536554781974806,0.11450640137865353,15461,-0.39006315163357175,0.05792143792516992,-6.7343485522148745,1.7047660755180827e-11,-1.2558123561772112,0.5353011573680402,-2.3459922305263983,0.01898907825138487,3.335166292395047,0.14236169934882406,23.427412763758895,2.6779360144290425e-119,0.7025281154703964,0.24961000617305332,2.81450301709194,0.004891451284463854,-1.5761761466938777,0.6274561529092793,-2.512010025538421,0.012014680630330078,-0.1621100496638087,0.08140146543698736,-1.991488099060055,0.04644483479625761,0.55760258244361,0.2667611902112774,2.090268760616878,0.036609974101893705,2.252537407280781,0.13828288913359651,16.289342964946165,3.6560680378133504e-59,-1.6395568582275006,0.18828179872274198,-8.707994449542422,3.401921236227543e-18,-2.1987091827847425,0.16978583125307914,-12.949897918792725,3.716867481834609e-38,1.402780662449548,0.1470949907883771,9.5365631074936,1.6920057032714674e-21,0.2023127482942039,0.25205809973971854,0.8026433132008735,0.42219327641959004,-2.9212534176584617,0.15896902624236217,-18.376242760679403,1.269295660988655e-74,-1.5297444032253211,0.17278735359188965,-8.85333545207515,9.402800500620171e-19,1.2409949142021224,0.279621400081201,4.438125672218729,9.137397525266837e-06,1.4808240071839243,0.1344523540935631,11.01374548007872,4.174111139344141e-28
2.9699999999999998,0.11374782473750822,0.11288710718302852,15461,-0.3700273899963918,0.058514021199723716,-6.3237388647994495,2.623277222693154e-10,-1.1923243084944122,0.5407777222474447,-2.2048325207243615,0.02748053415652663,3.3273937185934743,0.1438181749646428,23.136114190098034,1.8990002497079084e-116,0.6362944616759467,0.25216371892808737,2.523338664185099,0.011634588699261544,-1.5178120177928651,0.633875538115328,-2.3944953331149255,0.016655101192969885,-0.1495625300704554,0.08223426843135442,-1.8187372846309646,0.0689708776557106,0.5089562032501538,0.2694903734857585,1.8885876948663998,0.058965818217622756,2.247807097262489,0.13969763521368198,16.090516448787668,8.767533663918256e-58,-1.6435604232290781,0.19020807418866092,-8.640855180516082,6.119133196129368e-18,-2.2692681394606433,0.1715228779746535,-13.230119306859931,9.672366260729984e-40,1.3759582707922349,0.1485998918135286,9.259483664489231,2.3191562097845743e-20,0.1667973279965984,0.25463685847693324,0.6550400008634574,0.5124517554439969,-2.9603458820272817,0.16059540827806076,-18.43356490555216,4.507087245750332e-75,-1.5391704937037876,0.17455510832072163,-8.817676598016071,1.2915205747335978e-18,1.2221415526753625,0.2824821537301264,4.326438100733804,1.5249163966359346e-05,1.4614519610519685,0.13582791069426703,10.759585077779253,6.652499979207417e-27
3.024,0.11152357718421047,0.11066069946700507,15461,-0.33359967040871313,0.05901764564349385,-5.6525411471660325,1.608874622295788e-08,-1.3041288870602956,0.5454321430851539,-2.391001160444431,0.01681439810195651,3.2613701878688115,0.1450560038966757,22.483524295843047,3.5031261267610516e-110,0.48387610591326463,0.25433406733485125,1.9025217934182714,0.05712155262206036,-1.5287376271712214,0.639331242726932,-2.3911511357566617,0.016807533455813817,-0.1793515993251079,0.08294205071752177,-2.1623723765395075,0.030604786419380497,0.4581910774537347,0.2718098507096005,1.6857044594136599,0.09187293694067461,2.22972531967474,0.14089999906405473,15.824878172363094,5.7681326200565035e-56,-1.680980600741548,0.19184517643526408,-8.762172872815363,2.1114917534778517e-18,-2.3405361154085242,0.17299915856933334,-13.529176296371991,1.8122667154797638e-41,1.3274992575864977,0.14987887651368184,8.857147107486595,9.088473965022576e-19,0.09643268868722282,0.2568284929533282,0.3754750400873431,0.7073123622333626,-3.0112220869084094,0.16197763721238764,-18.590356908096194,2.6129393682300208e-76,-1.5573422146042475,0.1760574870247112,-8.845646049609131,1.0069944643066497e-18,1.099439295689072,0.28491344993282175,3.8588536130825095,0.00011438339979735629,1.4062825640769443,0.13699696820508772,10.265063398860812,1.2150176900386214e-24
3.078,0.11056560754532208,0.10970179945941583,15461,-0.30824552337951044,0.059467881852226616,-5.183395032388715,2.2062958082127232e-07,-1.3575305016315737,0.5495931579400513,-2.470064414047256,0.013519595940808747,3.240473507441188,0.14616261302240866,22.17033097885559,3.1063096686428274e-107,0.37728905957373365,0.2562743413830596,1.4722077034227565,0.14098517356450563,-1.4689858977550894,0.6442085988415522,-2.28029538940755,0.022603738986915006,-0.184529689538937,0.08357480239801336,-2.2079584305822233,0.027261810265019303,0.3875856806290082,0.27388344472280396,1.4151482614120094,0.15704519199298073,2.257467341463175,0.14197490269156066,15.900467608472358,1.7645004719629095e-56,-1.7220372128789943,0.19330873269814264,-8.908222555925638,5.754846235704643e-19,-2.380795890160474,0.17431894156675629,-13.657700469967212,3.19468901938296e-42,1.2930647919278535,0.15102227856564232,8.562079742200543,1.2117575276298334e-17,0.016794615789011487,0.2587877965768641,0.06489724790412679,0.9482566517273566,-3.067416109815899,0.16321333878067001,-18.793905772235725,6.261789351889389e-78,-1.5133943526867708,0.17740060152229475,-8.530942621953711,1.584811608838559e-17,1.0453648847974888,0.2870870092152373,3.641282437874955,0.00027216998785198793,1.3757092301688976,0.13804209623247699,9.965867425340042,2.5284105752429262e-23
3.132,0.10983081085493973,0.10896628914324169,15461,-0.2813666408981709,0.05974887934594532,-4.709153443181107,2.509108051476276e-06,-1.510496332708995,0.5521900942212166,-2.7354643781492123,0.006236343514043757,3.227373723933153,0.1468532602534086,21.976861244782903,1.9673612204341486e-105,0.3086485620204798,0.2574852882907029,1.1987036776719189,0.23066157896326853,-1.4902866127159364,0.6472526117787598,-2.3024806475795847,0.02132131214445926,-0.19414399740841862,0.08396970985528977,-2.3120717904468058,0.02078681366157114,0.3032942116485775,0.2751775981236161,1.1021762444206333,0.2704022318347825,2.2520427471744773,0.1426457621636774,15.787659675373982,1.0314679118398863e-55,-1.696972252380458,0.19422215466156645,-8.737274361606403,2.6298766610142442e-18,-2.4345419558578225,0.17514263301434602,-13.90033890639527,1.1550486984751443e-43,1.2598073084116903,0.15173588867669496,8.302632418728395,1.1018934096165693e-16,0.03822557556628229,0.2600106200570039,0.14701543943821152,0.883121752694798,-3.073297099774514,0.16398455406042042,-18.74138157330447,1.6460490325266549e-77,-1.5853985707974507,0.1782388544221681,-8.894797803414685,6.490876261866929e-19,1.0103891585105076,0.28844355206754774,3.502900831958603,0.0004615219171607687,1.3443981986045799,0.13869437241687835,9.693242596488897,3.725278090388361e-22
3.186,0.10797147492426207,0.10710514744765887,15461,-0.23373938164672334,0.06007529390228619,-3.890773835029516,0.00010034423011704558,-1.640906378033453,0.55520676811693,-2.9554869865849107,0.003126473465078355,3.182064603893121,0.1476555354143415,21.550594733640125,1.6263804955797082e-101,0.24064226319920667,0.25889195812387383,0.9295084518773075,0.3526401739327185,-1.4194453131692943,0.6507886224358129,-2.181115748238659,0.02918988732309976,-0.21941532231411365,0.08442844541465967,-2.598831723555763,0.009363051198631404,0.2905432732239682,0.27668092294894714,1.05010229880424,0.293687512238668,2.2018856554523047,0.14342505130985486,15.35216920156689,8.4053973453675e-53,-1.7351016039028426,0.1952832111891434,-8.885052603023276,7.082699321339943e-19,-2.516555687933826,0.1760994560623691,-14.290536405987183,4.926840274707261e-46,1.2079218035053316,0.15256483816203378,7.917432470399504,2.588638856549126e-15,-0.049404385196485205,0.26143108604931853,-0.18897670488644625,0.8501135576439917,-3.096750625496759,0.1648804193226033,-18.78179736696138,7.826382704471699e-78,-1.603193339431492,0.17921259246086932,-8.945762780489577,4.10644237398283e-19,0.9958923578226477,0.2900193502265789,3.4338824531694265,0.0005965640640982416,1.2588353769027072,0.13945207469573295,9.02701074651868,1.9688429716247831e-19
3.2399999999999998,0.10575211661534178,0.10488363372438869,15461,-0.20528845839764312,0.060440204469269565,-3.3965546642387805,0.0006841191862838166,-1.5271362378107936,0.5585792163129569,-2.733965377177908,0.006264791502636485,3.147476263059938,0.14855242765816337,21.187646090191482,3.090032859336516e-98,0.2272787270991761,0.2604645248994951,0.8725899513067111,0.38290018461501396,-1.4012375871987812,0.6547416558672539,-2.1401381363810406,0.0323592231028543,-0.21788563529550015,0.08494128238780706,-2.5651323969977717,0.010323001255024958,0.2601391827047314,0.27836154381500566,0.9345370741211849,0.35004153131359916,2.1768523644138247,0.14429624666144525,15.085994367693152,4.626809572257145e-51,-1.7392938517102583,0.19646940442580527,-8.852746598349288,9.45230830165975e-19,-2.51596243577705,0.177169122945093,-14.200908115105246,1.7480879124749294e-45,1.1445505100244477,0.15349155059203845,7.4567655718491075,9.337786256658833e-14,-0.1279959886758852,0.2630190760472119,-0.48664146570460126,0.6265193381822902,-3.1164270313621616,0.1658819393051327,-18.787018312039553,7.108906148458349e-78,-1.634460087117458,0.18030116921975833,-9.06516632249518,1.3909793184997878e-19,0.9745007589346346,0.2917809916377631,3.339836339114395,0.0008402624548563915,1.2407317719272408,0.14029913731230537,8.843473992041565,1.0266721338490309e-18
3.294,0.10431138402913087,0.10344150191585377,15461,-0.16975692274193604,0.060716912384475734,-2.795875417165316,0.005182326781404601,-1.4828143868305816,0.5611365089591465,-2.642519891605445,0.00823746252373209,3.129781676352567,0.1492325317861533,20.97251610551961,2.562577992575417e-96,0.21457617813019486,0.2616569860485428,0.8200666887234821,0.4121907460267882,-1.3694533022388709,0.6577392003028584,-2.082061251037343,0.037353296691094634,-0.2307674131565769,0.08533016136945278,-2.704406149631272,0.0068501567571194084,0.24779393770218985,0.27963594126516295,0.8861305044733891,0.3755610033565119,2.1139600716167863,0.14495686510137898,14.583373268581235,7.453385297256394e-48,-1.7792069735785951,0.19736888250960466,-9.01462758949356,2.2031772192925607e-19,-2.523038733297091,0.1779802402978473,-14.175948572014642,2.4838809920422305e-45,1.0994143019367342,0.15419426705931447,7.13005952104444,1.0477249675941306e-12,-0.20603431555299645,0.2642232324664623,-0.7797736543819941,0.4355360648643998,-3.147947464757312,0.1666413815670929,-18.890550685274356,1.0506338266584915e-78,-1.6538454657422947,0.1811266257363623,-9.130879896970747,7.620919531022909e-20,0.9849996936947203,0.2931168261307441,3.360433813019535,0.0007800867383342237,1.2201277083580586,0.1409414561484478,8.656982421644265,5.31642290291654e-18
3.348,0.10287577487508537,0.10200449851530069,15461,-0.11936575758235367,0.060925649974696905,-1.9592036791060512,0.050106901339943645,-1.5089448997892572,0.563065630155619,-2.6798739240614244,0.0073727995748318195,3.0731888340561095,0.14974557564566965,20.52273545181687,2.2944288057287125e-92,0.16473246801123576,0.26255653193431605,0.6274171386924283,0.5303951112778286,-1.5314198711978717,0.6600004301690253,-2.3203316258531483,0.020335906378897574,-0.2667615297990507,0.0856235164093905,-3.1155171030770052,0.0018395902706145131,0.1762069588983316,0.2805972966804268,0.627970978277151,0.5300322366553155,2.0566657331280673,0.14545520972265477,14.139512342318943,4.143675789888578e-45,-1.8008593639473252,0.19804741347077773,-9.09307186792947,1.0778932082478917e-19,-2.5661936036220876,0.1785921153917504,-14.369019584056208,1.6151931393734663e-46,1.028513580913543,0.15472436878003556,6.647392321087656,3.083278313857886e-11,-0.22316632697081,0.26513160080502757,-0.8417190794805407,0.3999582482371685,-3.218185619395477,0.16721427500079025,-19.245878495602533,1.3763357890567505e-81,-1.6343814388084774,0.18174931773264977,-8.992503846493802,2.692419605507844e-19,0.8578959988203181,0.29412452723966037,2.9167781649208804,0.003541763354271397,1.1810528654884984,0.14142599626689778,8.351030904244979,7.33590250553039e-17
3.402,0.10177949251369689,0.10090715145754303,15461,-0.07759788388542047,0.06114412052766029,-1.2690980459898322,0.20442522129046115,-1.502132104042363,0.5650847019197422,-2.6582423819636647,0.007863029492741633,3.03926791750546,0.15028254158249124,20.223692556045723,8.780658956159781e-90,0.13296236800149835,0.2634980216146011,0.5046048057088356,0.613843632646187,-1.449802873507414,0.662367096080591,-2.188820794520588,0.02862478676680507,-0.2806622908827658,0.08593054993278168,-3.2661526209515834,0.0010925711661288527,0.1340215176271297,0.2816034779290678,0.47592280682303195,0.6341361047805492,2.0126266998468085,0.14597679102893069,13.787306089280538,5.461650840304061e-43,-1.857824067547329,0.1987575827993265,-9.347185860189603,1.0208740739713189e-20,-2.5773320458833453,0.1792325208403708,-14.379823671502031,1.3846780493680389e-46,1.0002030093272878,0.15527918794763282,6.441320453482804,1.2194088863685327e-10,-0.26355194695532685,0.26608232430916734,-0.9904902463536045,0.3219500708859816,-3.2783515029214683,0.16781388116236529,-19.535639603910706,5.626698651779635e-84,-1.6594134400366904,0.18240104445140057,-9.097609309352553,1.034040420293054e-19,0.7776380624293777,0.29517921517705337,2.634460769749447,0.008435510986478965,1.104995879805672,0.14193312939753583,7.78532738970847,7.392521013756473e-15
3.456,0.10039573724805606,0.09952205230527322,15461,-0.03785109160627161,0.06136107778194934,-0.6168583241118739,0.537337270453791,-1.5860688516361288,0.5670897880066996,-2.796856662171795,0.005166622714124425,2.996829288631501,0.1508157880714087,19.870792885507143,8.820682261401131e-87,0.009795226520879401,0.2644329897977519,0.03704237708150995,0.9704516956094069,-1.492605300181728,0.6647173686048651,-2.2454735962661343,0.02475182977243053,-0.2854708017345539,0.08623545670079269,-3.310364583851387,0.0009338799177327884,0.07900889815641314,0.28260268957595214,0.27957588894488833,0.779806651225672,1.9703561668829686,0.14649475945333934,13.450011278461842,5.237186568348229e-41,-1.81930859230259,0.19946283293721612,-9.121040574387331,8.341613306446002e-20,-2.6759690277199133,0.17986849033776905,-14.877364138069987,1.0213850999020275e-49,0.9341161773761901,0.15583016400182453,5.994450325838411,2.0871992771948913e-09,-0.31582871595413853,0.2670264623554551,-1.1827618625067946,0.2369217455958725,-3.295061477673631,0.16840933398063107,-19.565788901300444,3.160786161374798e-84,-1.6806508606346675,0.1830482567989186,-9.181463347563529,4.782084539435026e-20,0.717885200017557,0.29622659751725794,2.4234326223043947,0.015386018442391416,1.0623522525300406,0.14243674972572112,7.45841402991662,9.222137605778761e-14
3.51,0.10014659367917977,0.099272666771131,15461,-0.004381344557136068,0.061521751877027415,-0.07121618652690037,0.9432266212086635,-1.6044426186180087,0.5685747136600557,-2.8218676984240396,0.004780583489261741,2.978008400176778,0.15121069948997878,19.6944290994047,2.673247496046184e-85,-0.08746753810329914,0.2651254080681012,-0.3299100555493794,0.7414723995085695,-1.4102958830109513,0.6664579322576548,-2.1161063808386427,0.03435171609970356,-0.2978577358821865,0.08646126440283929,-3.444984733214302,0.0005726089159685833,0.1259695611262224,0.28334268523860334,0.4445837767794966,0.6566268031285336,1.9291710982763601,0.14687835625052223,13.134481808782503,3.38880174495178e-39,-1.854125504679636,0.19998512673227922,-9.271316997297305,2.07700500536239e-20,-2.7382401351359107,0.18033947631068137,-15.183808842932338,1.0690573684447333e-51,0.9452993636027084,0.15623820557299503,6.050372635399101,1.478479066430765e-09,-0.37000447237320433,0.2677256716384688,-1.382028365486186,0.16698297855381172,-3.3271455052794012,0.16885031413153706,-19.704704266570108,2.193136712262174e-85,-1.687880350020928,0.1835275689961603,-9.196876301762822,4.1469942540028414e-20,0.6679714751120303,0.29700226740792185,2.249045035722221,0.024523662121458165,1.0095197376376797,0.1428097206169654,7.068984753113168,1.6275493278483531e-12
3.564,0.09950828350283047,0.09863373667554276,15461,0.01920321545730946,0.061751401661030325,0.3109761874349178,0.7558229210905166,-1.6255331155596744,0.5706971021844031,-2.8483290161064,0.004400750850693596,2.9589519988592174,0.15177514220198435,19.495629889915737,1.2079830554297321e-83,-0.12053223432451936,0.26611507417543545,-0.4529327573719439,0.6506035244983963,-1.527047024053001,0.6689457014696877,-2.282766778675828,0.022457636663661962,-0.28507877604221904,0.08678400896210377,-3.2849228729074413,0.0010223741980416193,0.1272277842149743,0.28440035320933854,0.4473545225217275,0.6546253796430951,1.9228540354417627,0.147426627093899,13.042786593883465,1.118221799518077e-38,-1.865383191794936,0.20073163572717362,-9.292920794658844,1.6976533816791794e-20,-2.7648254283383773,0.1810126515782636,-15.274210969408195,2.7379150285504907e-52,0.9486813128952519,0.1568214150731822,6.049437268835642,1.487067655766516e-09,-0.3669834629869625,0.2687250440683486,-1.3656466752448368,0.17206977596743114,-3.351883696348432,0.16948060239521717,-19.77738837942096,5.391363893724268e-86,-1.6800576480184066,0.18421264484807673,-9.12020805848577,8.405596585785714e-20,0.6199099407840849,0.2981109241752866,2.079460665519199,0.03759148591920688,0.9885921881651833,0.1433428039654168,6.89669910743265,5.528999541019607e-12
3.618,0.0993357157366147,0.09846100131356827,15461,0.03913748656561514,0.061922680444404174,0.6320379913261961,0.5273714075809748,-1.7468656379789127,0.5722800347609571,-3.0524665056829794,0.0022735475088890606,2.931124846600738,0.1521961182608833,19.258867309456743,1.0774148389827201e-81,-0.10816653459749703,0.2668531929049893,-0.40534097951006626,0.6852325023439167,-1.5398247558658147,0.6708011444686958,-2.295501086369529,0.021717759783574785,-0.2916141641579023,0.08702472025077909,-3.350934807001481,0.0008073230726268125,0.07193606624947757,0.2851891894977224,0.252239807463151,0.8008590670839238,1.9166636570503912,0.14783554175245464,12.964836698469819,3.065676709991431e-38,-1.8633351630705304,0.20128840155640482,-9.257041879526222,2.3724941806669593e-20,-2.8485745133761093,0.18151472320584844,-15.693352379716643,4.472017692369456e-55,0.9418882716349197,0.15725638789093524,5.989507226174901,2.1514796224769506e-09,-0.34094092018537414,0.26947040202577216,-1.265225856429184,0.2058094637242359,-3.3715909516794422,0.16995068777956301,-19.83864258350406,1.6463045760561217e-86,-1.6629907745795032,0.18472359224105825,-9.00259005579187,2.4573248445867436e-19,0.5730155195540397,0.29893778923469816,1.9168386874774177,0.05527685903003662,0.9639878995990958,0.14374039139514613,6.7064510555635515,2.0633614786256827e-11
3.672,0.09817270755435015,0.09729686363161227,15461,0.04506233218235905,0.06201532341230741,0.726632220923258,0.4674622965590526,-1.8461552019236904,0.5731362270399659,-3.2211455406655953,0.0012794369891932574,2.9164515610584543,0.1524238199688496,19.133830668031287,1.1304549392004512e-80,-0.17886979793603044,0.2672524338875784,-0.6692915582997956,0.503319514969343,-1.5371878237198908,0.6718047348890469,-2.2881467543895293,0.022142422331994406,-0.2669124483147562,0.08715491856110935,-3.0625058541889225,0.0021986968038682476,0.09691229262528644,0.28561586309678777,0.33930990938148764,0.734380891671047,1.9196865060669275,0.14805671957052127,12.96588572025302,3.0244665174689885e-38,-1.8593833243234545,0.2015895505827527,-9.22360965113703,3.237126589930669e-20,-2.884010548912099,0.18178628868969443,-15.864840905768462,3.085798835413703e-56,0.9351460630010464,0.1574916603047165,5.9377497271393045,2.951570408576045e-09,-0.3488998421079931,0.26987355863376433,-1.2928270701075701,0.19609021419851352,-3.3195822339199412,0.17020495222677523,-19.50344094275849,1.0407180292270267e-83,-1.6521676869081185,0.18499995853696374,-8.93063814702428,4.705311057488239e-19,0.579896549203621,0.299385032212786,1.9369590554262017,0.052768561777152716,0.9401788679922087,0.1439554424292882,6.531040800725755,6.735455078779002e-11
3.726,0.09752546571171994,0.09664899319541531,15461,0.07277134406242183,0.062272431268507414,1.1685964813007703,0.24258428315161307,-1.9182962412848603,0.5755123789091596,-3.3331971849516884,0.0008605584503119539,2.8670730467909955,0.15305575026332627,18.732213862323444,1.948012138025862e-77,-0.21294513964251177,0.2683604294048191,-0.7935042439557515,0.4274962876416759,-1.5906985868832382,0.6745899541811237,-2.358022939748884,0.018384951594834265,-0.2748358683756587,0.08751625206766146,-3.140398061872837,0.0016903660864077358,0.08321053816441148,0.2867999911189752,0.29013438194247604,0.7717173285189884,1.8883801685005008,0.14867054440719427,12.701777450470686,8.828826943512044e-37,-1.8978423212537519,0.2024253159118805,-9.375518633647175,7.819054120079096e-21,-2.9485814133936,0.18253995214575386,-16.153074320076666,3.2394862393297674e-58,0.8998259175747607,0.1581446012380583,5.689893366769027,1.2942446724919457e-08,-0.3795150242878439,0.27099242100982707,-1.4004636102870252,0.1613946216929131,-3.3673056409817304,0.17091060089510043,-19.70214617084213,2.303952606474992e-85,-1.6517636751671243,0.18576694547050426,-8.89159086393757,6.680029184598369e-19,0.5436388673525575,0.3006262455061335,1.8083546446095837,0.07057076312584203,0.9091070093141672,0.14455226387848463,6.2891232895417835,3.2785220808250423e-10
3.78,0.09775651154945253,0.09688026342211298,15461,0.09419176763177153,0.0625178593777022,1.5066377603031982,0.13192398439281974,-2.0801428479619974,0.5777805883253753,-3.6002297238663403,0.00031893205916968355,2.8538541820129537,0.15365897359383265,18.57264899840186,3.608337858533801e-76,-0.20163410645651955,0.2694180915424597,-0.7484059637648441,0.45422672242283757,-1.7681899784661368,0.6772486481419006,-2.6108431272876556,0.009040656884822104,-0.27959944087038474,0.08786117112463818,-3.1822867518320503,0.0014640641741777494,0.07655629003490874,0.2879303272581555,0.2658847741532594,0.7903315005454441,1.8886428600252336,0.1492564847641636,12.653673728209737,1.6204622493045313e-36,-1.9417579537033847,0.20322311457696227,-9.554808554850807,1.4203601367825416e-21,-3.0293339868592843,0.18325937861417724,-16.53030807900453,7.394972976855047e-61,0.832052615470173,0.1587678807482779,5.240686035164565,1.620855550455638e-07,-0.4706769917204937,0.27206045635291143,-1.7300455863013802,0.08364210743394523,-3.391411218744084,0.17158419376379966,-19.765289239943932,6.812119719129915e-86,-1.6311020541193524,0.1864990901651787,-8.745898184675948,2.4374801940451002e-18,0.5330328104324233,0.3018110736797881,1.7661141585479203,0.07739645024769974,0.9000461310838958,0.14512197326803059,6.20199760805051,5.717021921584296e-10
3.834,0.09732194824148177,0.09644527807143455,15461,0.11468387829340639,0.06267583215066297,1.8297942661171878,0.06729997321007161,-2.0952445282868815,0.579240548768826,-3.6172269581960674,0.00029872554601522447,2.809565479708636,0.1540472455914753,18.238336355324694,1.5132734759681722e-73,-0.23106102961130426,0.2700988685785004,-0.8554683358258853,0.39230519689002663,-1.8164867583848017,0.6789599486885898,-2.675396040507755,0.007471969878602046,-0.2655474465648544,0.0880831824503025,-3.0147349264393255,0.0025762156499362266,0.08386972961109114,0.28865788179487867,0.2905506306967543,0.7713989237272179,1.8805428602331813,0.149633632366709,12.567648265227643,4.7738927883512156e-36,-1.9718250661662686,0.2037366273436981,-9.678304249337817,4.307937007365438e-22,-3.1081516208992026,0.1837224461679757,-16.917647711142756,1.2470230083490424e-63,0.7716639062682135,0.15916906214873794,4.848077232164128,1.2587661867254514e-06,-0.6273978682806194,0.27274791022818556,-2.3002847858879196,0.021445354670496648,-3.4005959644008015,0.1720177599664002,-19.768865523333353,6.3571452943158384e-86,-1.6480880803970355,0.18697034395923554,-8.81470315290409,1.3260848454212107e-18,0.4994481744744191,0.30257370267403144,1.6506661684756005,0.09882709155461467,0.8693855234485185,0.14548867361194648,5.975623406722232,2.3425156974039075e-09
3.888,0.09683362702032827,0.09595648259852863,15461,0.14135345768919272,0.06287038501906457,2.248331351022095,0.02456911084040259,-2.2994280416131305,0.581038576914453,-3.957444708446059,7.609472070690913e-05,2.7848402362685194,0.15452542565659425,18.021890083366216,7.140097917577795e-72,-0.18849652341297282,0.2709372860008276,-0.6957201284300052,0.4866145853514704,-1.9238021749996204,0.6810675171246918,-2.824686432149142,0.004738755689536834,-0.2750636605448988,0.08835660260629587,-3.1131081597890575,0.0018546628109960446,0.0378921110310996,0.28955390849229734,0.130863752550961,0.8958847936784291,1.8571375685301947,0.15009811207742613,12.372824300229805,5.371632910110908e-35,-1.9791210263186687,0.20436904886708374,-9.684054592854896,4.073678799401681e-22,-3.1567125932123465,0.18429274141041962,-17.128795030414967,3.6169527616418515e-65,0.7325212620688288,0.15966314091146405,4.587917147859596,4.5121137619347074e-06,-0.7095816682057001,0.27359455057526344,-2.5935519063289987,0.009507982073796929,-3.4244867215049144,0.17255172253967777,-19.84614625169832,1.4232979195079758e-86,-1.6508925406362418,0.18755072104359338,-8.802379065514316,1.4793512643058907e-18,0.42433382578927503,0.303512925652621,1.398074974490335,0.16211062999656983,0.8282091049882752,0.1459402869021076,5.674986136924708,1.4118996529668627e-08
3.942,0.0949134373105065,0.09403442802333628,15461,0.15250942392173047,0.06305990378158795,2.418484881454255,0.015596780398278911,-2.2942488075118153,0.582790080615946,-3.936664133142148,8.298444362765779e-05,2.723690122697959,0.15499123268863255,17.573188337495694,1.8316433496194655e-68,-0.1658840923045532,0.27175400915511955,-0.6104200369307712,0.5415925799923906,-1.842065524893323,0.6831205516814423,-2.6965453174542002,0.0070138830906701765,-0.28340287615167675,0.08862294794491017,-3.1978497976375797,0.0013873552602286271,0.02790707756439583,0.29042675026676124,0.0960899005989041,0.9234504190189782,1.853557732847583,0.15055057325528248,12.311861009685964,1.1370716625581282e-34,-1.9272671404403163,0.20498510631969238,-9.401986198131747,6.0905226675087046e-21,-3.1512216431962385,0.18484828011570278,-17.047611377416022,1.4179590299998633e-64,0.7450073612189353,0.16014443525818964,4.652096465405196,3.313034653452202e-06,-0.7297340374305488,0.2744192838839976,-2.6591937239331243,0.007840870238612031,-3.428747802602908,0.17307186869302296,-19.811121405781247,2.806518256359418e-86,-1.6518886484409414,0.1881160807205187,-8.781219777245562,1.7843276159705525e-18,0.3639306346991749,0.3044278459932884,1.1954577726348934,0.23192657954429677,0.7944120172738618,0.14638021458137357,5.427045038468937,5.815843814750007e-08
3.996,0.09557823006135513,0.09469986641298478,15461,0.15906997649915086,0.06311834222922248,2.5201862229123115,0.011739271286167472,-2.359787415677513,0.5833301598987493,-4.045371862972266,5.249414857586442e-05,2.7061463979813194,0.15513486511577132,17.443831184961706,1.6999496864961256e-67,-0.11248101231618012,0.2720058471929398,-0.41352424397110416,0.6792283049878599,-1.8589573543280544,0.6837536085399776,-2.7187532630321254,0.006560164125132066,-0.28079534698683617,0.08870507600397977,-3.1654935617690945,0.0015512074977314467,0.06870260307406405,0.2906958925809632,0.23633840321610097,0.8131732233749419,1.8766046733055521,0.150690090464538,12.453404650036857,1.9826086492064513e-35,-1.933948773974616,0.20517506873135438,-9.425846843540373,4.85946010158823e-21,-3.185694893902225,0.185019581463946,-17.218149931460136,7.983411209871844e-66,0.7558464808015013,0.16029284322636878,4.7154100307153435,2.4333285201558767e-06,-0.7604886749226044,0.27467359186719253,-2.768699640008743,0.005634759105012915,-3.4711726534720704,0.17323225668490222,-20.03768074086744,3.4046657966021697e-88,-1.6445098894200452,0.18829041038284225,-8.73390145614075,2.7091396143920027e-18,0.30861409025276965,0.3047099633082496,1.0128126002252527,0.3111655468021124,0.7574145779443859,0.14651586706403788,5.169505481705553,2.3764244406289071e-07
4.05,0.09534634505482575,0.09446775620249948,15461,0.1658482169724369,0.06342939994332092,2.6146899879335943,0.00893952076442867,-2.346314698611254,0.5862049081841814,-4.00255041514265,6.295594738850527e-05,2.7168180307146113,0.15589939559638236,17.426738701080986,2.2791755474667117e-67,-0.08321647064393499,0.27334633735888825,-0.30443601859818037,0.760799831931542,-1.8761992001946903,0.6871232603237111,-2.7305132987504934,0.006330749733913282,-0.2796382372412767,0.08914222940814429,-3.136989495303425,0.0017101287791876471,-0.008557516628553438,0.2921284904067371,-0.029293673536047834,0.9766307510105958,1.8958815312755444,0.15143271635459954,12.519629687128438,8.698563411989226e-36,-1.9064503952113903,0.2061862056784844,-9.246255776122123,2.6229896011398212e-20,-3.2058510997997383,0.18593138880933885,-17.242118828505824,5.316479789218425e-66,0.7462824117143945,0.16108279308308807,4.632912041259768,3.6350206275461193e-06,-0.7234803006125882,0.2760272291236834,-2.621046854360909,0.00877460846708841,-3.4932399802962273,0.17408597412850724,-20.066177058684683,1.9481117318356908e-88,-1.6420141618763786,0.18921833691848605,-8.677880741461896,4.429131574490868e-18,0.25174658597752697,0.30621162481110514,0.822132687264318,0.41101407504390886,0.7568397686945196,0.14723792168522198,5.1402502835686406,2.777210616144899e-07
4.104,0.0947653591689881,0.0938862060700909,15461,0.17647498856740376,0.06386467575858909,2.763264456778673,0.005729412364677997,-2.38927439400803,0.590227661348362,-4.0480556071360425,5.189663183887993e-05,2.699807004741414,0.15696923444995292,17.199593373835327,1.093256809852721e-65,-0.10366346429642738,0.275222140219246,-0.3766537975972701,0.7064360765694987,-1.8209690598378794,0.6918385522481875,-2.6320722572057997,0.008495019971029699,-0.26996273475638277,0.08975395609348458,-3.0078087530225304,0.0026356236693127967,-0.029174959331479396,0.29413318329266186,-0.09918962221426876,0.920989001769719,1.890763200217644,0.15247190321634538,12.400731940328724,3.80624863671125e-35,-1.9172657966517312,0.20760113107355274,-9.235334059776616,2.9032603632609354e-20,-3.217160029462087,0.18720731821936396,-17.18501210349221,1.3992913884319e-65,0.755836309309107,0.1621882023120508,4.660242228068319,3.184756509819954e-06,-0.791846846253069,0.27792142924697616,-2.849175208973867,0.004389068856565418,-3.5373546522763597,0.17528061595679587,-20.18109437239921,2.034886502897781e-89,-1.6740610557246485,0.190516822572449,-8.786946124340504,1.696145337813326e-18,0.22703575929745093,0.30831296133255015,0.7363808459955317,0.46151014187988004,0.7403608006687219,0.14824832232683602,4.994058543451734,5.976858010495892e-07
4.158,0.09460998469991089,0.09373068070318036,15461,0.18274082631821534,0.06429906160219546,2.8420449966874126,0.004488389579266827,-2.377306347998493,0.5942421895292265,-4.0005681015039585,6.348514457857381e-05,2.7141225128750976,0.15803688589446244,17.17398123554268,1.6863108054327487e-65,-0.10582433679124445,0.2770941077840733,-0.38190756792890196,0.7025351807918853,-1.9657325238209786,0.696544203213891,-2.822121718551367,0.004776800375690183,-0.26894157045847294,0.090364432032986,-2.9761883565018192,0.002923076942487496,-0.03292378643711054,0.2961337773525171,-0.11117876093519087,0.9114760381710602,1.8727260160423504,0.1535089653405666,12.1994569625795,4.4894889298262055e-34,-1.943646004779048,0.2090131634902819,-9.299155958994985,1.6015225952065918e-20,-3.235654233529519,0.1884806388443899,-17.167037704073593,1.8963444566326865e-65,0.7330406872436704,0.16329135140421303,4.489158065873888,7.202253176967881e-06,-0.7916274670973927,0.2798117564594102,-2.82914298210421,0.004673299583708874,-3.5958078231560195,0.17647281520193175,-20.375987196903164,4.291562076117993e-91,-1.6787083106732705,0.1918126533225677,-8.751812154176392,2.3136432722933928e-18,0.19763585514265739,0.3104100014288543,0.6366929359006345,0.5243343117241769,0.7258170859797041,0.14925665708767621,4.862879151536572,1.1682927764343813e-06
4.212,0.09429519371199724,0.09341558399400951,15461,0.18486758506191095,0.0647836540948914,2.8536146601290424,0.004328239999994861,-2.3925882168450423,0.5987207199574096,-3.996167390056654,6.46750461170964e-05,2.7505075149690654,0.1592279373120913,17.2740259115333,3.0918602540664333e-66,-0.0547684489101474,0.2791824387963233,-0.1961744053325057,0.8444762413142222,-2.1438998436466434,0.7017937369286535,-3.0548859740887067,0.0022552980858827018,-0.2689642237308166,0.09104546724996687,-2.95417478601511,0.003139791137896624,-0.05820282984479998,0.29836560160877995,-0.19507218503397092,0.8453390032857531,1.8572680115039018,0.15466589190079838,12.008258502754702,4.513557922300877e-33,-1.9444555515871078,0.2105883996971282,-9.233440941588695,2.9547661192625125e-20,-3.2442073950759935,0.1899011308442204,-17.083665487686222,7.735694298357524e-65,0.6941821828431851,0.1645220033148461,4.219388099199882,2.463644452069501e-05,-0.7661870839114716,0.28192056914142394,-2.7177409801805488,0.006580257027104748,-3.6392819857148293,0.17780280975054352,-20.46807916489466,6.845630441172865e-92,-1.690471314823029,0.1932582571850202,-8.747213906646264,2.409375281063233e-18,0.07746175726372707,0.3127494190284576,0.24767993975611094,0.8043853465215722,0.7259042673015508,0.1503815359538261,4.827083742012291,1.39872271483177e-06
4.266,0.09426806486821826,0.09338842880302056,15461,0.19387412260100323,0.06509925924458447,2.9781310087200628,0.0029046235627329013,-2.443059295527625,0.601637494953919,-4.060683245339862,4.917067088374198e-05,2.7162124379483057,0.16000364466748518,16.97594103929981,4.712128768350578e-64,-0.045370012180527164,0.28054252594514223,-0.16172240564127127,0.8715265750499327,-2.2248750129420936,0.7052126505495585,-3.1548994635990883,0.0016086139258985718,-0.261879166797902,0.0914890115162136,-2.862411151436389,0.0042099640923326,-0.09942414383523365,0.2998191429638426,-0.33161372837098646,0.74018545128883,1.8471521990987072,0.15541937443659765,11.884954535396366,1.9623915715165427e-32,-1.9867463879596838,0.21161431872467618,-9.388525313093622,6.91627623842174e-21,-3.288927032223431,0.19082626814411988,-17.235190229363486,5.979805732099623e-66,0.6662404992855858,0.16532350165897977,4.029920081537289,5.606321093257436e-05,-0.7656115305161008,0.2832939955816045,-2.702533560389429,0.006888844543403601,-3.6842078629018986,0.17866900791690465,-20.620296188219445,3.238230165808775e-93,-1.7291232943775334,0.19419974932590744,-8.903838961582315,5.985628107860647e-19,0.06021280759486282,0.3142730337208971,0.1915939362724237,0.8480628112544065,0.7276936515837018,0.1511141464838876,4.815523023592576,1.4820638044446901e-06
4.32,0.09319062437423165,0.09230994191166197,15461,0.2059604320375541,0.06532326208350954,3.1529416239846286,0.001619434641373083,-2.590942932037928,0.603707695267061,-4.291717585100149,1.7837611643166188e-05,2.68127365351578,0.16055420808494614,16.700114469109213,4.579517927888673e-62,-0.06457932884682874,0.2815078567796271,-0.22940506735974833,0.8185571356462745,-2.4310611335556604,0.70763924706697,-3.43545265985733,0.0005931203339544934,-0.2820520241395227,0.09180381998789042,-3.0723342904110895,0.0021276132252091963,-0.07489862791223184,0.3008508035382841,-0.24895605074460367,0.8033980879416028,1.8512080831448863,0.1559541636416016,11.87020621904747,2.337229124596252e-32,-1.985225339527385,0.21234247152858793,-9.349167527515151,1.0020343139956498e-20,-3.293250809765059,0.19148289045137473,-17.198668779241917,1.11050727001835e-65,0.6161768559015534,0.16589237040099586,3.71431702622687,0.00020447075541898236,-0.7512083985489042,0.2842687940662122,-2.6425988860878338,0.008235542046961872,-3.6720905001533346,0.17928379778495745,-20.4819986274378,5.183506718941427e-92,-1.7259262009278542,0.19486797958954383,-8.856899961518684,9.108536241690909e-19,0.10301610126211162,0.31535442930923374,0.326667684635864,0.7439236708470369,0.733654714569008,0.151634121645002,4.838322051857184,1.322037818132928e-06
4.374,0.09350988816489225,0.09262951576751266,15461,0.20736591514029584,0.0655042731371699,3.165685308896705,0.0015501860794523013,-2.628731714088519,0.6053805720116954,-4.342279609920707,1.4191001362809801e-05,2.6778826499755084,0.16099910451920424,16.632904002618762,1.3817012313842522e-61,-0.09973341984159534,0.28228791631958405,-0.3533038932091059,0.7238654490165006,-2.5913860148494354,0.7096001186100853,-3.6518962538017323,0.00026117119808275954,-0.2754167045874653,0.09205820878685778,-2.991766928956191,0.0027780590155216376,-0.1449792747750077,0.30168446247089237,-0.48056593166111705,0.6308318400778177,1.8807905305484947,0.15638631333197375,12.026567354113592,3.624114497714159e-33,-1.9889165959269546,0.21293087347426995,-9.340667999313357,1.0853448481857336e-20,-3.2975424948537393,0.1920134904038729,-17.17349384107247,1.700265449851565e-65,0.6052676786113743,0.16635205890709204,3.638474225013455,0.00027515186721069134,-0.7286386797845347,0.28505650417583445,-2.5561201695474405,0.010594139489667535,-3.6974168526614535,0.17978059399669286,-20.56627342509208,9.586381999170351e-93,-1.731387502727121,0.19540795963930122,-8.860373476715314,8.83054075343027e-19,0.0817831348493203,0.3162282778542245,0.2586205617165611,0.7959314631417046,0.747782261862336,0.15205430047953014,4.917863286365939,8.839349255988967e-07
4.428,0.09259455704106323,0.09171329568500075,15461,0.22271180944948005,0.06564223016010616,3.3928129636404765,0.0006935250242258856,-2.7187557244637333,0.6066555499247134,-4.4815476011076365,7.463632627292204e-06,2.6553967438238053,0.16133818098080183,16.458576188731048,2.3753714763142344e-60,-0.1109518861524399,0.2828824363208179,-0.39221907020982033,0.6949017667156095,-2.5991238091663966,0.7110945908811336,-3.6551027704285626,0.0002579312437711681,-0.2770961311184203,0.09225209043476928,-3.003684033743959,0.0026715950621178826,-0.18855445991588743,0.30231983308589727,-0.6236919952992763,0.532839091642917,1.8419767451215985,0.15671567490156293,11.753621622588746,9.238409250390445e-32,-1.9897027622690775,0.2133793222240823,-9.324721540635379,1.2605505598543901e-20,-3.290671386243984,0.19241788554072523,-17.101691856745376,5.711139547798667e-65,0.6117731984928745,0.16670240910116385,3.6698521742515315,0.00024350759984462513,-0.7253370685692192,0.2856568550354245,-2.5391901359386937,0.01112066547631613,-3.7153168133673864,0.18015922571553597,-20.622406643963487,3.1036333792979707e-93,-1.7519843491688087,0.1958195037886949,-8.94693488274458,4.063309631111176e-19,0.036850964795533785,0.31689427885983334,0.11628788291199624,0.9074259003845089,0.7108046117418327,0.15237453849781768,4.664851613329171,3.11429383013058e-06
4.482,0.09255681674623784,0.09167551873725066,15461,0.22572352878641383,0.06583699736304033,3.4285210113961067,0.0006084633967638673,-2.7088869899822683,0.6084555589176305,-4.452070410534261,8.564226929116384e-06,2.6553635289785693,0.16181688784617604,16.409681117478737,5.247723247464045e-60,-0.141324787154597,0.28372177740881904,-0.49811046739270903,0.6184132755377346,-2.686808568643621,0.7132044811781226,-3.7672345583209976,0.00016567897219856386,-0.2793585552558691,0.09252581181161747,-3.019249977775316,0.002538150643252695,-0.23922448295643395,0.30321684691583645,-0.7889551170711673,0.4301503497388913,1.8435031298236546,0.15718066631916205,11.72856161635263,1.239241055450267e-31,-1.9713788079932224,0.21401244047207912,-9.211515011205229,3.621306978806712e-20,-3.345424823677292,0.19298880906464977,-17.334812520432727,1.0979872581360897e-66,0.5709852451744981,0.16719703217938392,3.41504414122551,0.0006393568586204377,-0.7268489446307889,0.2865044281071881,-2.536955360281054,0.011191876389797661,-3.7239572727657952,0.18069377654340724,-20.60921711861618,4.046384961866193e-93,-1.7528397269432192,0.1964005202614725,-8.924822218442312,4.957893959828173e-19,-0.0069222127540403,0.31783453655931776,-0.021779296954245252,0.9826242902499898,0.7023519200559176,0.15282664932021384,4.595742451856661,4.346248849773819e-06
4.536,0.09276670633057116,0.09188561216384783,15461,0.23648208834365536,0.06604751545269023,3.5804842426366097,0.0003440104037291513,-2.809530967452542,0.6104011352201747,-4.6027617010232635,4.202453300774222e-06,2.6215424245172136,0.16233430789063258,16.149035028894765,3.454971049921024e-58,-0.18452632182147272,0.28462899628216504,-0.6483047202911955,0.5167975194542832,-2.7930898430819244,0.7154849989860573,-3.903771353753223,9.510759394192171e-05,-0.29411028116419097,0.09282166912477044,-3.1685519549195926,0.0015349894054521637,-0.23138548394049704,0.30418640254442014,-0.7606700431216941,0.44686578426818246,1.8610387111195212,0.15768326174314454,11.802385938407518,5.207449992007333e-32,-1.980419761927745,0.21469675919762884,-9.224264815775651,3.2175073045764675e-20,-3.3886589398344427,0.19360590335866915,-17.5028699076221,6.161285935968137e-68,0.5456615537829028,0.16773165558596861,3.2531817078692775,0.0011436562356215388,-0.7009891854642821,0.28742054468748685,-2.4388972828176554,0.014743338652616386,-3.7631988461411807,0.18127155666967557,-20.760007335286023,1.931673590591326e-94,-1.7665105859287784,0.19702852372438412,-8.965760655040407,3.428823351464148e-19,-0.008468963583790404,0.318850833203168,-0.02656089525848622,0.978810306460383,0.6795052798423262,0.1533153224910919,4.4320767735515,9.397263829412205e-06
4.59,0.09291605014507343,0.09203510101928347,15461,0.2641831458043064,0.0662410404564671,3.9882094843894356,6.688056242775729e-05,-2.88464760678657,0.6121896639966056,-4.712016187850184,2.474157618997614e-06,2.6072296179454204,0.16280996162767822,16.013944060178336,2.9509100645869114e-57,-0.24877404282476942,0.28546298416502447,-0.871475661029854,0.38350803546658585,-2.7308384114529005,0.71758143268507,-3.805614648130678,0.00014199830191305757,-0.3040828027737237,0.09309364474330546,-3.266418493036721,0.0010915464728151467,-0.3035966899136527,0.305077695340187,-0.9951454811375742,0.31968110321765814,1.8462344595232358,0.15814528750770565,11.674293231363457,2.336065724918243e-31,-1.9551425868563777,0.2153258395021615,-9.079925527640873,1.215594733797287e-19,-3.441271480678669,0.19417318560875696,-17.722691574997118,1.3679008092323535e-69,0.5241764200620403,0.1682231240243844,3.1159593730173474,0.0018368352878125448,-0.703634343779507,0.2882627120516179,-2.440948184978952,0.01465990950520296,-3.8113307747479803,0.18180269820389824,-20.964104561712478,3.0431586334301034e-96,-1.821431448902282,0.19760583455184783,-9.21749832454656,3.425926113187612e-20,-0.045788172246537216,0.3197850940648669,-0.14318419806412022,0.8861465772098995,0.6109736659795975,0.1537645498111626,3.9734364437702374,7.116487457274864e-05
4.644,0.09213956430978953,0.09125786107020684,15461,0.2878490143938549,0.06652219563302565,4.327112351820047,1.5202632842986757e-05,-2.9623622872705857,0.6147880575586964,-4.8185098113877345,1.460085808281236e-06,2.622692365165811,0.16350099641806626,16.04083413938151,1.928126892877398e-57,-0.28641296077274353,0.2866746106002492,-0.9990872933359609,0.31776805806506664,-2.529438094721548,0.7206271537820128,-3.510051045740491,0.00044929701415673143,-0.32731294388545756,0.09348877380444218,-3.5010935598548314,0.00046466062768103073,-0.3131720205851867,0.30637257496022885,-1.022193388640744,0.3067053893642757,1.8091898351213573,0.15881652343523237,11.391697765372447,6.056688872158418e-30,-1.953600406556455,0.2162397740358836,-9.034417536120193,1.8406373374051577e-19,-3.4418634457605615,0.1949973392740159,-17.65082261416888,4.773735143906132e-69,0.48040150886513094,0.16893713458053486,2.843670280414969,0.0044655725661140976,-0.6510982973912225,0.2894862217239242,-2.24915124980338,0.02451690445060457,-3.8332709400250513,0.1825743462541116,-20.99567118093255,1.5960409202880736e-96,-1.8611314581570506,0.19844455784060616,-9.378596613629188,7.595418719437295e-21,-0.05461601197791282,0.3211423981464911,-0.17006789602723021,0.8649589684173958,0.5623148204118128,0.15441719202288956,3.641529890845702,0.0002719086891654075
4.6979999999999995,0.09038847786483994,0.08950507399096308,15461,0.310246943137249,0.06703467297806696,4.62815628620667,3.7193639487848235e-06,-2.8701391730634223,0.6195242955692224,-4.63281132570648,3.6367876568798434e-06,2.596874569987936,0.16476058437601906,15.761503759062363,1.5506253053467353e-55,-0.355022413722036,0.2888831102135457,-1.2289483225917894,0.2191099055692294,-2.4901453945212895,0.7261787608361783,-3.429107994915665,0.0006071499423298875,-0.3259748814644777,0.09420899775577973,-3.4601247145151706,0.0005413833603307047,-0.3370059737730396,0.3087328248334477,-1.0915780463410212,0.2750356374518139,1.7785099528965802,0.16004002289288363,11.112907388715849,1.393355224423224e-28,-1.9474052319064148,0.21790565388599525,-8.936919245451364,4.44679478973705e-19,-3.458303606431687,0.19649957048827932,-17.59954791676232,1.1610037976238796e-68,0.42730756901683115,0.17023860175829195,2.510050979057797,0.012081514409221,-0.6654691593757158,0.2917163815814479,-2.281219709939105,0.022548999050477008,-3.8578302813942944,0.18398087253230483,-20.968648687742828,2.7733306066521996e-96,-1.8963764841708457,0.19997334592663202,-9.483146243232861,2.819079807967116e-21,-0.023338650888576108,0.3236164325949363,-0.07211825030463949,0.9425087362074347,0.5087490628383946,0.155606799669534,3.269452645506736,0.0010799153821126168
4.752,0.09008920396505471,0.08920550943993166,15461,0.32334465517026295,0.06743770455456038,4.7947162096637115,1.644237386592434e-06,-2.769043430912466,0.6232490523618891,-4.44291639180002,8.936471232176544e-06,2.6130135120731373,0.1657511720094781,15.764675931966975,1.4758738596812931e-55,-0.34571212452332667,0.2906199578799732,-1.189567733218469,0.23423462057336036,-2.4683495412341476,0.730544754698662,-3.3787793634249037,0.0007298837870023918,-0.3156601192696424,0.09477540912468133,-3.3306120457298922,0.000868583520528249,-0.35908153129490866,0.3105890146465703,-1.1561308171298963,0.24764553531475694,1.769916430211985,0.16100222916410192,10.993117545024754,5.238024244578878e-28,-1.9372481496502927,0.21921576483769986,-8.83717533309964,1.08590770564763e-18,-3.4759922016016436,0.19768098196022135,-17.583847303536288,1.5233764985176375e-68,0.3923959704664433,0.17126212479493194,2.291201110206331,0.02196518497538192,-0.6896849946187324,0.2934702636835684,-2.350101798941984,0.018780790616279523,-3.8922531991167073,0.18508701802100722,-21.029314971593198,8.01463646468571e-97,-1.9509055183847603,0.20117564272745098,-9.697523477172686,3.5731868206318347e-22,-0.08262393242044598,0.3255621069036718,-0.25378854193523503,0.7996623040949141,0.48137650793564574,0.15654235213809647,3.0750560558269324,0.0021083042799715152
4.806,0.08951292179421078,0.08862866759070875,15461,0.32988007072534,0.06777184419052396,4.86750913547465,1.1413015057877837e-06,-2.746725724213557,0.6263371202735475,-4.385379111833493,1.1654977260117047e-05,2.615019336112704,0.16657243418976145,15.698992146165317,4.097413955060697e-55,-0.37391819926038905,0.2920599186196095,-1.2802790640621764,0.20046623534433283,-2.5559394378469174,0.7341644502384563,-3.4814263167015906,0.000500129072078753,-0.32316020997797956,0.09524500133444579,-3.3929361693557687,0.0006932134069781618,-0.33715388621592934,0.3121279178606369,-1.0801785643745792,0.28007953865319846,1.7502730531222253,0.1617999613318493,10.81751218427328,3.558990962353494e-27,-1.9566982926759149,0.22030193282553642,-8.881893443147781,7.2857622504160235e-19,-3.4951048372334386,0.19866044963020513,-17.59336014661888,1.2922312175079292e-68,0.37877318660680265,0.17211069258666375,2.2007533693240884,0.027768233208578977,-0.7176123974266893,0.29492434708870596,-2.4332083956800257,0.014976952640589843,-3.8905327559498835,0.18600408524966838,-20.9163833725895,8.059146550076248e-96,-1.9658084291590212,0.20217242570619698,-9.72342505310686,2.7756087177272065e-22,-0.14391040053720178,0.32717519863926486,-0.4398573031688559,0.66004661617546,0.49839105682547563,0.1573179865536182,3.16804878923117,0.001537646820589317
4.86,0.08850477269564816,0.08761953938975198,15461,0.35078431605918103,0.06817633440598317,5.145250461403453,2.704367995980461e-07,-2.8204490938420284,0.6300753575866317,-4.476367881843773,7.64669070067644e-06,2.5965553408887114,0.16756660692623837,15.495661030074427,9.419114640062803e-54,-0.374957825037523,0.293803052229451,-1.2762216804497069,0.20189635703945324,-2.6376292598690343,0.7385462453660112,-3.571379959506624,0.00035618461210780157,-0.31286115126040975,0.09581346264122205,-3.265315151294895,0.0010958046623488547,-0.4275624590188424,0.31399082553644625,-1.3617036685335042,0.17331128470132065,1.7239402453221377,0.16276564998916876,10.591548311556261,4.008892478608649e-26,-1.9992680710639794,0.22161678528881262,-9.02128450450411,2.0739727789490497e-19,-3.4937506642902063,0.19984613682868602,-17.482202657162954,8.792823752517298e-68,0.3421768843885273,0.17313791992507735,1.9763254897401956,0.04813568804358357,-0.6751718051597148,0.29668457678472415,-2.2757226293216544,0.0228762485394874,-3.927237257251878,0.18711423406467514,-20.98844738821124,1.850202169041046e-96,-1.9583119285478876,0.20337907382106774,-9.628876224850961,6.956943890011613e-22,-0.17507348718738694,0.329127914670106,-0.5319314448392137,0.5947811285207276,0.4708133552436315,0.15825692494369348,2.974993703505506,0.0029344781001037854
4.914,0.08803510506749246,0.0871494156259911,15461,0.36466970586052044,0.06850118405028378,5.32355332125109,1.0318276472415301e-07,-2.7440829780833225,0.633077568802268,-4.334513041229541,1.470071821549137e-05,2.5962586409542783,0.16836503578180728,15.420414511234389,2.97532097545344e-53,-0.38533170235715825,0.2952029781398532,-1.3053110262817413,0.19180640544332186,-2.604665592554544,0.7420653035142248,-3.510022069782184,0.00044934593936912147,-0.3141974521372337,0.09626999890896662,-3.2637109764002425,0.0011020231588389276,-0.48169563931514303,0.3154869430510926,-1.5268322506682415,0.1268232066886653,1.7024931983592952,0.16354120303061684,10.410179005718629,2.701513885866815e-25,-2.0264448852734978,0.22267275484920898,-9.100551554435922,1.0065520024517238e-19,-3.531626936590307,0.20079837263058556,-17.587926088860993,1.4196102518693372e-68,0.34672177221041006,0.17396289522174974,1.9930788790819176,0.04627037361390201,-0.643153845015185,0.298098232712074,-2.1575231733641043,0.030980294414293855,-3.959056382986083,0.1880058043274225,-21.05816039642674,4.436415402569687e-97,-1.9334018767503605,0.20434814351900044,-9.461313635915618,3.470374263238997e-21,-0.16547641210921,0.3306961580633825,-0.500388069454058,0.6168089820239633,0.41268303044847976,0.15901099461059476,2.595311295669256,0.009459466110123644
4.968,0.08679462337506227,0.08590772919251932,15461,0.3700206956165267,0.06886457963305906,5.3731642244556,7.848865045162273e-08,-2.783694597927536,0.636436015743681,-4.373879744493663,1.2285688288183748e-05,2.597638761531098,0.16925820443495052,15.347195547790566,9.064696674150375e-53,-0.4225640114025128,0.2967690161546031,-1.4238818353678009,0.15450088232454814,-2.664190533147224,0.7460019252991841,-3.5712917658741303,0.00035630449094667486,-0.29410499225608977,0.09678070675792318,-3.0388803937104147,0.0023785609197613626,-0.577861230576486,0.3171605865525521,-1.821983105964325,0.06847687938801049,1.7099566579377257,0.16440878147626026,10.400640662765536,2.984003491824205e-25,-2.0282102425472157,0.2238540234161465,-9.060414512973734,1.4525990413632743e-19,-3.5181587390204045,0.2018635986212612,-17.428396021123227,2.2153160780000788e-67,0.3062532673684595,0.17488576025783403,1.7511618265372226,0.07993788842158889,-0.6116750918139822,0.2996796299171378,-2.0410966604006817,0.0412581824259434,-3.942906426239117,0.18900316634058925,-20.8615892663612,2.4593734217184934e-95,-1.9072027800685463,0.2054322008784852,-9.283855071954722,1.8476865116365374e-20,-0.211168280007164,0.3324504857402993,-0.6351871603885174,0.525315765995837,0.4182595470028497,0.15985454051210465,2.616500886761974,0.008892262003877511
5.022,0.0860760606290788,0.08518846858695739,15461,0.3976422000170732,0.06908340924456775,5.755972444980935,8.777932070019528e-09,-2.757535867398347,0.6384584058725024,-4.31905327274995,1.576777198961771e-05,2.59114363405963,0.1697960528806757,15.26032902473038,3.37661336926281e-52,-0.5179384611898352,0.29771205318262195,-1.739729566381118,0.08192643510532718,-2.7800485971886646,0.7483724808499158,-3.714792657837182,0.00020408690000455994,-0.3071024942325887,0.09708824489398996,-3.1631274678815333,0.001563862566661939,-0.5945324346150599,0.3181684214701684,-1.8686091846195476,0.06169612234343099,1.668887309085664,0.16493122000664515,10.118686498641214,5.423000091761379e-24,-2.0805953602452707,0.2245653599151106,-9.264987979587636,2.2032309225362247e-20,-3.5461173709090623,0.20250505658266044,-17.51125345090617,5.332945676918285e-68,0.3114695877308511,0.17544149127629874,1.7753473563464235,0.07586023862455918,-0.6567139727902254,0.3006319159448935,-2.184445289935891,0.028944526003432208,-3.940216205207841,0.18960375796090562,-20.7813191446357,1.254530744727947e-94,-1.8706966719804443,0.20608499871663588,-9.077306371788017,1.2450378095764018e-19,-0.2689949533670015,0.33350690706789715,-0.8065648646738164,0.4199296422740716,0.37620971244202805,0.16036250712113004,2.3459954524024593,0.018988914167129622
5.076,0.08576806787303382,0.08488017671201697,15461,0.42458844813040314,0.0693566727346847,6.121811087371698,9.475505862581356e-10,-2.760209046669644,0.6409838656636597,-4.306206746423777,1.6710239383381025e-05,2.5746839213908035,0.17046769115860136,15.103647523420403,3.554192456380035e-51,-0.5520828098184125,0.2988896707262866,-1.8471123758705998,0.0647499687014103,-2.8751243644656075,0.7513327122319623,-3.8266993006660908,0.00013038470685759437,-0.3196123954879812,0.09747228315931553,-3.2790079921036046,0.0010440308635031644,-0.5399894158452968,0.31942695538224186,-1.6904942014023805,0.09095362494141036,1.6616074935922431,0.16558361515189204,10.034854548066416,1.2654282190185882e-23,-2.13751362253205,0.2254536414096229,-9.480945214135787,2.878835518300339e-21,-3.601037694354659,0.20330607724931868,-17.71239572902008,1.6366093334935618e-69,0.2738301259005019,0.17613546041797443,1.5546564289251876,0.12004840603032499,-0.674818262566809,0.3018210831775183,-2.2358221482159006,0.025377651313319517,-3.9370789777253545,0.1903537467817564,-20.682960247897185,9.164462438784666e-94,-1.8639175503509247,0.20690018005504793,-9.008776840382692,2.3232816611870066e-19,-0.3542639720472385,0.334826113262265,-1.0580535926412287,0.2900475574101217,0.34794308125540346,0.16099683045373642,2.1611796969840804,0.03069677963328038
5.13,0.08576428355135479,0.08487638871504977,15461,0.4466501464820261,0.06955328062031477,6.421697761752604,1.3870001402428082e-10,-2.6102886702545467,0.6428008859672893,-4.060804406525628,4.914518527619395e-05,2.5448036926015627,0.17095092212983237,14.88616534439549,8.971393176806193e-50,-0.5740135911368383,0.299736944159125,-1.9150578609759386,0.05550357455557821,-2.7829017421466844,0.7534625424290036,-3.6934838634117084,0.00022196522653956648,-0.3396306828154429,0.09774859138956755,-3.4745327578366596,0.0005131474504424004,-0.5713878178689591,0.3203324466037022,-1.7837338175606323,0.07448655638565065,1.656926547949909,0.1660530010550269,9.978299322641172,2.2326679134904794e-23,-2.1327755849880563,0.22609274305618993,-9.433189036315094,4.5327676462502535e-21,-3.6308145041498037,0.20388239638931893,-17.808376635012007,3.0630431258565225e-70,0.24320878696662784,0.17663475802110093,1.376902200288201,0.16856244339258147,-0.7157680360023789,0.3026766663919714,-2.3647942358247307,0.01805238290172112,-3.9755067244079125,0.19089334947895742,-20.82580003577412,5.089292052825637e-95,-1.8969499190288919,0.2074866875291408,-9.142513872185038,6.847849823373254e-20,-0.40334218854485987,0.33577525703728506,-1.2012266541130876,0.2296817128580314,0.38147664056517483,0.16145321403127247,2.3627689473638176,0.018151297152701452
5.184,0.08583077244951598,0.08494294218643672,15461,0.4656628982332478,0.06978960978962079,6.672381456738018,2.6024581949261365e-11,-2.571350110188246,0.6449850043590457,-3.986682004713469,6.73119627517404e-05,2.5392776806560775,0.17153178171055558,14.80354051787837,3.0228287121253535e-49,-0.6037631961462229,0.300755394797135,-2.007489164254135,0.04471499015874317,-2.9119529016405212,0.756022668639692,-3.8516740600913253,0.00011778680854078528,-0.33910845608539736,0.0980807230043225,-3.457442458600683,0.0005467971292832152,-0.5676000258827852,0.32142087694562776,-1.7659090202121552,0.07743086671072823,1.670575797131189,0.16661721840681984,10.026429519740502,1.3773903266105766e-23,-2.1948942790287553,0.2268609643345545,-9.67506369139787,4.445774490634734e-22,-3.615011150064814,0.20457515102209944,-17.67082234574178,3.3730123622223385e-69,0.22527544020793316,0.17723493022378356,1.2710555414978968,0.20372803262345257,-0.7112795566537276,0.3037051056618199,-2.342007241214271,0.01919297804023629,-4.021325837231608,0.19154196973534296,-20.994489316299436,1.635102423686146e-96,-1.8713628460599008,0.2081916888758565,-8.988652986891246,2.7879249587645723e-19,-0.4484016052327415,0.3369161591897273,-1.3308996704436296,0.1832416720288995,0.36683256681292575,0.16200180215843915,2.2643733706996687,0.023564962763925234
5.2379999999999995,0.0847521265087543,0.08386324867758754,15461,0.4897613240684305,0.07010866938075402,6.985745534672463,2.9491986733156814e-12,-2.5639658243444217,0.6479337047801861,-3.9571422283306847,7.619100813244146e-05,2.4954903872985543,0.17231597953461428,14.482060189880812,3.2071679793421183e-47,-0.5109847924813684,0.3021303687163811,-1.691272527989549,0.09080493916518252,-3.134335189139575,0.759479003820112,-4.126954363944424,3.695276623073463e-05,-0.36647309303584413,0.09852912206364016,-3.7194393430110786,0.0002003722707985894,-0.5661306686173331,0.3228903279697717,-1.753321854441961,0.07956661204593207,1.618287702267036,0.16737894815055807,9.66840645223424,4.742781245603969e-22,-2.2680376800614557,0.22789811251095024,-9.951980975500527,2.904790488753549e-23,-3.629155702959517,0.20551041436914916,-17.65923013731376,4.125414798320161e-69,0.17155716080108413,0.1780452013306459,0.963559587784043,0.3352818615154062,-0.762911540808145,0.3050935648770189,-2.5005822102988944,0.0124092132636612,-4.042451658361666,0.19241764883331813,-21.008736375650457,1.2215800593845306e-96,-1.86033593526509,0.20914348607504288,-8.895022121786676,6.477845214984776e-19,-0.4723499197665266,0.33845645053569273,-1.3956002877738443,0.16285495856658375,0.3551206078039321,0.16274243144287465,2.1821021392849564,0.02911701206218093
5.292,0.08435110766574283,0.08346184036985327,15461,0.508760648853176,0.07028602648860727,7.238432363730812,4.752744780190394e-13,-2.4556844203405936,0.6495728123110444,-3.780460594715751,0.00015712762400356097,2.4927733018837905,0.17275189515014508,14.42978845307155,6.783349392501988e-47,-0.4922218272709047,0.3028946817302133,-1.625059325766981,0.10417032230237082,-3.1821855140643516,0.7614002925962725,-4.179385725232029,2.9390638659874933e-05,-0.37441313062225495,0.09877837569065769,-3.7904361962257536,0.00015095457199638842,-0.5172628196121575,0.3237071584021322,-1.597934448423833,0.11007802285985276,1.6011166282360798,0.1678023743319662,9.54168041191458,1.6110140536228166e-21,-2.2777780972855033,0.22847463679071714,-9.969500900758403,2.4381750427437604e-23,-3.639041185364439,0.20603030346486545,-17.66265022264071,3.8875211252302806e-69,0.1410337226267791,0.178495610420621,0.790124318992698,0.4294672992748191,-0.7876111401883017,0.3058653740237216,-2.5750255082068163,0.010032488181738452,-4.068399136180274,0.19290441656116727,-21.090233229005626,2.2964340231517251e-97,-1.8406419672858294,0.20967256591843805,-8.7786495063061,1.8253660495111083e-18,-0.492464946581437,0.33931265930033605,-1.451360369509648,0.14669984933548091,0.3212713660080867,0.16315412841588317,1.9691280210155608,0.048956239880679486
5.346,0.08373349629410853,0.08284362918141253,15461,0.5252849005463631,0.07058517641249006,7.441858577736924,1.045046115046568e-13,-2.408563092396129,0.6523375106026839,-3.692203887173217,0.00022308464500877205,2.521535728193367,0.17348715817277663,14.53442292069917,1.5104145245109654e-47,-0.5101791633843252,0.30418385577391577,-1.6772065765499244,0.09352232861767436,-3.1040822717461793,0.7646409486833176,-4.059529217067554,4.9414043389908e-05,-0.3952857472645774,0.09919879415852934,-3.984783793166601,6.785173762409556e-05,-0.5040640656498306,0.325084914076114,-1.5505612343850912,0.12102735730781378,1.582462475240329,0.1685165713070491,9.39054517289561,6.785651678271784e-21,-2.261450594047022,0.22944706578720012,-9.85608853304926,7.534728292935506e-23,-3.64791864280412,0.20690720535672374,-17.63069892377518,6.768136575425415e-69,0.07752414363379445,0.1792553197247086,0.43247890078159007,0.6653994220239301,-0.7828104891666211,0.3071671918661687,-2.5484833989291666,0.010828835146415718,-4.078141927455139,0.19372545232622482,-21.05114159489861,5.123432079134061e-97,-1.854430209942946,0.21056496993198656,-8.80692648232009,1.420862137678449e-18,-0.4474714177261397,0.34075683478262225,-1.3131693103429414,0.18914541147144825,0.2655660832293238,0.16384854162338874,1.620802239666778,0.10508047168535128
5.4,0.08251675422921001,0.08162570543111591,15461,0.5461957079200623,0.07100918296684638,7.691902442745704,1.5368330634240785e-14,-2.4148828392283024,0.6562561149641951,-3.6797871808936313,0.0002342223513257255,2.500601350690867,0.17452929897202943,14.327688046759533,2.9081246657567723e-46,-0.5105303808514087,0.3060110942272675,-1.6683394507005989,0.09526863065558755,-3.2200803934329,0.7692341620242649,-4.1860860481795985,2.8537745379179753e-05,-0.39753990774758,0.09979468328207083,-3.9835780291413805,6.819673290227809e-05,-0.4795989834556588,0.32703770560113804,-1.4664944599403094,0.142533988666906,1.559336041798376,0.16952885369243678,9.1980568961279,4.1019385323760986e-20,-2.2459451190579944,0.23082535886113206,-9.730062286653643,2.601374510401617e-22,-3.6483573436396264,0.2081501010421028,-17.52753097583973,4.0284552204527624e-68,0.010455085775004707,0.18033210998478177,0.05797683937645388,0.9537678270044216,-0.8476637731158834,0.3090123512785838,-2.7431388085574917,0.006092512455648703,-4.096596040737893,0.19488916495976624,-21.020132348474128,9.673425171479886e-97,-1.87512242334058,0.2118298378816997,-8.8520221801226,9.513567005079678e-19,-0.4137624185585468,0.3428037678460917,-1.2069949556222888,0.2274525715880081,0.23740629370591743,0.16483278306190344,1.4402856597813967,0.14980686633481363
