peth_time,r_squared,r_squared_adj,n_trials,Intercept_beta,Intercept_se,Intercept_tstat,Intercept_pvalue,C(reward_seq_3)[T.001]_beta,C(reward_seq_3)[T.001]_se,C(reward_seq_3)[T.001]_tstat,C(reward_seq_3)[T.001]_pvalue,C(reward_seq_3)[T.010]_beta,C(reward_seq_3)[T.010]_se,C(reward_seq_3)[T.010]_tstat,C(reward_seq_3)[T.010]_pvalue,C(reward_seq_3)[T.011]_beta,C(reward_seq_3)[T.011]_se,C(reward_seq_3)[T.011]_tstat,C(reward_seq_3)[T.011]_pvalue,C(reward_seq_3)[T.100]_beta,C(reward_seq_3)[T.100]_se,C(reward_seq_3)[T.100]_tstat,C(reward_seq_3)[T.100]_pvalue,C(reward_seq_3)[T.101]_beta,C(reward_seq_3)[T.101]_se,C(reward_seq_3)[T.101]_tstat,C(reward_seq_3)[T.101]_pvalue,C(reward_seq_3)[T.110]_beta,C(reward_seq_3)[T.110]_se,C(reward_seq_3)[T.110]_tstat,C(reward_seq_3)[T.110]_pvalue,C(reward_seq_3)[T.111]_beta,C(reward_seq_3)[T.111]_se,C(reward_seq_3)[T.111]_tstat,C(reward_seq_3)[T.111]_pvalue,Port_beta,Port_se,Port_tstat,Port_pvalue
-2.16,0.05233232545690625,0.05054679992785649,4255,-0.03879250531777352,0.0989675398445599,-0.39197200798061355,0.6950985685960646,-0.1522034927769283,0.1385119890036369,-1.0988470663931618,0.2718970812969463,0.035257499239495955,0.17666836086824483,0.19956883658297017,0.8418273586203671,-0.45847640847477084,0.12386229075560366,-3.701501124175106,0.00021704604356017926,0.8256118022439777,0.13823111984350547,5.972691266472204,2.5246590365746667e-09,0.8510414236990751,0.13462212412011526,6.321705509116331,2.8535216221987386e-10,0.6705123777131208,0.12374715117093968,5.418406576381707,6.346375315527433e-08,0.3448708610452158,0.10472834093505246,3.29300414735958,0.0009993458465852563,-0.0452717267203513,0.024287668392730874,-1.8639799419322112,0.06239348749567655
-2.106,0.051858245550462256,0.050071826795022645,4255,-0.05278705037097638,0.09297072108312664,-0.5677814451259189,0.5702134008636731,-0.13505920249514775,0.13011902202026993,-1.0379666277702906,0.2993446970043857,0.044200626092678164,0.16596335453313396,0.26632762525810283,0.7899998311526333,-0.4289360727162108,0.11635700457587313,-3.686379468771162,0.00023030787774075518,0.7496541046644641,0.1298551717882803,5.773001524242117,8.342792356919485e-09,0.79438572510952,0.126464858809737,6.281474020420582,3.6905122226615537e-10,0.6629484551947408,0.11624884173552937,5.7028392308886335,1.2583294450563674e-08,0.31934221214727926,0.09838245337677316,3.2459264958996425,0.0011797774280144634,-0.0327066656617924,0.022815986407730977,-1.433497771137787,0.15178926521941544
-2.052,0.051887735957050096,0.05010137276525928,4255,-0.02033691073983691,0.08575815283388018,-0.23714259306903446,0.8125576106436303,-0.16089263111282548,0.12002452865813629,-1.3404979208132788,0.18015523697665195,0.014890605088936198,0.15308809652180974,0.09726820979066,0.9225179920250652,-0.46060115384153116,0.10733015368126733,-4.2914422279628335,1.814714697806622e-05,0.6488002019602063,0.11978114764251535,5.416546883458978,6.412250285289194e-08,0.6655511042316429,0.11665385148753943,5.705350451311372,1.2400558610878227e-08,0.565921041638894,0.10723038199739653,5.277618442622298,1.374053652765921e-07,0.27237796624773997,0.09075004877410447,3.001408483269741,0.0027029732005033344,-0.023274732478696443,0.021045946795017832,-1.1059009464096063,0.26883205035236524
-1.998,0.05281552790927391,0.051030912794642225,4255,-0.04246426621647948,0.07778013095956522,-0.5459526191663904,0.5851271889701576,-0.08161750995248142,0.10885872944900668,-0.749756224104324,0.45344307690092356,0.03906788250450454,0.13884641637375356,0.28137479903939117,0.7784366561210878,-0.4211416029029787,0.09734530343033646,-4.32626524405835,1.5514449589392453e-05,0.6050195984638557,0.10863799000158951,5.569134687184506,2.7182630774606512e-08,0.6481408402906524,0.10580162405333328,6.126000863313145,9.828562662080016e-10,0.49925287265147295,0.09725481343747758,5.133451548621075,2.9720385883470614e-07,0.28416753333298544,0.08230763425968031,3.4525051763295473,0.0005608301498883405,-0.017521440589291486,0.019088056864464343,-0.917926885575798,0.35870928211516795
-1.944,0.05169790778855521,0.049911186936531626,4255,-0.04269938600715232,0.07164541234119672,-0.5959821377509166,0.5512189274426804,-0.05189600667055464,0.1002727619778291,-0.5175483914767318,0.6048003587457289,0.02250289716139102,0.12789524304563693,0.17594788223172067,0.8603432780388327,-0.4056567417657006,0.08966742942835941,-4.5240143980017145,6.233489433776288e-06,0.508551112375113,0.1000694328173473,5.081982560082566,3.89577063322133e-07,0.5901186333823347,0.09745677833340217,6.055183061392852,1.523888496284268e-09,0.4373727722262322,0.08958407661355769,4.882260204711872,1.0873023600028666e-06,0.26346651311380165,0.07581581983230141,3.4750862510828044,0.0005157988355713714,-0.020664757589907337,0.01758253281365268,-1.1753003852699389,0.23994046098915578
-1.89,0.04931888169402332,0.04752767845651784,4255,-0.07045654272156918,0.06691753781272577,-1.0528860598360268,0.2924531287164704,0.05976927562383565,0.09365577113692622,0.6381803801118889,0.5233906837592125,0.05699305144947079,0.1194554470817525,0.47710717963715865,0.6333103573590442,-0.37070828992311355,0.08375028355991364,-4.426352654172384,9.82456453031543e-06,0.46185561548482895,0.09346585965005848,4.941436554631207,8.053605440721282e-07,0.5774378724022631,0.09102561400825267,6.343685551518617,2.4778212060096706e-10,0.389856506053654,0.0836724311901104,4.659318493660942,3.2697293167171657e-06,0.2513226859107955,0.07081274047624654,3.5491167863373296,0.0003907107660955513,-0.030254675898979295,0.016422263002659164,-1.8422963932608025,0.06550149080272608
-1.836,0.04393776908998537,0.042136427157041245,4255,-0.051178637296480305,0.06330840632206851,-0.8084019211622466,0.41890453663216287,0.04143393118307735,0.08860453936808804,0.4676276348658528,0.6400748978018266,0.05470675123797483,0.11301273520254604,0.48407598612605174,0.6283569088850118,-0.3711372738631737,0.07923329450700682,-4.684107560747117,2.8997207358296776e-06,0.38930974110744815,0.0884248705702088,4.402717681088814,1.0953192255393322e-05,0.47699402130500745,0.08611623717354308,5.538955683162979,3.226792287595682e-08,0.3220537167217553,0.07915964102808726,4.068407998559327,4.819496280958886e-05,0.1903786317750939,0.06699352506656123,2.8417467447181464,0.004508105444435814,-0.025425397695164345,0.015536544422925623,-1.6364898785116462,0.10181121363203888
-1.782,0.03945323938161338,0.037643448028587545,4255,-0.024135831744047903,0.060621851729105905,-0.39813748764885964,0.6905488594837341,-0.010872670694392747,0.08484451844786951,-0.12814818085240445,0.8980377764006711,-0.010068482885350451,0.10821692844542932,-0.09303981391809413,0.9258763209968345,-0.373205268261136,0.07587095159490675,-4.918948034997222,9.030265551686405e-07,0.3249445381778589,0.08467247407243582,3.8376643854751964,0.00012601610005444358,0.40366109522062543,0.08246180980839567,4.895127770765074,1.0188895335659137e-06,0.2508811480571381,0.07580042367392767,3.3097591793993,0.0009415533448926854,0.1389166567145457,0.06415058882914111,2.165477499895391,0.030406642871392175,-0.011974213798849187,0.014877235853920808,-0.8048681836077402,0.42094081528242633
-1.728,0.036861270817492575,0.035046595868491015,4255,0.018063054488028262,0.0584933243014812,0.30880540136391016,0.7574847104325002,-0.07748380875081884,0.08186549554690468,-0.9464770014911182,0.3439592061385244,-0.06892237207102747,0.10441726390600378,-0.6600668270054582,0.5092467486882736,-0.3961378831206882,0.07320700457211714,-5.411201912112765,6.605293171493819e-08,0.2742104510675462,0.08169949191686947,3.3563299432334257,0.000796784031008734,0.3488193529917065,0.07956644751076941,4.384000592014535,1.1933789085529456e-05,0.15853007199660896,0.07313895299605223,2.167519023756955,0.030250700170719888,0.06073085219135802,0.06189816195786586,0.9811414470222487,0.3265788939675702,-0.0025355009815579564,0.014354872982132973,-0.1766299837493379,0.8598074647533097
-1.674,0.033559388936982515,0.03173849282570018,4255,0.010531563916064107,0.05741883572639104,0.18341653540744912,0.8544799602711735,-0.05978889734590613,0.08036167368843296,-0.7439976620909027,0.4569190588089116,-0.03603849501628758,0.1024991790912152,-0.35159788923008356,0.7251572948996894,-0.38011672572401256,0.07186223419073327,-5.289520010122773,1.288132614564571e-07,0.2617275023929309,0.0801987194491791,3.2634872999285767,0.001109215631164291,0.32698255840945145,0.07810485783653257,4.18645609846446,2.8908385189127066e-05,0.12343398929540068,0.07179543268280643,1.7192457052349608,0.0856425247105736,0.031627919408654254,0.06076112848204539,0.5205288347796264,0.6027221765736785,0.01410077260930557,0.014091182258441592,1.000680592351166,0.3170382764333816
-1.6199999999999999,0.032434711255189375,0.030611696109179243,4255,-0.022339327516094416,0.056120275263826735,-0.39806161696597386,0.6906047794395613,-0.039542850071773356,0.07854424756271773,-0.5034467997188249,0.6146762912537074,0.009277596554513361,0.10018110036793008,0.09260825166064257,0.9262191570595001,-0.3430218181963548,0.07023702784701195,-4.883774679980963,1.0790264281954547e-06,0.2930439627330478,0.0783849786286364,3.7385219446368514,0.00018754293760217826,0.31118201477471835,0.07633847091771682,4.076345924064068,4.6585865512432824e-05,0.130664273799675,0.07017173709415243,1.8620641188397136,0.06266308431726197,0.05401675399154489,0.05938698011924066,0.9095723318998017,0.3630997227128967,0.026641521595036934,0.01377250195222999,1.9343995511812755,0.05313037892402829
-1.566,0.02909373483354738,0.02726442486620584,4255,-0.029916480612076534,0.055353412274831065,-0.5404631689829792,0.5889060020383567,-0.02384635614031089,0.07747096921240314,-0.3078102208187306,0.7582418415080647,0.003152746407021162,0.09881216235563661,0.03190646102525372,0.9745481457505651,-0.3013585429260608,0.06927726460886459,-4.350035247891406,1.3931084174937199e-05,0.3146773763069719,0.07731387662992145,4.0701280290631265,4.7841884564950155e-05,0.2734912915753514,0.07529533369666594,3.632247553044068,0.00028428206957283525,0.13563652182771468,0.06921286603020872,1.9597009863529509,0.05009607407074463,0.046851469095646844,0.05857547880589943,0.799847821148808,0.423843717329347,0.03406965650581731,0.013584305761755434,2.5080160225585684,0.012178127376188553
-1.512,0.022092637526417436,0.020250136607955604,4255,-0.04765835763618437,0.05452986660155635,-0.8739863235760078,0.3821751300303141,-0.0074090939252061914,0.07631835948380139,-0.09708140970691037,0.9226663259768091,-0.012342543858408734,0.09734203927865505,-0.12679561626068359,0.8991081692616874,-0.23406766299271314,0.06824656046290033,-3.4297356731985813,0.0006099249581544767,0.2928793334771319,0.07616360411796616,3.8453975080210903,0.0001221205688110691,0.23938914510678988,0.07417509297915084,3.227352140617841,0.001258909985673682,0.10244235874412079,0.06818312000351184,1.5024592412146054,0.13305291137456665,0.05575510053341058,0.05770399536615983,0.9662259983839495,0.3339861352756328,0.04027883556476204,0.013382199048279681,3.0098816658940666,0.002628858067569872
-1.458,0.016630608579284778,0.014777816508779296,4255,-0.07272982207518774,0.05404696309309927,-1.3456782382001018,0.1784781583611793,0.04921911843280355,0.07564250227285849,0.650680727817012,0.5152878138709525,0.040137472746737006,0.09648000136773363,0.41601857563986744,0.6774174358035705,-0.15295456882905106,0.06764218518121345,-2.2612304498928544,0.023795379215510913,0.26845021208881736,0.07548911738367708,3.5561445330511177,0.0003804422845199746,0.2356224852683383,0.07351821602580176,3.2049537924811022,0.0013608454126346205,0.09972905617423611,0.06757930653542046,1.4757336422498644,0.14008956073257736,0.079429796068185,0.057192982529507955,1.3888031810057162,0.1649654483345465,0.04979892329642218,0.013263689481430661,3.7545302433490564,0.00017599107630600564
-1.404,0.0109205052955611,0.009056954669645845,4255,-0.02240812098984293,0.05399821862149215,-0.4149788930430409,0.6781783208631575,-0.0025224552367526755,0.07557428097801941,-0.033377164878172313,0.9733753881411957,-0.00433831559870866,0.09639298691922107,-0.04500654806292329,0.9641042060658122,-0.14718287667940166,0.06758117930065492,-2.1778678354311483,0.029470734063432053,0.21201000952559207,0.07542103442529483,2.811019646456716,0.004961116228433088,0.09065617336324215,0.07345191060568958,1.2342248501868096,0.21718743532498055,0.04673841280650412,0.067518357364549,0.6922326702077687,0.48882907819946086,0.01343933927279538,0.05714140069116796,0.2351944318871523,0.8140691693815366,0.05010923010883249,0.013251727078765787,3.7813358070983956,0.00015813363985661447
-1.35,0.007639152763920576,0.005769419655609398,4255,0.03402389048171159,0.0534164887089182,0.6369548299424461,0.5241886054882781,-0.03575690608991333,0.07476010930738797,-0.47828857423005067,0.6324694519615413,-0.0003070616404377121,0.09535453259082326,-0.003220210220686071,0.997430799700267,-0.17483796660079695,0.06685311836587128,-2.6152552173250943,0.008947618745767912,0.11672322250967855,0.07460851369993518,1.5644759119464935,0.11778036701554212,-0.022465880142925082,0.07266060351027309,-0.30918928632004483,0.7571927137936729,0.002059172964742285,0.06679097321874715,0.030830108703436415,0.9754064775552456,-0.07296200789870036,0.056525808864677674,-1.2907733540509048,0.1968525566131917,0.03838382901748395,0.013108964479706343,2.928059579145629,0.0034289779195712127
-1.296,0.006907663233450934,0.005036551906523745,4255,0.05204663622783431,0.05310556672952632,0.9800598964118905,0.327112390825508,-0.016165603936677545,0.07432495226642123,-0.21749901538760752,0.8278299249389142,0.04926628139441515,0.09479950134983912,0.5196892461765966,0.6033072734932082,-0.13192914019985696,0.06646398563938105,-1.9849718449879823,0.04721185086226933,0.07211465666313092,0.07417423905329042,0.9722331847761891,0.33098993622046746,-0.05242591990091465,0.07223766708720845,-0.7257421510805963,0.4680368549826688,0.0016000963236240233,0.06640220222124024,0.02409703699724881,0.98077633911151,-0.11449273989665142,0.056196788429158144,-2.037353790083242,0.041676482889740046,0.03162951187188579,0.013032660977130227,2.426941967368706,0.01526803245836706
-1.242,0.006202243553752096,0.00432980312709863,4255,0.038070883789363394,0.05263921009132996,0.7232419278957594,0.4695711019769988,0.0016217445317582202,0.07367225355689401,0.02201296218671816,0.9824386500721993,0.08552893132538705,0.09396700149201119,0.9102017726154482,0.36276777512684066,-0.03126407267719646,0.06588031950393089,-0.47455860737486294,0.6351260204668451,0.07149881540497238,0.07352286386051927,0.9724704894604388,0.3308719341790505,-0.09034258286243556,0.07160329826961315,-1.261709796136234,0.20712253700838287,0.0036157986160493846,0.06581907864863151,0.05493541827517762,0.9561924993668063,-0.11050830629504574,0.05570328563946504,-1.9838741113100888,0.04733417014055065,0.02217027387599981,0.012918212185141944,1.7162029511714672,0.08619784521746715
-1.188,0.007786284338693772,0.00591682844484287,4255,0.03266525155788087,0.05280520172035758,0.6185991245875251,0.536213661577128,0.024886779623135645,0.0739045704431244,0.33674209150959145,0.7363279722958007,0.13446275744722194,0.09426331550632557,1.4264590283608132,0.15380940713183702,0.02493015144205957,0.06608806543203932,0.37722622502388303,0.7060243451467265,0.023821793647788476,0.07375470966371064,0.32298674561130375,0.7467211842823092,-0.1347370746672355,0.07182909094588816,-1.8758009170509835,0.060751179534566706,-0.023590431874536473,0.06602663146082281,-0.35728661833269443,0.7208950033583381,-0.12513379215415207,0.055878939474494925,-2.239373068475422,0.025183225176120684,0.00711950923805345,0.012958948265356974,0.5493894328667058,0.5827671162854327
-1.134,0.01148365178124,0.009621162194393462,4255,0.014165397318822088,0.053369770413946534,0.26541986613306473,0.7906989189544078,0.04202943790158788,0.07469472378836277,0.5626828210875042,0.5736805907854149,0.09317310013156682,0.09527113509899748,0.9779782725874887,0.32814078659034984,0.11989312144750001,0.06679464833575358,1.7949510093209682,0.0727326022837809,-0.044354035911595244,0.0745432607670922,-0.595010675078702,0.5518680426719732,-0.18331631053885047,0.0725970542282132,-2.5251205091956574,0.011601978106738046,-0.055578375243868654,0.0667325575410473,-0.8328524679978331,0.4049747825909549,-0.13009660812571847,0.056476371144679974,-2.303558204765666,0.021295536161725418,0.005140509326708079,0.013097499321959392,0.3924802132334874,0.6947231289295581
-1.08,0.01856018914590385,0.016711032648769275,4255,0.02647440435253368,0.05383060161828834,0.491809557326948,0.6228794031181729,0.031040194637460047,0.0753396892670296,0.4120032208713125,0.6803578602780064,0.0030048008974415267,0.09609377142638197,0.03126946578159359,0.9750561109413347,0.17813672158437271,0.06737139914426202,2.6441000758041184,0.008220973801461823,-0.1422506933161507,0.07518691841014416,-1.8919606804494111,0.05856419885823378,-0.2508056756753677,0.07322390698909584,-3.4251883843444264,0.0006201970078647265,-0.1007980860482962,0.06730877221504586,-1.4975475369875237,0.1343251779333902,-0.16434820815262563,0.05696402687056364,-2.885122720099571,0.003932321390433226,-0.0008662564614375822,0.013210592114744337,-0.06557287167096422,0.9477209749176585
-1.026,0.02541171377372564,0.02357546641390218,4255,0.035153701490382015,0.053985317046491114,0.6511715298459454,0.5149710049325242,0.024132566098459166,0.07555622432209486,0.3193987830252404,0.7494398463877641,-0.04898509652324841,0.09636995613446446,-0.5083025715493714,0.6112675733967896,0.22026206684570115,0.0675650324040412,3.2600009059201875,0.0011229060000954607,-0.20821957341470218,0.07540301438394653,-2.7614224061980286,0.005779759243605736,-0.3049253160780928,0.0734343610390957,-4.1523520020246885,3.355364534045314e-05,-0.13415430952082563,0.06750222547772528,-1.9874057273133099,0.04694159426093538,-0.18108652070918252,0.057127748128444567,-3.169852245917907,0.0015360093213086137,0.0006306050306501689,0.013248560897451578,0.04759800219293771,0.9620388627960693
-0.972,0.03794577239465369,0.03613314078352714,4255,0.05249431732747544,0.05415982716305738,0.9692482431569134,0.3324765523605898,0.03410800969885063,0.07580046342700557,0.44997099169051924,0.6527543281911536,-0.05692293718419128,0.09668147662185975,-0.5887677678613461,0.5560483895810706,0.28276361752984047,0.067783439599288,4.171573753138527,3.085483109696689e-05,-0.30877059336720936,0.07564675823041239,-4.081742570206714,4.5521155095242096e-05,-0.34504268739247246,0.07367174111956955,-4.683514766299153,2.908080020243658e-06,-0.21079766965720817,0.06772042964658206,-3.112763323524593,0.0018657711437384242,-0.20277032561214528,0.05731241630361668,-3.537982494717284,0.00040751130400066806,-9.809098751755187e-05,0.013291387503518529,-0.007380041210263788,0.9941119792151969
-0.918,0.043923711639598406,0.04212234322064323,4255,0.05956982113359902,0.05561968125920077,1.0710205413797622,0.2842210678779999,0.028611474179564136,0.07784363126597094,0.36755061029728114,0.7132266667479634,-0.1223752510200728,0.09928748290106526,-1.2325345294735015,0.21781771760248864,0.33269980445920144,0.06961051212025064,4.779447734624761,1.8172077465523678e-06,-0.36534549019144497,0.07768578301404322,-4.702861656493848,2.646853378401031e-06,-0.3349168703764286,0.07565753019381495,-4.426748659630555,9.806636017999327e-06,-0.2747602523357339,0.06954580376224372,-3.950781175454625,7.916127292902078e-05,-0.19742648535668375,0.0588572470404064,-3.3543275515612794,0.0008025574195225624,-0.010621372564574788,0.01364965095277259,-0.7781424302587986,0.4365284089504087
-0.864,0.04743509466820395,0.04564034213813928,4255,0.06804406033206926,0.05731042289428793,1.1872894474636855,0.2351798863611883,0.019752557409374382,0.0802099423527677,0.24626071070468494,0.80549232556206,-0.11026921864383936,0.1023056498049985,-1.0778409487063516,0.28116597168241714,0.348895151235702,0.07172655069539041,4.864239920268801,1.1905856043353494e-06,-0.4295349602274507,0.0800472957883449,-5.36601462919116,8.47860123089256e-08,-0.3564449811146879,0.0779573876077836,-4.5723053587688325,4.9611619789694275e-06,-0.3070416594104648,0.07165987531577271,-4.284708256293649,1.8703138291402523e-05,-0.2018591172176543,0.060646405047876356,-3.3284597340650244,0.0008807163829223178,-0.014767156374500644,0.014064576616634463,-1.0499538505151464,0.29379908640973
-0.8099999999999999,0.050571850069154656,0.04878300758223819,4255,0.062494052780759715,0.05931754394219226,1.0535509164314543,0.2921485199018205,0.006978894387194955,0.0830190485400382,0.08406377222968524,0.9330096911879737,-0.062034126982989164,0.10588859009182734,-0.5858433560140212,0.5580119225671756,0.364187123381632,0.07423855221839162,4.905633427633163,9.661260332535204e-07,-0.49179627514763297,0.08285070578064184,-5.93593344213299,3.1549612282259105e-09,-0.3997879547154296,0.08068760500289578,-4.9547629366503285,7.523750886815068e-07,-0.34251215455164447,0.07416954173896051,-4.617962394281942,3.989891361233596e-06,-0.18544064085468231,0.06277035859600934,-2.9542708533526176,0.003151298061074693,-0.01812417666674924,0.014557145094259913,-1.245036478608423,0.21318705022199755
-0.756,0.05203138996023948,0.05024529743072503,4255,0.023041299421712104,0.061216844811088175,0.37638822276476824,0.7066471063631823,0.020636656435937976,0.08567725285107089,0.24086505751777307,0.8096713342959403,-0.06836656616873571,0.1092790590458954,-0.6256145208939151,0.5316014359885473,0.40823061675038214,0.07661561197783444,5.3282954506515825,1.0427740851917405e-07,-0.48433132079788777,0.08550351988958683,-5.6644606142918885,1.5724034245613254e-08,-0.423760331821682,0.08327115833478152,-5.088920825599727,3.7567500609536895e-07,-0.3304883774700808,0.07654439183740194,-4.317604066567213,1.6132948124217626e-05,-0.14417525771758954,0.06478021586080933,-2.2256063182526775,0.02609287752602421,-0.030033923017502667,0.01502325337334032,-1.999162383215855,0.0456544101273079
-0.702,0.04878816849699763,0.046995965328833655,4255,0.010564612149596243,0.06424616341480734,0.16443958032770764,0.8693929342906059,0.020364902584070185,0.08991699596063882,0.2264855755744434,0.8208346789940599,-0.04632783148862302,0.11468673870639132,-0.40395107587134865,0.6862690397657691,0.4196507137845256,0.08040693933905356,5.2190857808301345,1.8839556852840423e-07,-0.4795120273462312,0.08973466581493322,-5.34366538273142,9.586106265809768e-08,-0.43698245316790246,0.08739183573779441,-5.000266323263883,5.95611031845343e-07,-0.328151336627939,0.08033219486643704,-4.08492930105463,4.49033253592614e-05,-0.09891759283848156,0.067985868057777,-1.4549728592774251,0.14575069720238043,-0.03522400229772036,0.015766679812136516,-2.2340786213344948,0.02552975912343244
-0.648,0.04988375201327011,0.04809361306275328,4255,0.022534867221595162,0.06779554685701164,0.33239450474709953,0.7396077956854663,-0.0188111240992726,0.09488460615978551,-0.19825264456064345,0.8428568914404785,-0.05155466093618321,0.12102279349578993,-0.4259913314426729,0.6701357550617846,0.44583500502633344,0.08484915104414324,5.254442732071477,1.5575563726782844e-07,-0.5357963735529847,0.09469220288961948,-5.658294529038998,1.629501333212306e-08,-0.47096306286502015,0.09221993936709336,-5.106954809309633,3.4174418371882167e-07,-0.29796038975088573,0.08477027719197469,-3.5149158363150192,0.00044448657158544186,-0.020231828504214424,0.07174185754512034,-0.2820087072806847,0.7779505777482265,-0.03514442924031232,0.016637735596470495,-2.112332476768522,0.03471617786119129
-0.594,0.05200399714886439,0.05021785300783532,4255,-0.04429459508837351,0.0716615287101458,-0.6181084311993236,0.5365370170060095,0.0005191383615720203,0.10029531796257074,0.0051760976695418405,0.9958703331876129,0.044858220139745414,0.12792401260472522,0.35066301647645826,0.7258585699953317,0.5362537963800258,0.08968759978300125,5.979129753471934,2.4276797069859786e-09,-0.5029669439850581,0.1000919430639508,-5.025049255599946,5.240082264137979e-07,-0.37753951743906056,0.0974787008730999,-3.8730462558231107,0.00010910159667570155,-0.18465684012960443,0.08960422821829395,-2.060804984333364,0.03938242017477087,0.17267480950319242,0.0758328743188996,2.2770442377938087,0.022833112126388094,-0.03740755567202257,0.017586487938993225,-2.1270623106664495,0.033472395863432085
-0.54,0.053867621454415815,0.05208498861683575,4255,-0.08965644608593813,0.07581435271447301,-1.1825787977587343,0.23704233534784525,0.020608601825377243,0.10610748540378283,0.19422382640539446,0.8460099186783938,0.06272047062071431,0.13533727771135623,0.46343824614592055,0.6430740235073438,0.5529825447949589,0.09488504426923097,5.827921028585939,6.028171427626686e-09,-0.4979596541683649,0.10589232482076474,-4.7025094123792295,2.651401451554511e-06,-0.3380388653319766,0.10312764384407408,-3.2778685979006874,0.0010543592768455915,-0.11337688563784279,0.09479684127765592,-1.195998559759673,0.23176390520663354,0.3066713704215172,0.08022743003738608,3.8225251672477603,0.0001339840515080545,-0.029410228204870832,0.01860563434264121,-1.580716231613086,0.11401741937394103
-0.486,0.056335441171783796,0.054557458018079985,4255,-0.17464297596228961,0.08133549629627677,-2.1471926024294032,0.03183440799690817,0.043274197704467124,0.11383471172759996,0.3801494030047692,0.7038535295861257,0.08497066847947801,0.14519314952798923,0.5852250519787644,0.5584275010390485,0.6371441195294072,0.10179500174323605,6.25909041326524,4.2554656443841405e-10,-0.49233564410475517,0.11360388217914914,-4.333792425582429,1.4995357278754817e-05,-0.33569038738206336,0.11063786464699545,-3.034136535924002,0.002426855382113295,-0.09854262533620055,0.10170037541144382,-0.9689504580246815,0.3326250971507201,0.3789426249317827,0.08606995384160193,4.402728339196816,1.0952656447953068e-05,-0.0135997759363052,0.019960580668215405,-0.6813316787903395,0.4956987997554134
-0.432,0.0542112977631064,0.052429312455076316,4255,-0.3003961703846052,0.08712641041792502,-3.44781988542481,0.0005706211128437627,0.04986187937138803,0.12193950077660083,0.40890670417568337,0.6826287517280523,0.11654378730888137,0.15553059256645638,0.7493303110710107,0.4536996541582182,0.736228012932455,0.10904258908149758,6.751747359760542,1.6581907202396573e-11,-0.44856314589747975,0.12169223665588223,-3.6860457020435375,0.00023060900002019581,-0.2866484776673534,0.11851504499196398,-2.4186674163334274,0.01561926497222316,-0.07041040681439963,0.10894122555640097,-0.6463155380783449,0.5181099580493411,0.4321821171788867,0.0921979512578267,4.687545778217047,2.8516896923440707e-06,-0.02667167354271978,0.021381731503108126,-1.2474047547946567,0.21231791933072097
-0.378,0.05386009531518077,0.05207744829740424,4255,-0.3424319861380281,0.09130014624900176,-3.750618155683098,0.00017875063903153147,0.018158555644269356,0.1277809357809081,0.14210692333169192,0.887002291827777,0.072850051079966,0.16298118767199815,0.4469844165486002,0.6549091097138489,0.7174373381220834,0.11426620565171715,6.278648477300708,3.757568104321854e-10,-0.5218163915533776,0.12752182662817874,-4.091977078362135,4.3565067751053615e-05,-0.361612990128725,0.1241924335981502,-2.9117151476296628,0.003613224655477032,-0.1512039015066721,0.11415998637077532,-1.3244912364966779,0.185411235929251,0.38041934352368467,0.0966146360594938,3.937491864994744,8.365755220273272e-05,-0.06160093272007262,0.02240600988754877,-2.7493040050073723,0.005997466997105984
-0.324,0.057571412359521235,0.055795757931559775,4255,-0.3262647035179735,0.09539337818534611,-3.420202845569136,0.0006316439529449437,-0.016383221700838245,0.13350969995799833,-0.12271184570104156,0.9023410908259023,0.00331014534700361,0.1702880741317737,0.019438503629103977,0.9844922080893914,0.7166972023493035,0.1193890680066459,6.003038756525077,2.0983155791017877e-09,-0.6129238059319395,0.13323897424272746,-4.600184063375845,4.344180917057122e-06,-0.48304901572211284,0.12976031553855655,-3.7226251625334656,0.00019971703528239585,-0.26942184382370943,0.11927808662869908,-2.258770671451103,0.023948176144241096,0.31095100383605834,0.10094613091557493,3.0803657457274753,0.002080695133406343,-0.09358284721264086,0.023410531775034406,-3.997467811151561,6.511076719047516e-05
-0.27,0.060719844499105724,0.058950122114742154,4255,-0.34835951600513176,0.0997143392635364,-3.493574931930779,0.0004814634650363438,0.057040934160306055,0.1395571869854364,0.4087280303683579,0.6827598736705957,0.06541081764797672,0.17800148311676345,0.36747344180873626,0.7132842132635295,0.809424553891744,0.12479694354089735,6.485932515057843,9.828046033386581e-11,-0.5696879195425307,0.13927419841397148,-4.090405301412826,4.3860202181964865e-05,-0.36495149318541903,0.13563796956026852,-2.690629285948274,0.007159664853740849,-0.15637666206418616,0.12468093512413889,-1.2542147033825928,0.20983301831710297,0.47408588471851654,0.10551861079811573,4.492912493186296,7.212400699121287e-06,-0.11603262101667496,0.02447094077347786,-4.741649374691538,2.1893450335204646e-06
-0.216,0.07092615830280746,0.06917566590205904,4255,-0.44853135621960816,0.10321911681873566,-4.345429122468462,1.4225334414410468e-05,0.08839851260546212,0.14446236812814658,0.6119137720838652,0.5406275726664511,0.14505310503644092,0.18425791130379698,0.7872286406051963,0.4311919730723508,0.8465613431576301,0.12918332898866766,6.553177950940504,6.30535400201788e-11,-0.479149361237694,0.14416943302340496,-3.3235156106905634,0.0008964360028912719,-0.2189429583783541,0.14040539734305954,-1.5593628344884762,0.11898505407197099,0.04400824867531525,0.12906324308718362,0.3409820458764328,0.7331339688909533,0.7320806205042577,0.10922739793457403,6.70235338703908,2.3197758109607938e-11,-0.1664114906210782,0.02533104980705252,-6.569466796229935,5.6589687091955054e-11
-0.162,0.0733571309230332,0.07161121878157861,4255,-0.62259413406844,0.10602208206478518,-5.872306239826544,4.626147678485683e-09,0.0778236938307945,0.148385313893477,0.5244703251877247,0.5999788327199842,0.19464483818329006,0.18926152437094998,1.0284437834379314,0.30379970341305634,0.8150065783572198,0.1326913650258302,6.1421221961095025,8.888790851330755e-10,-0.4913665894027467,0.14808442399370086,-3.318151741763524,0.0009137841492090951,-0.21531791178550647,0.14421817409643448,-1.4930012332671032,0.13551116291416557,0.08503737523126029,0.13256801813337107,0.6414622201390066,0.5212570430653394,0.7989798603835829,0.11219352097227338,7.121443853972963,1.2484921331556303e-12,-0.17588981106839638,0.026018926766703365,-6.7600717218468835,1.566613606115628e-11
-0.108,0.06677206723577866,0.06501374800306214,4255,-0.7428539537287658,0.10803453922362392,-6.876078327053445,7.049514867729455e-12,0.05088741736469511,0.15120188834094908,0.3365527899357166,0.7364706820391218,0.1899485115903888,0.19285399022518884,0.984934308948405,0.324712459207287,0.7614434363023921,0.13521004492969346,5.631559672199854,1.9012433390024497e-08,-0.5867946095656068,0.15089528710235525,-3.8887537234186276,0.00010230075070893683,-0.29719297878137046,0.14695565001883407,-2.022331082495173,0.04320473668252009,0.010228435281804128,0.1350843567293491,0.07571887322451044,0.9396463276511375,0.7407404764084238,0.11432312124099861,6.479358404210355,1.0261519538119467e-10,-0.11100422869922097,0.026512804781709306,-4.186815752356791,2.8862823512553687e-05
-0.054,0.060271377759862466,0.058500810407549286,4255,-0.9131452152360477,0.11079300240808258,-8.241903327727057,2.2352342479770195e-16,0.02445458164363206,0.15506255036076666,0.1577078513589279,0.8746945125323958,0.19084551961735408,0.19777816203019807,0.964947381744879,0.3346261213085773,0.7252886971605159,0.13866238465167383,5.230608856053312,1.7709189121089628e-07,-0.6139745723686794,0.15474812062366627,-3.967573692618931,7.380613853219188e-05,-0.32500920629612357,0.15070789215582373,-2.156550673272517,0.031096662990114536,-0.0021390263136515735,0.13853348723438955,-0.015440500028938719,0.9876814783592693,0.7179974007160892,0.11724215179680016,6.124055126184448,9.948341737966615e-10,-0.02302502532036234,0.027189760470442345,-0.8468270746773426,0.39713924048228877
0.0,0.054616433732995295,0.05283521175227546,4255,-1.0704949652132574,0.11271070322532897,-9.497722350938982,3.477018736018984e-21,-0.00706557875388188,0.1577465066855161,-0.04479071456059461,0.9642762326241224,0.1678753924446945,0.20120147699337423,0.8343646127916983,0.4041224907021088,0.6453610264096237,0.14106247276724285,4.575001513510173,4.898008846877301e-06,-0.6723312842128712,0.15742663452740807,-4.270759431726389,1.9906892469666253e-05,-0.4036075353731042,0.15331647430154616,-2.6325125020764575,0.008506282624772219,-0.09904779073113157,0.14093134428231807,-0.7028088125854809,0.4822134340104334,0.6117842696761183,0.11927148005246305,5.129342483274438,3.037235011223734e-07,0.040489714071667106,0.02766038428910959,1.4638160355425236,0.14331824533716972
0.054,0.05225057453363857,0.05046489497552942,4255,-0.9586256401598126,0.11379961322761274,-8.423804026841879,4.9267497701472294e-17,-0.06514252904842835,0.15927051233928066,-0.40900558484837835,0.6825561910642821,0.1080400483869092,0.20314530570265263,0.5318363031486897,0.5948672006687246,0.5180981446207091,0.1424252922080554,3.6376835644042034,0.0002783688956164723,-0.7790415210106939,0.15894754986248552,-4.9012490075165465,9.87818276877647e-07,-0.5114623074714407,0.15479768094478816,-3.3040695722945905,0.0009608216466608107,-0.21603874747680643,0.14229289687699503,-1.5182679685238325,0.12902130911350693,0.4859875305092189,0.12042377441226906,4.0356443973052,5.5411331646800634e-05,0.08608499055548842,0.027927614181724222,3.0824326773972075,0.00206633228764841
0.108,0.05304452013657612,0.051260336472207846,4255,-0.6581652371237193,0.11532276873439283,-5.707157782862302,1.227064209142565e-08,-0.14214907282420594,0.1614022749266635,-0.8807129446520772,0.3785230556111303,0.08888654536272013,0.2058643122289634,0.43177248353692327,0.6659287033099245,0.4165752578784806,0.14433158926811276,2.886237586594044,0.003918445360221755,-0.8681710827829243,0.16107498974558965,-5.389856514373582,7.433920344197758e-08,-0.5704048103218835,0.15686957674021806,-3.6361723042479768,0.00028000113442243303,-0.2962566459214961,0.1441974218864113,-2.054521100625963,0.03998635509140757,0.42849859589314043,0.12203559127122816,3.5112592271609357,0.00045062798818773503,0.11156914877879463,0.028301412458586916,3.9421759935852068,8.204586786595154e-05
0.162,0.04989664812554251,0.04810653347292926,4255,-0.18812141619778708,0.11854530009154125,-1.5869158545511193,0.11260616481155492,-0.19727193603316884,0.1659124327885875,-1.1890123766947647,0.2345012870823267,0.07419998760860466,0.211616898719525,0.35063356498267473,0.725880666152276,0.30273170544048045,0.14836473100888029,2.040455999090246,0.041366665908458174,-1.002121140630564,0.16557600208689952,-6.052333236700685,1.550866470203519e-09,-0.7023301755966482,0.1612530747742641,-4.355452921315332,1.3592421435646117e-05,-0.4033817758359562,0.1482268145098156,-2.721381938685893,0.006527475847400725,0.30330570771848075,0.12544570294193763,2.4178246094157996,0.015655435854881435,0.11454619010770635,0.02909225532596067,3.9373430771965725,8.370923334483642e-05
0.216,0.04541806892672895,0.04361951606554515,4255,0.17601451469741916,0.1232306400634876,1.4283340134136904,0.153269293284153,-0.2852612235724164,0.17246989354482964,-1.653976921475105,0.09820611977673292,0.007841172910213828,0.21998076564250107,0.0356448114329996,0.9715672522074532,0.1677441798500361,0.1542286429824987,1.0876331179875005,0.27681883843595245,-1.1149877590683537,0.17212016588229048,-6.477961215949974,1.0356025847573628e-10,-0.7983037106715528,0.16762638081217274,-4.762399013828624,1.9768387012083264e-06,-0.5063951075897276,0.15408527552346038,-3.286460084322762,0.0010227970924289508,0.19663927524129096,0.1304037718476547,1.5079262850695487,0.1316477921541562,0.1073717742955163,0.030242086712338162,3.5504089157879033,0.00038880356261213154
0.27,0.039819360233050216,0.03801025869792629,4255,0.35631550106395515,0.12721778420769397,2.8008309002005527,0.005120183810059667,-0.3511582346244538,0.17805018044218637,-1.972243070758787,0.04864666003125894,0.009932628699892742,0.2270982732779208,0.04373713880130335,0.9651159916584588,0.06909742679179362,0.15921873173331386,0.43397800019867977,0.664326466092404,-1.1437434488984186,0.17768913729349017,-6.436766289259939,1.3558792040703188e-10,-0.8075127969915248,0.173049955195341,-4.666356579405028,3.1603089911597053e-06,-0.5446936617000476,0.1590707256006106,-3.4242231538419334,0.0006223980206330883,0.14412563386913166,0.134623003647773,1.0705869722400587,0.2844160354199543,0.09029392531100566,0.031220573547118522,2.8921289730546693,0.003845854993221527
0.324,0.034678614985691136,0.03285982763757178,4255,0.3580078794166017,0.13093831168483716,2.7341721060090585,0.006279675747306639,-0.3696496321298072,0.1832573186797457,-2.0171070644976226,0.043747157340211416,0.035163411924905894,0.23373983971459808,0.1504382477879734,0.8804260130355885,0.07621702273076725,0.16387513783234306,0.46509204348461425,0.6418893940494188,-1.0390542079016523,0.18288571670105946,-5.6814398994321955,1.4250386699026318e-08,-0.7604426525879755,0.17811086014060828,-4.269490653111493,2.0019974073974427e-05,-0.5398158591929866,0.16372280320982263,-3.2971330114667867,0.0009848069426957563,0.1640756529475104,0.13856009929243046,1.1841479169355202,0.2364207982134987,0.0737763605417551,0.03213362986591581,2.2959236429124927,0.021728745032439694
0.378,0.029587179085768356,0.02775879882968868,4255,0.24527432612400477,0.1345276041734912,1.8232267468889953,0.0683393343871242,-0.35571796212025736,0.1882807843787025,-1.8892950934641137,0.05892037461823102,0.10180209100929226,0.24014713670958415,0.42391548949594193,0.6716489214554443,0.10427783138209014,0.16836729748928544,0.6193473016262327,0.5357208193999623,-0.9324256604099725,0.18789899601397153,-4.962377022709799,7.236267656210531e-07,-0.6971166974589448,0.18299325066653124,-3.809521361688367,0.00014120488510741124,-0.5018477738707717,0.16821078705672637,-2.983445845845378,0.0028664476292289878,0.19095141274417154,0.1423583208917324,1.3413435305225017,0.17988068183382136,0.0459457935877993,0.03301447974725941,1.3916861310411333,0.16409036275050423
0.432,0.027283011220801567,0.025450289621594346,4255,0.12027284257803511,0.13704984997101077,0.8775846351052234,0.3802188229030844,-0.35277563773138937,0.1918108436559081,-1.8391850586103362,0.06595775469558347,0.12945469156821296,0.24464963350251717,0.5291432066129828,0.5967337716466146,0.11251695832292476,0.17152400061457426,0.6559837569073367,0.5118701192495521,-0.9072550207329337,0.19142189717590105,-4.739557146376209,2.2119512993361694e-06,-0.6821478139537703,0.18642417445576984,-3.659116721021681,0.0002561595766844641,-0.4988346346227706,0.17136455578217055,-2.9109557244548427,0.0036220004671547444,0.18447400239400744,0.14502738408375995,1.2719942758359708,0.20344481333830952,0.03607868426909092,0.033633465220994835,1.0727019660932744,0.2834658202348296
0.486,0.026111929892974173,0.024277001828712175,4255,-0.02042123997976934,0.13862179306383157,-0.1473162302147247,0.8828894167684963,-0.34355265254347395,0.1940108878797931,-1.7707905793222039,0.07666726509623965,0.12415679882760572,0.24745573144152816,0.5017333730940194,0.6158810996310591,0.12479490710461466,0.17349135751482697,0.7193148344230887,0.47198654438515597,-0.9116089096481241,0.19361748023669212,-4.708298592325997,2.5775962078255437e-06,-0.6671152442673487,0.18856243431838587,-3.537901102511919,0.0004076365654940128,-0.5072248473859543,0.17333008387193544,-2.9263520564653756,0.0034478180969688007,0.1759726503101043,0.14669082840514047,1.199615901166577,0.2303554823830037,0.023115915062430336,0.03401923648125491,0.6794954106382587,0.4968610544668225
0.54,0.025440699153944646,0.02360450640623646,4255,-0.2180743477885482,0.14105540047022325,-1.5460191319267045,0.12217447194549284,-0.27408031417235984,0.19741689153354386,-1.3883326398429783,0.16510860858332008,0.180987980226246,0.2517999985836569,0.7187767325030994,0.47231804815630485,0.1741340534939688,0.176537125739731,0.9863877230599922,0.3239990909709427,-0.9035103368998332,0.19701657733027786,-4.585960984314491,4.64913958345355e-06,-0.5908535677889023,0.19187278636752703,-3.0794026551380695,0.002087418764885839,-0.49884241626738207,0.17637302081956965,-2.828337429099771,0.004700977821523526,0.20795408708983443,0.14926609365432178,1.3931769901570907,0.16363920463970413,0.02601757503961044,0.034616469167622274,0.7515952858631055,0.45233613570548725
0.594,0.024222770955703576,0.02238428347752297,4255,-0.3612500201630294,0.14478585445424635,-2.4950643246518784,0.012631123697940288,-0.2695014406843418,0.20263792261126026,-1.3299654734486803,0.18360108301867648,0.1871062237471727,0.2584592849687373,0.723929201343278,0.46914908377045017,0.1945712451332811,0.18120595530491157,1.0737574535333567,0.2829924209337613,-0.9206894668197707,0.2022270214066497,-4.552751953797488,5.443080242728718e-06,-0.5894478113998262,0.19694719399704175,-2.992923125417466,0.002779104339161543,-0.4912207013602523,0.18103751034635987,-2.713364210656962,0.0066872652742167365,0.20067002677235654,0.1532136936178544,1.3097395019590594,0.19035483470232584,0.0273625924161794,0.03553196155493026,0.7700839249721265,0.4412929525466631
0.648,0.02544958940244635,0.0236134134050886,4255,-0.5208705519953846,0.14988864813765643,-3.4750500352569835,0.0005158682782822702,-0.22495406236559132,0.2097796390131677,-1.0723350627534978,0.28363050657180744,0.25862155032861806,0.26756835444053384,0.9665625476128412,0.3338178136410552,0.28305737510199597,0.18759232921976376,1.508896319371328,0.13139968374895358,-0.9238952225824922,0.20935425611710118,-4.41307112507766,1.0444332985547827e-05,-0.5752836457146105,0.20388834789140248,-2.8215621523453867,0.004801244569219349,-0.4800879607443576,0.187417947632432,-2.561590108146506,0.010453654609450936,0.2557490392878268,0.1586135157962853,1.6124038232422584,0.10694841176878879,0.033336125592781804,0.03678424044408766,0.9062610832879092,0.36484910299275986
0.702,0.026723352199429118,0.024889576131976177,4255,-0.675547648999026,0.15372485539992398,-4.394524536982327,1.1372571627623002e-05,-0.17370949025927693,0.21514867919504388,-0.8073927802354757,0.4194854511378162,0.34477177996105796,0.274416422504468,1.2563817311460084,0.20904672057615456,0.3661034960164663,0.19239351372999852,1.9028889743666157,0.0571226092977164,-0.9272707595137409,0.2147124091705963,-4.31866403574743,1.6056011600301273e-05,-0.48192647596934096,0.2091066080504667,-2.304692713742603,0.021231807047507736,-0.4120664166645916,0.19221466907011225,-2.1437823588494496,0.0321069621040432,0.35245047919022243,0.16267302483016943,2.166619078720523,0.03031935794082717,0.02653728572854673,0.037725685790896094,0.7034275235084174,0.48182792810399677
0.756,0.02778518670652297,0.025953411269323712,4255,-0.8315159173999638,0.15852062619540808,-5.2454745944225305,1.6347470765212452e-07,-0.05768640941201186,0.22186069560700453,-0.26001184776863473,0.7948672415950392,0.41839391772672224,0.28297742105882934,1.4785417018827824,0.13933702035683534,0.45114182169536254,0.19839563480525668,2.2739503423963896,0.023018669035606263,-0.8753794999643152,0.2214108152198297,-3.953643814080116,7.822312123424205e-05,-0.3893504237644447,0.21563012932113082,-1.8056401718546389,0.07104536007156254,-0.3009044284151727,0.19821121070934117,-1.5180999467099863,0.1290636538300545,0.4909115361345187,0.1677479526267447,2.9264830267517126,0.003446369688409197,0.03795782926880383,0.038902618055264834,0.9757140050286888,0.329261794445484
0.8099999999999999,0.029530298976689795,0.027701811551304245,4255,-0.9237868931610372,0.16297379262836406,-5.668315612360983,1.537698854302792e-08,0.023250405936101906,0.2280932132684696,0.10193379102751199,0.9188140415354327,0.5462132639830225,0.2909268317001314,1.8774935979298875,0.06051897193327893,0.4874577993242355,0.20396897123827512,2.3898625186219657,0.016898037288712996,-0.8380163297279128,0.22763069482726297,-3.6814733195970764,0.00023477156793298029,-0.3201087333692589,0.2216876177178972,-1.4439630713908655,0.14882314258959944,-0.2454652699700531,0.20377936629483795,-1.20456390866827,0.2284388342306897,0.6109575180820719,0.1724603334049639,3.5425973382960354,0.00040046766901847473,0.038091678625596356,0.039995471629185625,0.9523997861247865,0.34094847965477637
0.864,0.03210752998357547,0.030283898386747388,4255,-1.0438732597285987,0.16680673675042404,-6.257980223487257,4.2855827187955966e-10,0.14159584868426056,0.23345768645755946,0.6065161136170234,0.5442045110378556,0.6565803937301335,0.29776907468613933,2.204998603102743,0.027507611102455285,0.577933953901649,0.20876607178298134,2.7683327514177156,0.00565883054231185,-0.7756223338275845,0.23298429014874003,-3.329075678589392,0.0008787760235930271,-0.20788264286183808,0.22690143914011157,-0.9161803629348979,0.3596243339513546,-0.13141528317555587,0.20857200756335173,-0.6300715264278202,0.5286816926831964,0.7746333833570316,0.17651638935452652,4.388450195416187,1.1693349002675453e-05,0.04212017218963531,0.040936116167290475,1.0289244836394846,0.30357377021655524
0.918,0.03475732854957281,0.032938689507744257,4255,-1.100544431724817,0.17060278688102712,-6.450917079638923,1.2362317704156252e-10,0.18517443643707762,0.23877052392702852,0.775533065771843,0.4380679252784202,0.7783030214675177,0.3045454576840461,2.5556218351973463,0.010634363795376064,0.597158137532093,0.21351699785165085,2.796770952854028,0.0051848425467240725,-0.7639294020872373,0.23828635445547638,-3.205930124840518,0.0013562478714447667,-0.13791979205501795,0.23206507494080808,-0.5943151596171746,0.5523330051578476,-0.0436657474458341,0.2133185172785776,-0.2046974074398332,0.8378183573942685,0.8991622393137193,0.1805334037504462,4.980586532100418,6.591026669942852e-07,0.036558539895246184,0.04186770653438535,0.8731918445358637,0.3826078980575276
0.972,0.037046620989086954,0.0352322952632067,4255,-1.1662254973470656,0.174835966838375,-6.670398079047252,2.8790077399150877e-11,0.24350905886852633,0.2446951551406922,0.9951527594754219,0.319718681421465,0.8882963472638726,0.31210216734359275,2.8461716713615406,0.0044460512679856115,0.6598296513923609,0.2188150113975199,3.015467938777072,0.0025810163100465997,-0.7186033277648092,0.24419897193513018,-2.9426959584240238,0.0032712906967498315,-0.044038273939025034,0.23782332333756454,-0.18517222499879651,0.853102797785334,0.06752585489025327,0.21861160591085516,0.30888504116194443,0.7574241307036632,1.040626337868545,0.18501299286126843,5.624612205743065,1.9787728976659654e-08,0.02223551984886717,0.04290657312854644,0.5182310827352818,0.6043240528733191
1.026,0.040063800123556814,0.03825515914404387,4255,-1.1993466601726988,0.1782733250853347,-6.727572168178293,1.9549043220980706e-11,0.28755181627194065,0.24950597824948362,1.1524846750742566,0.2491868438342043,1.0051625825618729,0.3182382443660297,3.158522271778749,0.0015968391091868825,0.7052299970860987,0.2231170185736587,3.1608077303761464,0.0015843928854524687,-0.662012840905895,0.24900003984615263,-2.6586856826003995,0.0078740410799259,0.024465716846353958,0.24249904296537694,0.1008899521712631,0.9196425828804295,0.12627990460318703,0.22290961403840165,0.5665072148096413,0.5710789716816327,1.1697233839529173,0.1886504362792711,6.200480672206356,6.165159763741498e-10,0.017959957351471125,0.04375013675941268,0.41051202765913886,0.6814510957862916
1.08,0.04328788846256382,0.041485322072479014,4255,-1.2199904165502802,0.18101252606093224,-6.739812117420031,1.7987033681394457e-11,0.3081265314805648,0.2533396814617351,1.216258462561874,0.22395408798887523,1.0658314207872888,0.3231280309284479,3.298480226939216,0.0009801055700763208,0.7743934863551287,0.22654525078202095,3.4182728778553853,0.0006361277687101525,-0.6230015326308673,0.25282596922590655,-2.4641516634479874,0.013773136632364184,0.07932664748524973,0.24622508338535715,0.3221712686399977,0.7473388100392309,0.19872247711187066,0.22633465943962353,0.8780028547279626,0.3799918479276867,1.2888619653535454,0.19154908339238083,6.728625073675564,1.9409612432638695e-11,0.014177935671029563,0.04442236530081978,0.31916210618275925,0.7496192905435606
1.134,0.044875418390021404,0.04307584310672408,4255,-1.2020685722799376,0.18328877135522428,-6.558331770091136,6.09339349176243e-11,0.23627535582757453,0.2565254458413262,0.9210601118055268,0.357071371674777,0.99112153278792,0.32719138872948283,3.0291797612294897,0.0024669434413898007,0.8190837264027585,0.2293940733041883,3.5706403160495412,0.0003600539428509883,-0.6220423860506984,0.2560052736378651,-2.429803016209013,0.015148217303653929,0.17786766227108453,0.2493213811918632,0.7134071751921186,0.47563304246829785,0.25241201623611825,0.22918083376079296,1.1013661661584353,0.2707997535869512,1.3575189073802285,0.193957826638973,6.99904165201372,2.9820145317805242e-12,0.006930853055142358,0.04498097968059633,0.15408408408081328,0.8775507603174298
1.188,0.045956354118947274,0.044158815455016764,4255,-1.1530481956078238,0.1855526986216197,-6.214127868650013,5.656958260119527e-10,0.1611868935101452,0.25969397027995034,0.6206801541690998,0.5348434032990017,0.9005971306141296,0.33123275744398456,2.7189253187509133,0.006576066171095646,0.8164223077522011,0.23222747926497334,3.5156145617920482,0.00044332196485830067,-0.6967172067490366,0.2591673730673306,-2.6882905764840714,0.007209921074138077,0.2556946869312889,0.25240092321073404,1.0130497292904306,0.3110941315398814,0.301642984992611,0.23201160585146693,1.3001202413370727,0.19363033001802088,1.3826191067946332,0.19635353483763704,7.041478056088516,2.208582221777733e-12,-0.018237492906922736,0.045536571087615586,-0.40050211228756133,0.6888068776750342
1.242,0.045864101621253095,0.04406638914197136,4255,-1.1271711727194584,0.18831052804981405,-5.985704487118672,2.3323965875062298e-09,0.07593253714714897,0.26355374531358183,0.2881102564367007,0.773276404004255,0.8864325352670656,0.33615579792168604,2.6369693479854157,0.008395514520589498,0.8329087556012821,0.23567902581271896,3.5340809506873487,0.0004135563631930156,-0.7351810264394656,0.2630193214010512,-2.7951597720019334,0.005210706133814406,0.2998319772466672,0.2561523032709801,1.1705222768560428,0.24185654553508337,0.3177893458154609,0.2354599439195895,1.3496535356518526,0.17719909437903555,1.38528950586325,0.1992718947468587,6.9517555780910625,4.158481478016044e-12,-0.034941944496963556,0.04621337124593922,-0.756100313716756,0.44963099934295725
1.296,0.047005067034208814,0.045209504277796464,4255,-1.128336287336101,0.19058261658395664,-5.920457529446497,3.464005365259332e-09,0.07352822402196589,0.26673369201682146,0.2756615539117153,0.7828214417260032,0.9368926539415812,0.3402117354311458,2.7538516646237072,0.005914916230274845,0.8332305968526033,0.23852264596413889,3.4932976425973274,0.00048196228020167263,-0.7471357149243284,0.26619281993351357,-2.806746309351766,0.005027279529271581,0.32870335882672524,0.259242946780313,1.2679355905689276,0.2048904749050492,0.32440972027777504,0.2383009207060177,1.3613448043618193,0.17347698615344073,1.4212192812668696,0.2016762392724682,7.047033832016161,2.12318210095462e-12,-0.05911950037454167,0.04677096551334097,-1.2640213800520836,0.20629174011552773
1.35,0.046449906211816994,0.04465329746233371,4255,-1.1250520579098577,0.19312460175306193,-5.825524286897438,6.114633877900062e-09,0.08273028277294728,0.2702913779241758,0.30607814207138867,0.7595601559640757,0.9553024773428217,0.34474946925662603,2.77100492541066,0.005612683875877041,0.8299097717723348,0.2417040537934804,3.4335782075108927,0.0006013686007690567,-0.7615586506897224,0.2697432917053985,-2.82327188148005,0.0047757614455517005,0.32240041911980627,0.2627007213545245,1.2272536499232325,0.21979530949410742,0.3395452578624322,0.2414793711705803,1.4061046134768111,0.15976623764114725,1.4266877091531374,0.20436619084507504,6.98103587121548,3.3854233275688407e-12,-0.07984911430952145,0.047394795235120836,-1.684765466617125,0.09210732033086026
1.404,0.0472761188040427,0.04548106674338137,4255,-1.1120857130951336,0.19468474470866434,-5.712238597632868,1.191246485850342e-08,0.04787158955435095,0.2724749070312943,0.17569173644622182,0.8605445056449492,0.930014292512318,0.34753450260310836,2.676034424053757,0.0074785070981674365,0.8307192672547652,0.2436566422956362,3.4093848598915995,0.0006571618102011346,-0.8126875571136674,0.27192239313812683,-2.988674627840787,0.002817953620446154,0.3322498010297167,0.2648229298982966,1.2546111515242087,0.20968900876861493,0.3287315812951634,0.24343014459061718,1.350414435517014,0.1769550532860141,1.4264181916943734,0.20601714815510191,6.923783794058159,5.05749271971483e-12,-0.09497792420078092,0.04777767061840753,-1.9879145000465621,0.04688526532888921
1.458,0.04917876460848147,0.04738729737269898,4255,-1.1505838465633793,0.19667600044924527,-5.850148690919216,5.280966714518641e-09,0.00682030951386539,0.27526180861211536,0.02477753651425075,0.9802335731588258,0.9535302143176798,0.3510891215045223,2.7159207047814995,0.006635937678075805,0.8806235367087614,0.24614878767881918,3.5776066378917943,0.000350623682980009,-0.8144360920403434,0.2747036435496014,-2.9647808143953,0.003045836349703709,0.3806403323076645,0.26753156626416374,1.422786617754915,0.15487148479722956,0.3222751646899102,0.24591997333180535,1.3104879620944139,0.1901016953678827,1.4680216162777258,0.20812431289230743,7.053580602268914,2.0267013761151245e-12,-0.1158038874694737,0.04826634558383872,-2.3992677727863643,0.016470740359647643
1.512,0.051757427519046995,0.049970818809709217,4255,-1.1672770699438322,0.19721810335954257,-5.918711568865478,3.500668696069447e-09,-0.021564624226899143,0.27602051952346945,-0.07812688804487794,0.9377308003252296,0.9739726636345449,0.3520568371083916,2.7665210868626797,0.005690311236821011,0.9090261784233461,0.24682725365261388,3.682843628373044,0.00023351673414274537,-0.8259337214537567,0.27546081597682875,-2.9983709970685366,0.002730003874519811,0.37612108763110214,0.2682689701178974,1.4020297892290952,0.16097945083005782,0.33001946157715645,0.24659780861897254,1.338290325552251,0.1808734735007394,1.4984733748393537,0.20869797106852025,7.180105140300435,8.184375406417662e-13,-0.1474605314140883,0.048399383302475715,-3.046744015156603,0.002327565065664674
1.566,0.05538864376779806,0.053608876728264865,4255,-1.1885621274335854,0.1966628922367179,-6.043652231062201,1.6359466738053755e-09,-0.0200119154594065,0.2752434627525305,-0.07270623345339569,0.94204331262985,1.010757948590361,0.3510657218481829,2.8791131850447638,0.004007890044563231,0.9072173698990282,0.24613238216612382,3.6858919655956273,0.0002307478243953694,-0.8239631784498302,0.27468533489102864,-2.999662063417792,0.0027184845933728974,0.36565658927103734,0.2675137356156842,1.3668703344502176,0.17173831684360297,0.33544738470704477,0.2459035830693036,1.364141914973662,0.1725952067501763,1.5469776626601754,0.20811044166389486,7.433445675727289,1.272603312089696e-13,-0.17109828798599902,0.048263128691516395,-3.5451138917994425,0.00039667475787114216
1.6199999999999999,0.05667314875928087,0.054895801889302986,4255,-1.2095342064583268,0.19696101612952813,-6.1409827702295,8.952227757289892e-10,-0.008846471790698113,0.27566070797684855,-0.03209188518604939,0.9744002831253519,1.1450889230393968,0.35159790704305754,3.2568138208489574,0.0011355576035205906,0.8900416952215269,0.24650549751637346,3.6106362908292065,0.00030897452175398897,-0.735935616190202,0.2751017340419016,-2.6751398669050532,0.007498457857860686,0.35593470312660785,0.26791926324387527,1.3285147876904093,0.1840794975485471,0.31750834495992963,0.2462763515799607,1.2892360266139538,0.19738627141948187,1.5884322364483103,0.20842591904906732,7.621087836366282,3.0833885706610096e-14,-0.18636606439671463,0.04833629140991777,-3.8556136385439688,0.00011714815171585704
1.674,0.05967169153628471,0.05789999429942405,4255,-1.2557115092115403,0.19776183101480554,-6.349615104026473,2.3850413440245426e-10,0.020960533937252362,0.2767815043789589,0.07572953252163116,0.9396378476168081,1.185531405342953,0.3530274530675729,3.3581847390096056,0.0007914706205122326,0.9110955278221489,0.247507753067208,3.681078740085976,0.00023513406853463024,-0.6700306410265168,0.2762202577371769,-2.4257114467833483,0.015319820433127889,0.3806799947257883,0.2690085840560565,1.4151221086924926,0.15710603183784075,0.29180386657949303,0.24727767545669854,1.1800655519773826,0.23804025174534524,1.6587533964281405,0.2092733485644713,7.926252472216378,2.863827887087757e-15,-0.20668007238033606,0.04853281975050428,-4.258563039255277,2.101956698124376e-05
1.728,0.059631395149774,0.057859621989434284,4255,-1.2508089199382775,0.198972831278405,-6.286330208510385,3.5779853105601156e-10,0.0017418173373809289,0.27847638388650797,0.0062548116758468116,0.9950097087133655,1.1262908169064358,0.35518922683619597,3.1709599610853396,0.0015301781107779273,0.9233645090475039,0.24902337391613139,3.707943132111301,0.00021161713545646713,-0.6582537308373552,0.27791170043476293,-2.3685714916197775,0.017901448513884644,0.38008099294638964,0.27065586586231166,1.4042961593884127,0.16030381922436718,0.28168766392471295,0.2487918874187526,1.1322220625730934,0.25760502190563134,1.6667886894580317,0.21055483993707566,7.916173714915087,3.1020051921378385e-15,-0.20976493585808623,0.048830011868970694,-4.295819882677164,1.779419215846774e-05
1.782,0.059627611978731454,0.05785583169041997,4255,-1.2427300430175343,0.20066822917820695,-6.192958636785029,6.464043007371413e-10,-0.02895238530024601,0.2808492117412064,-0.10308871839357238,0.9178974270840679,1.0326171453507205,0.3582157057043977,2.8826685399518577,0.003963024427020811,0.8905422674568858,0.25114524001426347,3.5459253275368012,0.0003954589504478709,-0.6835468171364321,0.28027971676252084,-2.4388022973335484,0.014776728050481358,0.36004571994398654,0.27296205703225074,1.3190321169855734,0.18722950542153896,0.28949069774911,0.25091178107814033,1.1537549034373769,0.24866560587827186,1.6693683459604847,0.21234892524575263,7.861440052161861,4.7789740108677025e-15,-0.208696916885502,0.04924608022884702,-4.23783813687679,2.3047347265026784e-05
1.836,0.06010549070138571,0.05833461079691338,4255,-1.2042137494917018,0.2009240051448049,-5.9933791814663016,2.2257769010129993e-09,-0.08072275839188513,0.2812071880830298,-0.2870579480637272,0.7740819574588316,0.919215728919603,0.358672295014785,2.562828915686704,0.01041648994782507,0.856793282396807,0.25146535504584666,3.40720208650849,0.0006624255193543259,-0.705368748061321,0.2806369672140065,-2.513456281486341,0.011992185179320394,0.3045781915077813,0.2733099802399649,1.1144056694906022,0.26516826721165665,0.22950112920337803,0.2512315985380287,0.9135042348928042,0.36102927477612445,1.64809026822461,0.21261958967446268,7.751356640034748,1.1301039934109341e-14,-0.20033800658278073,0.04930885032366113,-4.062921874425602,4.933770841200378e-05
1.89,0.0614409604678956,0.05967259675704839,4255,-1.2154558461650564,0.20180959680506314,-6.0227851668477355,1.8595012243516972e-09,-0.07126257646005295,0.2824466355069029,-0.2523045683732753,0.8008178693944094,0.8634460714721139,0.3602531772642795,2.3967757287500486,0.016583023525948065,0.8825793209878277,0.25257371251220306,3.4943435411758696,0.0004800833324406062,-0.7383625615596713,0.2818739013351722,-2.619478277563892,0.008837768362710727,0.30968343039232227,0.27451461996925663,1.1281127046239077,0.2593360634171927,0.272358135147616,0.252338925700347,1.07933460678612,0.2804998980923069,1.6815653037427511,0.21355673073576856,7.874091806655974,4.325719182965565e-15,-0.19807686504502078,0.04952618377066307,-3.999437266603045,6.457336791015317e-05
1.944,0.06173955286295574,0.05997175173787406,4255,-1.2403355741865973,0.20307535758901993,-6.107760138464289,1.1008954151417814e-09,-0.06640106110555788,0.28421815618998775,-0.2336270912304828,0.815285756518878,0.8799370240458744,0.3625127048154763,2.427327407721541,0.015251842469885868,0.8910967273896747,0.2541578685950534,3.5060757013564987,0.00045946976637977735,-0.7347543984672174,0.28364182979833447,-2.5904303289455504,0.009618375677772642,0.33068131403760737,0.27623639061882355,1.1970954054851952,0.2313362003531005,0.3334146395307807,0.2539216091875243,1.3130613050130358,0.18923324850282433,1.7194408398818715,0.2148961701836183,8.001263300377541,1.5755085500664729e-15,-0.18988885409724796,0.04983681469301953,-3.8102124958609167,0.00014081205909220837
1.998,0.06151832071610508,0.059750102761731205,4255,-1.2775889006323107,0.20461687659143576,-6.243810001964345,4.688760335399874e-10,-0.011649586744510604,0.2863756197729653,-0.04067939426458942,0.9675534015743806,0.8888920549510869,0.3652644922786364,2.433557254377218,0.014992254101311733,0.9369618387538868,0.25608714838903845,3.6587616545695916,0.00025651355973320346,-0.723394901896827,0.2857949185615659,-2.5311678231990444,0.011404145395199109,0.32834039431199435,0.27833326564272204,1.1796663742431102,0.23819902305566557,0.36848714755054596,0.2558490955666385,1.4402519060481485,0.14986987053099313,1.7611832539011796,0.21652741945884962,8.13376549862724,5.4120727856196e-16,-0.1674545914280229,0.05021511956359197,-3.3347444531314907,0.0008611033866108926
2.052,0.061089135339197576,0.05932010874539473,4255,-1.2694624088478328,0.2067507390481601,-6.140062254152943,9.003799333615651e-10,-0.020502589566331445,0.28936210942002827,-0.07085443774039737,0.9435169424708972,0.8542240326120166,0.3690736804542733,2.3145081262922824,0.020687346531767608,0.9309849789306957,0.2587577724387256,3.5979015051660133,0.00032445120390521873,-0.7920897090449397,0.28877535232245655,-2.742926993853911,0.006114973964696956,0.2933664693616006,0.2812358849960533,1.0431331313417473,0.29694602433078454,0.3548080016616713,0.2585172370645983,1.3724732853036483,0.16998864164561509,1.7512494077551275,0.21878549190590985,8.004412872624405,1.536290661124432e-15,-0.14790297398860908,0.05073879170726674,-2.9149880990844848,0.003575623710223647
2.106,0.05997269479144729,0.05820156468271698,4255,-1.2576339463707191,0.20898693656654202,-6.017763440301375,1.9175934026596248e-09,-0.04977435591691365,0.2924918241382335,-0.17017349480985824,0.8648818032780052,0.7805811132858109,0.37306554840179096,2.0923430657958435,0.03646707176127389,0.9092610284224925,0.2615564733829323,3.476346873247855,0.0005133870572421647,-0.8386778762667787,0.2918987207283268,-2.873181061479694,0.004083776442885904,0.26743189017536956,0.2842777071970449,0.9407416881619957,0.34689076564855004,0.33967141506322884,0.2613133363996925,1.2998625318674264,0.1937186496996657,1.7305125551582503,0.22115185623578054,7.8249967448307025,6.362470726568376e-15,-0.1340141241967853,0.05128757794437449,-2.6129938197146765,0.00900694241549098
2.16,0.059150352449027443,0.05737767294351448,4255,-1.293264407971916,0.21208501930943038,-6.097858359741352,1.1706488883322359e-09,-0.04247386062597535,0.2968278074665985,-0.14309259293624255,0.8862238445821877,0.7588700385492669,0.37859597990367466,2.004432373376877,0.04508715234033415,0.9534519267590243,0.26543386213168024,3.5920508374550275,0.00033180227294664236,-0.8465852278803098,0.2962259117203421,-2.8579040333228685,0.004285249775476033,0.28024467512394385,0.28849192208207247,0.971412554990769,0.33139821217524157,0.36864084306607753,0.26518712081553664,1.3901159375024965,0.164566541696575,1.75636304198423,0.22443027526339113,7.825873937564636,6.3188855166794135e-15,-0.11576485976847185,0.05204787982144142,-2.2241993365651345,0.02618742621492951
2.214,0.058858588042692506,0.05708535881620669,4255,-1.3686290738543976,0.21461288246665947,-6.377199067101746,1.9961979092425033e-10,-0.0295594895620013,0.30036572863132327,-0.09841165866923317,0.9216100626701839,0.7259733734052005,0.38310850432520027,1.8949549937136363,0.05816623388097642,1.079707357037118,0.2685975956332188,4.019795316825931,5.925897283380057e-05,-0.7780551366049988,0.29975665882776475,-2.5956225281122327,0.009474486459288285,0.3793212518463975,0.29193048697158724,1.2993547052292478,0.1938927736992601,0.41819566755638127,0.2683479133819517,1.5584084939805158,0.1192109715051878,1.8255078704345804,0.22710528279599473,8.038156787723898,1.172008801043974e-15,-0.0937202995527151,0.052668243853945515,-1.7794460702470198,0.07523817026818887
2.268,0.05878654001606709,0.05701317504200398,4255,-1.3750366651769266,0.21712330786741912,-6.332975849909942,2.6544132900125194e-10,-0.05775169152552223,0.30387924443711795,-0.19004816084921144,0.8492804761202389,0.6213924337636191,0.38758990036000934,1.603221428593584,0.10896015499723379,1.1609135026594775,0.27173950500469074,4.272155800973575,1.978314257102058e-05,-0.8033059661885982,0.3032630500644836,-2.6488751795439276,0.008105915487335871,0.42570080917406733,0.2953453318836277,1.4413663031647388,0.14955496821613157,0.4629040995700801,0.27148690210551807,1.705069732572824,0.08825456865468687,1.8469296599026008,0.22976183753783946,8.038452685156777,1.1692250047731064e-15,-0.07810829590523297,0.05328432847880437,-1.465877456564047,0.1427557227957843
2.322,0.0599264441859747,0.0581552269352652,4255,-1.4106165166626154,0.21968693149033872,-6.421030632514665,1.5022375351093363e-10,-0.07948442783052839,0.30746721487292966,-0.25851350643475207,0.7960231565311702,0.6337556995455379,0.39216626129669285,1.6160383033717194,0.10616032353724503,1.2364640129267508,0.2749479943242063,4.497083224650725,7.07307004505244e-06,-0.7887568133929345,0.306843744955051,-2.5705487772236584,0.010187530008293238,0.4413533797833289,0.2988325404987352,1.4769254347158252,0.13976978749134472,0.5069369616300565,0.2746924088859138,1.8454713171218333,0.06503858855442561,1.8991065065028156,0.23247468711692332,8.16908941809935,4.0591890044963987e-16,-0.08330462086969531,0.053913468503251134,-1.545154173574861,0.12238349964209853
2.376,0.06064943216812002,0.058879577118036264,4255,-1.4519836320158146,0.22284757315582907,-6.515590955080746,8.085031163571658e-11,-0.0563319603506117,0.31189075378581393,-0.18061439676181226,0.8566788745481486,0.6673237326691907,0.39780836761974653,1.6775004926670272,0.09351825424184972,1.3221224202329265,0.27890367835515334,4.7404266162074356,2.2025296879922384e-06,-0.7238750626254662,0.3112583139898171,-2.32564089082982,0.02008458698533932,0.467555142857592,0.3031318521241341,1.5424150896096713,0.12304727731708763,0.5391868174850392,0.2786444158024331,1.9350354319224474,0.053052279799922296,1.9736219005860671,0.23581930655918582,8.369212552538519,7.781845495270995e-17,-0.08691945332909462,0.0546891229936047,-1.5893371217391603,0.11205875317089203
2.43,0.059112142283698876,0.05733939078541084,4255,-1.4735109922056862,0.22547197509495895,-6.535229008328453,7.101370834026198e-11,-0.07665869014311713,0.31556378772305055,-0.24292613134177293,0.8080743559747696,0.686966065916884,0.4024932247918429,1.706776719712889,0.08793667910044839,1.3513618075526577,0.28218823444854135,4.788866588266941,1.7344083888422949e-06,-0.6568039549462479,0.3149238998933888,-2.085595774625539,0.03707482124043302,0.4963989346229941,0.3067017353822763,1.6185070945369031,0.10562763157830059,0.5408005444706738,0.28192591864674843,1.9182363475714832,0.05514804125867594,1.989962872612748,0.23859647229922026,8.340286230708246,9.9033246609082e-17,-0.08434807125802063,0.05533317865192396,-1.5243669948660685,0.12749153465499075
2.484,0.05868705193312229,0.056913499510951926,4255,-1.4859732588306773,0.22777873978883034,-6.523757485919436,7.660764233206565e-11,-0.09745145346365718,0.31879226613539996,-0.30568951576217607,0.7598560421990289,0.6921981496458923,0.40661106320648954,1.702359360779057,0.08876122045166725,1.359271503353933,0.28507525336065964,4.768114690173638,1.9218761901421376e-06,-0.6044023224719733,0.3181458317242712,-1.8997650203249976,0.05753165502881682,0.4651653900371021,0.30983954767327593,1.5013105768138302,0.13334960788676706,0.546341039078751,0.2848102538513684,1.9182632355781177,0.05514463248495329,2.010529681655547,0.24103751144898738,8.341148519038917,9.832521584848725e-17,-0.08772173661370243,0.05589928281125543,-1.569281969321429,0.11665676549262617
2.538,0.05900134133048718,0.05722838106921624,4255,-1.5237469391891099,0.230181980396661,-6.619749020159239,4.0462090377201073e-11,-0.06511891821402412,0.32215576933218304,-0.20213488136193625,0.8398209631122339,0.7748230575768321,0.4109011221452516,1.8856679035861474,0.059407927610177665,1.3743233563017394,0.2880830161825942,4.77058097527922,1.8986164438769183e-06,-0.5560737252294373,0.3215025145416432,-1.7296092567805124,0.08377278566948379,0.47314369795853584,0.31310859281581477,1.5111169377483717,0.1308330752566229,0.5843577514561286,0.2878152207249964,2.0303226145724746,0.04238596580959377,2.069460663914659,0.24358064227876405,8.495998058607137,2.6801705285482993e-17,-0.08690344803149336,0.0564890631679523,-1.5384119183055585,0.124022443602026
2.592,0.05849489477542125,0.056720980304908464,4255,-1.563632912088854,0.23275611584837488,-6.717902583953827,2.0876276499525475e-11,-0.005106186459020606,0.32575845180708,-0.015674762790328402,0.9874945973472509,0.8267784894748078,0.41549624789680006,1.9898578956124797,0.046670625110410445,1.4214676308295542,0.29130466152474643,4.87965974656674,1.1016554486380601e-06,-0.49890461759062815,0.325097891638802,-1.5346288930871723,0.12494951679080588,0.4543081009162221,0.316610100308341,1.4349134802515124,0.15138540466006123,0.6425185846793752,0.2910338712984876,2.2077106757804175,0.027317721986991762,2.1224030873313082,0.24630461556963812,8.616984632718902,9.556822462097027e-18,-0.06666345412454784,0.05712078290502361,-1.1670612819749182,0.24325115990391014
2.646,0.058709213243561376,0.05693570257609737,4255,-1.5991409393021676,0.23472285015445896,-6.812889917832268,1.090809211362779e-11,0.04349526486895797,0.3285110339264825,0.1324012297215313,0.8946732157064343,0.8170009259065686,0.41900709323725144,1.9498498691141821,0.05125974775562223,1.442261762129525,0.29376611723883017,4.909557901658803,9.47099081686638e-07,-0.45225099469913416,0.3278448921805112,-1.3794663436455952,0.16782366146398622,0.5005820744534359,0.31928538101432585,1.5678202142019637,0.11699761239108177,0.6823705635550452,0.29349303889899897,2.324997438150049,0.020119003184986918,2.181286206090892,0.24838583150427426,8.781846343169361,2.2933716662338984e-18,-0.0510775880482422,0.05760344005420405,-0.8867107242237423,0.37528488217281275
2.7,0.057893010418725965,0.0561179619221055,4255,-1.6426352550308818,0.23674521081932198,-6.938409648694012,4.56594293530717e-12,0.0887749051118916,0.33134146902280665,0.2679257304366605,0.7887695018002943,0.8727043932387369,0.4226172379807394,2.0649995192068102,0.03898361550831059,1.501635759492166,0.29629719182224806,5.068005370746186,4.1910629416969855e-07,-0.37200023618808264,0.33066958783193945,-1.1249907759196447,0.26065653223720714,0.6120632615716121,0.32203632833370394,1.900603154739031,0.057421672588575896,0.7496360363880004,0.2960217606527178,2.5323680081325057,0.011365240539229314,2.2420019031120417,0.2505259117521623,8.949181693149514,5.248689885855723e-19,-0.059048682426129366,0.05809974849307039,-1.0163328406347947,0.3095288224427387
2.754,0.05714825055760564,0.05537179883939092,4255,-1.6820066813287753,0.2396665564312923,-7.018111773183396,2.6061765977090584e-12,0.16000236731915976,0.3354300963840262,0.4770065925628114,0.6333819761974844,0.882216202624529,0.42783217352028136,2.062061381138059,0.03926260357895868,1.5560070809036657,0.29995338616794764,5.1874962999498795,2.230780622008629e-07,-0.326089908747842,0.3347499244355048,-0.9741298950185984,0.33004753971067247,0.7234188517791675,0.32601013380760085,2.219007253946599,0.026538900319367738,0.80162236995183,0.29967455628282885,2.674976414064561,0.00750210840097919,2.3032299559563234,0.25361730595798043,9.08151731703169,1.605240056979841e-19,-0.05709583765010438,0.0588166772314783,-0.9707423189752559,0.3317319064745564
2.808,0.05819190073875935,0.05641741538923262,4255,-1.7308434886557982,0.24276592652150436,-7.129680484639507,1.1768469104877156e-12,0.19084690656953104,0.33976788144494535,0.5616979031623245,0.5743515093172185,0.8985533590374668,0.43336490308415493,2.0734336182802906,0.038192104494727624,1.6059426812648272,0.30383238608929575,5.285620476261026,1.315695254487419e-07,-0.29551000978819036,0.33907891350659186,-0.8715080708858219,0.38352607468607247,0.8081309577022869,0.3302260998267019,2.4472049850886495,0.014437140815928673,0.8730172094694265,0.3035499503735635,2.876024879579287,0.00404723573211101,2.3881897751340846,0.2568970872681094,9.296289812121,2.266926468552404e-20,-0.060169857814548144,0.05957729503702999,-1.00994611751255,0.31257865442844074
2.862,0.05942229271881472,0.05765012558309879,4255,-1.7555668704073049,0.24443053197981737,-7.182273246258213,8.057123164716913e-13,0.20255608318922688,0.34209761312564974,0.5921002527276612,0.5538149838733477,0.9097595988622098,0.4363364139277546,2.084995819333202,0.037129276337897074,1.6252748681076115,0.3059157140733475,5.31281916337887,1.1347301295925272e-07,-0.33211105251518425,0.34140392104908124,-0.9727804282231398,0.33071785514756724,0.8316245057097339,0.33249040510267425,2.5011985096319553,0.012414747905086263,0.9250648478913988,0.30563134174303036,3.026734243339407,0.002486944116818068,2.431806879384108,0.2586585877382066,9.401608895527518,8.545912495685348e-21,-0.05665319510705126,0.05998580661001377,-0.9444433326598599,0.34499688415725926
2.916,0.060029844546775624,0.05825882211539879,4255,-1.7636119886575676,0.24561517312090853,-7.180386969779744,8.167723121174493e-13,0.17159580715725786,0.3437556011989695,0.4991796688075967,0.6176786779259986,0.9637854279879554,0.4384511336524479,2.19815927936893,0.027991540111330076,1.6509129522085308,0.3073983453046517,5.370598044606808,8.267309400765575e-08,-0.3413532364476677,0.3430585471194364,-0.9950290972602557,0.3197788133946122,0.8671582115581036,0.33410183150555595,2.5954907449936657,0.009478114624020933,0.9624219491396359,0.30711259475386776,3.133775578012224,0.0017374915747429174,2.458093324821539,0.2599121856502568,9.45739930843104,5.0758740212838535e-21,-0.053534234376847296,0.06027652992438936,-0.8881439333684342,0.374513640893808
2.9699999999999998,0.06201344912949003,0.06024616405955019,4255,-1.822025680447468,0.24599392929563435,-7.4067912393795945,1.5523007548032595e-13,0.19895551297377276,0.34428569693734073,0.5778791124453312,0.5633763820589197,1.109962479158076,0.4391272566788729,2.5276556220917406,0.011518676195045999,1.7204823548378425,0.307872375552479,5.588297266847751,2.436713396048553e-08,-0.31320949614186505,0.34358756795053136,-0.9115856490679545,0.3620386300102124,0.9466620166443945,0.33461704044017515,2.8290908777362294,0.004689945573890193,1.041306687930135,0.3075861843538956,3.3854143680655424,0.0007171585582060331,2.539108933933173,0.2603129888414874,9.75406162110226,3.029672887398904e-22,-0.06699215162844448,0.060369480647302035,-1.1097023017281566,0.2671901743086775
3.024,0.06385807078536698,0.062094261215485336,4255,-1.8890472594579986,0.24672175919667433,-7.656589615803379,2.349202204799513e-14,0.23700945851775307,0.3453043457529797,0.6863784410269267,0.49251197502947763,1.2343826853724826,0.4404265161715266,2.802698384517215,0.005090687773872843,1.7916574632089275,0.3087832871399028,5.802313589586109,7.0168733397813724e-09,-0.24194073259615606,0.34460415119019117,-0.7020830473473492,0.48266585694872866,1.082582839497416,0.33560708230066827,3.225744915977479,0.00126598276649504,1.0783368370323525,0.3084962491785056,3.495461743550707,0.0004780820527041674,2.6327666433377255,0.26108318499002825,10.084014577339712,1.1978072524484965e-23,-0.07877236782467541,0.06054809771013432,-1.300988318440445,0.19333304870343737
3.078,0.06530905532571096,0.06354797959387049,4255,-1.9329236258934912,0.24772739348151404,-7.80262367729522,7.579849128879544e-15,0.30364116926659507,0.34671180121991535,0.875773966153517,0.381202465247659,1.28393141780205,0.442221688214952,2.9033660085390602,0.003710777745384082,1.8207485622348238,0.3100418833056583,5.872589028366268,4.6183241147104505e-09,-0.19729699978277018,0.3460087526743217,-0.5702081183144943,0.5685667204666112,1.1898099271025369,0.3369750118634902,3.5308550640678753,0.0004186177245831241,1.1330786562275386,0.3097536753817253,3.657999069199704,0.00025727536987820733,2.716804725095279,0.26214735623652063,10.363654869912406,7.164750656547622e-25,-0.0866520796930118,0.06079489087153764,-1.4253184511197095,0.1541386725571967
3.132,0.06604773063834679,0.06428804666404309,4255,-1.9769317111210067,0.24910307494902403,-7.9361995492250035,2.646451066296045e-15,0.2711181080170007,0.34863716358215585,0.7776511982581917,0.4368179956883561,1.3565156599311226,0.44467743673940285,3.0505610311100404,0.0022982464281820327,1.8641821408126802,0.31176361002720193,5.979473167667089,2.422610308794441e-09,-0.10381801641746925,0.34793021086253706,-0.2983874730512737,0.7654220496563446,1.2773041918968007,0.3388463038200221,3.769568023900416,0.0001657522084647903,1.218331751776923,0.311473801625041,3.9115063463461928,9.315594962539365e-05,2.786203673904343,0.2636031147405079,10.569691775634345,8.590326086064021e-26,-0.08970276549853934,0.061132497478202666,-1.4673499235087468,0.14235495364750395
3.186,0.06571501122967716,0.06395470037000617,4255,-2.0052540250807387,0.2508651890807851,-7.993353053200996,1.6784080198536223e-15,0.3021423553184336,0.3511033654663796,0.8605510087238558,0.38953396667965523,1.3914757183846964,0.4478230117007483,3.1072001260054303,0.0019011621603537594,1.877279566873813,0.31396897446563854,5.979188134970535,2.42681716467957e-09,-0.019017351385097952,0.35039141187963796,-0.054274593327163376,0.9567189447139515,1.3658395967296384,0.34124324677457396,4.002539565660372,6.373536279485817e-05,1.2694063932328017,0.3136771160065642,4.046856874335191,5.283361639932439e-05,2.8435696681580556,0.26546779976599605,10.711542683009386,1.9497499114000915e-26,-0.08202014369177744,0.06156493869852174,-1.3322541275225352,0.18284819337591476
3.2399999999999998,0.06546565894216827,0.06370487827131022,4255,-1.9756887782819585,0.2521540137641771,-7.835246200481619,5.87116964348299e-15,0.2425025181967711,0.35290716568869485,0.687156685309945,0.4920215252266491,1.4123451365110589,0.4501237109463698,3.137682157515433,0.0017145556974117913,1.8267212603486982,0.3155819960474423,5.788420389083546,7.6175543655884e-09,-0.03156483766520701,0.3521915544268513,-0.08962406187330338,0.9285901898379576,1.3427186566299476,0.34299639044945135,3.9146728479284945,9.194624604109295e-05,1.2550411946722542,0.31528863815997976,3.9806102814127957,6.988705011252111e-05,2.8295392028818194,0.2668316456397015,10.60421149110065,5.998180701596936e-26,-0.08953848827459718,0.061881229742795,-1.4469409972419365,0.14798726877781557
3.294,0.06657549165066257,0.06481680204472873,4255,-1.9791532106453533,0.2536471214182248,-7.802782068171143,7.57047258470169e-15,0.22262901921485947,0.3549968742060888,0.6271295196971653,0.5306080576987399,1.3890827971601705,0.4527890786240421,3.0678363563480464,0.0021697388355161854,1.819392956833074,0.317450686879462,5.731261679468059,1.0659495274433335e-08,0.0008242540947703597,0.3542770255155546,0.0023265807134145383,0.9981437681406116,1.32078938901284,0.3450274131892669,3.828070867772796,0.00013101170681655995,1.2817158943751843,0.31715559189925757,4.041284237492849,5.4100203092203794e-05,2.868961853976055,0.268411665590601,10.688663056664545,2.479690509813402e-26,-0.10232265776959251,0.06224765396262622,-1.6437994246502448,0.10029167509407017
3.348,0.06705839032620464,0.06530061056233494,4255,-1.9727525956243954,0.25497707171838113,-7.736980357995777,1.2634735042257008e-14,0.2234645332712268,0.3568582326033972,0.6261997422365182,0.5312175970877391,1.2865572352017933,0.4551631917921968,2.8265845270484147,0.004726735395876724,1.8097691887618401,0.31911517900513464,5.671209982564698,1.512132649407009e-08,-0.009903769252916389,0.3561346095235592,-0.027809061484267875,0.9778157456367144,1.3158510259457012,0.34683649861932236,3.79386549911502,0.00015038484336956585,1.2818271548615503,0.31881853675068833,4.020554036555037,5.906915277435983e-05,2.8824257649801486,0.26981903096191573,10.682811196468183,2.636762175817404e-26,-0.11583097964865277,0.06257403766297628,-1.8511028531116744,0.06422415525614587
3.402,0.06765356181688842,0.06589690343123955,4255,-1.9557054267939942,0.25678597014836924,-7.61609143078962,3.2033832543441274e-14,0.22616037068949316,0.35938991238281515,0.6292897015111307,0.5291932677364332,1.2182839520159834,0.4583922820687165,2.657732251768919,0.007896312061602743,1.8199563562952736,0.3213790960797072,5.662958103049412,1.5861348581445777e-08,-0.012517266277615492,0.3586611556623553,-0.03489997754147451,0.9721611390242652,1.285431012058245,0.34929708063788134,3.680050831546629,0.00023608087785855343,1.2817707411239196,0.321080349339141,3.992056018881585,6.66093549940133e-05,2.9063015284782323,0.2717332235526401,10.69542211468015,2.3097871546641303e-26,-0.1172935626893693,0.06301796023893085,-1.861271965081923,0.06277483834713826
3.456,0.06734338517459171,0.06558614237699312,4255,-1.8607892638414252,0.2577076557566507,-7.220543209622531,6.105694456232668e-13,0.13530272182054862,0.36067987580960753,0.375132439859137,0.7075807089316284,1.0769866503098164,0.4600375961374171,2.3410839882488896,0.019273865733588563,1.720359459319739,0.3225326267320557,5.33390831417787,1.0112412290337068e-07,-0.08353454106549875,0.35994850335207756,-0.23207358910391368,0.8164920418218427,1.2055877630661263,0.3505508177172578,3.4391240930965727,0.0005892161985681707,1.195164625812062,0.32223280769547913,3.709009750929933,0.00021073066190529672,2.842786383722155,0.27270855955443063,10.424265334270727,3.8544898361026305e-25,-0.12036173036782963,0.06324415151792447,-1.903128233663109,0.057091381074844155
3.51,0.06607896788734358,0.06431934276796025,4255,-1.8128500168569568,0.25863358493407507,-7.009337234060483,2.7729507346235483e-12,0.16148168098178933,0.36197577840800477,0.44611184121765624,0.6555392074707027,1.0796229019760128,0.4616904854616599,2.3384127158186105,0.019412019723065978,1.6763243795759761,0.32369146840047913,5.178772205086314,2.3369607625179517e-07,-0.11747744980935312,0.3612417781701863,-0.32520449435393867,0.7450423301750205,1.1721038165580804,0.3518103271770811,3.3316356173027026,0.0008707540631678093,1.1633305977459771,0.3233905721308918,3.597292865034795,0.00032520876250499573,2.8129095023030772,0.27368838613926155,10.277781757504966,1.714528731535637e-24,-0.12950102438263877,0.06347138421312694,-2.0403056588114525,0.04138163524485328
3.564,0.06518545032160639,0.06342414170233468,4255,-1.8233968790740858,0.25972527039782795,-7.020483129274027,2.5628206249945528e-12,0.2645922024860511,0.3635036685140765,0.7278941738542726,0.46671850649476454,1.1158297066194844,0.4636392686866226,2.4066764443407886,0.016140866120633493,1.6984477484702298,0.32505776145512516,5.225064434293484,1.8244635947631815e-07,-0.11606576177426764,0.36276657008083146,-0.3199461343651537,0.7490249063603251,1.2030409092472893,0.3532953091846392,3.4051992142883396,0.000667289876655016,1.1883972309216044,0.3247555951104093,3.659358757214259,0.00025591854170780594,2.8353685332516063,0.2748436175173611,10.316297532623272,1.1602323246573231e-24,-0.13275583012753123,0.06373929523298696,-2.082794132603245,0.03732969707338503
3.618,0.0649368935166158,0.06317511658494657,4255,-1.8629688570317857,0.26172632743165386,-7.118003279659643,1.2796717611812707e-12,0.3190023863661505,0.36630428768982115,0.8708671918038675,0.3838759060303585,1.1347536915287386,0.46721138401580165,2.428780056203339,0.015190961404664244,1.7574673255117617,0.32756217359401,5.365293880635977,8.512299568720213e-08,-0.042111799544136914,0.36556151027123046,-0.11519757513008365,0.9082939678601063,1.243086945448166,0.35601727791097354,3.4916478007536895,0.00048494016017025835,1.2319000244430405,0.32725767920440063,3.764312047429795,0.00016926541149053166,2.8893246673682746,0.27696115407124683,10.432237968740594,3.5517564624668454e-25,-0.1433636593043477,0.0642303755381945,-2.232022747852326,0.025665429049380642
3.672,0.06478477427627327,0.06302271073275223,4255,-1.8807029193370755,0.26343428287707155,-7.139172999038561,1.099274413665257e-12,0.32750332807911275,0.3686946907072748,0.8882778524715292,0.374441626203445,1.131054865512064,0.4702602795370186,2.4051677650207073,0.016207565750925905,1.80066207138235,0.32969975602063406,5.461520788233937,4.990614819031764e-08,-0.038504855213285026,0.3679470661235202,-0.10464781148807668,0.9166602176354305,1.2760429193533942,0.35834055067622345,3.5609782843314193,0.0003735265881320236,1.2845421324593271,0.3293932745827367,3.8997217963437105,9.779143005519842e-05,2.9182821991686345,0.278768527887657,10.468477992410588,2.447085325691838e-25,-0.13717791867152232,0.06464952565097912,-2.1218704590672393,0.03390637133329116
3.726,0.06627545819762737,0.06451620329079288,4255,-1.9297141405199876,0.26441083608768157,-7.298165873504795,3.4640883171067333e-13,0.3137060955966015,0.3700614451783057,0.8477135342900943,0.3966453085826869,1.2028086346093838,0.47200353854184046,2.5483042740001864,0.010859716120356003,1.884581946057485,0.3309219559247731,5.694943814746152,1.3175039414401428e-08,0.005170049530726911,0.3693110491436236,0.013999173712011792,0.9888312979617235,1.3292730934445722,0.35966892225881625,3.6958241626671122,0.00022193839180604662,1.3660769463065991,0.3306143383574817,4.131934970193301,3.6665274115405195e-05,2.9885930575439996,0.279801925279798,10.681102549796426,2.684457989040971e-26,-0.13428555886147456,0.06488918201289744,-2.069459880612824,0.03856330665677898
3.78,0.06677980491014257,0.06502150025618136,4255,-1.929483591184998,0.2649984916143311,-7.28111159965807,3.9253763602493256e-13,0.2454867410689838,0.370883910159986,0.6618964434533966,0.5080735106561567,1.111753658714434,0.47305257076807744,2.3501693625918194,0.018810397660267493,1.901646563429832,0.3316574330298958,5.733767357653089,1.0504324878021e-08,0.008919523224912093,0.3701318463631824,0.024098232326002122,0.9807753857102294,1.334729112413853,0.3604682897622698,3.702764293897008,0.000215971321562339,1.3982749243012302,0.3313491317797185,4.2199444338088865,2.494666197860014e-05,2.992915153141906,0.28042378764440745,10.672829071608875,2.927785806400789e-26,-0.12906441631650076,0.06503339881956795,-1.9845866686836375,0.047254740320727746
3.834,0.06773148827083753,0.06597497670846497,4255,-1.9454091248208263,0.2656151321887434,-7.324165264193,2.861474387350301e-13,0.23976177213258737,0.3717469417418192,0.6449596357381833,0.5189881887954259,1.1208462337111256,0.4741533446147081,2.3638897551633073,0.01812896892055636,1.9272408452588508,0.3324291862152283,5.797447772865153,7.2218104968054624e-09,0.01474084303499836,0.3709931279235388,0.03973346654021157,0.9683074883340704,1.3768324235462768,0.3613070846244682,3.8106986608837614,0.00014053635033574302,1.4348333786528045,0.33212016756074103,4.320223578083043,1.594344994726689e-05,3.0299759988285335,0.2810763222472972,10.779904812340236,9.478696056523969e-27,-0.12001708646941092,0.0651847288598251,-1.8411841019926418,0.06566430367224964
3.888,0.06758865420665283,0.06583187352687248,4255,-1.9866810354548177,0.2677725204329643,-7.41928646092038,1.4143732128588e-13,0.2717134925877813,0.37476635737273656,0.7250210357530558,0.4684790778376764,1.0731265299987838,0.4780045290077076,2.2450133102849326,0.024818546184177715,1.9459980194084823,0.33512925383738107,5.8067088955259125,6.83662459827873e-09,0.06582818807668968,0.37400642090226954,0.1760081763245745,0.860295912441008,1.4443797902905307,0.3642417052934768,3.9654431914290678,7.44660561767421e-05,1.4761832800111183,0.3348177252610872,4.408916161353186,1.0645770791986167e-05,3.0764975759147726,0.2833592898943146,10.85723209238075,4.170681065473853e-27,-0.12298945138641897,0.0657141744775732,-1.8715817761416533,0.06133319141251271
3.942,0.06715359734385296,0.06539599696202314,4255,-2.008519305260442,0.2688095606586297,-7.47190427430938,9.543004784654621e-14,0.2884052092763556,0.37621776764886655,0.7665911450134684,0.44336725981298397,1.0874705017973165,0.4798557642421138,2.266244531864428,0.023486531643659887,1.967358752894044,0.3364271559390032,5.847800090343305,5.355446011794397e-09,0.07703941469500108,0.37545488806576216,0.2051895371289117,0.8374338795055841,1.5081194937067979,0.3656523552722108,4.124462681456201,3.787112142512659e-05,1.5358610417164498,0.3361144208622644,4.569458929421618,5.0286813043691825e-06,3.094914256456194,0.28445669518990374,10.880089337992288,3.268607904093958e-27,-0.13724103896729384,0.0659686749850168,-2.0803970823798545,0.03754894854447401
3.996,0.06744885116062715,0.06569180707425992,4255,-2.048871325412414,0.27002802234682255,-7.58762482354833,3.9799760391487904e-14,0.36339378226493313,0.3779230899416243,0.9615548558334039,0.3363280115801034,1.0575795206895962,0.4820308575057423,2.1940079233973053,0.02828884318308806,2.0256988609534226,0.33795211509363665,5.994041080027449,2.216807294319094e-09,0.08750576865973611,0.37715675237308804,0.23201432324662277,0.8165380700460207,1.557431361291775,0.3673097865964727,4.240103090426971,2.281699076193995e-05,1.5762005464174762,0.3376379624493506,4.668315538285845,3.1304838834708296e-06,3.141424887983962,0.2857460823091328,10.993763633075568,9.658372959915323e-28,-0.13422257806239107,0.06626769821504308,-2.025460091081327,0.04288257582229482
4.05,0.06885879676045958,0.06710440918958893,4255,-2.0984450399357093,0.2712074756943052,-7.737415919541234,1.2592140201297346e-14,0.4122772591474931,0.37957381733520623,1.0861583184053132,0.27747061321949146,1.130019047252387,0.48413631642639043,2.3340927108991183,0.01963727557980777,2.111820397270545,0.3394282535698281,6.221698915927445,5.392906399246529e-10,0.10894531969104317,0.378804132486626,0.28760330299429765,0.7736644519146212,1.6085833974331407,0.3689141562229995,4.3603189801716145,1.3294949955175813e-05,1.6284093896882201,0.3391127287405936,4.801970706720012,1.6252231041143442e-06,3.214318889097614,0.28699419045131924,11.199944096578625,1.0269497277440884e-28,-0.1374483137660713,0.06655714839065974,-2.065117227668967,0.038972473798024376
4.104,0.06969525791750775,0.06794244634504887,4255,-2.1234151756687023,0.2725089837473111,-7.792092379742158,8.229627684133238e-15,0.4245613742031409,0.381395368819756,1.1131791545266108,0.26569450838412656,1.17176146294662,0.4864596569352331,2.4087536268246548,0.016049427569239313,2.1436994506507854,0.3410571489544701,6.285455259396898,3.5980089727991433e-10,0.133460023134058,0.3806219903007629,0.3506366592970614,0.7258783446139241,1.6505004065892237,0.37068455264722383,4.45257401421846,8.702603362905524e-06,1.6828797235423338,0.34074010994091924,4.938895288359587,8.15864785471941e-07,3.2677987961013564,0.2883714579808445,11.331907876674897,2.397531149280484e-29,-0.13121394938333106,0.06687655206636516,-1.9620322120243352,0.04982396082690137
4.158,0.07066118036511404,0.06891018871248111,4255,-2.1352850139036414,0.27347233806572924,-7.808047530534604,7.265181032353966e-15,0.42783273533835825,0.38274365051867376,1.1178049191895991,0.2637135612641088,1.1011805427746157,0.4881793544101586,2.255688473563398,0.024140837608868315,2.128630536482479,0.3422628298562686,6.219286322667249,5.475715439917358e-10,0.13227249774972813,0.3819675380071135,0.3462925107192349,0.729140054778932,1.6411470536005581,0.3719949702329234,4.4117452786336315,1.0508212750476827e-05,1.721146809562526,0.3419446700690148,5.033407332289012,5.0178942586223e-07,3.297738304527775,0.2893908881865363,11.395446225667307,1.1833842276514189e-29,-0.12909232692554687,0.06711296928222395,-1.923507904749183,0.05448308190567852
4.212,0.07193395935230118,0.07018536577595125,4255,-2.161042946908795,0.2749382864070331,-7.860101898320096,4.82956595229729e-15,0.4480873278403195,0.3847953476796773,1.1644821865500556,0.24429408091384883,1.1143499352202322,0.4907962396129478,2.270494036586409,0.023227509625354394,2.1397040099280185,0.3440975295968954,6.2183068051509895,5.509689199612961e-10,0.12146940472196643,0.38401507481735897,0.31631415714536304,0.7517796152021514,1.6683577284237843,0.37398904909824277,4.460980160907132,8.369626992804553e-06,1.7623678415574724,0.3437776643142496,5.12647569781171,3.0835366405217536e-07,3.3464195263023804,0.29094216790837624,11.502009318072579,3.591585497917559e-30,-0.1398954690791499,0.06747272832291935,-2.0733631580691507,0.03819865989342995
4.266,0.07303908274971727,0.07129257136535483,4255,-2.1795229963857237,0.2759945370015013,-7.8969787593073555,3.610814983536117e-15,0.4753900807345441,0.38627364420958843,1.2307080430178197,0.21850025043112734,1.0515063218085596,0.4926817675495206,2.134250526538655,0.03287940111956438,2.130375149085594,0.34541947433199005,6.167501566625757,7.584247952908074e-10,0.11813784170357809,0.38549037371574546,0.30646119788892856,0.7592685453508168,1.6635257119419327,0.37542583027774634,4.431036912700515,9.614483774374316e-06,1.7514000814882003,0.3450983801994109,5.07507476701622,4.0391075666080117e-07,3.3804321071948618,0.29205990178904107,11.574447866645503,1.5875544625201434e-30,-0.13587731123588814,0.06773194325559687,-2.0061038367544586,0.044908483691925044
4.32,0.0738440336714099,0.07209903891619818,4255,-2.225694174301431,0.27713677941546544,-8.031031388168133,1.2410521558912779e-15,0.5180308999238408,0.3878722923009828,1.3355707798840577,0.1817611932426774,1.0523732431266535,0.49472080070429225,2.12720637908994,0.03346042159687976,2.157049415066721,0.3468490416650169,6.218986233065555,5.486102013821147e-10,0.12402976125733807,0.3870857801314552,0.3204193169152772,0.7486662513067602,1.7381734021389699,0.3769795831574225,4.610789230495615,4.129371478795092e-06,1.7669342481820178,0.3465266186389709,5.098985628064839,3.563564472601514e-07,3.428852089184346,0.2932686329866439,11.691847349186176,4.185404797440137e-31,-0.1308111141609695,0.06801226147930989,-1.923346045488632,0.054503398971969055
4.374,0.07444188264722329,0.07269801431495226,4255,-2.2949513926502743,0.27904340675345324,-8.224352688891738,2.5821223591348165e-16,0.5809675423486541,0.39054075051756754,1.4875977515245766,0.1369312629893043,1.1205265458932605,0.49812434824238333,2.2494916175991087,0.024532261170246362,2.236069178447899,0.34923527082733963,6.402758728093652,1.6916220426144035e-10,0.17100620727635987,0.38974882735348615,0.438760030241898,0.6608577486865119,1.8436054492460472,0.3795731024320102,4.857049768367813,1.2343778178146541e-06,1.8169213845392738,0.34891062961662267,5.207411956854617,2.005572469980714e-07,3.5062605764835326,0.2952862431869428,11.874107437723584,5.154454965713839e-32,-0.13096417225452847,0.06848016775045994,-1.912439419420798,0.0558870704733129
4.428,0.07496865978957157,0.07322578397193524,4255,-2.327388377105303,0.2803845411091171,-8.300701486247613,1.3756394947592402e-16,0.580924582940286,0.3924177617822294,1.4803728055068712,0.1388479768340464,1.1910142128779064,0.5005184262268554,2.379561171915957,0.017377184707187753,2.302504961815531,0.3509137602973666,6.561455326985107,5.968341378363052e-11,0.19675187241267258,0.39162203248857574,0.5024024597451936,0.6154105030121091,1.9189083986355455,0.3813974011462503,5.03125714246732,5.07416979979571e-07,1.85786827074597,0.35058755880079295,5.299298917226061,1.2214487014299797e-07,3.5544939067878394,0.29670544362640283,11.979874259615832,1.5080468904253441e-32,-0.12864071757446105,0.06880929613489409,-1.8695252647588945,0.0616185480849414
4.482,0.07490730813713431,0.07316431672523993,4255,-2.326288025914992,0.2814597805437379,-8.265081502660713,1.8466603582816792e-16,0.5639731824546226,0.393922634521093,1.4316851407644209,0.15230755338277394,1.1269212396116506,0.5024378514116555,2.2429067325350567,0.024954211548718384,2.3127207900880165,0.3522594704129466,6.565389959216316,5.814387079303965e-11,0.21063415474201383,0.39312385370572406,0.5357959145864644,0.5921276700279896,1.957324465618556,0.38286001218875687,5.112376334182322,3.3213582455439026e-07,1.8871923611428438,0.35193201797467927,5.362377575087877,8.649979645253627e-08,3.5673854231112245,0.2978432716685331,11.977391341179375,1.5523700223611963e-32,-0.12279955406383213,0.06907317112736006,-1.7778183925768962,0.07550524000411937
4.536,0.07509858035273453,0.07335594932183986,4255,-2.3937702725287995,0.2830287195840767,-8.457693890735015,3.7043250924384343e-17,0.6597410700545936,0.3961184743635718,1.6655145183889088,0.09588392003393086,1.1180906816926528,0.5052385867739188,2.212995426243977,0.0269509523313691,2.382366507301611,0.35422306760751654,6.725610851355683,1.9811390780178147e-11,0.29175779887442577,0.395315240910588,0.7380383265830504,0.46053194641886697,2.084908713654433,0.38499418574260214,5.415429091826215,6.452163610648569e-08,1.9911627593607024,0.35389378985369874,5.626441651275819,1.958064601895298e-08,3.6482653346868776,0.29950353707455396,12.181042569052307,1.4163364513356684e-33,-0.12852645295993656,0.06945820516175162,-1.8504142550275962,0.06432328615795273
4.59,0.07517413565892628,0.07343164698376636,4255,-2.4233294133541325,0.2839367233420767,-8.534751633498963,1.9291186577873383e-17,0.6713898595061667,0.3973892890846499,1.6895016497617543,0.09119675079011329,1.1653317612347487,0.5068594771773784,2.299121973065,0.021546336618715096,2.40189425371331,0.35535947481393204,6.759055052551936,1.577526748234784e-11,0.315412624087838,0.3965834787235879,0.7953246693558693,0.4264691232452589,2.140012517753059,0.3862293118738871,5.5407822554177955,3.193551022829603e-08,2.0575762241624664,0.355029140681672,5.795513630829928,7.304879312205367e-09,3.6821027593279587,0.3004643948193002,12.254705791487812,5.9030645009634934e-34,-0.12600665329615224,0.06968103877172407,-1.8083348858927255,0.07062511463145377
4.644,0.0764036091313205,0.07466343693938693,4255,-2.4805129644302895,0.28430081310765426,-8.72495909285708,3.763606005664306e-18,0.7064829140885767,0.3978988581583605,1.775533906677868,0.07588138408348039,1.2325900789212592,0.5075094189885472,2.4287038482512866,0.015194149981042434,2.430367106273959,0.3558151493964864,6.830420543915038,9.667517866652538e-12,0.36609336193152814,0.3970920145131851,0.9219358449711971,0.35661442147828415,2.224607928292569,0.3867245705990148,5.752434930231547,9.415438449624667e-09,2.1602838441285463,0.35548439167943835,6.07701461637338,1.3318593781138834e-09,3.753177487970301,0.3008496778844371,12.475258455859068,4.17339405209909e-35,-0.1232531720871724,0.06977039020458199,-1.766554146046299,0.07737476325877256
4.6979999999999995,0.0774356947755368,0.07569746716324377,4255,-2.52490788027076,0.28542570368839787,-8.846112482662836,1.3057486154101978e-18,0.7561859113308657,0.39947322114641676,1.8929577035495577,0.05843143711199269,1.203547652354164,0.509517477139414,2.3621322257898716,0.018215032067925168,2.461065995489306,0.35722300013622543,6.889438794676685,6.424836863565068e-12,0.4220765424136417,0.3986631850699336,1.0587296701088686,0.28978313662015526,2.256537776376551,0.38825472037964254,5.812003455283343,6.625473678390666e-09,2.1978255808802336,0.35689093371296454,6.158255571288542,8.036285514883707e-10,3.8156437875220566,0.30204004721603595,12.632906870104197,6.116960637918806e-36,-0.1281343505396987,0.07004645010711286,-1.8292768633351104,0.06742823653305
4.752,0.07994829410540705,0.07821480054743313,4255,-2.5642072081969793,0.2854520502326888,-8.982970015828377,3.8847125742874524e-19,0.7672395071620682,0.39951009497655177,1.920450864219337,0.05486788016190219,1.181971953245747,0.5095645087297894,2.319572758691717,0.020411204076058415,2.4859451460155184,0.3572559740116445,6.9584424806133285,3.9679569504111446e-12,0.46522555088785095,0.39869998412876706,1.166856206188356,0.24333397263821685,2.292458475746149,0.3882905586733017,5.903976866135878,3.825509101828575e-09,2.2157955123813355,0.3569238769366147,6.208033856963942,5.878625511023115e-10,3.8841443231116783,0.30206792736620736,12.858512841725155,3.770757924720508e-37,-0.1360427200613213,0.0700529158243777,-1.9419993937494293,0.05220322568843146
4.806,0.08194492047213386,0.08021518881028189,4255,-2.611468332451315,0.2854934497387492,-9.147209278675328,8.861376642110376e-20,0.7891990505574317,0.39956803647875744,1.9751305873020915,0.04831800212573126,1.25474547459804,0.5096384115759945,2.4620308165506852,0.013854731258442166,2.5381712368571043,0.35730778734018476,7.103598988847585,1.4187170369503065e-12,0.5354502278946803,0.3987578081394748,1.3427955941301446,0.179409947264469,2.3696190270131536,0.38834687299062354,6.101810499373757,1.1423057686381612e-09,2.214456813097908,0.35697564210065635,6.203383513975158,6.053461474095386e-10,3.956978950588707,0.3021117366959335,13.097733288565644,1.870446619830164e-38,-0.1496879913896016,0.07006307569574963,-2.1364747394137367,0.03269774622037575
4.86,0.08195781492770127,0.08022810756063137,4255,-2.580007497422664,0.2862006986923904,-9.014679241561412,2.926092034956586e-19,0.7643357086607201,0.40055788082007826,1.9081779319779326,0.05643559928452249,1.2681230681233855,0.5109009317271656,2.4821310539331654,0.01309830265292142,2.5077013120951466,0.3581929409538857,7.000979152232907,2.941524420441045e-12,0.5062213745815038,0.39974564531339585,1.2663586971276004,0.20545415879761272,2.34540092802478,0.3893089192996502,6.024524000744843,1.8397887514403249e-09,2.1439869446027124,0.3578599728955734,5.991133703093266,2.2564703995027816e-09,3.9410592280766368,0.3028601539007991,13.012802038552481,5.465012094647346e-38,-0.16224252726852872,0.07023664197903931,-2.309941402337354,0.020939129031126477
4.914,0.08196659541629336,0.08023690459277244,4255,-2.566348640364095,0.2862228862466662,-8.966259386233784,4.508715512879039e-19,0.7577755866206585,0.4005889338530091,1.8916538191210104,0.05860511034456996,1.2607351765369073,0.5109405390454008,2.4674792469831437,0.013645971055724553,2.5239071658613423,0.358220709667781,7.045676304427094,2.1437451453683504e-12,0.522316626629186,0.39977663537820857,1.3065211430754289,0.19144615698935633,2.307503435687999,0.38933910026292695,5.92671898129344,3.3355713572450106e-09,2.114368779578777,0.35788771579630024,5.907911018611817,3.7360126649537995e-09,3.936223815868702,0.30288363297032395,12.995828718993103,6.765786138223445e-38,-0.17377048794280775,0.07024208703669703,-2.4738799098042703,0.013404280058378229
4.968,0.08239838881663897,0.08066951154639235,4255,-2.552283846301789,0.2867880356995955,-8.899547849252865,8.150676768683198e-19,0.7493034048360665,0.4013799000115344,1.8668184550709537,0.06199581367949174,1.2793149961156869,0.5119493953598189,2.498909086935306,0.012495117329246486,2.4853692738766253,0.3589280194177156,6.924422556669185,5.034980486268464e-12,0.5384468241390256,0.40056599764668627,1.3442150040252672,0.17895068457405747,2.2507811601655656,0.39010785353211164,5.769638164898654,8.509689893488787e-09,2.093632823389992,0.3585943680470853,5.838443126678128,5.66245725580942e-09,3.946204257011256,0.30348167920526725,13.003105384632278,6.174169458663176e-38,-0.17866987602121862,0.07038078061770994,-2.538617424431633,0.01116455990989391
5.022,0.082966293795533,0.08123848652995691,4255,-2.540801265005202,0.2876255735545454,-8.833711250377963,1.456104831275824e-18,0.7268479384413596,0.4025520927763253,1.8055997012173692,0.0710516871370768,1.252182204568909,0.5134444960790193,2.438787861456008,0.014777317472220552,2.498875593265767,0.35997623540319496,6.9417793384801545,4.459513271550595e-12,0.5504640292819695,0.40173581348512066,1.3702139834300766,0.17069255563744357,2.2172504622558264,0.39124712733078787,5.6671354429682665,1.5482434932666677e-08,2.1027177916410875,0.35964160963468716,5.846703316051119,5.3905763609120515e-09,3.9647694183009095,0.30436796929752347,13.026237377906536,4.6143881469217086e-38,-0.17119247308893643,0.07058632115877353,-2.425292468548746,0.015337488918214567
5.076,0.08357501157696345,0.08184835121252998,4255,-2.5576006816874766,0.2884853164983646,-8.865618232260966,1.0997239929614834e-18,0.7709656589330318,0.4037553631149361,1.9094871037380197,0.056266610644783874,1.2281259518960463,0.514979235417707,2.3848067406055624,0.017131728030214205,2.5353793210776736,0.36105224204789554,7.022195200054572,2.5319591553201817e-12,0.5367281750757349,0.40293664387949385,1.3320411117442426,0.18291817157916332,2.218358825828235,0.39241660594444255,5.6530707218397,1.6794455854311588e-08,2.1828957580609383,0.3607166160479419,6.051553105529287,1.5583324260285791e-09,4.000676076200517,0.3052777570145691,13.105036263777281,1.705206604295474e-38,-0.17581221396611466,0.07079731106066729,-2.4833176759419366,0.01305481115838877
5.13,0.08502927456870502,0.08330535421932894,4255,-2.574942669672681,0.2895064376337632,-8.894250126935287,8.541546377501427e-19,0.758357601294941,0.4051844935116284,1.871635300557663,0.061325779131809116,1.1813721924959428,0.5168020532580022,2.28592782294185,0.022307524886975797,2.568925828786588,0.3623302206979467,7.090012596349642,1.5634036495495275e-12,0.5634954479414908,0.40436287634181145,1.393539023758361,0.1635297886731564,2.25174327549924,0.3938056017348523,5.717905650857983,1.1524946671599672e-08,2.273116238156752,0.3619934067179381,6.2794409952553165,3.7386409044896495e-10,4.054300323901259,0.3063583165856363,13.23385103132319,3.310633467504992e-39,-0.17987327560444122,0.07104790485702035,-2.531718225420234,0.011386289054672722
5.184,0.08537623136391159,0.08365296472493633,4255,-2.5762887912817134,0.29059508758340014,-8.865562087460699,1.1002682449144147e-18,0.7641809722168941,0.40670813520353816,1.8789419391241282,0.06032086830784272,1.1710674967742793,0.5187454177436075,2.257499452945694,0.024027475011951047,2.590080011229612,0.36369271467127146,7.121616427127749,1.2469480142547097e-12,0.5710013128674979,0.4058834284530616,1.4068111010191966,0.15955659781585874,2.25540872234546,0.39528645463746614,5.705757674934726,1.2371169954306045e-08,2.333091136089798,0.36335463414767455,6.4209753140002155,1.5027783513068747e-10,4.081725869448854,0.30751033575539205,13.27345911616983,1.994125907330807e-39,-0.18392369132145733,0.07131507092999813,-2.579029774814278,0.009941172179100073
5.2379999999999995,0.08647798564943765,0.08475679485461785,4255,-2.6447655837505555,0.2910837798303091,-9.085925657871952,1.542689903497327e-19,0.8414997659205135,0.4073920941585282,2.065577064421533,0.03892897381736768,1.3299267450541514,0.5196177892137483,2.5594326688978635,0.010518660352585089,2.668220808074376,0.36430433481734886,7.324153332987764,2.861725775420251e-13,0.6243684151074668,0.406566000503,1.5357123181353174,0.12468346059656453,2.308947540871436,0.39595120581167187,5.831394138927441,5.904986637032187e-09,2.431068245953693,0.3639656857454943,6.6793885829490955,2.7095426978919514e-11,4.1666147276816154,0.30802747428714683,13.52676327760766,7.544901181980963e-41,-0.18313778852663368,0.07143500111374995,-2.563698266554418,0.010390479386712963
5.292,0.08692128384101305,0.08520092827594661,4255,-2.6373660169043704,0.29154433450998185,-9.046191967122835,2.2058513623055597e-19,0.8263195362969583,0.40803667262159393,2.025110956296991,0.04291842154686049,1.3260734328777604,0.5204399319130192,2.5479855629129284,0.010869626962270921,2.671551612138573,0.36488073954289907,7.321711788584222,2.913627822000727e-13,0.5927559318517734,0.40720927191522593,1.4556543102858797,0.1455621364936635,2.2867522383059136,0.39657768242560393,5.76621514433026,8.682880608858991e-09,2.43704890563381,0.36454155465824556,6.685243079951534,2.6044821293901484e-11,4.167381817068629,0.3085148373921382,13.50788134630839,9.649433482158515e-41,-0.19067772307718592,0.0715480260444917,-2.665031219150814,0.007727245546023409
5.346,0.08687145691436371,0.08515100746907744,4255,-2.634555640064488,0.2926617376656178,-9.002050152092696,3.276070477113062e-19,0.8234434917808722,0.4096005564349045,2.0103573563180386,0.04445650211976473,1.3706099849014257,0.5224346241549932,2.6235052608128826,0.00873414258916009,2.694996123478555,0.36627921943612457,7.357764187734749,2.233156491784154e-13,0.5977039623970235,0.4087699845464869,1.4622012011477579,0.14376008989365718,2.2648963495440673,0.39809764732062397,5.689298504494657,1.361463551436631e-08,2.4405123701049547,0.36593873455618525,6.669182952345388,2.9026938157585253e-11,4.185097050944201,0.30969728346313424,13.513509076169816,8.967471802316896e-41,-0.1793761479041792,0.0718222484546648,-2.4975011471188333,0.012544771148649145
5.4,0.08690495738055326,0.08518457105437427,4255,-2.6322007354130137,0.2932578597119215,-8.975721019033305,4.1441620750642524e-19,0.8111958352171761,0.41043487090257874,1.9764301055446198,0.04817070053868605,1.3361838670799222,0.5234987700857024,2.5524107093148936,0.01073273662417855,2.725212864508356,0.3670252927682601,7.425136409411043,1.354010972702119e-13,0.6176827643808938,0.4096026072241182,1.5080049625829712,0.1316276550590894,2.262623456628324,0.3989085315381591,5.672035761942295,1.504914524292897e-08,2.445876652980112,0.3666841143554218,6.670255288477967,2.8817812678285958e-11,4.195685371350123,0.3103281051750031,13.520159152146576,8.223185509193128e-41,-0.17091739384525154,0.07196854303372537,-2.374890287346202,0.017598341145576814
