peth_time,r_squared,r_squared_adj,n_trials,Intercept_beta,Intercept_se,Intercept_tstat,Intercept_pvalue,C(Q_diff_bin)[T.1]_beta,C(Q_diff_bin)[T.1]_se,C(Q_diff_bin)[T.1]_tstat,C(Q_diff_bin)[T.1]_pvalue,C(Q_diff_bin)[T.2]_beta,C(Q_diff_bin)[T.2]_se,C(Q_diff_bin)[T.2]_tstat,C(Q_diff_bin)[T.2]_pvalue,C(Q_diff_bin)[T.3]_beta,C(Q_diff_bin)[T.3]_se,C(Q_diff_bin)[T.3]_tstat,C(Q_diff_bin)[T.3]_pvalue,C(Q_diff_bin)[T.4]_beta,C(Q_diff_bin)[T.4]_se,C(Q_diff_bin)[T.4]_tstat,C(Q_diff_bin)[T.4]_pvalue,Reward_beta,Reward_se,Reward_tstat,Reward_pvalue,Q_chosen_beta,Q_chosen_se,Q_chosen_tstat,Q_chosen_pvalue,RPE_abs_beta,RPE_abs_se,RPE_abs_tstat,RPE_abs_pvalue,Port_beta,Port_se,Port_tstat,Port_pvalue
-2.16,0.03331446248550529,0.03149310490186974,4255,0.30793092699168284,0.06580159408789843,4.679687950725717,2.9626030336914666e-06,0.0444792716942419,0.07844331043165477,0.5670244084483828,0.5707275722298853,-0.22740927016309104,0.10343187932881545,-2.1986380953220896,0.027957423202267774,0.019746080402068333,0.09923792889817003,0.19897715139067615,0.8422901447534286,-0.07031586063267088,0.10083379118818103,-0.6973442117379474,0.4856255856958711,-0.009720258626398692,0.02800587188131438,-0.34707930778202567,0.7285489393931437,0.22234211413822808,0.03502393872409955,6.348289833697007,2.405478693365932e-10,-0.026727922390227556,0.026997408496805608,-0.9900180750085721,0.3222216973592559,-0.03052648281637963,0.03672043815271406,-0.8313213118379792,0.4058388843409153
-2.106,0.03311697436382022,0.03129524468763323,4255,0.2761634374494569,0.0618052822507598,4.468282117521791,8.090307036372139e-06,0.060603320864752536,0.07367923238206213,0.8225292108160855,0.4108219573742161,-0.20676753413051807,0.09715017674350897,-2.1283289548346924,0.03336724406883439,-0.0036041308411135804,0.09321093646058387,-0.038666394502298126,0.9691581844603552,-0.08481933686008819,0.09470987764331143,-0.8955701239476607,0.370533164821348,-0.026505742018888088,0.026304998234405762,-1.0076313931935477,0.3136888699230867,0.22205747145027596,0.03289683857027397,6.750115850066216,1.6767440265209103e-11,-0.017108362284942877,0.025357781605643507,-0.674678982215673,0.49991647355005575,-0.009172329922673089,0.03449030492131266,-0.2659393688631965,0.7902988163698528
-2.052,0.03366329450853256,0.0318425941684638,4255,0.256908569805351,0.05699527284430697,4.507541713277587,6.734920521977423e-06,0.03230439241123026,0.06794513024852505,0.4754482373213424,0.6344919769240598,-0.19336232688441313,0.0895894433084782,-2.158315977236511,0.030959153080306778,-0.012113865765139429,0.08595677524923896,-0.1409297374176061,0.8879321347851151,-0.0791015411939635,0.0873390610114899,-0.9056834396646111,0.36515481913228665,-0.017350243524342102,0.024257806079682427,-0.7152437226742495,0.4744977821704216,0.2097835374761942,0.030336635021270146,6.9151880994417185,5.370208116555428e-12,-0.008711988699981407,0.023384306789121293,-0.37255706481042,0.70949672764657,-0.003967099005169425,0.031806089510243954,-0.12472765644112649,0.9007450660997969
-1.998,0.03444660260647214,0.032627378117741856,4255,0.21381966768790017,0.0516973874459277,4.135985941485775,3.602688058394707e-05,0.06010374940910261,0.061629422024477236,0.9752444114311396,0.32949459423774574,-0.1331764344032995,0.08126182980885578,-1.638855963698545,0.10131734797850447,0.0034777818382381526,0.0779668293860322,0.04460591594688086,0.9644235246548809,-0.05464628754002558,0.07922062744762379,-0.6897987216290937,0.4903584703342445,-0.01582841807799459,0.022002968613120455,-0.7193764785246316,0.471948576029635,0.20286031288948247,0.027516751762632463,7.372247808877108,2.0061440465894966e-13,-0.006657848447224506,0.021210663760378754,-0.31389156522585027,0.7536188167537932,-6.357236538426524e-05,0.028849615950477556,-0.002203577527457966,0.9982419044533987
-1.944,0.03390177486891699,0.03208152385595209,4255,0.17127510607087673,0.047605237623826846,3.5978206310885423,0.00032455177050243233,0.055455394657192854,0.056751093721380194,0.9771687384467235,0.3285412910800506,-0.0720286545393328,0.07482948189294396,-0.9625705366018943,0.3358179031680112,0.025397661908291475,0.07179529997682312,0.3537510382502799,0.7235430332712525,-0.042306937707879425,0.07294985260710429,-0.5799454857809997,0.5619821522797686,-0.006769310329016176,0.02026130528071227,-0.33410040642644157,0.7383202933194221,0.1943648181521564,0.0253386403261885,7.670688547217452,2.1080093777335738e-14,-0.009482169564366736,0.019531715979420588,-0.48547549915007654,0.627364136777008,-0.00921841153975828,0.026566000537553546,-0.3470003520750964,0.7286082510073385
-1.89,0.031206089995094777,0.029380759971533887,4255,0.11577086656236196,0.04447001560930145,2.603346659004704,0.009263983626747083,0.04531942931642567,0.05301353694685816,0.854865227382485,0.3926739943146117,-0.004375440642766107,0.06990130485452362,-0.06259454886961174,0.9500923165401348,0.04818761901363497,0.06706695040307518,0.7185002258791455,0.4724884430765499,-0.0006582244524830446,0.06814546562646452,-0.009659108591187335,0.9922937200009992,-0.006567878555753992,0.01892692079846121,-0.3470125238907309,0.7285991074200217,0.18314847081028043,0.023669868843593365,7.737620855463783,1.2572147844598777e-14,-0.016517123787481387,0.018245381345319577,-0.9052769835210086,0.36537003071092655,-0.031038791416973837,0.02481639663091232,-1.2507372395197234,0.2110992754891325
-1.836,0.025949753997706382,0.02411452037358519,4255,0.08605284388737228,0.04206666116313928,2.0456304709720032,0.040854234482249986,0.014695431058556327,0.050148453182386435,0.2930385710025804,0.7695069897074973,-0.0011886028988005617,0.06612353213479653,-0.017975490123206487,0.9856592508753198,0.056401223829789425,0.06344235861390445,0.8890152425295891,0.3740452498477592,0.00943548599704473,0.06446258615014389,0.14637150881703603,0.8836350663246281,0.005112306814452716,0.017904027088398593,0.2855394928309383,0.7752447802256455,0.15002089954247663,0.02239064544450315,6.700159667764575,2.3544993920755142e-11,-0.02231762981991616,0.01725932101281485,-1.2930769294658564,0.19605480297334058,-0.03436409315819194,0.02347520984778576,-1.4638460478526136,0.14331004336419217
-1.782,0.025553177787529746,0.023717196963766174,4255,0.07549465108017539,0.04019555939147569,1.8781838646630604,0.060424490303720255,-0.018228404244033096,0.0479178777813139,-0.3804092561699688,0.7036606734492168,-0.0276809108489021,0.0631823940766498,-0.43811114240655347,0.6613280042445329,0.07361529807055182,0.06062047766783568,1.2143635435194038,0.224676463668063,-0.00037655980780234617,0.061595326048758885,-0.006113447755829091,0.9951224920044844,0.008091386428435628,0.017107665887420513,0.4729684623070251,0.6362599913500491,0.13185348561138288,0.02139472194590584,6.162897837361927,7.806133141616931e-10,-0.0273778580649497,0.01649163598072854,-1.6601056497331348,0.09696704204423283,-0.027086147743027995,0.022431045525687022,-1.2075294355766948,0.22729557442478082
-1.728,0.02232809860077689,0.020486041320702864,4255,0.04757129525382989,0.03879605000015049,1.2261891417720454,0.22019550427055723,-0.015393569607620288,0.04624949647296609,-0.3328375610882205,0.739273335553961,-0.040820447802870384,0.06098254028147079,-0.6693792619077472,0.5032899723739421,0.10032244059481944,0.05850982342922973,1.7146255913105592,0.08648686578986846,0.011437052742383434,0.05945073001447016,0.1923786762517413,0.8474547943614488,0.008832762452137181,0.016512019516638166,0.5349292642996781,0.5927267827817129,0.10506357894715637,0.020649810947243726,5.087871226306793,3.7774688303204117e-07,-0.032168088526403495,0.015917438238919262,-2.020933773611274,0.04334926225067922,-0.023735118127049225,0.02165005231783781,-1.0963076568407872,0.27300633447583855
-1.674,0.01834541174880977,0.016495850583946425,4255,0.05376087014616525,0.038095634375682634,1.411208161439152,0.15825651107218294,-0.03855208347948294,0.045414517913207796,-0.8488933770729499,0.39598848031027656,-0.09066300766666761,0.05988157448642936,-1.514038474175626,0.13009051186564818,0.0665240345918829,0.057453499537634345,1.1578761107198874,0.24697972335255405,-0.03533009334518034,0.05837741919576584,-0.6052013575095293,0.5450775572477284,0.004503461391219882,0.01621391503278152,0.27775286734355775,0.78121559721436,0.07946322635460132,0.02027700365810731,3.9188840567590324,9.036041396754631e-05,-0.033766357293384536,0.015630068198825026,-2.160346126699747,0.030801658638030253,0.0026407827679395725,0.021259186884013972,0.1242184276542266,0.9011482120182703
-1.6199999999999999,0.018293873754085976,0.016444215485134528,4255,0.039541643988975854,0.03721340986767629,1.0625643855152838,0.2880399740124853,-0.026412794305807095,0.044362801584580384,-0.5953815665913139,0.5516201748003575,-0.11618253602892424,0.05849482785638355,-1.986201862396715,0.047075107409876256,0.07451614386968983,0.056122982637378,1.3277295747297284,0.18433883392376157,-0.02647290311870283,0.05702550602322816,-0.46422916629480926,0.642507367008088,-0.002835842767362924,0.015838430716873048,-0.1790482162062833,0.8579083850960743,0.07179163438714256,0.01980742571645383,3.6244808091091802,0.0002929350948838634,-0.02302764683048557,0.015268104696896415,-1.5082190807328206,0.1315728647405136,0.014371214606313104,0.02076686339349517,0.6920262503780237,0.4889586839790675
-1.566,0.01636519265968628,0.014511900512083176,4255,0.04385585125885622,0.03667767126708612,1.19570980773285,0.23187659472918515,-0.028360171011910462,0.043724137583520215,-0.6486159036925068,0.5166217499667756,-0.14935689500285654,0.057652713754800994,-2.5906307834541256,0.009612784600137874,0.06812812235857021,0.055315014534320306,1.2316388765712063,0.2181522189264369,-0.040058615658860125,0.056204544845430617,-0.7127291177079402,0.4760525594837822,0.004110659892538223,0.015610414559848637,0.2633280414673421,0.7923105255922994,0.05121802393849418,0.01952227037668896,2.6235690291254397,0.008732510421303902,-0.010392840504433638,0.015048299173213826,-0.6906322358963353,0.4898344349891879,0.024900973715558914,0.020467895618904268,1.2165869017115873,0.22382905045627174
-1.512,0.014661512776386276,0.01280501068081652,4255,0.0408009960714474,0.0360335759736043,1.1323049397410734,0.25757019309745083,-0.04686996079944963,0.04295629954320358,-1.091107970143235,0.27528728753529697,-0.1658730531089556,0.056640276478848714,-2.9285353713076927,0.0034237449303033433,0.04917260113384697,0.054343629512054556,0.904845730315813,0.36559845851148054,-0.03502626773643559,0.05521753881269713,-0.6343322880660772,0.525898162525412,-0.002439580598613972,0.015336280619498903,-0.15907250650540605,0.8736193145568185,0.03896456307680177,0.01917944047409946,2.031579760078026,0.04225836800309335,-0.00719553099125511,0.014784036521373351,-0.48670949783250983,0.6264893349637672,0.030629514379383955,0.020108459624737327,1.5232153507026307,0.1277793070729859
-1.458,0.012739920167992413,0.010879797549373404,4255,0.03147691630006532,0.03564985798145566,0.8829464711034467,0.37731517936754044,-0.0508323480457995,0.04249886215139634,-1.1960872708713064,0.2317292922656215,-0.1545550719511126,0.05603711976797637,-2.7580837950104002,0.005839014807411316,0.051948763675263285,0.053764929567932704,0.9662202497564018,0.33398901086810395,-0.006825441861541395,0.05462953269473318,-0.12494051339742532,0.9005765592256937,0.002642438597722805,0.01517296608167304,0.17415438639347686,0.8617524345875891,0.023005027189570884,0.018975200506502376,1.2123733386473348,0.2254369555798464,-0.004538794592425228,0.014626602776413119,-0.31031092194179877,0.7563397563322405,0.034519857658727386,0.019894326623947772,1.7351608984429836,0.08278486830873508
-1.404,0.009062507396711772,0.007195456068208039,4255,4.890879371729757e-05,0.03558082608810661,0.0013745828608978255,0.9989033064772681,-0.040969936903224896,0.04241656794082705,-0.9658946702236667,0.33415189912414367,-0.10130102920281504,0.05592861026206408,-1.8112559694966477,0.07017187248050749,0.09117833936451163,0.05366081989978807,1.699160384332326,0.08936222144699361,0.017040671867241244,0.05452374882101753,0.31253668787852124,0.7546480335293655,-0.002173838329251979,0.015143585359402459,-0.14354845815309322,0.8858638553328124,0.013262810421166145,0.01893845718992807,0.7003110278813857,0.4837714559091425,-0.0007741537293505949,0.01459828002451196,-0.05303047537454508,0.9577101207510743,0.025668896431534863,0.019855803524235285,1.2927654325449143,0.19616253902955072
-1.35,0.005514192997768785,0.0036404561970108107,4255,-0.019998491180148865,0.035202125241497496,-0.5681046539932749,0.5699939480983194,-0.027555157793663288,0.04196511158200986,-0.6566206249639994,0.511460468002358,-0.07639592940124848,0.05533333987673161,-1.3806491632610443,0.16745952970573558,0.10041445344974309,0.053089686506890776,1.8914116857086696,0.05863740890695694,0.01618163902422243,0.05394343093329643,0.29997422752423336,0.7642114985304482,-0.008112918992019828,0.01498240617311538,-0.5414963990615708,0.5881938895220574,-0.010431447077747935,0.018736887677361484,-0.5567331809514741,0.5777390843353245,-0.009326730725699981,0.014442904739221225,-0.6457655779153804,0.5184660797450197,0.014230580308593687,0.019644470330730666,0.7244064140702331,0.4688561762124328
-1.296,0.005257068799335518,0.0033828475441292083,4255,-0.023539429402575744,0.034988854666366205,-0.672769361187565,0.5011306439502989,-0.011167599962782911,0.0417108677424364,-0.2677383753256482,0.7889137132212641,-0.05498129821532694,0.054998105195913694,-0.9996944080068416,0.31751538624397907,0.10730383866460705,0.05276804490436851,2.0335003667290255,0.042064057956733764,-0.014269170329847163,0.053616616956561364,-0.26613335827226164,0.7901494267757002,-0.007377133874616192,0.014891635904006054,-0.4953877412911796,0.6203520823516839,-0.031133322635302472,0.01862337104210985,-1.6717340037368102,0.09465047039572712,-0.011628947809567778,0.014355403016550541,-0.8100746315628063,0.41794268024265335,0.014183194011765739,0.01952545514466327,0.7263950523397819,0.4676366638973566
-1.242,0.004601559682282708,0.0027261033651507782,4255,-0.04159537653263642,0.03468070350099992,-1.1993809909720294,0.23044676015141485,0.01632775287840541,0.04134351497751078,0.3949289964166582,0.6929151270480081,0.019395731211694026,0.054513730089307266,0.35579534146569897,0.7220115132426067,0.09165895992608827,0.052303310214238403,1.75245045773673,0.07976855571490163,-0.018577700321716656,0.05314440878753994,-0.3495701757824865,0.7266786329289698,-0.009745108878137152,0.014760483426973392,-0.6602161051398143,0.5091509712167351,-0.033300147122738835,0.018459352712719056,-1.803971549868811,0.07130661124795698,-0.014116024794283668,0.014228973208800793,-0.9920620825649411,0.32122377214380426,0.012319760195741934,0.019353492049143068,0.6365652340393747,0.5244423911568681
-1.188,0.0069424726320260755,0.005071426890399966,4255,-0.06928170156541413,0.03477685942336138,-1.9921782102864096,0.04641543975487839,0.05420374838006675,0.041458144250132445,1.3074330595464023,0.19113646622557118,0.057504676629730925,0.05466487517775536,1.0519492899735214,0.2928826785404032,0.08155958085863936,0.05244832667954922,1.5550463860735766,0.12000955062692861,-0.011234407396308616,0.05329175728769862,-0.21080947538770436,0.8330460604504941,0.0018176251959981223,0.014801408430077226,0.12280082700134226,0.9022706312124691,-0.05290134168683485,0.01851053322254452,-2.8579047967351237,0.004285239486211796,-0.009577774494432995,0.01426842454354979,-0.6712566243876407,0.5020935766803876,0.003608365896499285,0.019407151654947972,0.18592970058948913,0.8525087721388762
-1.134,0.011329819420799025,0.009467039994366155,4255,-0.10601777145404519,0.03513647481486303,-3.017313831642517,0.0025653836964645797,0.08035951021948158,0.04188684848112543,1.918490245349737,0.055115859930219106,0.08509270590890607,0.0552301456137405,1.5406931298717448,0.12346600731838252,0.06314155875970172,0.05299067655947548,1.191559777290881,0.23350050255062,0.026489085727535944,0.053842828789800755,0.49197054320730027,0.6227656007338117,0.009738646213334498,0.014954464639741243,0.6512199833255284,0.5149397340742244,-0.07588981306055208,0.01870194419990431,-4.0578568863947515,5.041550351914954e-05,-0.0040944718116757975,0.014415969352466421,-0.2840233432499131,0.7764063405866904,0.0025052752140039014,0.019607834251250435,0.12776909381739263,0.8983377597486337
-1.08,0.01665296894363999,0.014800219002883641,4255,-0.12282990169906888,0.03547152553785874,-3.4627747139877756,0.0005399146222302035,0.09467435632160084,0.042286268711571436,2.238891233638064,0.025214593031204345,0.07970780886142156,0.05575680346193233,1.4295620249435865,0.1529163313815111,0.04759604861061357,0.05349597951279776,0.8897126296982232,0.37367061564454984,0.028768931792952004,0.054356257607267845,0.5292662346405794,0.596648443464705,0.00670525498536125,0.015097065860152793,0.44414292468969785,0.6569618880594589,-0.09773357247607954,0.018880280244103965,-5.176489501875921,2.3655397154647118e-07,-0.0032529539916847992,0.014553435645817648,-0.22351794248800833,0.823143173096012,0.0012320654458305546,0.019794808587090255,0.062241846917079104,0.9503731676477658
-1.026,0.02132887588354171,0.019484935941730064,4255,-0.12956947916656122,0.03561332417605687,-3.6382304141569533,0.000277780470640877,0.12622097245437955,0.042455309519003906,2.97303149793032,0.0029653125637934094,0.07205628624242703,0.055979693193380295,1.287186158622031,0.19809957233667358,0.004351977189261693,0.05370983152307834,0.0810275710396096,0.9354238449551194,0.038409562065945584,0.054573548608694636,0.7038128002514791,0.4815879549346993,0.0076298929921843174,0.015157416897986572,0.5033768645103264,0.614725446382551,-0.1097598944179752,0.018955754811008498,-5.790320433678139,7.532545230465255e-09,0.0078995320159815,0.014611613503250888,0.5406337920328894,0.5887883794853577,0.013065420882062953,0.01987393901236746,0.6574147618110533,0.5109498970738713
-0.972,0.030589986063905283,0.028763495222763225,4255,-0.11800633933962805,0.035789885369364234,-3.297198024574849,0.0009845795878594388,0.10393658703954803,0.042665791418246224,2.4360637312612714,0.014888916310226192,0.08989324915577948,0.05625722531541254,1.59789695726696,0.11014032069043303,-0.05569396758505721,0.053976110287149104,-1.0318262521839612,0.3022122868249866,0.02566119032203695,0.05484410944760241,0.46789328116547196,0.6398849227760516,0.009006992051215195,0.015232563256179242,0.591298516194339,0.5543518998973973,-0.12157182578438902,0.01904973229743824,-6.381812819529107,1.9375141181587507e-10,0.023455381687527005,0.014684053916381834,1.5973369357735534,0.11026503404592924,0.020787322161697923,0.01997246860680786,1.0407988401900559,0.2980281778531104
-0.918,0.033614486144844524,0.031793693843657156,4255,-0.09801267355366738,0.03681175226556832,-2.6625375735059214,0.007784637554781597,0.05996095395791989,0.04388397804837089,1.3663518355566635,0.1719009114742666,0.09646832104379499,0.057863472321482104,1.6671713115975697,0.09555409354726564,-0.10375333226648796,0.055517227273668195,-1.8688493168983988,0.06171258075539957,0.02733682361412893,0.05641000940279675,0.48460944969765596,0.6279784065553244,0.00790685586583704,0.015667480886542715,0.5046666993306169,0.6138191430385449,-0.1253623807494101,0.01959363710784495,-6.398116901900629,1.7433355649903312e-10,0.02643108586720231,0.015103310598664219,1.7500193546665161,0.08018720406268587,0.011063832971811393,0.0205427192319256,0.5385768479285353,0.5902070991702157
-0.864,0.03608549943330075,0.034269362833080796,4255,-0.10833134819103406,0.037951997996504484,-2.854430699564533,0.004332296019894666,0.0505087189852316,0.04524328630039764,1.1163804205086598,0.26432250248388,0.11939563040135756,0.05965579605591693,2.0014087196061374,0.045411884782982685,-0.09958654618994375,0.05723687595910781,-1.7399018468634129,0.08194871037193929,0.05487843317667962,0.058157312056025,0.9436205222795249,0.34541728944694416,0.0012386688208315371,0.016152781832461393,0.0766845509138401,0.9388781079041497,-0.13069253939973005,0.02020055092451294,-6.469751240355402,1.0928791350603451e-10,0.023342678768855856,0.015571136343792844,1.4990992470604754,0.13392222949043905,6.997936708963873e-05,0.021179030911332743,0.0033041817344056706,0.9973638044272548
-0.8099999999999999,0.0351590898666605,0.03334120779387029,4255,-0.08944073905959339,0.03936488857273268,-2.2720943028795286,0.023130612922253303,-0.004731911649998995,0.04692761956942115,-0.10083425695605473,0.9196867931115088,0.0845032328741998,0.06187668340083509,1.3656716590123403,0.17211438085175484,-0.13126940107148133,0.05936771088017873,-2.211124517440483,0.027080307007930075,0.05257101716209217,0.06032241330182208,0.8715005631332099,0.38353017174990756,-0.0031043229452021176,0.016754123380620642,-0.1852871006544492,0.8530127049113756,-0.13632942963162412,0.020952584270385557,-6.506568730250259,8.580492114281706e-11,0.02688335422980127,0.016150824185348262,1.6645190314305673,0.09608253486010594,-0.006483389347615439,0.021967491460656758,-0.295135626169562,0.7679047053966641
-0.756,0.031489286919134774,0.02966449047432851,4255,-0.08545911291330054,0.040733829467372785,-2.0979886750336614,0.0359650995380496,-0.04847669222422165,0.0485595596014118,-0.9982934899354454,0.31819395072208223,0.08057277382681971,0.06402848734092742,1.2583894633930712,0.2083201303120292,-0.14377760991727492,0.06143226358670771,-2.3404250718247104,0.019307863742192944,0.026406566482724245,0.062420166437326854,0.423045435311965,0.6722835362280388,-0.01343693080388639,0.01733675946778245,-0.7750543478933732,0.4383507059361804,-0.12229518757188167,0.021681224703423433,-5.640603298233953,1.80473043100419e-08,0.02472200792944863,0.01671248013081385,1.4792542899642471,0.13914654787178043,-0.018400252705418327,0.022731425984632028,-0.8094631950436428,0.41829412275827116
-0.702,0.02602355689327962,0.02418846232313021,4255,-0.08094210687890459,0.04279685603315864,-1.891309651722812,0.05865102381120395,-0.04823667416534192,0.05101893213747096,-0.9454661660766983,0.3444747347645928,0.10448336980620124,0.06727130718081555,1.5531639592696638,0.12045849752386244,-0.13481727164235277,0.0645435937374182,-2.0887785113241133,0.036787075657278595,0.029186784147657123,0.06558153042605093,0.4450457919790061,0.6563093481703699,-0.016410457240281444,0.01821480594203606,-0.9009405476239224,0.3676710284284672,-0.10211291266574574,0.022779303207870513,-4.48270571465349,7.564538155679804e-06,0.02696321629818152,0.017558909031333843,1.5355860805512294,0.12471443793600451,-0.025193196548953183,0.023882693525584774,-1.0548724967711247,0.2915436617337744
-0.648,0.018906907272885243,0.01705840403647041,4255,-0.027653975953542995,0.045352054698834195,-0.6097623610921835,0.5420518666463832,-0.0730209522407883,0.05406503223465691,-1.3506133118326382,0.17689130960308375,0.11399189974491482,0.07128776002991012,1.5990388770398645,0.10988636759290225,-0.13523381999489198,0.06839718766656049,-1.9771839253707804,0.048085427456349875,0.023261086348035795,0.06949709466534391,0.33470588173573523,0.7378634966458277,-0.01093331245232365,0.019302326198256965,-0.5664246029222606,0.5711351106288274,-0.07827030891121742,0.02413934809333295,-3.2424367306271584,0.0011942848528048164,0.026910559119115263,0.018607268772825616,1.4462390718199287,0.14818396823720054,-0.02725631047177736,0.02530861664905045,-1.076957735372707,0.28156033181046675
-0.594,0.01134125605698666,0.00947849817862012,4255,0.07104517298686899,0.04817648211126029,1.4746857776538151,0.14037118116662226,-0.12385752461720646,0.0574320849539065,-2.156591123526358,0.031093506221490676,0.09596233947007264,0.0757274068096647,1.267207521198593,0.20515059412999823,-0.1872540357585556,0.07265681588100723,-2.577239774245385,0.009992721999245424,-0.027409258612696528,0.07382522269747506,-0.37127227810765506,0.710453267333282,0.00702840672521425,0.020504433128140976,0.34277498340435597,0.731784715246767,-0.030728167254507915,0.02564269423554551,-1.1983205419933214,0.23085913313915152,0.030492961052675047,0.019766089036677953,1.5426906656188946,0.12298036843756338,-0.019305970040123188,0.026884782295984178,-0.7181002928562658,0.47273495839686774
-0.54,0.007907189601248699,0.006037961508175149,4255,0.13016365680150824,0.05110703584298592,2.5468833137066444,0.010903965231931712,-0.15910082362657896,0.06092565284235793,-2.6113930044909712,0.009049149036778057,0.08955128653655847,0.08033387089534555,1.1147388459996015,0.2650254406415279,-0.2135104632817,0.07707649730198878,-2.770111133166282,0.005628081132959026,-0.0738724625812017,0.07831597777942392,-0.9432617031132863,0.34560072613514525,0.021369695417977223,0.02175170857016723,0.982437556527677,0.32594030690333187,0.013495439125024818,0.027202527788977856,0.4961097450102785,0.6198426631533669,0.029112168810233655,0.020968451339809225,1.3883795392635097,0.16509433542784285,-0.003651782550281778,0.02852017150730462,-0.1280420964280134,0.8981217228345024
-0.486,0.00714585329348727,0.005275190746701464,4255,0.11977776821273098,0.054921588358324995,2.1808868205206435,0.029246486036455955,-0.19835359019040216,0.06547305220655697,-3.029545492466556,0.0024639649955842478,0.06628320708112298,0.086329870550505,0.7677899510152253,0.44265468029696275,-0.23963691652530117,0.08282937147688926,-2.893139381024565,0.003833528809117195,-0.11117932489886724,0.08416136491843838,-1.3210256868648962,0.18656398619168138,0.031237028424408907,0.023375223479037484,1.3363306858829291,0.18151281823781143,0.01542972290782724,0.029232883670305455,0.5278207610938034,0.5976513268860273,0.021271333733842476,0.022533505103576115,0.9439869046589947,0.34523005034656506,0.017298057299122108,0.030648874339832946,0.5643945388441431,0.572515466565586
-0.432,0.006731817432283682,0.004860374789668942,4255,0.08105079021184212,0.058778038042186946,1.3789298335148459,0.1679890223993768,-0.23106786280896136,0.07007039796859338,-3.297653067598239,0.0009829896349246691,-0.028342172862047404,0.09239172731655887,-0.30676093720966496,0.7590403853347353,-0.27499650258975183,0.08864543239199779,-3.102207244854912,0.0019334491137965783,-0.14456698072573854,0.09007095491455336,-1.6050343960812155,0.108560603018928,0.05450182814972106,0.02501657027709075,2.178629106469955,0.029414048348603106,-0.011900145292966624,0.031285539981940225,-0.3803720600582908,0.7036882782491108,0.029731482515822,0.02411574864806413,1.2328658317729095,0.2176940789563812,0.010982493902725503,0.032800957797205446,0.334822353988126,0.7377756355710616
-0.378,0.009327261436050893,0.007460708937578886,4255,0.03246871507788146,0.0615018192285978,0.5279309699311105,0.5975748359577415,-0.2880527316758176,0.07331746844029222,-3.9288417590468225,8.671279460741224e-05,-0.08217642232424366,0.09667317081190359,-0.8500437260316395,0.39534870460839244,-0.33375287048018154,0.09275327214053247,-3.5982867534258567,0.0003239725495924951,-0.19107406406571809,0.09424485354421222,-2.0274217305253837,0.042681644405372345,0.05199940961914554,0.02617584108195087,1.986542073522936,0.04703734436291176,-0.040665388325899415,0.032735315579219465,-1.2422482449417411,0.21421359009355231,0.028407596305090814,0.025233275272832808,1.1257990093610881,0.26031423167785944,-0.015671775619583005,0.034320958034031325,-0.4566240722081092,0.6479646307263949
-0.324,0.014035269722856736,0.012177587706319382,4255,0.0009423225210879334,0.0642323418019941,0.014670530369152428,0.9882957194419877,-0.3393297340107005,0.0765725754454424,-4.43147865977776,9.594895220766417e-06,-0.08664519632953382,0.10096521092477484,-0.8581688240525711,0.3908476870909917,-0.3760560241227222,0.09687127883550074,-3.8820177522515342,0.00010516668488959235,-0.1847767669724486,0.09842908261672785,-1.877257839453297,0.06055126989095218,0.05198198642006479,0.02733798109420382,1.9014566672257294,0.057309851986722116,-0.07223107521866386,0.03418867938629767,-2.1127190788075025,0.0346830355871719,0.025594339035070166,0.026353567787711044,0.9711906653870633,0.3315086615921896,-0.05038271283399593,0.0358447202873751,-1.4055825357281773,0.15992129040298989
-0.27,0.013438567195276918,0.011579760915852,4255,0.0844461827085926,0.06727460744454689,1.2552460120737219,0.20945854518787563,-0.3502031752359766,0.08019931719117489,-4.366660309603145,1.2916606617473651e-05,-0.05457451773650834,0.10574727216794755,-0.5160844021568067,0.6058223347145709,-0.3535234078763297,0.10145943730962079,-3.484381712048064,0.0004982604982181996,-0.14988585749689917,0.1030910240604316,-1.4539176311706499,0.14604305281751795,0.05377942240421176,0.028632802336686868,1.8782451599333967,0.06041610630769196,-0.03675504402567494,0.035807973370344144,-1.0264485969517378,0.3047386523059271,0.017867861620880086,0.02760176381466565,0.6473449211744342,0.5174437306347816,-0.0830404990218548,0.03754245009042909,-2.211909420451618,0.02702597366561345
-0.216,0.01910908486780427,0.017260962559500492,4255,0.2257010636326609,0.06981913140210538,3.2326535592772347,0.0012358383840626616,-0.41684070394533956,0.08323269176925753,-5.008136767953263,5.719066925842176e-07,-0.11567455626275798,0.10974694571044417,-1.0540116220450744,0.29193756942722326,-0.43105685514919106,0.10529693229861103,-4.093726623742078,4.323877005201558e-05,-0.2755964154263361,0.10699023046973291,-2.5759026241587657,0.010031385558584358,0.06490320386979899,0.029715779321395266,2.184132651135583,0.02900702806040276,0.048500632704728486,0.037162336473652635,1.3051018129367211,0.19192890206342142,0.01128834351005351,0.028645743883299716,0.39406704032687173,0.6935513333139781,-0.10829591354689538,0.0389624162159733,-2.7794968604256542,0.005468279771167734
-0.162,0.02088329557035906,0.019038516098988878,4255,0.10180608985990651,0.07174413894870822,1.4190161224555273,0.15596771655799205,-0.42487939095176475,0.08552752925236974,-4.967750087788167,7.039800918939465e-07,-0.1286521877161498,0.11277281690744459,-1.1408084966232404,0.2540139640356789,-0.4438698964330846,0.10820011062865313,-4.102305384478421,4.167208294732793e-05,-0.3184046604556288,0.10994009531237692,-2.8961650392510006,0.003796832601391319,0.07303331285523341,0.030535083404647518,2.391783637444316,0.016809974912229797,0.08316532028975641,0.038186952173168746,2.177846504026335,0.029472323794091298,0.023751200599247096,0.029435545647458317,0.8068884091264655,0.4197759711305704,-0.10922356650554964,0.04003666253991665,-2.728088696120799,0.006396461162150996
-0.108,0.014837411040242166,0.012981240359206225,4255,-0.08600030187315921,0.07307213186998086,-1.17692339982884,0.23929205273016507,-0.4504983163269067,0.08711065443981239,-5.171563905976286,2.4283624808952235e-07,-0.11718740281584974,0.11486025575275752,-1.020260681537237,0.3076629723970868,-0.3946894950121,0.11020290811289774,-3.5814798517636124,0.00034548101174054714,-0.2986637835834069,0.11197510012919205,-2.6672339050272913,0.007676865879173208,0.08069782951488633,0.03110029159037586,2.5947611867362257,0.009498222769562423,0.07545758300778196,0.03889379740002693,1.940092972452459,0.052434520924983956,0.03464664799746993,0.029980401252758266,1.1556432385734783,0.24789213861136203,-0.05975528614935672,0.040777746135364105,-1.4653896257776378,0.14288868916578593
-0.054,0.011827596040871136,0.009965754488428069,4255,-0.2675942459356992,0.07479223786000246,-3.5778344597281238,0.0003503192200680577,-0.4684452370615067,0.08916122494681822,-5.253912082757041,1.562023922744708e-07,-0.140858707818078,0.11756404731979808,-1.1981444245017672,0.23092767007899148,-0.37622613421190293,0.11279706648096186,-3.3354248115610634,0.0008590046438381456,-0.3285618046210215,0.11461097560642879,-2.8667568955114255,0.0041674266327427,0.0867863944184799,0.0318323873495527,2.7263551886785957,0.0064300959594642965,0.08078110236000033,0.03980935100672219,2.0291991785136028,0.0425002680642964,0.04608408195688996,0.030686134977208505,1.501788413272573,0.13322612202812686,0.0276131726690009,0.041737647586054305,0.6615890991955958,0.5082704953884394
0.0,0.010666348504139833,0.008802319014745708,4255,-0.5029379858943974,0.07590346272812952,-6.6260216308683715,3.879723511178503e-11,-0.449904786244234,0.09048593688576344,-4.972096236481799,6.884654581536338e-07,-0.1732085125456516,0.11931075388611265,-1.4517426711676529,0.14664705121902996,-0.3795274965595668,0.11447294768082708,-3.3154339453000157,0.000922692524479716,-0.34189619575646824,0.11631380694158099,-2.9394291593274633,0.003305901863779096,0.09193544368739875,0.0323053367016083,2.8458283699863682,0.0044508377965592144,0.04999746149472677,0.040400818010363305,1.2375358707316721,0.21595663597279396,0.05268702335417666,0.03114205389699274,1.6918287897274633,0.09075199941890216,0.09629335361392277,0.042357764235345666,2.273334189191465,0.023055778969168078
0.054,0.011143425753223357,0.0092802951375911,4255,-0.49504783628540133,0.07652260337568285,-6.469302068239831,1.0961005874816323e-10,-0.46373279348168944,0.09122402602615728,-5.083450201471268,3.8659558220313697e-07,-0.21570957959965678,0.12028396557851871,-1.7933361156009304,0.07299033671923029,-0.3632452204746255,0.11540669763645565,-3.147522872709603,0.0016580090428626505,-0.32648062149426527,0.11726257269166468,-2.78418436505506,0.005390014474073427,0.08560609644698196,0.0325688496740863,2.6284654602061437,0.00860799622280991,0.007941430633161132,0.04073036540814428,0.19497567855291562,0.8454213165032374,0.05771746685767841,0.03139607803137231,1.8383655053986245,0.06607837367384414,0.13375931936874527,0.042703274342987485,3.1322965610179385,0.0017462484210971827
0.108,0.011104993925305728,0.00924179089925814,4255,-0.23850185262652082,0.07758083234454734,-3.074236836842646,0.002123824395940746,-0.4776314869361602,0.09248556056286653,-5.164389814250982,2.5227560033389293e-07,-0.2923800758602259,0.12194736921678981,-2.3975923198511344,0.016546156812161834,-0.35402503403442875,0.11700265367104465,-3.025786364040745,0.002494736178907079,-0.3425928402074423,0.11888419357114105,-2.8817358297714537,0.0039747500961011435,0.019422216923049188,0.033019243396820816,0.5882090237391452,0.5564232854751002,-0.0024619046133457817,0.041293624506579904,-0.059619484672591316,0.9524615051690477,0.05894470980355909,0.03183025352744653,1.8518454385772443,0.06411739373864986,0.1581255829151771,0.04329381674459999,3.6523825988361254,0.0002629518521629766
0.162,0.013110338111767428,0.011250913407314656,4255,0.14602546607658368,0.0795357312053027,1.8359731389110314,0.06643151424058232,-0.5006718240366134,0.09481603204037932,-5.280455354041732,1.353083240214037e-07,-0.3120932999038233,0.1250202258225977,-2.496342474590313,0.012585765071390777,-0.38719558319258174,0.11995091224799656,-3.227950300136619,0.001256287046368201,-0.3796948142452478,0.12187986360393852,-3.115320308193864,0.0018497085108259714,-0.031294034168102995,0.03385126954746556,-0.9244567363780297,0.3553011005150837,-0.009436919495891705,0.04233415033061158,-0.22291505609994308,0.8236123406665516,0.08157632290023398,0.03263231925009836,2.4998628591189727,0.01246157963352368,0.16833145121104576,0.04438474385216046,3.7925520483284734,0.00015118002719952968
0.216,0.01594707142925811,0.014092991488474649,4255,0.4300188176885251,0.08236645821412646,5.220800153511684,1.8667072182437792e-07,-0.5345487703416874,0.09819059462626153,-5.443991579604099,5.504041242106655e-08,-0.3358080751106866,0.12946977478030786,-2.593717921271633,0.009527043464179985,-0.4208609889625256,0.12422004112740534,-3.3880280922695296,0.000710377541772689,-0.3888389959075636,0.12621764508286734,-3.0807023507075733,0.002078349880968784,-0.04309065011624473,0.03505605765387823,-1.2291926987824782,0.21906767928436086,-0.006415335856630385,0.04384084953259839,-0.14633238007534924,0.8836659520805974,0.13454737260942912,0.0337937241439991,3.9814307543053458,6.964710418382025e-05,0.16196090923203738,0.0459644249753241,3.523614389149559,0.0004301896852983731
0.27,0.018903744272452894,0.017055235076545938,4255,0.5854844933540647,0.0846557042052693,6.9160666590689335,5.337395226898506e-12,-0.5601965048169107,0.10091964756831884,-5.550916182477536,3.015076829153064e-08,-0.38160906022793734,0.13306818327469125,-2.8677708738247802,0.004154120926334717,-0.43932580564871654,0.12767254154245586,-3.4410359529235532,0.0005850801254405703,-0.4123042198883834,0.12972566575393085,-3.178277925899872,0.0014921646517069558,-0.038196361578547076,0.03603038556829193,-1.060115260386258,0.28915246499298275,-0.0008169366062195593,0.04505933690254074,-0.01813024030927306,0.9855358054831024,0.19371855024430112,0.0347329674864932,5.577368254515929,2.5936200599057592e-08,0.14727045082305032,0.0472419337803816,3.11736711514989,0.0018369424403760892
0.324,0.023606452105318976,0.021766803404622337,4255,0.5824328590697185,0.08669065546435274,6.718519498439083,2.0789026314558114e-11,-0.5161611085680551,0.10334555100640783,-4.9945169728308,6.135229302876552e-07,-0.3880763108091423,0.13626687224244455,-2.847913835717027,0.004421832742024126,-0.4095410176484398,0.13074153023732554,-3.132447791493873,0.0017453511681214395,-0.3520005588692697,0.1328440073865431,-2.6497285485000117,0.008085505725298744,-0.07269891658016982,0.03689648288761343,-1.9703481440659396,0.048863359972850226,0.02172598397828433,0.046142471881147215,0.47084568928699033,0.6377751216427011,0.25664918052125907,0.035567877509177115,7.215757545696654,6.321638493226253e-13,0.12219133118363888,0.04837753395677161,2.525786686291711,0.011580036390847604
0.378,0.03216537279745413,0.03034185018378932,4255,0.5075169099921086,0.08844286164895179,5.738359213279974,1.0225643250955713e-08,-0.5065206300793726,0.1054343887554624,-4.804131138410289,1.6078688753765821e-06,-0.43069141390238075,0.13902112130216426,-3.0980286295221804,0.0019608568516349366,-0.41424247928625524,0.13338410015029598,-3.105636120193416,0.0019112222786522826,-0.3310635870434741,0.13552907292310878,-2.44274958798914,0.014616334458791664,-0.13942815973918898,0.03764224083764085,-3.7040345270775155,0.00021489563189844413,0.05051156517147467,0.047075111323884845,1.072999378035379,0.2833323730016104,0.309476011650858,0.036286781462674944,8.528615632918259,2.032405158683658e-17,0.09265215276164848,0.049355348852052464,1.87724643664018,0.060552832392459364
0.432,0.044167497258684296,0.042366588162610075,4255,0.3802893640752425,0.08943453930617139,4.252153217599242,2.16278306322405e-05,-0.49603892460870874,0.10661658622942481,-4.652549309178766,3.3783919924936503e-06,-0.4326695614118912,0.14057991459883737,-3.0777480740870327,0.0020990164654894343,-0.40211924526713155,0.13487968757794405,-2.981318036007131,0.002886399123734566,-0.33288161741338945,0.13704871115072514,-2.4289292078587206,0.015184722535279067,-0.24562302351512957,0.03806430960057318,-6.452843256388156,1.220765681749681e-10,0.08434850876322453,0.04760294743457423,1.7719177762921847,0.07647991081508161,0.3296321164728765,0.03669365195236778,8.983355401658402,3.8713778801967345e-19,0.08262201623463825,0.04990875243724096,1.65546146116422,0.09790482742438794
0.486,0.05916755173952759,0.057394904639649025,4255,0.23939832325900243,0.08969375290991778,2.66906351325758,0.007635243330611731,-0.5081635435317715,0.1069255996122864,-4.752496552503601,2.075656058904506e-06,-0.4066012059614531,0.14098736597679742,-2.883954907196211,0.003946904269708797,-0.4192604679472902,0.1352706176387517,-3.0994200755921026,0.001951690915577641,-0.34191629049801847,0.13744592782542128,-2.487642201610424,0.012897390094403308,-0.3447467594111146,0.03817463372078701,-9.03078106610337,2.5330112550655223e-19,0.12417128553149553,0.04774091797312895,2.6009404679102635,0.009329106499472804,0.3457421089268816,0.0368000034115577,9.395165132465587,9.074214733112944e-21,0.07189476326121191,0.05005340603168119,1.436361058340491,0.15097330005243065
0.54,0.07678932333505806,0.07504987787737549,4255,0.05312379471970669,0.09037848461026897,0.5877924923037564,0.5567028422989491,-0.4783408726292389,0.1077418810729041,-4.439692976082041,9.237518832575803e-06,-0.34592452496810017,0.14206367860394645,-2.434996252155972,0.014932849663181025,-0.40278322996662647,0.13630328799781632,-2.9550514582823513,0.0031433521131437074,-0.33557795718532796,0.1384952047350492,-2.4230294314327456,0.015433232693110909,-0.46038786827052774,0.038466062956490535,-11.968676617393323,1.7184299202611992e-32,0.17628366627867434,0.04810537724570391,3.6645314177308004,0.00025081786086431985,0.35193079722360826,0.03708093857249619,9.490881589621997,3.7078926445690005e-21,0.07606839918326573,0.050435519085361334,1.5082307184054384,0.13156988730361166
0.594,0.09862253751345262,0.09692422858742977,4255,-0.10311900772542003,0.09160795840089976,-1.1256555601222438,0.26037496213731054,-0.4710871296248308,0.10920755976295535,-4.313686073082916,1.6420393007013067e-05,-0.3113953545068849,0.14399625769284505,-2.162523939831234,0.030633474306720435,-0.3988121252794551,0.13815750497094617,-2.886648288584274,0.003913344838382659,-0.3220390927785235,0.14037923969186503,-2.2940649449691075,0.021835367542094142,-0.5867750548279408,0.038989340332048414,-15.04962766311858,6.587180464391306e-50,0.22516638692134536,0.04875978410776896,4.617870875385384,3.991642130344735e-06,0.3587447303692694,0.03758537325408517,9.544796268060935,2.231344631091259e-21,0.07541016773549387,0.05112162429170229,1.475112905356842,0.14025633526899906
0.648,0.1203076894142131,0.11865023805182806,4255,-0.23870519733525974,0.09374779230744237,-2.5462487324761205,0.010923777997937454,-0.4517449551562848,0.11175849576579563,-4.042153145144104,5.390083576185698e-05,-0.2724411622637294,0.14735980906987659,-1.8488159287349542,0.06455386903800252,-0.36889534728808937,0.14138467124274964,-2.609160837915141,0.009108296571713073,-0.31123885864319384,0.1436583025823701,-2.166521899872353,0.03032677982478328,-0.7245265762856073,0.03990007684329269,-18.15852583771157,5.028778110990265e-71,0.2752931291625597,0.04989874453359673,5.51703518266287,3.6528628687425076e-08,0.3496672811591436,0.03846331505611927,9.09092938684477,1.474607525933518e-19,0.07826281426879227,0.05231575400408154,1.4959703010815137,0.13473571535856632
0.702,0.1375211430471911,0.13589612400441609,4255,-0.36108406055370135,0.09526409220247274,-3.7903479916258394,0.00015252330178848396,-0.4219820906838293,0.11356610521693548,-3.7157397436299635,0.0002052172769249896,-0.21761668447833968,0.14974324293562122,-1.4532654710296287,0.1462239610247118,-0.29973967893612924,0.14367146175682627,-2.0862854409002884,0.03701230756183071,-0.24313887379007235,0.14598186737002428,-1.6655416057514973,0.09587852029004842,-0.8348227687166782,0.0405454305187241,-20.589811429703587,7.2689334185948476e-90,0.3298596318853964,0.05070581912422081,6.505360480959695,8.649058766397264e-11,0.33717386688414996,0.03908543019234401,8.626587074131654,8.800628299566095e-18,0.05405815383784991,0.0531619219015044,1.0168585315257415,0.30927866988914526
0.756,0.15171986660681813,0.15012159975162598,4255,-0.44425742522843453,0.09747727351722327,-4.557548741347784,5.320868146658624e-06,-0.4111589168507144,0.11620448003628414,-3.5382363633685423,0.00040712083462184816,-0.15284394432966045,0.15322208726839345,-0.9975320598650335,0.3185631639308132,-0.23880723924900835,0.14700924609163413,-1.6244368677338463,0.10435682760139298,-0.195475870751324,0.1493733271917276,-1.3086397312448002,0.19072724239543676,-0.9385272129622976,0.0414873844821528,-22.621990387608957,4.449097335157456e-107,0.3948145491890723,0.051883819867631374,7.609589081843687,3.36644645281966e-14,0.31909338479824634,0.039993465337389324,7.978638062651962,1.8877436045165434e-15,0.050165271703759784,0.054396982977387744,0.9222068754183107,0.35647307480010004
0.8099999999999999,0.16028328878553588,0.1587011564987445,4255,-0.4733838731733329,0.0997980930864613,-4.743416016608764,2.170429672473391e-06,-0.41692940909450527,0.11897117243103693,-3.5044574292666018,0.00046226312678318993,-0.08270446537108207,0.15687012548018395,-0.527216161253912,0.598071031222521,-0.23484718811259583,0.15050936384090732,-1.5603493504951358,0.11875187286452163,-0.14965681910452502,0.15292973093959714,-0.9785985902481917,0.3278341085167257,-1.0213641838474836,0.04247515045373252,-24.046158116850904,6.82425637968279e-120,0.4559688381620277,0.053119112773668015,8.58389408921112,1.2688038437253798e-17,0.2918258814420858,0.040945662846075856,7.127150011934751,1.1984172353593661e-12,0.04114003724662419,0.05569211134983985,0.7387049305456526,0.4601270210230878
0.864,0.16946209992406946,0.1678972616761637,4255,-0.46515854015107083,0.1017205785214557,-4.572904980607793,4.947049695744706e-06,-0.40971943018472845,0.12126300325775143,-3.3787669707787664,0.0007346765013209308,-0.06018626742254372,0.15989203223305265,-0.37641817782901443,0.7066248418743013,-0.26460170747538564,0.15340873847689093,-1.7248150926894201,0.08463357341287173,-0.1591656875563131,0.15587573092032095,-1.021106278806634,0.30726226285929426,-1.0963853060009772,0.04329338109893884,-25.324547960238903,6.762461643846089e-132,0.5266141738192857,0.05414238603940796,9.726467788766927,3.951384299412583e-22,0.27501424354143056,0.04173442982561698,6.589625033588557,4.9482938282185476e-11,0.05359424781462617,0.0567649502148209,0.9441433069491729,0.3451501409380766
0.918,0.1744962241461686,0.17294087082378728,4255,-0.4429665994541013,0.10386194706014296,-4.264955664634269,2.0429183962199254e-05,-0.41047245112085695,0.12381576872426032,-3.3151871958650565,0.0009235052915389871,-0.004180499793115457,0.16325799585995446,-0.02560670778233467,0.9795722391151034,-0.29181698302246606,0.15663821918678314,-1.8629998766424247,0.0625312832584352,-0.15263965022970283,0.15915714546779378,-0.9590499363447694,0.33758819524751815,-1.1534423794506676,0.04420477076626275,-26.093165046587668,2.4731245664394698e-139,0.5903573843127732,0.05528216329745603,10.678984849710833,2.744761131855818e-26,0.2591677250704507,0.04261300126423475,6.081893257492078,1.2922894208875958e-09,0.05145081837549077,0.057959936325370075,0.8876962542998835,0.37475444146665404
0.972,0.17425333339080473,0.17269752243157865,4255,-0.37330528695479004,0.10658120509325333,-3.502543310785107,0.0004655876193724438,-0.42477097648090834,0.12705744706035216,-3.343141124810595,0.0008355314680539738,-0.020666388659316057,0.1675323295237997,-0.12335761532152624,0.9018297573227811,-0.3535221969196357,0.16073923739289397,-2.199352209538754,0.027906607290220868,-0.20772462389244356,0.16332411285662582,-1.2718552102272538,0.20349422383623672,-1.1950043223512616,0.04536211646803703,-26.343663289901464,8.606417826197308e-142,0.6387955068247624,0.05672953137488364,11.26036988748301,5.285768869604452e-29,0.23789961473654977,0.04372867210695074,5.440357625191533,5.616711824946134e-08,0.054913499784190196,0.05947741242621828,0.9232664560232908,0.3559208257278821
1.026,0.17433014501260258,0.17277447877616836,4255,-0.28446454653387887,0.10884223660950654,-2.61354925619962,0.008992339086130655,-0.4524866973308558,0.12975286499944164,-3.4872963871187195,0.0004928767846902594,-0.055955295534143364,0.17108638839105683,-0.32705872197292996,0.7436395934947118,-0.42476514344735694,0.16414918646717822,-2.587677420699792,0.009695453750925185,-0.23133687803984046,0.1667888979114563,-1.3870040568446644,0.16551332956888948,-1.2310058908055752,0.04632443599602923,-26.573575356882763,4.609413351180833e-144,0.6673526625308831,0.05793300114451759,11.519387039282309,2.9540438374133202e-30,0.2132994544256651,0.04465633947298596,4.776465266587664,1.8442089084279109e-06,0.06207672264813594,0.06073917620420528,1.0220211489111053,0.30682911597740686
1.08,0.17805731063611607,0.17650866685022082,4255,-0.20081244220511285,0.11045053520220673,-1.8181210424872687,0.06911606664915113,-0.4983457202208942,0.13167014781793154,-3.7848041373051973,0.00015595189277974977,-0.08108213650230904,0.17361443270777444,-0.467024170961555,0.6405065483420471,-0.4560940573811986,0.16657472377522894,-2.7380748233846006,0.00620576844344671,-0.22912991639310024,0.1692534407042638,-1.3537681446219962,0.17588241301800112,-1.265921788083559,0.04700894531466203,-26.929380772316957,1.321946426941515e-147,0.6986059059570929,0.05878904349640259,11.883267092104363,4.6358542015522496e-32,0.2092039155904463,0.04531620029693445,4.616537004860015,4.017243007152476e-06,0.05619646702729932,0.06163668377712903,0.9117373548275101,0.3619587542781295
1.134,0.18381083014773703,0.18227302671890555,4255,-0.1472641046208443,0.11153991923473808,-1.320281614252597,0.1868121773123734,-0.47295115708037744,0.1329688228884624,-3.5568575159689937,0.00037941474021073923,-0.0909521142566574,0.1753268082110944,-0.5187576000764845,0.6039568228437423,-0.44412294672658154,0.1682176659662454,-2.64016828539102,0.008316807279205916,-0.20746574839911872,0.1709228033326717,-1.2137979506182244,0.2248923997955557,-1.3077393236233736,0.04747259897028424,-27.547245189629518,7.782609592980488e-154,0.7393686898321077,0.05936888537001166,12.453807835940552,5.410287816814952e-35,0.20442292808012655,0.04576315824899955,4.46697596717105,8.139607318494749e-06,0.047969209061960345,0.06224461219505894,0.7706564049533625,0.44095349690195307
1.188,0.18550993722130815,0.18397533512469255,4255,-0.05037320462048779,0.11286391510838742,-0.44631806873005003,0.6553902658010318,-0.5041350345611856,0.134547183120711,-3.74690144281128,0.00018141004439654166,-0.14521827637535978,0.17740796419725818,-0.8185555650359247,0.4130859639471013,-0.4982612947533642,0.17021443534838485,-2.927256397106112,0.003437828226523378,-0.2513713895238145,0.17295168310842968,-1.453419735535159,0.1461811528092269,-1.3318155743901015,0.048036105969207106,-27.725302613909708,1.1953054421400191e-155,0.7627219418760715,0.06007360310508221,12.696457386481374,2.803140819839426e-36,0.19574749742449732,0.0463063739255263,4.227225775425959,2.415647895032445e-05,0.034576784919729424,0.06298346524667112,0.548981939693401,0.58304671106108
1.242,0.1830106588681144,0.18147134781558127,4255,-0.042301415257620954,0.11471144260781341,-0.36876369345510834,0.7123222543450388,-0.4778302405131079,0.1367496551911429,-3.494197040900885,0.0004803461066627857,-0.12119849264013186,0.18031204644672513,-0.6721597088408682,0.5015186004219719,-0.4816875204164093,0.17300076302276515,-2.784308646968361,0.005387953229656303,-0.23040374800858218,0.17578281819981803,-1.310729628573111,0.19002001349572603,-1.3457539052449954,0.04882243370432265,-27.56425280630459,5.226849206702246e-154,0.7818479426152737,0.061056978824590574,12.80521830045718,7.312342827219158e-37,0.18894018984441185,0.04706438678680223,4.014504442611677,6.0598822230717585e-05,0.01579836576456651,0.06401447399681608,0.24679365115695992,0.8050798550618168
1.296,0.1797201498731672,0.1781746390863055,4255,0.00827283168440682,0.11639868507134041,0.07107324003992337,0.9433428128757126,-0.5297930531098954,0.1387610484738515,-3.818024286619101,0.00013644300752325256,-0.16307041963331229,0.18296418065874528,-0.891269641118784,0.3728350326553437,-0.5287078967077649,0.17554535863553708,-3.011802196408138,0.002612319609650638,-0.24161645193765247,0.17836833389452675,-1.3545927500815576,0.17561941814537574,-1.355299249444929,0.04954054239030873,-27.357376081333673,6.5484139017242715e-152,0.7802633286141271,0.0619550402997629,12.59402503555652,9.842606632166238e-36,0.16376762424583968,0.04775663709855223,3.4292118163153575,0.0006111001951854317,-0.007141336770998771,0.06495603602717988,-0.10994108027174851,0.9124612983053957
1.35,0.17356593900164152,0.172008832904612,4255,0.035399261099102027,0.1183583798441359,0.2990853807370353,0.7648895379813977,-0.5451573470303115,0.1410972372477639,-3.863699656096215,0.00011334857749884875,-0.17180933909262314,0.1860445758386908,-0.9234848063594702,0.35580708952992757,-0.5562515815956759,0.17850085011291697,-3.116240517867559,0.0018439590467140658,-0.29049496862090113,0.1813713531412743,-1.601658495620463,0.10930553602665902,-1.353536851672632,0.05037460973311624,-26.86942606292427,5.2536913656179e-147,0.7777201878495217,0.06299811882379748,12.345133511442862,2.002668273545917e-34,0.14729904228582102,0.04856067051208233,3.033299184968455,0.002433585338805633,-0.017370889959659463,0.06604963948314642,-0.26299749848130377,0.7925652675963291
1.404,0.1647270963734243,0.1631533367810991,4255,0.05288912120160773,0.12000287635846336,0.44073211248388255,0.6594293832704142,-0.5458369375195822,0.1430576722853231,-3.8155027185884243,0.0001378391343521189,-0.16334060695933791,0.18862951876270817,-0.8659334341239392,0.38657559226506055,-0.5763620535003297,0.18098097890651607,-3.1846554095502144,0.001459748363405569,-0.3338993412803318,0.18389136531474665,-1.815742358042929,0.06948040592633983,-1.3326737074638264,0.05107452527966063,-26.09272822736418,2.497573242996973e-139,0.777481711375967,0.06387342809172893,12.172224579200947,1.572260392765984e-33,0.1291358339016315,0.049235382801112365,2.622825832862499,0.008751549677453703,-0.02159793029548607,0.06696734722843373,-0.3225143475045072,0.7470789492484203
1.458,0.157086611179156,0.15549845594821698,4255,0.046257541946173764,0.12190526723626179,0.379454825824081,0.7043691198843178,-0.577136184141116,0.14532554801474915,-3.9713332722649857,7.265509367502954e-05,-0.17468966605039987,0.1916198393839053,-0.9116470748126123,0.3620062869518027,-0.5746481965736351,0.18385004816364228,-3.12563527893204,0.0017861933929604985,-0.3177487717394365,0.1868065725705767,-1.7009507072851466,0.08902546556848347,-1.3137121767302653,0.051884203463454084,-25.320079890127076,7.462100961532612e-132,0.7706306745786986,0.06488600571172236,11.876685367296016,5.002933453250034e-32,0.11795487075884978,0.05001590528480652,2.3583472114955657,0.01840159370880245,-0.05012861388919544,0.06802897236896101,-0.7368715437493099,0.4612411827156636
1.512,0.15357956901416203,0.15198480607306752,4255,0.06230227354424668,0.12266175808641216,0.5079192938059495,0.6115363269584217,-0.5783689740192055,0.14622737489933468,-3.9552715380233296,7.769437864879731e-05,-0.20411665803611598,0.19280894842314203,-1.058647224132761,0.28982069229081914,-0.6010521272313714,0.18499094127177967,-3.2490895127039483,0.0011667692434490509,-0.3399446922696724,0.18796581257801387,-1.8085453285744755,0.07059238176225212,-1.3009071391329943,0.052206174171342976,-24.918645347643356,4.915747878111927e-128,0.7701211518063812,0.06528865992623295,11.795634229229247,1.2746429935967693e-31,0.10834413472734658,0.05032628215011959,2.1528340679759337,0.031387886197057756,-0.073716276567194,0.06845113046195392,-1.0769183221622105,0.28157793879532306
1.566,0.15089947563150952,0.1492996630561566,4255,0.059888885759282334,0.12274518314058253,0.48791230928133766,0.625637147875021,-0.5718436896350164,0.14632682746599016,-3.9079893929083274,9.451715621536846e-05,-0.17446934272973766,0.19294008217841888,-0.9042669659920605,0.3659051606665604,-0.6004660424458689,0.18511675782240952,-3.2437152071446813,0.0011889510238676131,-0.3447443563635291,0.18809365240634446,-1.8328335483579603,0.06689731167888484,-1.2848091898392087,0.05224168077891339,-24.59356534251868,5.633434989801355e-125,0.7887626548409845,0.06533306423019883,12.072947505750015,5.071090630528332e-33,0.09605131169637084,0.050360510200329084,1.9072743964326078,0.056552474495385946,-0.09534917531858426,0.06849768563412738,-1.3920057945881716,0.16399354851609063
1.6199999999999999,0.14938627787967174,0.14778361424873365,4255,0.0693092226491998,0.12312448674842698,0.5629198909134562,0.5735191561357587,-0.591131857165944,0.14677900238774425,-4.027359823609908,5.7392016290754216e-05,-0.17868316718564087,0.19353630002905553,-0.9232540208674819,0.3559273037487978,-0.599975170977098,0.18568880026283743,-3.2310789349053333,0.0012426499878356336,-0.3418332374847437,0.18867489396014667,-1.81175794145112,0.07009422626920293,-1.2770427411430347,0.05240311650691752,-24.36959528875458,6.933927805100781e-123,0.796523963360327,0.0655349545719621,12.15418502328687,1.9463564197703495e-33,0.08816368790348851,0.05051613278952669,1.7452580598522605,0.0810122966136593,-0.11462326979551003,0.06870935519724385,-1.6682338157076453,0.09534305400063829
1.674,0.14777505401671198,0.14616935463662095,4255,0.06511043772842406,0.12393926130837535,0.5253415022897522,0.5993732422596183,-0.5864957615128221,0.14775031037235734,-3.9695061217451753,7.321236195050658e-05,-0.17840996080722418,0.19481702377341034,-0.9157821906504996,0.35983315263974136,-0.5925969160246047,0.1869175932878238,-3.170364574040381,0.0015333097944189617,-0.34529367458645305,0.189923447418191,-1.8180676439921266,0.06912422835097294,-1.2813570445115805,0.05274989339362314,-24.291177897744944,3.7103745177797176e-122,0.8019962061296606,0.06596863121243174,12.157235816324244,1.8773899010161486e-33,0.059816982808288684,0.05085042258801316,1.1763320689175392,0.2395281512005333,-0.13433701819235727,0.06916403838921976,-1.942295755438359,0.05216734658549677
1.728,0.14939259456026832,0.14778994283075386,4255,0.0422274447246302,0.12457714159339371,0.33896623557519084,0.7346519281433437,-0.5602861913814304,0.148510739384899,-3.7726981476357926,0.00016369269371321356,-0.1042216388688559,0.19581969183306427,-0.5322326773841751,0.5945927011234904,-0.5505326126193352,0.18787960521546246,-2.930241480909959,0.003405040061835724,-0.3381752460726975,0.19090092962594238,-1.7714698756854108,0.07655431275116914,-1.3042664770109438,0.053021382158986136,-24.59887735668722,5.023715832841689e-125,0.8246710427718292,0.06630815307851223,12.436947863641695,6.632861247659439e-35,0.046234875347391284,0.051112135314967694,0.9045772606148945,0.36574070756929156,-0.14095210937448024,0.06952000611127165,-2.0275042719196037,0.04267320715059027
1.782,0.15088660219831196,0.14928676536778585,4255,-0.0006072835336839535,0.12552799546474935,-0.004837833436561888,0.9961402097208996,-0.5131166202809547,0.14964427006055794,-3.4289092397143373,0.0006117799651484145,-0.023070811038620263,0.19731431524218745,-0.11692416239694874,0.9069256805901786,-0.48368220105530535,0.1893136247128031,-2.5549254671398955,0.010655628653126203,-0.3231550220333519,0.19235800983872073,-1.6799665493747604,0.09303738833620313,-1.3303190110118792,0.053426075876032965,-24.90018196542604,7.34750807957257e-128,0.8552864336280862,0.06681426008378397,12.800956450847039,7.709219188578176e-37,0.03367386593425284,0.05150225641676754,0.6538328274737429,0.5132549218357119,-0.14532936432196517,0.07005062807050175,-2.074633280599567,0.038080638401438986
1.836,0.15024525254085164,0.1486442073266091,4255,-0.013130859115316348,0.1257674145942309,-0.10440589208008316,0.916852178246619,-0.5020401486102477,0.14992968608060317,-3.34850396698855,0.0008195697033920907,0.014282933848402634,0.19769065218132706,0.07224890853868979,0.9424072263310839,-0.45453429443678045,0.18967470196142744,-2.3963886049981262,0.01660052623866678,-0.3072965428684687,0.19272489363300008,-1.5944828769948307,0.11090234993038055,-1.3348347468931252,0.05352797525338299,-24.937142504914068,3.285667526646424e-128,0.8622265334550182,0.06694169470047635,12.880261506867448,2.8756681409214484e-37,0.02253995185046635,0.05160048649964257,0.436816653862798,0.6622665324891314,-0.14248732769419648,0.07018423540112295,-2.0301899262682097,0.042399452413420184
1.89,0.14822261716705598,0.14661776105243896,4255,-0.014630370842212675,0.12656194236116342,-0.11559850117077633,0.9079762172520771,-0.515424811604695,0.15087685748476096,-3.4161953012360065,0.0006409876096486069,0.06061472573227157,0.1989395504983341,0.30468916603277013,0.7606178345047059,-0.4359219944525527,0.19087296001482876,-2.283833154883155,0.02243049613244486,-0.30019212697645054,0.19394242108130272,-1.5478414949280581,0.12173498945422255,-1.3348367706198403,0.053866134885460215,-24.780630231929734,9.863724139939818e-127,0.8761754186291988,0.06736459466527762,13.006467610808832,5.918473689706896e-38,0.007392865186903196,0.051926469342205295,0.14237180537314814,0.8867930865439664,-0.14602371381977783,0.070627619913773,-2.0675157112480003,0.03874603362762592
1.944,0.14682339515076592,0.14521590272523732,4255,-0.03241504906663793,0.12748058691977676,-0.2542743946341936,0.7992958928163961,-0.5192369491707163,0.15197199083656696,-3.4166621514428392,0.0006398925598632405,0.09680915457516123,0.20038354489466503,0.48311928320287273,0.6290359522574989,-0.3883735475955518,0.19225840340193856,-2.020060193590663,0.04343982524848971,-0.27094039683967325,0.19535014402302414,-1.3869475151640531,0.1655305701896698,-1.336887694496293,0.054257119969782414,-24.63985731717515,2.074763743721519e-125,0.8925737478083462,0.0678535577546387,13.154413377054306,9.112859952561696e-39,0.004695228563389832,0.052303375445408855,0.08976913102463974,0.9284749129888581,-0.15085842900710003,0.07114026753525506,-2.120577195360405,0.034015218059972985
1.998,0.14448467268471843,0.14287277381083174,4255,-0.047494907417656315,0.1286090445898807,-0.3692967906659446,0.7119249323805106,-0.534611344535878,0.1533172463209052,-3.4869615608468068,0.000493492473987632,0.09090614385493895,0.2021573392712261,0.44968015597481703,0.6529640360434795,-0.3383303830074063,0.1939602740569379,-1.7443282375858469,0.0811742289849437,-0.24140963850070732,0.19707938275423126,-1.2249360391074409,0.22066726966449912,-1.3375975573561443,0.05473740378920177,-24.436627694425226,1.647786510632487e-123,0.8947197336603621,0.06845419718956888,13.07034148954566,2.6450005129337543e-38,0.003197166179871364,0.052766364725736224,0.06059098815105564,0.9516878023584903,-0.14341825703384176,0.07177000091265097,-1.9983036813444053,0.045747407725386845
2.052,0.14406884913191154,0.14245616679395934,4255,-0.08987579682467046,0.12995211963245692,-0.6916070094036622,0.48922197175567705,-0.5483875604005245,0.15491835118710465,-3.5398489346055735,0.00040464872876376474,0.1400575618507505,0.2042684853256472,0.6856542830259357,0.4929685750404087,-0.2890141302886476,0.19598581747161628,-1.4746685960095258,0.1403758024725029,-0.1506339108714875,0.19913749928271965,-0.756431668641321,0.4494323934080374,-1.3481308872104347,0.05530903108928108,-24.374516433568537,6.240318409150807e-123,0.9073835328253851,0.06916907011392721,13.118342220458493,1.4405829195567836e-38,0.010579076481129261,0.05331740829951133,0.19841693020225482,0.8427283715718259,-0.1496263111577609,0.07251950105347574,-2.0632562136276524,0.039148945469858615
2.106,0.14400346398947195,0.14239065845765742,4255,-0.09299702295941455,0.13128465647997598,-0.7083617038949163,0.4787595528805819,-0.5697691321702731,0.15650689327397146,-3.640536977325784,0.00027531135484858826,0.11279139281204334,0.20636306665493354,0.5465677295862517,0.5847044640886034,-0.2966301699833548,0.19799546782676788,-1.498166464309604,0.13416434245219117,-0.13456607290788936,0.2011794671726435,-0.6688857207898388,0.5036047435256737,-1.356113950326895,0.055876173219286285,-24.269986153218117,5.834046277783325e-122,0.9184167826045134,0.06987833391736592,13.143083572807846,1.0523901785621989e-38,0.0229549959250361,0.05386412820969255,0.4261648092710702,0.6700093604477624,-0.1406850037505552,0.07326312037719869,-1.9202704311013743,0.05489066245541169
2.16,0.1416514026542448,0.1400341655419588,4255,-0.09710877777694964,0.13335545751831912,-0.7281950029199948,0.46653438024764193,-0.5757271524209149,0.15897553390410507,-3.6214827419179905,0.00029634082417168974,0.07837682431596261,0.20961810699370984,0.3739029296658734,0.7084952055406778,-0.31209992198313286,0.20111852296021712,-1.5518208735297283,0.12077961811552934,-0.13107730736505302,0.20435274469558065,-0.6414267034206744,0.52128010974903,-1.3609389314375615,0.05675752859335308,-23.97812176051905,2.8827888359006835e-119,0.9234329110630615,0.07098055050773983,13.009661160100032,5.685365875990025e-38,0.033800544273316295,0.054713746859858976,0.6177706008672975,0.5367596962919721,-0.12120330936155038,0.07441872644585228,-1.628666804043455,0.10345775995537337
2.214,0.14012194248537746,0.13850182367705965,4255,-0.09949493556931752,0.1350441706868137,-0.7367584625334193,0.46130995228253135,-0.5780762010254519,0.16098868044169948,-3.5907878705471883,0.0003334094545276039,0.05974933639402689,0.21227255297007014,0.2814746209909266,0.7783601072793098,-0.32596124724839787,0.2036653366000297,-1.600474841178007,0.10956767885730759,-0.13760436644886503,0.2069405140858063,-0.6649464801841966,0.5061208385491328,-1.3697020353709084,0.05747626322731913,-23.83074261375909,6.467002787058083e-118,0.9308168487423728,0.07187939478888182,12.94970347867133,1.2071130403871488e-37,0.03473662957695963,0.05540660057982939,0.6269402781156258,0.5307320910631839,-0.09548567906530685,0.07536110919996225,-1.2670418479636003,0.20520981816068448
2.268,0.13802566823679752,0.13640159978316913,4255,-0.1284757897342312,0.13678504320379176,-0.9392532014104725,0.34765418643046686,-0.54708221505961,0.16306400711370725,-3.355015154743011,0.000800570526285693,0.1303812847585582,0.21500898692123543,0.6063992330065765,0.5442820958710278,-0.2570375990028182,0.20629081377053515,-1.2459963403350116,0.21283448258510337,-0.08926119607853861,0.20960821200856056,-0.4258478006333698,0.6702403375704357,-1.3793727557308613,0.05821719744552457,-23.693561632223506,1.1545697687426915e-116,0.9458484565332339,0.07280600170785191,12.991352832814975,7.157348118139152e-38,0.030947461631095744,0.05612085449925475,0.5514431650627613,0.5813589349404263,-0.09362731960666608,0.07633259936638677,-1.2265705659683728,0.22005205030186667
2.322,0.13625096266623393,0.13462355044327812,4255,-0.13571030372774348,0.13862646727988956,-0.9789638760233406,0.3276536024046137,-0.5459818234893808,0.16525920317908993,-3.303790729873635,0.0009617752948125436,0.1639839988417561,0.21790347535228627,0.7525533889564721,0.4517600540196822,-0.2500131576676209,0.20906793663614642,-1.1958464874637085,0.23182324870023724,-0.07293278393302637,0.21242999426705883,-0.34332620581506995,0.731370065891356,-1.3943239686839317,0.059000927497496775,-23.63223813291899,4.1704963473255075e-116,0.9517813267364114,0.0737861287838036,12.89919043625625,2.270699600318082e-37,0.008378688989170826,0.05687636321735446,0.1473140776802387,0.8828911156028505,-0.10230965078739132,0.0773602021142616,-1.322510127833937,0.18606956778272854
2.376,0.13474247616471158,0.13311222176276083,4255,-0.13898095970288973,0.1407977818815713,-0.987096230108158,0.3236517103471591,-0.5125753700337154,0.16784766790711741,-3.0538128794101653,0.002273536226822758,0.20635028794249693,0.22131651044633036,0.9323763849626449,0.3511950573330902,-0.22695095256004957,0.2123425801617944,-1.0687962460808582,0.2852222488918009,-0.07059720482213025,0.2157572979013349,-0.32720656732739634,0.7435277839665981,-1.4145782036171837,0.059925062533913914,-23.60578602344585,7.251734280433782e-116,0.9667916736642345,0.0749418453073039,12.90055868920551,2.2322331774237598e-37,-0.010140755193506837,0.0577672210770953,-0.17554514488368986,0.8606596717533177,-0.10420012482631989,0.07857189956090146,-1.3261754572390587,0.18485291792700156
2.43,0.13292466125238078,0.13129098185766075,4255,-0.145798064280423,0.14248892742900218,-1.0232238175353636,0.3062603262212577,-0.5037097402591286,0.16986371412911355,-2.965375759276395,0.003039963825797434,0.21726963326650442,0.22397477981828015,0.970062939420162,0.3320703747694693,-0.2370941213091318,0.21489306216635218,-1.103312126129011,0.2699541687110387,-0.0685996902820465,0.21834879464791343,-0.31417480638106215,0.7534037111737263,-1.4274964423904841,0.06064483241472771,-23.538632815873918,2.9474314920358524e-115,0.9631997307824756,0.0758419842605887,12.700086108941672,2.6806947318928206e-36,-0.026860169389023206,0.058461072765711795,-0.4594539258057723,0.6459317527588511,-0.0991373265428327,0.07951563969884888,-1.2467651259336832,0.212552403183517
2.484,0.12991027461423177,0.12827091573455995,4255,-0.14487182487098318,0.1441641423652376,-1.0049088663389865,0.3149979983071842,-0.5009380244995186,0.17186076917169082,-2.914789843626709,0.003577891175729598,0.20474945716392529,0.22660800826109076,0.9035402532112602,0.3662904919026032,-0.25509781247522006,0.21741951860005518,-1.1732976602918268,0.24074227312453894,-0.04922579185732835,0.22091587946427885,-0.22282595518575182,0.8236816845557695,-1.4290721477945034,0.06135782205469301,-23.290789991220027,5.0765419282229976e-113,0.9531692759939976,0.07673364389421447,12.421790854974166,7.964353262572473e-35,-0.04410889824767254,0.05914838836315894,-0.7457328841633517,0.45587007093639464,-0.10281408780110898,0.08045048979345851,-1.2779796377258212,0.20132646691069786
2.538,0.128595455440084,0.12695361927510995,4255,-0.14552095020047442,0.14581956332703414,-0.99795217377047,0.31835941834088777,-0.5122715104448422,0.17383422744730356,-2.9468966955896714,0.0032272700148476834,0.23818544914573914,0.22921012305074476,1.0391576339453705,0.29879060022316695,-0.2722771252745989,0.21991612297538166,-1.238095331941982,0.2157491657061122,-0.02376922147752771,0.22345263216615643,-0.10637252847329733,0.9152918136115502,-1.438623574866175,0.06206238716452585,-23.180281013883977,4.97446786103804e-112,0.9627679648914044,0.07761476787201814,12.40444301114123,9.816912067344433e-35,-0.06031835125175702,0.05982758278936228,-1.008203046814086,0.3134144455822879,-0.10561335139968575,0.0813742939031759,-1.297871186757712,0.19440210199321137
2.592,0.12742314922119813,0.12577910428331995,4255,-0.1555899800280348,0.14750973002636056,-1.054777742459635,0.29158700064922105,-0.4989665357219776,0.17584910676617543,-2.837469833642361,0.004568828810141288,0.26563032321232116,0.23186685379585087,1.1456157655298054,0.2520187349471608,-0.27725127792412635,0.2224651287412565,-1.246268480336036,0.21273459928184227,0.017891206285899085,0.22604262893440252,0.07914970008197483,0.9369172823516174,-1.4515847206270895,0.06278174043697347,-23.121129018147148,1.6818949574224964e-111,0.9665228850391068,0.07851438581792454,12.310137498629624,3.0455926881439905e-34,-0.07267207302640888,0.06052103287126242,-1.2007738397491265,0.22990592428577492,-0.08975546526049734,0.08231748779704247,-1.09035719702469,0.2756177019711158
2.646,0.12588804351157068,0.12424110624074924,4255,-0.17244345819172643,0.14890389547144134,-1.1580856071344339,0.2468942380444557,-0.4581019308429124,0.17751111745630355,-2.5806943103475173,0.00989344838475692,0.29564461305532497,0.2340583075756389,1.2631237750866147,0.20661405665435376,-0.24796945938748327,0.22456772356785598,-1.1042079219926553,0.26956552494050784,0.04978517426967192,0.22817903595188704,0.2181846989666896,0.8272956914315306,-1.4561291677137815,0.06337511236629378,-22.976356385732068,3.2826599409487946e-110,0.9811415984103081,0.07925645241671453,12.379327720242415,1.3281871714647337e-34,-0.07844116980953021,0.061093038071967726,-1.2839624985931515,0.19922513487389248,-0.0774427761348328,0.08309549882717579,-0.9319731781850221,0.35140337549147804
2.7,0.12283181898288487,0.12117912339924442,4255,-0.1685759685727916,0.15038398436213482,-1.1209702235767958,0.262363932284308,-0.4298918369907031,0.1792755590922314,-2.3979389001349474,0.01653053149958382,0.30453321542020556,0.2363848222696998,1.2882942842783403,0.19771373947955506,-0.2191493432828287,0.2267999028658439,-0.9662673595255434,0.3339654459755529,0.05375146962458308,0.23044711131104587,0.2332486153494546,0.8155796005891155,-1.4500451863657862,0.06400505424567055,-22.655166899790117,2.2732774047768853e-107,0.9883592234825761,0.08004425312781314,12.347660011323772,1.942883783458073e-34,-0.08543740496340008,0.06170029637547111,-1.3847162814823306,0.1662119949660132,-0.08582360506080418,0.08392145925145712,-1.022665785680008,0.3065241546596044
2.754,0.1175634474563031,0.11590082559564596,4255,-0.14485587853410983,0.1526358459314005,-0.9490292247550602,0.34265975971982043,-0.43745114412153496,0.18196004536609064,-2.4041054905290578,0.01625467481109614,0.27327270763198874,0.23992446712672796,1.1389947465743302,0.25476960034528484,-0.21988685929201593,0.23019602238843168,-0.9552157201090985,0.33952299662594043,0.06591580475862634,0.2338978444187683,0.2818145029186817,0.7780994836717339,-1.4282126738525736,0.06496347094480198,-21.98485784520495,1.5256670752713995e-101,0.9845951714295835,0.08124284204819343,12.119162089941653,2.943268091168954e-33,-0.07393765699442498,0.06262420144960218,-1.180656284358811,0.23780542754617665,-0.08644624197972936,0.08517810576023678,-1.0148880537806533,0.31021701986572575
2.808,0.11600706596794819,0.11434151168809492,4255,-0.11911433729230954,0.15483173504667566,-0.7693147484034928,0.44174927636225747,-0.452317490414502,0.18457780583117792,-2.4505518871982326,0.014303807838293466,0.2554085806244264,0.24337613028381205,1.0494397307023609,0.2940355078950824,-0.2111942084529155,0.2335077276884408,-0.9044420522763287,0.36581236098455705,0.04677337404530811,0.237262805824206,0.1971374058518202,0.8437294478409031,-1.4277905960498685,0.06589806516064758,-21.666654287484356,7.962483588438209e-99,1.009746567405722,0.08241163874505733,12.25247529089187,6.062020841063337e-34,-0.057005352677379745,0.06352514186420037,-0.8973667906046053,0.3695741048008271,-0.08916615554639594,0.0864035169613692,-1.0319736821159942,0.3021432227016887
2.862,0.11532844263048536,0.11366160973859729,4255,-0.09917405123875518,0.1560551867439283,-0.6355062802333533,0.5251325195947738,-0.4813118778116494,0.18603630547113378,-2.587193271725835,0.009709066137001583,0.2689465246702348,0.24529924339480794,1.096401770132518,0.2729651691722882,-0.25029573591002047,0.23535286250964463,-1.0634913603388336,0.2876196591214938,0.027634768414759838,0.23913761257744062,0.11556010832804811,0.9080066445442004,-1.4225557353976157,0.06641877946797063,-21.41797465705644,1.0066612982434647e-96,1.040068323616145,0.08306284025271733,12.521463514271293,2.382651747890518e-35,-0.04349243290167354,0.06402710577107347,-0.6792815695461718,0.4969964982647166,-0.08041946347349531,0.08708626155144382,-0.9234460412104121,0.35582728017936593
2.916,0.11529438590869567,0.11362748884964458,4255,-0.09224203495881153,0.15686520251809932,-0.5880337606944314,0.5565409056591872,-0.48251150343161137,0.18700194041825918,-2.580248645294261,0.009906205962310826,0.30897872267132037,0.24657248692286865,1.2530948871354544,0.21024017776449735,-0.2561542753559928,0.23657447862575576,-1.0827637741990372,0.2789747729451783,0.026754347271204883,0.24037887371349742,0.11130074310562264,0.911383126838739,-1.4220027848908943,0.06676353096385347,-21.29909494542436,1.0018197605476648e-95,1.0675398025507719,0.08349398395422437,12.78582901417246,9.298838554189386e-37,-0.03029472727019955,0.06435944311103121,-0.47071145749250637,0.6378709806505981,-0.07644788450239504,0.08753828911324478,-0.8733079578868336,0.38254463013831774
2.9699999999999998,0.11523805454645619,0.11357105135200762,4255,-0.06192087969304684,0.15727813996796425,-0.39370302640697186,0.6938200754480124,-0.5034379491276587,0.18749421087184945,-2.6850852982962436,0.0072793133527553205,0.3119903048161056,0.24722157296822686,1.2619865696599337,0.20702293516305684,-0.3176827977450749,0.23719724556411212,-1.3393190843744782,0.18053850476740646,0.01089070968676848,0.24101165547464812,0.04518748134948215,0.9639599974404677,-1.4137024138437477,0.06693928161968812,-21.119175163480552,3.1812156751021433e-94,1.0873166015548523,0.08371377644012731,12.988502583353277,7.418355813156023e-38,-0.016568781647049377,0.06452886516185176,-0.2567654274639952,0.7973723007763309,-0.08063724856132908,0.08776872796961124,-0.9187469207625825,0.3582801485330991
3.024,0.11590563912475627,0.11423989374392673,4255,-0.037576396339274634,0.15783923870820699,-0.2380675214022102,0.8118402121613074,-0.49539215433800066,0.18816310716948131,-2.6327804732295026,0.00849958585610917,0.3172875480888933,0.24810355003879464,1.2788513023666157,0.20101931381525712,-0.3666644590073618,0.2380434602745746,-1.5403256976034019,0.12355549994560235,-0.017683223644235843,0.24187147831015585,-0.07310999944177109,0.9417220281971119,-1.4169428936440673,0.0671780913271097,-21.09233629077908,5.317900213934045e-94,1.1094307935060488,0.08401243011514588,13.205555320629145,4.751427650741881e-39,-0.009467818271954552,0.06475907557099687,-0.14620063965512856,0.8837699409431311,-0.07805402028134797,0.08808184791562844,-0.886153300917507,0.3755851088149823
3.078,0.1165358230558613,0.11487126502111011,4255,0.03392129234663171,0.15854901587714473,0.21394829957769265,0.8305976474572994,-0.5291690113111867,0.18900924580141037,-2.799699078568769,0.0051381355170614824,0.26583407209767884,0.24921923101135363,1.066667572237105,0.2861826209946718,-0.4423367479712038,0.23911390267343957,-1.8498997466295712,0.06439743747417011,-0.0980083326533465,0.24295913467828587,-0.4033943106651419,0.6866784836786707,-1.4189357902175217,0.06748018018579298,-21.02744518925068,1.8378941177420776e-93,1.1265773205587355,0.08439022023432496,13.34961939227776,7.494470165802988e-40,-0.0012944531640240952,0.06505028651257258,-0.019899269218036572,0.9841246631073521,-0.06472257225267405,0.08847793753922284,-0.7315108608175018,0.46450754158957597
3.132,0.11722810517250148,0.11556485148464934,4255,0.07551920284436221,0.1594300049776596,0.47368249693615994,0.6357506903068428,-0.5173145385642782,0.19005948937767203,-2.7218558792205814,0.006518138873633947,0.22634599478326575,0.2506040357352747,0.9032017146857368,0.36647008454986796,-0.4845975657257878,0.24044255640787907,-2.015440082510735,0.04392144978741478,-0.15288706921248174,0.2443091547231151,-0.6257934516852408,0.5314840627368638,-1.4233090731402311,0.06785513869887846,-20.975700594415795,4.929787675275149e-93,1.1516849978788446,0.08485914061081029,13.57172591649049,4.1944614352101904e-41,0.0037747206607144147,0.06541174314531102,0.05770707948156862,0.9539846699054595,-0.04961892252046869,0.0889695716132463,-0.5577066588132379,0.5770741110153119
3.186,0.11603856832940007,0.11437307340397251,4255,0.1276481224268284,0.16063731524613553,0.7946355566964025,0.4268699410366411,-0.5493298729286151,0.19149874651862933,-2.868582081685717,0.004143503806315366,0.2036892013113299,0.25250177653825023,0.8066842305185684,0.41989361254352087,-0.5183708153250808,0.2422633477160805,-2.1396997119538828,0.03243588515808235,-0.21564248683663173,0.24615922649110647,-0.8760284548766354,0.38106412044436355,-1.4145569468178902,0.06836898303910473,-20.690039312253802,1.1042354187738007e-90,1.1752360025774558,0.08550175058782077,13.745168894177722,4.284752628705357e-42,0.007100407952466878,0.06590708446571873,0.10773360724460695,0.9142121000662458,-0.030505208006290863,0.08964330851368502,-0.3402954276462689,0.7336508939639499
3.2399999999999998,0.11320069715826675,0.11152985532531001,4255,0.14076015487117233,0.1616999880073644,0.8705019499739332,0.3840753649320623,-0.5160778503304415,0.19276557858329008,-2.6772303132296766,0.007451910301503071,0.192791032842966,0.25417216526255104,0.7585056870559352,0.4481904094058309,-0.528373940940335,0.24386600560579638,-2.1666568065843457,0.030316476954394104,-0.24349695708285235,0.24778765699940059,-0.9826839642922222,0.3258189948858382,-1.4008877212582724,0.06882126808805024,-20.35544767158272,5.787878887522954e-88,1.1774830354164576,0.08606737496499516,13.680945142051293,1.000267177926004e-41,0.0043370642201835275,0.06634308318324221,0.06537326895411817,0.9478798844206826,-0.026599852922493155,0.09023633076407538,-0.2947798597001798,0.7681764640748845
3.294,0.11083371666366992,0.10915841514066216,4255,0.1600459845843511,0.16297121157294464,0.9820506520117251,0.32613084785872226,-0.5157692837282294,0.19428102796054436,-2.654758877603708,0.007966129381672592,0.19235545852922692,0.2561703697780739,0.7508887881758876,0.4527611996802954,-0.5473603128627202,0.2457831870291858,-2.2270047006824893,0.025999199334749565,-0.23565896613368809,0.24973566894868535,-0.9436335911715932,0.3454106094979982,-1.3838736250126387,0.0693623146204882,-19.951376083460037,9.960324763600017e-85,1.1893946147109433,0.08674400380480775,13.711548493741784,6.681342792665759e-42,0.0032017280234205676,0.06686464717217674,0.04788371970581262,0.9618111663175495,-0.03765724775423289,0.09094573434259365,-0.41406282577671644,0.6788490110216665
3.348,0.10846917436617742,0.10678941774698969,4255,0.17826249071142858,0.1640858543105012,1.086397675536983,0.2773647604067929,-0.5177239268482995,0.1956098144055314,-2.6467175403324723,0.008157725012340921,0.19190389684052633,0.2579224488078264,0.7440372008235338,0.45689514149992105,-0.5747826251082627,0.24746422285012262,-2.3226897952694414,0.020242855289252976,-0.2550918309665505,0.25144373779726165,-1.014508586299454,0.31039793960620643,-1.372253280509834,0.0698367186548304,-19.64945242190183,2.4050885092143612e-82,1.1930585582660582,0.0873372900234865,13.660356967169742,1.3116447287971793e-41,-0.01017320223823746,0.06732196839259603,-0.15111266769431378,0.8798940183991868,-0.043380714376483484,0.09156775832657407,-0.47375533887995025,0.6356987438536561
3.402,0.10641352630667966,0.10472989658705012,4255,0.22184936414599885,0.16549313760418943,1.3405351264570065,0.1801431503879345,-0.5519844485157994,0.19728746312821438,-2.797868854733422,0.005167284941432889,0.1620095717005485,0.26013452220561945,0.6227915092810729,0.5334549849978951,-0.5785108721152462,0.24958660121153525,-2.3178763175068586,0.020503339942427465,-0.27464097863497955,0.2536002464920027,-1.0829681060410183,0.2788840746396826,-1.3722201301110304,0.07043567368274506,-19.48189118331936,4.904341988332357e-81,1.184036385465897,0.08808633880458054,13.44177089812622,2.2779162418078075e-40,-0.03225829274667246,0.06789935565010959,-0.4750898213659322,0.6347473894644036,-0.0458279942377247,0.09235308974392845,-0.4962258909235634,0.6197607319125267
3.456,0.1051419272380737,0.10345590166527674,4255,0.24436076420892955,0.16617763587487347,1.4704792430247684,0.1415061006062743,-0.5610719277072425,0.19810346631296208,-2.8322166095815104,0.0046444275326869055,0.14120032990116368,0.26121046791051533,0.5405615289106088,0.5888381942491694,-0.5652445393496259,0.25061891952629106,-2.255394526550615,0.02415928161696476,-0.25335823287106857,0.25464916569603635,-0.9949305436699969,0.3198267413494359,-1.3703657754931746,0.07072700356825135,-19.375425316453224,3.2941578697558036e-80,1.1730356405028215,0.08845067383052484,13.262031703120844,2.3085133683051665e-39,-0.04624295875454507,0.06818019503835189,-0.678246208133213,0.4976525591636415,-0.056323197595868915,0.09273507253268456,-0.6073559448181566,0.5436471965943375
3.51,0.1042536491945506,0.10256594999378654,4255,0.2377845844757547,0.1667444657074623,1.4260418387314018,0.15392978065075244,-0.5652118248776491,0.1987791947529189,-2.843415406628462,0.004484612900257704,0.20335037887601604,0.2621014535417446,0.7758460555184546,0.4378830976751922,-0.5072695793034709,0.2514737775187687,-2.0171867791090503,0.04373883738336058,-0.2262306540848145,0.2555177708076715,-0.8853812921493376,0.37600115558268943,-1.3765367082676867,0.07096825249071338,-19.39651407434352,2.260472656150503e-80,1.173268508613122,0.08875237797004862,13.21957265200338,3.9731011391879346e-39,-0.0681252397853226,0.06841275682884794,-0.9957973182655885,0.3194053781440951,-0.08012293753868546,0.0930513907024676,-0.8610611505515168,0.38925298483212645
3.564,0.10450100712497212,0.10281377397777458,4255,0.2334257960066194,0.16734513428677705,1.3948765047844225,0.16312604546983137,-0.5570431334560793,0.19949526299544182,-2.7922624582259226,0.00525750900481867,0.2352050889046223,0.26304562945227505,0.8941607940583407,0.37128654556345986,-0.472642524925339,0.25237966903388576,-1.872744055551795,0.06117240101453646,-0.20152959173575785,0.25643823012084593,-0.7858796702846822,0.4319818384798475,-1.3922991160565585,0.07122390355067021,-19.54820006553063,1.4910956712649063e-81,1.1715784109660135,0.08907209331748092,13.153147830377579,9.260637589612443e-39,-0.08129344571609332,0.06865920215029858,-1.1840138418465411,0.2364738610418956,-0.09153465199683633,0.09338659251213109,-0.9801690963822864,0.3270585000369526
3.618,0.10380281363248656,0.10211426500061171,4255,0.23197496404308918,0.16867775075186875,1.3752552604541959,0.1691248751610639,-0.5503354800136838,0.20108389999590542,-2.7368450682769234,0.006228971820887052,0.24485721159241575,0.26514033593043174,0.9235004200064907,0.35579895743794854,-0.46940489255751283,0.25438943946337783,-1.845221615911807,0.06507489678987115,-0.1643433224210831,0.2584803200160465,-0.6358059383820039,0.5249371828871476,-1.3950863756560639,0.07179107956677758,-19.43258666779628,1.1860694235984294e-80,1.1757592585941334,0.08978139949863136,13.095800078412198,1.916792386674301e-38,-0.07472820426451682,0.06920595472637737,-1.0797944275167217,0.28029506418732264,-0.10785538742648551,0.09413025626626935,-1.1458099840012272,0.25193835607804127
3.672,0.10288699053758366,0.10119671637938776,4255,0.24128602894046677,0.16985140692931985,1.4205712705157219,0.1555148621431708,-0.5401087212842757,0.20248303746580992,-2.6674270005233165,0.007672463484264488,0.23866978681832976,0.26698517670978245,0.8939439625809937,0.37140254077220536,-0.46855310897220587,0.2561594757353442,-1.8291461115274144,0.06744782044387394,-0.16569308695301,0.260278820547291,-0.6365984239693625,0.5244207685361333,-1.4019452568848818,0.07229060036097751,-19.393188739398717,2.3988182836940986e-80,1.1746222267422335,0.09040609655364946,12.992732476234945,7.034309650311702e-38,-0.08606683086841946,0.06968748827729895,-1.2350399332222188,0.21688397875273593,-0.09965713605950549,0.09478521257354473,-1.051399615548476,0.2931349253794845
3.726,0.1027194274431702,0.10102883757495185,4255,0.26131241738357397,0.17063301236657868,1.5314294330231044,0.12573779169669017,-0.5154314051463359,0.2034148039191889,-2.5338932821777447,0.011315967795416774,0.22242733473828996,0.26821376274010433,0.8292912804546095,0.4069862212201171,-0.4792084765242559,0.257338245123598,-1.8621735618586153,0.06264765746095324,-0.20569273899921717,0.26147654592985287,-0.7866584678474337,0.43152572525241806,-1.4058954016482654,0.07262326010943845,-19.358748141155793,4.43580553873256e-80,1.1871354609427374,0.09082211840419019,13.070995059370553,2.6232436602336464e-38,-0.09077672879682189,0.07000816928154353,-1.2966590860525993,0.19481897441028742,-0.08383824354822503,0.09522138580789448,-0.8804560324018544,0.37866214459907366
3.78,0.10311364840744897,0.10142380130129236,4255,0.26992374054929824,0.1710208687788596,1.5783087904805704,0.11456917904326226,-0.5160514002420614,0.20387717479900103,-2.5311877151075275,0.011403499622117695,0.20095144042138932,0.26882342453003544,0.7475220612664175,0.4547898864274018,-0.4856682796213175,0.25792318637917333,-1.8829958114247847,0.05976923830273103,-0.21274371018997568,0.2620708937268787,-0.8117792371543934,0.41696382326061476,-1.4051471364158836,0.0727883360037424,-19.304564626173597,1.1646353988976636e-79,1.199964122255479,0.0910285611113278,13.182281556531743,6.392327280059201e-39,-0.08407316247645297,0.07016730095829997,-1.1981815080277518,0.23091323765064573,-0.07633049349126181,0.09543782824514412,-0.7997928588148223,0.4238755626470859
3.834,0.10150126615526966,0.09980838111740853,4255,0.2978261177212968,0.1716603932836091,1.7349728264296977,0.08281818055820446,-0.5085832878078212,0.2046395639166218,-2.4852637392006858,0.012983761540614957,0.1796695063478288,0.2698286770975448,0.6658651270149358,0.5055334841031702,-0.4983759826328899,0.2588876780181782,-1.9250664475344232,0.05428777210655771,-0.262925078198205,0.26305089552266336,-0.999521699691581,0.3175989898702873,-1.3923927729696854,0.07306052456685001,-19.058072484760945,9.139342256583492e-78,1.2073109992188888,0.09136895813935399,13.21357957674776,4.2890083259626025e-39,-0.08508577425508398,0.07042968828398354,-1.2080952837957313,0.22707789491972727,-0.05493774689660879,0.09579471352048302,-0.5734945580776949,0.5663402554838314
3.888,0.10028725917138415,0.09859208679111342,4255,0.30756169343091155,0.17315826674201784,1.7761883346241647,0.07577347554453569,-0.5237868140419977,0.20642520686819435,-2.5374169268796885,0.011202864070705618,0.17341513889670532,0.2721831469086107,0.637126658525011,0.5240766950839827,-0.5015075369443343,0.26114667891054955,-1.9204055706797458,0.05487359838545077,-0.30091370991808525,0.26534622379890166,-1.1340418024796886,0.2568410350734237,-1.387902459067091,0.07369803575107119,-18.832285622305992,4.7707291869332926e-76,1.2231106233551627,0.09216622496777892,13.27070327316497,2.0658086232679854e-39,-0.08698874997271165,0.07104424332924833,-1.224430663151269,0.22085773754429533,-0.05267556413582201,0.0966305985845533,-0.5451230242533379,0.585697539813347
3.942,0.10074971048074766,0.09905540941712199,4255,0.3201878166417822,0.17374367231546034,1.8428746922099604,0.06541697329598634,-0.5466331325440491,0.20712307979608466,-2.6391705505838194,0.00834128457228236,0.18085342882378624,0.27310333128210534,0.6622161215491419,0.5078686633727476,-0.49740245291623025,0.2620295516962191,-1.8982685338212844,0.05772846403965279,-0.33916135704276684,0.26624329421446097,-1.273877556403617,0.20277653735779355,-1.3941040631580095,0.07394719071024342,-18.852698118319367,3.341977074172033e-76,1.2355345640692104,0.09247781633903973,13.360334542713748,6.527815198927949e-40,-0.0862877245137055,0.07128442646799452,-1.2104709091325467,0.22616562422162165,-0.06433103740352812,0.09695728290659472,-0.6634987643527759,0.5070471918415979
3.996,0.10143681161123552,0.09974380513287695,4255,0.34315352493447887,0.17449214420886672,1.9665843782842445,0.049296181056632436,-0.5569470272647149,0.20801534713242634,-2.677432386323651,0.007447424549308609,0.16997632163143456,0.274279835523878,0.6197186217017288,0.5354763067306129,-0.5520245224979359,0.26315835110556046,-2.097689547676573,0.03599154742729136,-0.3703562810346816,0.2673902460422411,-1.3850777525227094,0.1661014577183169,-1.406680914355742,0.07426574846319851,-18.941180065704252,7.117302107709306e-77,1.2430662811006392,0.09287620233705003,13.384120472427597,4.8026500956173395e-40,-0.09021261095313556,0.07159151327546118,-1.2601020264235283,0.20770180939263408,-0.04829706377091219,0.09737496603801188,-0.49599055831309513,0.6199267443222592
4.05,0.10211901760779041,0.10042729649164861,4255,0.34900390080176436,0.1753203518886522,1.9906639305824598,0.04658184481196491,-0.550553207561725,0.209002668990321,-2.634192234105974,0.008464382867843437,0.1886452683561951,0.2755816744531955,0.6845348796522913,0.4936748335072467,-0.5686492550341121,0.2644074031380945,-2.150655572745512,0.03155967289881496,-0.3489331773564539,0.2686593842964357,-1.2987939292358572,0.19408518652865006,-1.4210406113862566,0.07461824263135208,-19.04414471950031,1.167794940878936e-77,1.2515761055633838,0.09331702896791991,13.412086940676657,3.345743079631486e-40,-0.09816821313856891,0.07193131448181937,-1.364749328519235,0.17240416565985942,-0.051222176541299645,0.09783714555364095,-0.5235452879521733,0.6006221665394607
4.104,0.10228277210755321,0.10059135952556075,4255,0.3641063909116467,0.17622480946212277,2.0661471674900955,0.038875100073742314,-0.5341198335718027,0.21008088977192146,-2.542448454743697,0.011043100615915505,0.1750644492669092,0.2770033686825522,0.6319939360287502,0.5274248655865068,-0.5677373080388042,0.2657714505842337,-2.1361862110876553,0.03272126213653022,-0.34047845697808216,0.27004536722536104,-1.2608194707296814,0.2074431722765602,-1.4312443793716088,0.07500318958097862,-19.082446858161124,5.949244870781459e-78,1.256866010225212,0.09379844081015379,13.399647151588418,3.929700547366003e-40,-0.11390569376344914,0.07230239987750745,-1.57540681853472,0.11523707135688148,-0.04375029002916751,0.0983418761585563,-0.4448795542463422,0.6564294754397649
4.158,0.10252747622178293,0.10083652469323223,4255,0.39902531645828976,0.1769155505080193,2.255456432814834,0.024155396229078568,-0.5533477165754493,0.21090433508570472,-2.623690576822836,0.008729400129014447,0.140466820671161,0.27808912724960444,0.5051143928582372,0.6135047087083897,-0.61331468997373,0.26681318386972463,-2.2986671088681647,0.021572196993029813,-0.39971574127268933,0.2711038528039018,-1.4744008140740688,0.1404478422712969,-1.431680732654237,0.0752971764593011,-19.013737300336555,1.9931860990201223e-77,1.2704135079552366,0.09416609865189822,13.4911982777533,1.1989321521282112e-40,-0.11300303550333363,0.07258580058291694,-1.5568201300507372,0.11958772434048731,-0.026783715880875532,0.09872734271460208,-0.27128974754542984,0.7861813792103947
4.212,0.102607441935884,0.10091664107283327,4255,0.4074831600549593,0.17797789899139604,2.2895155093085924,0.02209826537773634,-0.5418521654521316,0.2121707805726758,-2.553849139780718,0.010688570675274496,0.14072246858142504,0.27975900624966327,0.5030131843399569,0.6149810929603804,-0.6055819700290743,0.26841535270347044,-2.2561376014064507,0.024112680204715176,-0.4256700025897159,0.27273178639163226,-1.5607641786882527,0.11865392768938121,-1.4327811985995158,0.07574932349207686,-18.914772205845246,1.1299525940415735e-76,1.2924145817788941,0.09473155042705925,13.64291596572167,1.6496766482106143e-41,-0.10552704618581107,0.07302166625409465,-1.4451470583895873,0.14849037855554995,-0.031964968807657805,0.09932018400243404,-0.3218375915098429,0.7475915771642093
4.266,0.10386378177080169,0.1021753480105958,4255,0.41705709075704916,0.17864293775167234,2.3345848204578408,0.019611501019129965,-0.5651718269229337,0.21296358571128307,-2.653842557333454,0.007987756545982445,0.11423844857843683,0.2808043640370445,0.40682575917291003,0.684156471602148,-0.6151370292251356,0.2694183233779904,-2.2832041321929926,0.022467538948899034,-0.4347322706911136,0.27375088601095404,-1.5880579494223734,0.1123476923656366,-1.4398257940025407,0.07603237119896868,-18.937010266780565,7.656470451566104e-77,1.310168908452848,0.09508552782094966,13.77884667075683,2.7430269404063935e-42,-0.09363657537871586,0.07329452169667564,-1.2775385282712455,0.20148203342154045,-0.02803917031615319,0.09969130745323164,-0.2812599316074499,0.7785247453076689
4.32,0.10255204658115902,0.10086114134626711,4255,0.40024762624276594,0.17959150922830372,2.228655619425502,0.025888978164326826,-0.5410336694001372,0.21409439550152326,-2.527080020627106,0.011537543294132549,0.09162149764408659,0.28229539980700824,0.3245589467866773,0.7455308904304767,-0.6046202406464466,0.27084890070757645,-2.232315652996607,0.025646061806497922,-0.40765635224843955,0.2752044687018832,-1.4812853663725774,0.13860474815336618,-1.4289667237513457,0.07643609350407456,-18.69492092338775,5.18999606870671e-75,1.3134321233620716,0.09559041998554656,13.740206639542592,4.5754058353014874e-42,-0.08975042155532342,0.07368370636610516,-1.2180497695024883,0.22327273991407703,-0.024947572525729725,0.10022065572699142,-0.24892645477883105,0.8034297109179116
4.374,0.10182002219238206,0.10012773773113348,4255,0.3845915364006362,0.18095919942622368,2.125294196813866,0.033619651813229595,-0.5352790539867563,0.21572484455457283,-2.4813046225250357,0.013128668291097679,0.11023444279117887,0.2844452378082198,0.38754188201773215,0.6983745101489172,-0.5691662610654749,0.27291156719001153,-2.0855336654499492,0.0370804554373915,-0.39102104679547417,0.27730030528059835,-1.4100995900448163,0.15858352536461168,-1.4255243227790682,0.0770181972811519,-18.508928709084785,1.2838267247489076e-73,1.3320307915544296,0.09631839471548262,13.829453818132555,1.4007494608929072e-42,-0.07194493506674372,0.07424484916943905,-0.9690225769407042,0.3325891179848143,-0.03204609390322226,0.10098389230235015,-0.31733866830241464,0.7510022425244993
4.428,0.10074025708607459,0.09904593821106,4255,0.39724023145405385,0.18198998146345471,2.182758788476625,0.029108176598101266,-0.5185824213210093,0.21695365909097872,-2.3902911962574627,0.016878352056650732,0.0521302931311906,0.28606549830140443,0.18223201833401476,0.8554093460555924,-0.5529369069126023,0.2744661294455034,-2.014590682025815,0.044010484765717214,-0.36845422802513805,0.2788798667204601,-1.321193359556731,0.18650809134310004,-1.4201521199870621,0.07745690929219666,-18.33473776535174,2.527878855992516e-72,1.322549435836765,0.09686704475064221,13.653244395359721,1.4402592270618507e-41,-0.060339310388467446,0.07466776360055637,-0.8081038922132368,0.4190760484573005,-0.0332346556018855,0.10155911800275659,-0.3272444292100235,0.743499151409179
4.482,0.10007986197034746,0.09838429882756894,4255,0.4035130964227444,0.18274889846140488,2.208019308570351,0.027296184556101607,-0.5084238758610664,0.2178583782317117,-2.3337357047628093,0.019655992529182997,0.036306306865717876,0.2872584209416631,0.12638900801133005,0.8994299869733773,-0.5306217554235206,0.2756106815209681,-1.9252583118160156,0.05426376895847172,-0.35364769074779107,0.2800428245357107,-1.2628343230508101,0.20671807250595026,-1.4170691920479022,0.07777991259489404,-18.218960972976554,1.8082010330823512e-71,1.3246117255976246,0.09727099032067471,13.617746886618072,2.2956369481049586e-41,-0.06140578806133397,0.07497913587797356,-0.8189716691490039,0.4128485403540204,-0.03161681063198356,0.10198263000231463,-0.31002152652138876,0.7565598011907639
4.536,0.09967203622428822,0.09797570468632166,4255,0.40013122907119625,0.18382823453499997,2.176658172686815,0.029561001249841307,-0.5050216831330242,0.21914507494255434,-2.3045084780728393,0.02124214485746265,0.044575294426703604,0.2889550023097406,0.15426379218353814,0.8774090767627333,-0.4957904858363064,0.2772384699965114,-1.7883177823140675,0.07379602942428531,-0.32529771792845763,0.28169678975912726,-1.1547796416374236,0.2482456610313464,-1.415479939982439,0.07823928973025046,-18.09167676320504,1.553677566459676e-70,1.336631878746448,0.09784548400928973,13.660639448822637,1.306779729951871e-41,-0.05982124666569224,0.07542197130298256,-0.793154111888436,0.4277323568322796,-0.046532898775954484,0.10258495117835632,-0.4536035572610589,0.6501373741932264
4.59,0.09983031694563849,0.09813428362853172,4255,0.42062020339524475,0.18440930743978018,2.280905498940722,0.022603357016947254,-0.5173827997661458,0.21983778281513583,-2.3534753359535974,0.018644187557272863,0.004528400289057591,0.2898683762697724,0.015622263964535185,0.9875364777542837,-0.5241150307860243,0.27811480851700693,-1.8845275934092314,0.05956189388087883,-0.32683472525046814,0.2825872208308647,-1.1565799907352734,0.24750906801845685,-1.4118132670513055,0.07848660065866414,-17.98795278688701,8.88074159106309e-70,1.3418410895211421,0.09815476924915902,13.670666232376059,1.145247643531651e-41,-0.04949066663714436,0.07566037681267009,-0.6541160475539246,0.5130724687352102,-0.041218584603760045,0.102909217663963,-0.40053345598597495,0.6887837983225638
4.644,0.10051390361243973,0.09881915825890675,4255,0.4235440022239552,0.18469846180630564,2.293164751248055,0.021887169832734008,-0.5406169640616701,0.22018248914103009,-2.4553131639609957,0.014116002087582225,-0.01875035829545087,0.2903228907835988,-0.06458449846941981,0.948507867676488,-0.5162472917362377,0.2785508934001104,-1.853332026455576,0.063904107431842,-0.2739633776858531,0.28303031847036003,-0.9679647719950665,0.3331170947898697,-1.4078607143933635,0.07860966789214205,-17.909511032727508,3.3001718108258956e-69,1.3487282061913262,0.09830867623204251,13.719320185004431,6.029790117051883e-42,-0.04082644887825359,0.07577901251838406,-0.5387566757794455,0.5900830051350816,-0.05247728944105163,0.1030705796367201,-0.5091393647538582,0.6106809977285604
4.6979999999999995,0.10067132128332723,0.09897687252455811,4255,0.4243101939617236,0.18551671315749985,2.2871804202432857,0.022234269444315207,-0.5719971983150015,0.22115794187348378,-2.5863742150495312,0.009732133629148692,-0.008148028324140692,0.29160907960912036,-0.02794161394104223,0.9777100313944374,-0.5268227174217379,0.2797849299084384,-1.8829560176602236,0.05977463282085174,-0.23448097065053158,0.28428419973310803,-0.8248118286934949,0.40952476356216394,-1.4052538694335128,0.07895792453889816,-17.797502627380013,2.132488881435432e-68,1.3616458310943658,0.09874420344961805,13.789627983470584,2.3775597970942527e-42,-0.03313117454432227,0.0761147287922443,-0.43527941398509146,0.6633817494890009,-0.067205503045399,0.10352720304457806,-0.6491579127899437,0.5162714232149964
4.752,0.10091369169337172,0.09921969959105104,4255,0.45059124156744046,0.18576196835334516,2.4256377425456277,0.01532292727139213,-0.5984269432229893,0.2214503151773428,-2.702307931888715,0.006913380973697285,-0.037741877860541506,0.29199459011495327,-0.12925540108699676,0.8971616822453323,-0.5814169043763705,0.28015480875445375,-2.075341511935149,0.03801496340539709,-0.22994069834877393,0.2846600266647877,-0.8077730513935116,0.41926649147989103,-1.3928769255943458,0.07906230780936871,-17.61745848543638,4.191208892204203e-67,1.3708304268365261,0.09887474440489612,13.864313228693867,8.805446315065413e-43,-0.030699597707148172,0.07621535332573745,-0.402800700482761,0.6871151246242726,-0.07109843514280569,0.10366406717949003,-0.6858541930416612,0.4928425040303537
4.806,0.10071866188501011,0.09902430232191062,4255,0.4679697318377669,0.18601100234001394,2.5158174836473055,0.011912268409107227,-0.6227498144780778,0.22174719324838463,-2.8083774380878856,0.005001931458343691,-0.025740950541150127,0.29238604040753263,-0.08803754962197222,0.9298509834039754,-0.606732962863437,0.28053038654105344,-2.1628065691723073,0.030611705846057727,-0.23901997431892383,0.2850416441827003,-0.8385440485521533,0.40177242258377865,-1.3815343276167087,0.07916829937418432,-17.450600032305452,6.471286374758932e-66,1.38392186343169,0.09900729668132964,13.977978490676879,1.923919151814504e-43,-0.032465985407179765,0.0763175282405078,-0.42540666810992805,0.6705618050631614,-0.08271912676096313,0.10380304006049926,-0.7968853967355114,0.4255621486855996
4.86,0.09854445305694493,0.096845997009949,4255,0.48527752976580213,0.1866983979919123,2.599259206213565,0.009374851539892325,-0.6419953538363455,0.2225666504554426,-2.8845083148019595,0.003939987566240119,-0.04565013740238658,0.29346654043346404,-0.1555548286184829,0.876391327285032,-0.6009539211092217,0.2815670745084738,-2.1343188728948346,0.03287380632204984,-0.25243909955999855,0.28609500330853843,-0.8823610920871493,0.37763151837391074,-1.3671216826471597,0.07946086241654957,-17.204969101397833,3.492021152880095e-64,1.3689913287580722,0.09937317388423053,13.776266523930726,2.8384731532495293e-42,-0.03450757429753272,0.0765995563808662,-0.4504931350510062,0.6523779042390689,-0.09687624755559844,0.10418663972661464,-0.9298336889432403,0.3525100598090535
4.914,0.09776009972427091,0.09606016585658217,4255,0.5118315593376008,0.1867949764219469,2.7400713292280208,0.006168263542828712,-0.6640368588212086,0.22268178340735995,-2.98199901518869,0.002880000139854598,-0.0628596230838887,0.293618349651152,-0.21408615353424684,0.8304901531759066,-0.624319512541972,0.2817127281739468,-2.2161565669708705,0.026733603384701835,-0.28503634245263726,0.2862429992557853,-0.99578450195713,0.3194116058596951,-1.3612436202667098,0.07950196724350002,-17.122137570476326,1.3255430647551406e-63,1.360163948807834,0.09942457928044454,13.680359108900547,1.0080185409519845e-41,-0.03694775331707822,0.0766391810641853,-0.48210005383714216,0.6297597207311975,-0.10253073542127943,0.10424053511191846,-0.9835975545520436,0.3253694704297021
4.968,0.09733631615352678,0.09563558382409387,4255,0.5285852982610936,0.1872517968117648,2.8228583504192213,0.004781913779987184,-0.6646930792540799,0.2232263675340321,-2.977663824381068,0.0029209590928540472,-0.061253764084774086,0.2943364141918297,-0.208108005436435,0.8351546178017859,-0.650492475328218,0.2824016766712039,-2.303429933546665,0.02130275205588449,-0.29477090720454074,0.2869430268529263,-1.0272802599089703,0.304347031886737,-1.355831477817424,0.07969639495436857,-17.01245681932949,7.687278357388294e-63,1.366117635824496,0.09966772915489178,13.706719791934235,7.120970767744556e-42,-0.04384208017528495,0.0768266076280024,-0.5706627108614519,0.5682584982776999,-0.10193144393449617,0.10449546274860759,-0.9754628694235283,0.3293862809962754
5.022,0.09815503236500167,0.09645584260026296,4255,0.5702593538953268,0.18777157732610736,3.0369844148720326,0.002404093738200599,-0.6870154692918837,0.22384600760215012,-3.0691432768948106,0.002160290212419786,-0.091316620212443,0.29515344417692607,-0.3093869375879767,0.757042386679945,-0.6894336528254748,0.2831855777672181,-2.4345648470565737,0.014950637036817994,-0.31455455332320564,0.2877395339979795,-1.0931919884370649,0.2743715310263924,-1.3636531422394012,0.07991761917686441,-17.063235320130374,3.410997114038659e-63,1.3729804869809346,0.09994439055096674,13.737444186832896,4.7456258297417934e-42,-0.04655596391819601,0.07703986578791326,-0.6043100340590176,0.5456698240496511,-0.0883467520520042,0.1047855251474669,-0.8431198099897093,0.3992089324967578
5.076,0.09874621381357607,0.09704813790931521,4255,0.6482419343545094,0.18833362507197818,3.4419872399671667,0.0005830322222376182,-0.7521462336444814,0.22451603522713232,-3.3500780150672553,0.0008149387689810626,-0.17690125320587236,0.2960369129656957,-0.5975648490374963,0.5501621910205602,-0.7718815684009461,0.2840332237097708,-2.7175749312681314,0.0066029143152601735,-0.39630199528029175,0.2886008110814681,-1.3731839276377538,0.16976768267279732,-1.364591218955391,0.08015683279137067,-17.024016187205152,6.390272936385955e-63,1.371610699687992,0.10024354934923388,13.682782668733134,9.763449691654718e-42,-0.04491888719801318,0.07727046555985366,-0.5813202608856942,0.5610554847225389,-0.07556701730644066,0.10509917468403517,-0.7190067622664166,0.47217632002251086
5.13,0.09988888873300095,0.09819296577253545,4255,0.7406628922244759,0.189030442218698,3.9182201741218434,9.060868707780224e-05,-0.8363884413894513,0.22534672397429586,-3.7115624608984947,0.00020862323422864894,-0.2811240422731707,0.2971322224036022,-0.9461243886612635,0.34413898358717665,-0.8529694575794059,0.2850841205979044,-2.9919921733644115,0.0027875750788582147,-0.4649434392792914,0.2896686076241299,-1.605087424187145,0.10854893386530702,-1.3604387285136428,0.08045340572408215,-16.90964746948459,3.95794074841619e-62,1.3773905989696855,0.10061444129169982,13.689790265558164,8.902258562695554e-42,-0.038002285951082695,0.07755635919842484,-0.48999574430583276,0.6241622263142783,-0.06781828053582384,0.10548803199508594,-0.6429002347771839,0.5203235518770903
5.184,0.09968225079231374,0.0979859384998828,4255,0.7938672812011943,0.1897990331656621,4.182672946011711,2.9391804230743538e-05,-0.8905079704207133,0.22626297561049677,-3.9357211139735444,8.427458040488362e-05,-0.33732650081175175,0.2983403512822646,-1.1306767568045186,0.25825502929921346,-0.8990604746874367,0.28624326233001374,-3.1408965485129836,0.0016958929676765624,-0.46503727207225515,0.2908463897148157,-1.5989102444360381,0.10991495121781172,-1.355053981945637,0.08078052636436726,-16.774512904676477,3.367011247825842e-61,1.3698570137340549,0.10102353597403244,13.559780901810537,4.90331352368253e-41,-0.044011387126556674,0.07787170055222879,-0.5651781945745246,0.5719824267273866,-0.073086365160539,0.1059169425210989,-0.6900346953083547,0.4902100816915639
5.2379999999999995,0.09833257931302553,0.09663372406914983,4255,0.8454012781339479,0.19037536497489765,4.440707327050536,9.194280797591329e-06,-0.9415680350639211,0.22695003153444765,-4.148790060516053,3.4077784366421016e-05,-0.3872246421800902,0.2992462728328365,-1.2939998834886064,0.19573583962141616,-0.9766988459625228,0.2871124506209581,-3.4017989949587633,0.0006756241060753866,-0.4974463448977201,0.29172955557292446,-1.7051626597133456,0.08823723915685358,-1.326899217784643,0.08102581943111298,-16.376251756549703,1.696824713221579e-58,1.367601781343185,0.10133029769084513,13.496474524487098,1.1193983458810273e-40,-0.03041794356155686,0.07810816086142512,-0.38943361648884006,0.6969749388663091,-0.062342899363690134,0.10623856324852696,-0.5868198651919792,0.5573558916029934
5.292,0.09697914031277577,0.0952777350189703,4255,0.8731497663148946,0.1908659467581943,4.574675478497363,4.905604559961471e-06,-0.976925329464595,0.2275348632494339,-4.293519311779689,1.797885521109808e-05,-0.42072217208735313,0.3000174060631815,-1.402325877048454,0.16089106155930175,-1.008355864752811,0.28785231598143085,-3.503031967329592,0.0004647367927850326,-0.51492700009671,0.29248131883616063,-1.760546629595707,0.07838715189093245,-1.3063707552140444,0.08123461635709564,-16.081454111525897,1.5610155632118618e-56,1.3600728145142462,0.10159141760071218,13.387674339379549,4.587203408470695e-40,-0.020774414709115216,0.07830943921931806,-0.2652862147426846,0.7908018614457423,-0.06738534195254126,0.10651233135828321,-0.6326529622741269,0.526994360570209
5.346,0.09584895734210241,0.09414542264090986,4255,0.9201698837762007,0.19171210881794074,4.799748380265533,1.6432623826792278e-06,-1.0272184249203895,0.22854358885932585,-4.494628049061868,7.154774541315637e-06,-0.4915902243332365,0.30134746703312404,-1.6313069732197252,0.10289972445805817,-1.036039998971617,0.28912844570876356,-3.5833208885133723,0.00034306139702104546,-0.5292485321461523,0.2937779702262449,-1.8015255934220198,0.0716909904735593,-1.294509280938979,0.08159475210402653,-15.865104648992466,4.117868394634928e-55,1.3451821652496994,0.10204180073416073,13.18265804377725,6.36174936478355e-39,-0.01922976053840211,0.07865660683885868,-0.24447737210171697,0.8068729377448611,-0.0571445664623739,0.10698453027705997,-0.5341385928824053,0.5932736139641765
5.4,0.09418458809843766,0.09247791751548595,4255,0.9411461676998524,0.19228286481134096,4.894591978454562,1.0216535519114755e-06,-1.0299309922106232,0.22922399774898305,-4.493120276780412,7.205397610694876e-06,-0.5302812547190703,0.30224462409829655,-1.7544770442190272,0.07942092696971151,-1.0512749472289753,0.2899892248962039,-3.625220721925993,0.0002921002335530091,-0.5232563119537932,0.2946525917526025,-1.7758415388150801,0.07583064304827275,-1.2817261092727403,0.08183767204309832,-15.661810475226405,8.604380713925356e-54,1.327870724304033,0.10234559463484587,12.974380861645114,8.857933842751785e-38,-0.0246467433572897,0.07889077947433075,-0.3124160202436482,0.754739718460903,-0.047614322886661425,0.10730303943244529,-0.4437369448107567,0.6572553920127222
