peth_time,r_squared,r_squared_adj,n_trials,Intercept_beta,Intercept_se,Intercept_tstat,Intercept_pvalue,C(Behavioral_State)[T.Exploration]_beta,C(Behavioral_State)[T.Exploration]_se,C(Behavioral_State)[T.Exploration]_tstat,C(Behavioral_State)[T.Exploration]_pvalue,C(Behavioral_State)[T.Left Bias]_beta,C(Behavioral_State)[T.Left Bias]_se,C(Behavioral_State)[T.Left Bias]_tstat,C(Behavioral_State)[T.Left Bias]_pvalue,C(Behavioral_State)[T.Right Bias]_beta,C(Behavioral_State)[T.Right Bias]_se,C(Behavioral_State)[T.Right Bias]_tstat,C(Behavioral_State)[T.Right Bias]_pvalue,Choice_beta,Choice_se,Choice_tstat,Choice_pvalue,Reward_beta,Reward_se,Reward_tstat,Reward_pvalue,Choice:Reward_beta,Choice:Reward_se,Choice:Reward_tstat,Choice:Reward_pvalue,Reward_lag1_beta,Reward_lag1_se,Reward_lag1_tstat,Reward_lag1_pvalue,Reward_lag2_beta,Reward_lag2_se,Reward_lag2_tstat,Reward_lag2_pvalue,Reward_lag3_beta,Reward_lag3_se,Reward_lag3_tstat,Reward_lag3_pvalue,Choice_lag1_beta,Choice_lag1_se,Choice_lag1_tstat,Choice_lag1_pvalue,Choice_lag2_beta,Choice_lag2_se,Choice_lag2_tstat,Choice_lag2_pvalue,Choice_lag3_beta,Choice_lag3_se,Choice_lag3_tstat,Choice_lag3_pvalue,RPE_beta,RPE_se,RPE_tstat,RPE_pvalue,RPE_abs_beta,RPE_abs_se,RPE_abs_tstat,RPE_abs_pvalue,Q_unchosen_beta,Q_unchosen_se,Q_unchosen_tstat,Q_unchosen_pvalue,belief_p_right_beta,belief_p_right_se,belief_p_right_tstat,belief_p_right_pvalue,true_switch_beta,true_switch_se,true_switch_tstat,true_switch_pvalue,trials_since_switch_beta,trials_since_switch_se,trials_since_switch_tstat,trials_since_switch_pvalue,trials_since_switch_expdecay_beta,trials_since_switch_expdecay_se,trials_since_switch_expdecay_tstat,trials_since_switch_expdecay_pvalue,first_win_after_switch_beta,first_win_after_switch_se,first_win_after_switch_tstat,first_win_after_switch_pvalue,first_loss_after_switch_beta,first_loss_after_switch_se,first_loss_after_switch_tstat,first_loss_after_switch_pvalue,detected_switch_beta,detected_switch_se,detected_switch_tstat,detected_switch_pvalue,Choice:RPE_beta,Choice:RPE_se,Choice:RPE_tstat,Choice:RPE_pvalue
-2.16,0.042195513498312076,0.04101834650090164,18738,0.24902001743423513,0.026430706291134667,9.421617973098241,4.944948997347958e-21,0.06878712800214559,0.03411970102485933,2.0160530701024566,0.04380868841404215,-0.0457848855381935,0.07697489407655912,-0.594802839126429,0.5519824608919426,-0.09650236526286061,0.07284530283647504,-1.3247575547800459,0.1852677529869624,-0.03316616618327671,0.03132390661817401,-1.0588132121436549,0.2896985214365747,0.2955824751285119,0.031894807663875174,9.26741676085715,2.1087436161699394e-20,-0.024412726364594205,0.02852943165687538,-0.8557032140775549,0.3921729175418741,0.08281581710846497,0.025691770328684447,3.223437546302617,0.0012687894308065217,-0.15774211019061263,0.01568608240038661,-10.056182682473018,9.912656408970002e-24,-0.10427453737215941,0.014377259428196508,-7.252740892165961,4.243613771572865e-13,-0.02113002174404386,0.03805595424404544,-0.5552356303705102,0.5787401374671168,-0.0028645157183576006,0.02466021891591993,-0.1161593791249092,0.9075274759180134,0.02333864396429997,0.019596443327532923,1.1909632566593995,0.2336831150552643,-0.31938550500137797,0.03250820785627593,-9.824765068976832,9.996687158380693e-23,-0.019883094375723883,0.01537285431822598,-1.2933898913066901,0.19589220909102673,0.036155916208801896,0.014246672639374399,2.5378498631937103,0.011161622590800644,0.02114319362428336,0.05667800190278911,0.37304056096661564,0.7091224810696932,0.03612695366188778,0.02664874857221045,1.3556716768141708,0.1752200143637902,-0.010526534573342228,0.01837396089854438,-0.5729050274715759,0.5667158835667805,-0.03294112138753898,0.03194015093747922,-1.031338939256082,0.3023952323747884,0.014063972961807645,0.01617571418078303,0.8694498928842249,0.3846122545144467,-0.0061239315878646745,0.025906022060788556,-0.2363902714779927,0.8131324316867183,-0.0006540978963793312,0.01424444430214681,-0.045919509564915126,0.9633748941587137,0.017269573784375505,0.025196168787869656,0.68540475060993,0.49309703690400986
-2.106,0.043621252710462466,0.04244583798417956,18738,0.22363579662589983,0.024573990827246314,9.10050785800508,9.872809875333629e-20,0.06277636975071761,0.031722845798279456,1.9789009520111338,0.047841794456285336,-0.05472023370508176,0.07156752907507774,-0.7645958217682439,0.44452189881617565,-0.07052365054541741,0.06772803511164396,-1.0412770786745122,0.2977604234000007,-0.022386158034111276,0.029123451542674716,-0.768664318558147,0.44210231227258856,0.28141191895837514,0.029654247689618073,9.489767601047495,2.5857322074654523e-21,-0.017869332742340358,0.026525284043497608,-0.6736716829511514,0.5005283886228842,0.08300724888791541,0.02388696395164349,3.475002057856929,0.0005120062103801328,-0.14460098148526293,0.014584159831999033,-9.914933952382682,4.0877682737555327e-23,-0.09302416232853844,0.013367279610985912,-6.9590945230237,3.538004194198169e-12,-0.027271655491170443,0.035382583432095285,-0.7707649596448778,0.44085599086563565,-0.006070527708398164,0.022927877399968145,-0.26476623206326977,0.7911924676060065,0.02566458689297781,0.018219824066486298,1.4086078328377205,0.15896777506708604,-0.3038025680135438,0.030224557485181238,-10.051514175600246,1.0391100962886704e-23,-0.015529119116165453,0.014292935528983225,-1.0864891319684116,0.27727664077191844,0.03859583612243504,0.013245866338282324,2.913802324192863,0.0035747853948264667,0.017166254373995417,0.05269646158994096,0.3257572492736822,0.7446116681701276,0.02923561803635391,0.02477671598169689,1.1799634002323354,0.23802977072236312,-0.013509757775774773,0.017083219101581875,-0.7908203773212623,0.42905883877400897,-0.027522745681137738,0.02969640566970946,-0.9268039367205685,0.3540402927588544,0.012512377737089046,0.015039395751450257,0.8319734345631852,0.4054345554997201,-0.008928420630097099,0.024086164837214,-0.3706866863379746,0.7108751033662117,-0.0060697579251795565,0.013243794538233258,-0.45830958096313623,0.6467353635704307,0.012513325316543457,0.023426177638035336,0.5341599261258271,0.5932372371233892
-2.052,0.04618041370559978,0.04500814425573496,18738,0.1977922185854515,0.022530540955310853,8.778849073254424,1.791210287082445e-18,0.05927571286542069,0.029084932988771562,2.0380212974293075,0.041561834793625275,-0.05123467378392477,0.06561633217135558,-0.7808219705137825,0.4349170868360813,-0.05646851572093604,0.06209611127606248,-0.909372818370096,0.36316507610965687,-0.015794924662828856,0.026701691327023734,-0.5915327411055581,0.5541706694508486,0.27110917615032437,0.027188349127610558,9.971520333134354,2.3227538921800497e-23,-0.008062492036751665,0.024319574410789538,-0.331522743801581,0.7402533766362938,0.07796829285371074,0.02190064379017452,3.56009136538216,0.00037164464219571546,-0.1337951634867969,0.013371414220165327,-10.006059290648663,1.6424802027763126e-23,-0.07946636961732638,0.012255723657326613,-6.484021004326453,9.154214870233277e-11,-0.020616407521689587,0.03244034518958338,-0.6355175137997463,0.525098718709099,-0.011222386320788482,0.021021310067617312,-0.5338576085263224,0.5934463939192197,0.02223295946536984,0.016704754844841276,1.3309359922893913,0.1832262877445831,-0.2913551935000297,0.027711234819905364,-10.513973678673649,8.789713586644515e-26,-0.013658042926646092,0.013104406670093134,-1.0422480979483386,0.29731013255218636,0.03609066938980858,0.012144406503658046,2.9717935890022806,0.002964421437056531,0.00940688621482191,0.0483144880454557,0.19470114649609105,0.8456290278348333,0.023029375357087482,0.022716408502309212,1.0137771274339629,0.3107022183212347,-0.005905651604376158,0.01566266425028487,-0.3770528123444099,0.7061386330952026,-0.020787635181284608,0.02722700146144268,-0.7634933729563598,0.4451788379204764,0.011849941552818159,0.013788795002946132,0.8593892033557888,0.39013683240073327,-0.007999263679127082,0.022083280128823445,-0.3622316808220133,0.717182997150699,-0.008604502450406663,0.012142506984113791,-0.7086265185322975,0.47856510216552006,0.0007440587445359027,0.02147817415618717,0.03464255104391931,0.9723651404926424
-1.998,0.04879982271086947,0.04763077258381754,18738,0.1659935886015522,0.02044974187497117,8.11714835406871,5.0657710245054835e-16,0.060648551089918595,0.026398805658992046,2.2973975365912165,0.02160708454567573,-0.0360683472407558,0.0595563621107949,-0.6056170317061428,0.5447764343497317,-0.03987288182653054,0.05636124980548404,-0.7074520519708355,0.4792944091460628,-0.008034055658104229,0.024235667325780728,-0.3314971917260966,0.7402726738675942,0.25324051026255157,0.0246773800402327,10.262050098093136,1.2141868147122715e-24,0.001326832393601398,0.022073549862661895,0.06010960637762106,0.9520689808706693,0.0785421444016,0.01987801861007647,3.9512058994544756,7.804369812439476e-05,-0.1219706245967187,0.012136502618737374,-10.049898922973904,1.0561906951951545e-23,-0.0671163991598322,0.011123851210693177,-6.033557792944434,1.634065442851016e-09,-0.02311995136266613,0.029444330110749883,-0.7852089443266099,0.4323410124907965,-0.016455000743318095,0.01907989540105455,-0.862426150533751,0.38846410661286035,0.028311357680602365,0.015161993905927722,1.867258215262425,0.06188115918168757,-0.2711831340171966,0.025151974833973058,-10.781782973594046,5.038786915153292e-27,-0.009259981670067311,0.011894154443943209,-0.7785321532278167,0.43626520243403444,0.028470858046218135,0.01102281470813898,2.582902715873101,0.009804812291093014,0.0027794004897557303,0.043852422865064654,0.06338077369882246,0.9494639737505626,0.0036788288107292167,0.020618443699156823,0.17842417519027684,0.8583917962085833,0.001143988210040102,0.014216145170591854,0.08047105571252933,0.9358634762491994,-0.006333937288846158,0.024712462653264492,-0.2563053863840418,0.7977178557213553,0.007028788761336363,0.012515336366598583,0.5616140513885882,0.5743857301208349,0.0003894269505195164,0.020043787642864824,0.01942881043534426,0.9844992344673874,-0.007404288132751237,0.011021090617960963,-0.6718289858432469,0.5017008668678695,-0.007134760683120096,0.01949456598982243,-0.3659871518475946,0.7143787997828238
-1.944,0.052527182185727606,0.05136271308186269,18738,0.12997169132721514,0.018755675885534073,6.929725813158248,4.353785294826989e-12,0.058641891200401475,0.024211916499115006,2.42202599709713,0.015443683146189135,-0.0054966645060527605,0.05462268577769742,-0.10062970042196392,0.9198454968323451,-0.03177678099459138,0.05169225804014063,-0.6147299847090396,0.5387405283093366,-0.01047798490576344,0.02222797353683529,-0.47138732140380457,0.6373696634422228,0.22155622138026115,0.022633094567576534,9.789037938172878,1.42162704448865e-22,0.005218513043684802,0.020244966875301713,0.25776841601312966,0.796588475632775,0.09106153382804097,0.01823131443793514,4.99478708120809,5.94310292297135e-07,-0.1107938565951236,0.011131109179405943,-9.95353246557919,2.7808984137160316e-23,-0.06260431099937659,0.010202346278121966,-6.136266040452482,8.618247963665968e-10,-0.009505209242067846,0.027005148309466126,-0.3519776722994697,0.724858970494868,-0.01040648185502565,0.017499308121343992,-0.5946796172091405,0.5520648386834421,0.024041764812425877,0.013905967381723934,1.7288811452285602,0.08384686172788199,-0.23936529473066723,0.02306837371108741,-10.376340253913108,3.717815538789883e-25,-0.008172342553671079,0.01090883723848461,-0.7491488208147774,0.45377692834802585,0.019746044346950868,0.010109679685746352,1.9531819959430403,0.05081291542416127,-0.009396423262699875,0.04021966805650429,-0.23362756871834237,0.8152766786358794,0.008771869296055872,0.018910402373284858,0.46386476199195453,0.6427500359565335,-0.0019263522040356236,0.013038473189124164,-0.14774369484016425,0.8825466382072824,-0.017747631691695985,0.022665270920865725,-0.7830319678798745,0.4336182484720654,0.0031836737138012544,0.011478560165967454,0.2773582808095098,0.7815080761095871,0.0003778174340687704,0.01838335108807214,0.020552152448087314,0.983603128317702,-0.004878544149071359,0.010108098419988866,-0.48263718321380694,0.6293590180765533,-0.009735328586690576,0.017879627208486744,-0.5444928170577071,0.5861088776016976
-1.89,0.052156658341846907,0.05099173385439704,18738,0.0994639141591672,0.01752683498203981,5.674950112846409,1.4078185957174759e-08,0.04864274056759467,0.02262559172320822,2.1498991567897576,0.03157596789354549,0.011321484657815198,0.05104389763100528,0.22179898446740592,0.8244727902063526,-0.04243476010129293,0.04830546667834822,-0.8784670352913349,0.37970159794335145,-0.015691828040305677,0.020771633426750608,-0.7554450686625859,0.44999148785310916,0.19757781645327807,0.02115021159673446,9.341647271452528,1.052139790473373e-20,0.0016009619656375765,0.018918550086160828,0.08462392510770166,0.9325612830122956,0.09036168293364671,0.0170368288303501,5.30390272940189,1.1464111494842761e-07,-0.103752096536292,0.010401817292278358,-9.974420201872888,2.2562461300694205e-23,-0.05810425091522066,0.009533905402160873,-6.09448578145649,1.119389297324402e-09,-0.018099668546949693,0.02523581559919062,-0.7172214615298662,0.47324641050106186,0.003368833458902376,0.016352782358497853,0.2060098021882946,0.8367854954542301,0.01722629819478145,0.012994871368676532,1.3256228327357324,0.1849808408984871,-0.21723173438111434,0.02155697196975428,-10.077098707828885,8.023420473851647e-24,-0.005340046059278639,0.010194108241778577,-0.523836507581261,0.6003984621739682,0.012641302800744792,0.009447310171851525,1.338084869745236,0.18088503057104138,-0.001340970442612957,0.03758454184007646,-0.035678775820092025,0.971538874754011,0.0035464340634135767,0.017671424045889554,0.20068750849983094,0.8409451086657593,-0.01272759518204101,0.012184213962653593,-1.0445971501364766,0.296222690071079,-0.020411967165363944,0.02118027980850487,-0.963725094753828,0.3351962221026681,0.0008658283005220681,0.010726503864118055,0.08071859307471171,0.935666613087067,0.0012465961000669669,0.017178904290303457,0.07256551867342328,0.942152641958595,-0.004420369801728439,0.009445832508014543,-0.4679703771983963,0.6398112234906975,-0.011504878055659362,0.016708183567260063,-0.6885774273035487,0.4910977657938307
-1.836,0.051372655897568675,0.05020676785041922,18738,0.07389331102915375,0.016499302411514326,4.47857183207855,7.558849675663647e-06,0.05116172845932119,0.02129913817658491,2.4020562726601566,0.016312883263523734,-0.016532707831297868,0.048051385440631346,-0.3440630832949537,0.7308027108731239,-0.05138484073594278,0.045473498419544005,-1.1299953274291767,0.25849267618167254,-0.027837467700029993,0.019553870498596533,-1.423629541886759,0.1545704111948438,0.1620953789785564,0.019910254050981315,8.141301389902013,4.153597795166084e-16,0.006618736335145391,0.017809426481096482,0.3716423065150772,0.7101633931588147,0.09659915500193067,0.016038023481889242,6.023133406121657,1.7426949496710746e-09,-0.10027115676442817,0.009791997774297864,-10.240112291244687,1.5216484230145183e-24,-0.059183726923297875,0.008974968301705043,-6.594310412445055,4.386535892563052e-11,-0.020368823800586036,0.023756334420842382,-0.8574060054785073,0.3912315213073275,-0.0022633389010565403,0.01539408008799154,-0.14702657697760732,0.8831126266813782,0.013874056328242458,0.012233030819895935,1.1341470917965433,0.2567473805251831,-0.18135631850908562,0.02029316758958379,-8.936816675291904,4.369886072202008e-19,-0.008151028242000216,0.009596465926059653,-0.8493781257395723,0.3956817862330989,0.00820022823957292,0.008893449824824718,0.9220525668996551,0.3565130436175591,0.015366425343727137,0.03538110117731387,0.43431167579317703,0.6640671335764895,-0.0019932591049592044,0.016635414761079968,-0.11982022291518762,0.9046268480017451,-0.014677827709957039,0.01146989921582639,-1.2796823610886037,0.20067273481433398,-0.010351710198036778,0.019938559476318056,-0.5191804458256867,0.6036410534308219,-0.0018475920527327807,0.010097649190724764,-0.18297249368000362,0.8548215832213895,0.005238800881495937,0.01617176959072335,0.3239472867892628,0.745981563199123,-0.007063029886634701,0.008892058790873984,-0.7943076010567501,0.42702645235559145,-0.011041152343311898,0.01572864545742614,-0.7019773173219386,0.48270203937142886
-1.782,0.048035397576341454,0.04686540795062044,18738,0.037293849197743555,0.01577042539149708,2.364796653985709,0.01805011768035804,0.0647872000405098,0.02035822249567401,3.1823603487129906,0.0014631868139945471,-0.0018040795370358083,0.045928656263716214,-0.039280041782128884,0.9686675376879998,-0.028646123082109936,0.04346465057912466,-0.6590671430789826,0.5098607628167666,-0.055462061470223145,0.01869005416846648,-2.9674639233415236,0.003006473252159492,0.13797959376303534,0.01903069403816901,7.250371084012798,4.318319624685776e-13,-0.01012629168887835,0.01702267311553001,-0.5948708302246607,0.5519370092536742,0.10051163137289418,0.015329524027131192,6.556735303392469,5.643528271030958e-11,-0.09552209929625563,0.009359424203625871,-10.20598032721394,2.1598703640560133e-24,-0.053161114171882684,0.008578488015003296,-6.197026105172248,5.874279806933155e-10,-0.019140589713291998,0.022706869067257923,-0.8429427085080476,0.39927125949576303,-0.00048642606420740316,0.014714027626342507,-0.0330586618810308,0.97362816031714,0.0074259914689393195,0.01169262160577289,0.6351006403279956,0.5253705442904483,-0.1502955267764858,0.019396691899248895,-7.748513383475754,9.770655895469486e-15,-0.00881262685663434,0.009172530215783677,-0.9607629137563339,0.33668380269178855,0.007262825871378641,0.008500570717313638,0.8543927358413705,0.39289835638447534,0.044073625069293444,0.033818097424315664,1.3032556064967722,0.19250354542568088,-0.015237426178217502,0.01590052481025725,-0.9582970600057181,0.3379253658440383,-0.012824620750488146,0.010963202280900497,-1.1697878431770352,0.24210125498744517,-0.008951204863185479,0.01905774903645404,-0.4696884635254372,0.6385830838669484,-0.001553147646196398,0.009651573092005658,-0.16092171000423353,0.8721568000580161,0.022389181277130264,0.015457361736760624,1.4484477790206862,0.14750861459071632,-0.005335466103095533,0.008499241134002179,-0.6277579396765666,0.5301701829978456,0.008099516294140876,0.015033813158218383,0.5387532895946093,0.5900635064287667
-1.728,0.0442813682593165,0.04310676483246845,18738,0.0018177658997113842,0.015226648402984525,0.11938056567688855,0.9049751389516083,0.08484319185893907,0.01965625456232106,4.316345801787407,1.5944804104168818e-05,0.02296180800524914,0.044344999147974906,0.5177992659020658,0.6046044513918434,-0.009770399654763413,0.041965954366947014,-0.23281728730226897,0.8159058345567395,-0.06637333314154288,0.01804560602464248,-3.678088341888084,0.00023564671183064673,0.11704262871030535,0.018374500356864835,6.369840073859611,1.9363444949330018e-10,-0.020404341034873326,0.01643571761538305,-1.2414633490524218,0.214450189581498,0.10253165910146156,0.014800949673309471,6.927370294782958,4.426682529142741e-12,-0.09370570941129337,0.00903670370742396,-10.369456877767382,3.993933822419504e-25,-0.042431584381024054,0.008282694828517368,-5.122920167833765,3.0382771159137474e-07,-0.01595791754762743,0.02192391790561077,-0.7278770891375889,0.46669793575776375,0.0037068620573528516,0.01420667608490235,0.26092395119025696,0.7941540251585443,0.002269488541967,0.01128945058110084,0.20102736848560623,0.8406793586441468,-0.13030352129487183,0.01872787831646715,-6.957730026486654,3.572341363436378e-12,-0.005969525607602687,0.00885625397503823,-0.6740463433442713,0.5002901761734755,0.0011102393714395385,0.00820746418210305,0.13527191186048584,0.8923983468749633,0.05870458812328661,0.03265202214618566,1.79788522317122,0.07221131060444862,-0.01901663010766392,0.015352261888842799,-1.2386858852039377,0.21547738445624773,-0.011707533359399065,0.0105851822229269,-1.1060304029571846,0.2687275781949575,-0.005776798541053622,0.018400622476985422,-0.31394582157635986,0.7535656872066,-0.001434665609215111,0.009318779066474214,-0.15395424647168082,0.8776474714934044,0.018130413282025568,0.014924379435592213,1.2148185698621068,0.22445062406871275,-0.0044005450939405884,0.008206180443896661,-0.5362476640656239,0.591793769623604,0.01748822632778007,0.0145154351536882,1.2048020705281108,0.2282949562430288
-1.674,0.040022067204381506,0.03884222898410261,18738,-0.0334348324520888,0.014867139198675597,-2.2489082805565754,0.02452991377424738,0.10410588005354621,0.01919216001896714,5.424396209215686,5.887213621871064e-08,0.052187515643150065,0.04329799031603499,1.205310344942798,0.2280987579353194,0.005036781301370101,0.04097511603777349,0.12292292953427815,0.9021694481842251,-0.06532334480655441,0.017619539743245975,-3.7074376378982623,0.00020997110188058626,0.10224766640707833,0.01794066870671812,5.699211555519685,1.2217377756691815e-08,-0.017975820067687293,0.016047661648910846,-1.1201519860625495,0.2626633758313685,0.09776845284547198,0.014451491440660911,6.7652846245605724,1.3698264887159375e-11,-0.09294707206372954,0.008823342363978559,-10.534224812944752,7.098130546500119e-26,-0.03820776583243202,0.008087136032613844,-4.724511332361363,2.3234470612281797e-06,-0.0048382091014660625,0.021406282634014465,-0.22601818280107053,0.8211897466928143,0.00288093207565864,0.01387124896529034,0.20769089235349464,0.8354725894362638,0.0009183344669075642,0.011022900695132435,0.08331150686253469,0.9336047420216467,-0.10950649017456324,0.018285703226207112,-5.98863980345138,2.1546959432550448e-09,-0.009148461601718283,0.008647153145002666,-1.0579738150012217,0.2900810363561611,0.0009666178619754419,0.008013681621462617,0.12062094648065387,0.9039925720214241,0.04939893153575395,0.03188109067195841,1.5494743277150071,0.12128464814559115,-0.022273156057000303,0.014989786883843122,-1.4858887741097657,0.13732538872178446,-0.006903699349646077,0.010335260484556455,-0.6679753606560749,0.5041575583017077,-0.0028713180068400492,0.01796617406979731,-0.15981799996399804,0.8730261692335392,0.000441976051998494,0.009098757774942836,0.04857542786946768,0.9612581709298291,0.028605129267128833,0.014572006961118931,1.9630191876419711,0.049658733325288494,-0.010006785257007126,0.008012428192992744,-1.248907948499126,0.21171436615080025,0.010453054180094429,0.01417271806952164,0.7375475987611487,0.4607986557517323
-1.6199999999999999,0.036878021544322515,0.035694319208932956,18738,-0.054662233139856256,0.014534767436768473,-3.7607917276734466,0.00016989215767360978,0.1023529591866282,0.0187630975103659,5.455013977840389,4.9589937594128245e-08,0.039501979676876804,0.04233001462575155,0.9331907873437326,0.35073351018705345,0.005119845095115752,0.040059070837023855,0.12780738514743156,0.8983027787673546,-0.05386944545965601,0.017225634944871792,-3.127283588213587,0.0017670005398383929,0.09336582716544248,0.01753958470608032,5.323149249541583,1.0316164268980294e-07,-0.0119803569703184,0.01568889796845691,-0.7636200448498892,0.4451033271685244,0.09373353720980582,0.014128411955890496,6.6344000657997455,3.347433775168331e-11,-0.08794565501712549,0.00862608653632837,-10.1953133262397,2.4091586873897345e-24,-0.04256749482747148,0.007906338932645755,-5.383970405279199,7.373837050725714e-08,-0.0008001716764304214,0.020927720902677274,-0.03823501279243722,0.9695007129638475,0.004651114463164434,0.013561141459277575,0.34297367055208106,0.7316221203267723,-0.0072317037708893445,0.010776471245834295,-0.6710641735980876,0.5021879311266968,-0.09611611571080078,0.017876905587482735,-5.376552180154742,7.683561695368367e-08,-0.00853952830280208,0.008453836227209813,-1.0101364721635433,0.3124429705812988,0.005227179515583249,0.007834526678181698,0.6671978704393685,0.5046539777031226,0.039877418141789876,0.03116835272442487,1.2794201379317747,0.20076500836487665,-0.00785299201071234,0.01465467319380388,-0.5358694736388016,0.5920551318167288,-0.00996394462535993,0.010104204012217302,-0.9861187099263058,0.32408761244021467,-0.0037070632703200754,0.01756451986783487,-0.21105406229228368,0.8328473837794682,0.004257562457574075,0.008895344723352301,0.4786281577595308,0.6322087747566241,0.014778870654922973,0.014246233215177182,1.0373879489196027,0.29956849605832614,-0.014713175590985998,0.007833301271527144,-1.8782854228352162,0.06035766410089287,0.006844556602653649,0.013855870879700515,0.49398241814458865,0.6213243941951774
-1.566,0.03170821282822445,0.03051815666145352,18738,-0.0856098754610706,0.01426896585962582,-5.999725299175646,2.0128942240790173e-09,0.12042297399540917,0.018419971214604168,6.53763095459848,6.411492243198636e-11,0.06016834640535648,0.04155591316888656,1.4478889240341684,0.1476648700552129,0.05865068357741355,0.03932649879872521,1.491378214917895,0.1358790797674844,-0.030945159966185947,0.016910624680307938,-1.8299241187832007,0.06727718488007459,0.08722796652619344,0.01721883314967703,5.065846551154342,4.1045597239497965e-07,-0.0009769001314957405,0.015401990466029532,-0.06342687548407339,0.9494272642044435,0.08413541962278173,0.013870041521225203,6.065981813683112,1.3367032105164167e-09,-0.08409614783311016,0.008468338748763161,-9.930654680694342,3.494801944720014e-23,-0.03814418805525348,0.007761753381699449,-4.91437774165684,8.981798756607987e-07,0.020649909889013655,0.020545009500783,1.0051058817094563,0.3148588638315968,-0.0006485657059077123,0.013313144867422093,-0.04871619082992057,0.9611459926532276,-0.01417510647813839,0.010579398739126746,-1.339878269803114,0.1803011927842136,-0.08593135550287057,0.01754998534467494,-4.896377621702349,9.84332091192075e-07,-0.010020819196913621,0.008299238431828943,-1.2074384028397271,0.227278613654133,0.0025799738378505634,0.007691254379103903,0.3354425313067272,0.7372950492898611,0.01188580487287399,0.03059836786934331,0.3884457146089302,0.6976906384026241,-0.010348776360507083,0.014386678864732643,-0.7193304624235387,0.47194631318948443,-0.008445667450281103,0.009919425454603477,-0.8514270800191939,0.39454304876241486,-0.00036617679200948204,0.01724331231477739,-0.021235873092414575,0.9830577245400214,0.004723194449686035,0.008732672931940392,0.5408646913146838,0.5886072869463769,0.010564735909750921,0.013985708148408172,0.7553951360663407,0.450021437832826,-0.016098461605105113,0.007690051381822106,-2.0934140496328766,0.036325635040790956,0.0014589284832240293,0.013602484484043938,0.10725455963102841,0.9145881824154947
-1.512,0.028011536371227774,0.02681693689150877,18738,-0.10482688098157789,0.014087370778083872,-7.441195566788097,1.0409377825087438e-13,0.13299563858812408,0.018185548047037342,7.3132598612990805,2.71258591272774e-13,0.08456381075761006,0.0410270486727,2.06117216552016,0.039300400779143554,0.07527320941447324,0.03882600711443849,1.938731664902026,0.05254903627897439,-0.019791174435037723,0.016695410326446815,-1.1854260571054656,0.23586408635331044,0.06925971010980644,0.016999696357239937,4.074173364885408,4.636839123837606e-05,-0.006298963007424625,0.015205975860479112,-0.4142426020677739,0.6787011924989503,0.08129408841592231,0.013693523380680491,5.936681608958004,2.959842451854823e-09,-0.08287795576090279,0.008360565790250607,-9.912960179985443,4.168928295276574e-23,-0.03575691463410165,0.007662972835714235,-4.666193577961299,3.0895510520156688e-06,0.03479921185753,0.02028354187150432,1.7156378347520396,0.08624490143179389,-0.0044069813680953935,0.013143714114586676,-0.33529193724661116,0.737408633526394,-0.016524001927436412,0.010444759214749407,-1.582037612135883,0.11365788343723456,-0.06588294009058206,0.01732663411858897,-3.8024084562332394,0.00014375102465914022,-0.011645498618479178,0.008193617541388074,-1.4212890166833836,0.15524941829320948,-0.004148271753930265,0.007593371044048403,-0.546301732111673,0.5848650584821169,0.002734900315886743,0.030208955408556216,0.09053276682026963,0.9278648256035096,-0.00564134875139868,0.014203585699659538,-0.39717778810838616,0.6912408900375933,-0.006633866217111002,0.009793185130532421,-0.677396182007063,0.4981629939757328,0.003560448399326624,0.01702386398637993,0.20914455156450895,0.8343376729513103,0.0014218241914242397,0.008621535904299028,0.16491541729998058,0.8690123385345581,-0.003940779997968602,0.013807717967716921,-0.2854041491274899,0.7753376877074677,-0.010742457363321634,0.0075921833568032004,-1.4149365022507705,0.15710375320390021,0.0047980870341804635,0.013429371428525152,0.3572830686616434,0.7208839327306685
-1.458,0.02235823604889764,0.02115668851385033,18738,-0.11681949098387433,0.013726120878333857,-8.510743276949375,1.8569186844043358e-17,0.13677607887227963,0.017719206420031136,7.719086037490797,1.2303932354401401e-14,0.10140560688199679,0.039974970364155066,2.536727506192866,0.011197454772731161,0.08154190450618515,0.037830371278715,2.155461385917303,0.031138457240372293,-0.013016649171063266,0.01626728108915172,-0.8001736184262394,0.42362036980810247,0.047118078917658415,0.016563764152318663,2.8446480210878056,0.004450875728031641,-0.011223325963181423,0.014816040978964879,-0.7575118062318925,0.44875283324767534,0.06559613140392828,0.01334237311805014,4.916376631319581,8.890734379614791e-07,-0.07415723522449649,0.008146171379742146,-9.103323729342387,9.62117774321443e-20,-0.03345072016706749,0.007466467170299686,-4.480126866442093,7.5040459254932985e-06,0.03567539865528667,0.019763400279216876,1.8051245307621886,0.07107126321379657,-0.0061050096834054995,0.0128066629017639,-0.4767057374926796,0.6335772427489104,-0.014809844867904912,0.010176918729915198,-1.4552385904754415,0.14561999426157077,-0.04318882985846029,0.01688231807573425,-2.5582286546619226,0.010528491307240425,-0.01446004874414535,0.007983504273125037,-1.811240809730932,0.07011960955908644,-0.005517044697546403,0.007398650214190309,-0.7456825958557868,0.45586854081578276,0.002337504995507644,0.029434291187332533,0.07941434637004688,0.936703907050286,-0.0010900457126281297,0.01383935563920885,-0.07876419546151962,0.9372210255480014,-0.014581630755876498,0.009542053304560892,-1.5281439214877157,0.1264937094769331,0.00016840745989181623,0.016587312038162227,0.010152787835929248,0.9918994947268377,0.006305846088864433,0.0084004492991275,0.7506558118884641,0.45286926097685987,-0.010652535334922773,0.013453639352893051,-0.7917958149095223,0.4284897788694816,-0.006188032462381282,0.00739749298343731,-0.836503998886655,0.40288210904621824,0.00593380562541938,0.013084994954115334,0.45348168999890603,0.6502071832046026
-1.404,0.01818663081525751,0.01697995626725879,18738,-0.12144341152242835,0.01344625040626779,-9.031767805381575,1.8497596120967261e-19,0.12246234115482357,0.017357918426914455,7.055128278799757,1.7846880365646522e-12,0.09624541399750475,0.0391598956663719,2.4577546073534196,0.013989866429811698,0.08676490369959075,0.037059024154348585,2.3412625043287756,0.019229086196368542,0.00045507000994453404,0.01593559731060955,0.028556821628616266,0.9772183538826963,0.025013523347614912,0.016226035194983186,1.541567181818308,0.12319571375554755,-0.007102327447611828,0.01451394744360353,-0.4893449886882365,0.6246032107426223,0.044240758301795025,0.013070327119320485,3.3848241056184873,0.0007137012211729005,-0.06932358343187837,0.007980073991427708,-8.687085295994324,4.019731438782447e-18,-0.029544186215673767,0.007314228696652263,-4.039275696861407,5.383038751221434e-05,0.03834431623696703,0.019360431937701986,1.9805506592183173,0.04765630610913817,-0.013399887249724471,0.012545539834024844,-1.0680996933573592,0.2854893217737547,-0.015629177785639273,0.009969415162493235,-1.5677126020831293,0.1169651267811649,-0.01936234516059756,0.016538093923018003,-1.1707724753968602,0.24170515204472184,-0.011574119560608215,0.007820723606287999,-1.4799294979945872,0.13890889598078252,-0.0011331683672591466,0.00724779450291899,-0.1563466468044551,0.8757614760372585,-0.002922878363636163,0.02883413699646191,-0.1013686785213934,0.9192588852732138,-0.0033014852425890476,0.013557176352710703,-0.2435230727030359,0.8076028828357975,-0.025511668674132574,0.009347494405765065,-2.729252093309439,0.006353747091691562,-0.006801003173912069,0.01624910294823972,-0.4185463773339455,0.6755524888112914,0.0071638744068654985,0.00822916727911958,0.8705466985757938,0.3840128770800951,-0.005561853475450038,0.013179324677241016,-0.42201354103178274,0.6730199815282278,-0.0012757553699128846,0.0072466608676683185,-0.17604734003833283,0.860258656090804,-0.0013544398117201796,0.01281819679990624,-0.10566539372605722,0.9158489709048411
-1.35,0.016738861394213433,0.015530407499378951,18738,-0.12511357785529778,0.013188508292964031,-9.486560198930528,2.666121198587389e-21,0.1202829225322085,0.01702519618519406,7.064994800871216,1.6626750288453194e-12,0.10852045621973372,0.03840926601417529,2.825371778249635,0.004727577500804183,0.09393633100622377,0.03634866469249709,2.584313118539775,0.009764818344175486,0.015517890287742614,0.015630138583938833,0.9928184708284312,0.3208112634478576,0.01409742540953261,0.015915009260218004,0.8857943579568802,0.37573973244371994,-0.008746167391274986,0.014235739365256996,-0.6143809722043961,0.5389710755138913,0.012291973619720932,0.012819790826188924,0.9588279392679528,0.33765781875059264,-0.053903092643639086,0.007827109330445923,-6.886717735494841,5.890682999700626e-12,-0.02659998592356152,0.007174027175447259,-3.7078178369045784,0.00020965642392271804,0.02411605584769002,0.01898932486388378,1.2699796343764114,0.20410767501797217,-0.014486969485242845,0.012305062834738055,-1.177317798357365,0.23908365834735365,-0.016312978427838215,0.00977831816111761,-1.6682805937635525,0.09527676784368921,-0.004325219683224196,0.016221086344775388,-0.26664180137462223,0.7897479054545378,-0.003992090208300149,0.007670813425460959,-0.5204259296738473,0.6027728980689988,0.004188909955289681,0.007108866414007086,0.5892514658927878,0.5556997102801842,0.005766540783465799,0.028281434854213094,0.20389845187104272,0.838435072003499,0.0014153154177628437,0.01329730797468685,0.10643623660195584,0.9152373845656777,-0.026392864809449346,0.009168318584294871,-2.878702846851302,0.00399766683225253,-0.008527014667610893,0.015937634843256533,-0.5350238445962896,0.592639726011383,0.004403282872754506,0.008071427916757138,0.5455395152093009,0.5853890130591717,-0.011708509349190406,0.0129266990833695,-0.9057617318758256,0.3650736413271646,-0.003593500275100478,0.007107754508646636,-0.5055746186406632,0.613161257737267,-0.0002274213356664367,0.012572493422969924,-0.0180888013232871,0.9855682045782634
-1.296,0.017744169220447636,0.016536950875469025,18738,-0.12810177039754056,0.01303433236144955,-9.82802700170631,9.67980287658851e-23,0.10641820816359443,0.016826168711975623,6.324565620684274,2.596986435273057e-10,0.10112646147692568,0.03796025508473741,2.664009007610314,0.007728165115280585,0.1091732748680463,0.03592374254711216,3.039028428757697,0.0023766996455021343,0.018237426065932327,0.015447419574150228,1.1806131100660273,0.23777145833107363,0.006758700970651449,0.01572896006320118,0.4296978912460859,0.6674203648581245,-0.00985230855805607,0.014069321122292644,-0.7002689378128718,0.4837680718219075,-0.01493822957927781,0.012669925265312496,-1.1790305993497403,0.23840098117655797,-0.039171594122404105,0.007735609075429898,-5.063802182923416,4.148783342803152e-07,-0.02138684472354013,0.007090161563210062,-3.016411478479379,0.0025612933949450104,0.012245470480178674,0.01876733638841061,0.6524884632930978,0.5140941272982742,-0.015668893499273917,0.012161214532659642,-1.288431632974996,0.19761168197969922,-0.020042959653415852,0.00966400793909352,-2.0739800484162134,0.03809480615559363,0.011744559302461856,0.016031459053968227,0.7325945357141248,0.46381494010732405,0.003712371306433271,0.007581140296470688,0.48968508182885395,0.6243624998283263,0.008495359281867837,0.007025762542284439,1.209172560378842,0.22661183325724987,0.02169641991299931,0.027950820013902415,0.7762355416480718,0.43761973431780055,0.0026569580255231258,0.013141860156170027,0.2021751863091999,0.839781968681648,-0.022038638459715838,0.009061139362296787,-2.432214932199162,0.015016110885194547,-0.005625172243264143,0.015751321149280424,-0.3571238367850255,0.7210031272084177,-0.0025601558234178497,0.007977071535423102,-0.32093930862336933,0.7482599681709297,-0.017637174388536993,0.01277558374656912,-1.3805376520093222,0.16743765335833394,0.002762142113849837,0.007024663635288997,0.39320631666603656,0.6941715838007229,0.006046400875224506,0.012425518811293775,0.48661154250789307,0.6265393408734714
-1.242,0.020184327547450365,0.01898010822146934,18738,-0.13312038787354674,0.012949104912056583,-10.280277191174946,1.0061972052265872e-24,0.09671879945512893,0.016716147622854186,5.785950306091802,7.325450726180902e-09,0.143485846658093,0.037712044771430746,3.8047750401164295,0.0001423846590479779,0.11749901347053365,0.03568884835652091,3.2923173170720914,0.0009954952670363706,0.02182448289075091,0.015346413697247653,1.4221226744763882,0.15500730757543552,-0.008001883397067953,0.015626113280518602,-0.5120840514476537,0.6085982288261005,-0.01617901763910789,0.01397732620297556,-1.157518784648785,0.24707524249940796,-0.03691064759673344,0.012587080560695648,-2.9324232429234174,0.003367354608949111,-0.01151400431694823,0.007685028331229305,-1.4982383695528207,0.13408819680490014,-0.010382678036385644,0.007043801199743831,-1.4740163360605976,0.14049401342141707,0.01510960018369531,0.018644622606996324,0.8103998939632862,0.41772068392073214,-0.013445203052159956,0.012081696129461273,-1.112857243559848,0.26578404012861884,-0.013837670673705005,0.00960081799389937,-1.4413012185521952,0.14951633524474672,0.033331275081800595,0.015926634324374977,2.092800927235996,0.03638036163527171,0.011746788394594934,0.007531569575620465,1.559673355819356,0.11885400134266608,0.005679967715743009,0.006979823264006518,0.8137695613345125,0.41578732946991614,0.015347171893969086,0.027768058286476133,0.5526915758976065,0.580481224032553,0.01691804357393152,0.013055929615937517,1.2958130191878086,0.19505589334147028,-0.029531957167477845,0.009001891387408038,-3.2806391342143417,0.0010376155075373574,-0.028243325761617262,0.01564832815440382,-1.8048781622507644,0.07110981735575951,-0.01005737622924343,0.007924911943221806,-1.269083656865806,0.20442701201487246,-0.024605967486174267,0.012692048173972655,-1.9386916239912533,0.052553915003682374,0.007406609524990137,0.006978731542422475,1.0613117125894107,0.2885619608365604,0.0095344821080912,0.012344272204539831,0.7723810646839689,0.43989851946381353
-1.188,0.02485614275528303,0.023657665213515977,18738,-0.12472592366470503,0.012985387321125632,-9.605098452611518,8.542451329733985e-22,0.07717116551431569,0.01676298499966363,4.603664891179239,4.1784915090036595e-06,0.12687180110840499,0.03781771105836872,3.354824963165754,0.0007957297580274616,0.10461795684903094,0.035788845800673895,2.9232000783624326,0.003468687128548324,0.02649401648945171,0.01538941318356643,1.7215741869705155,0.08516320853918773,-0.027330043607242036,0.015669896463839265,-1.7441113073280594,0.08115610113861882,-0.013050140435188082,0.014016489610055204,-0.9310562628909681,0.3518364717418989,-0.06212099220521404,0.012622348605011439,-4.921508203358463,8.661005619650102e-07,0.004328209289088235,0.007706561197285652,0.5616265385153477,0.5743772206669537,-0.0018808933718671237,0.007063537396049741,-0.2662820717731327,0.7900249131020403,0.00944889813133005,0.018696863424331522,0.5053734370778761,0.6133025238073528,-0.0019471474973984495,0.012115548124961666,-0.16071476728211256,0.8723197927559551,-0.013794736536407594,0.009627718757173581,-1.432814655717813,0.15192751606148983,0.049002387726565136,0.015971259544849643,3.0681605034943695,0.0021568867047807357,0.00849551838057012,0.007552672461891796,1.1248360660991987,0.26067293490762294,0.006617437659571063,0.0069993801989927,0.9454319484635791,0.34445060430949637,0.00702807888308692,0.027845862278075974,0.25239221586685695,0.800740688149897,0.022825971173764076,0.013092511339718373,1.7434371895113498,0.0812736986860361,-0.022758627495693955,0.009027114003792046,-2.5211410298057246,0.011705733500703929,-0.02834303652578086,0.015692173582114905,-1.8061893323742433,0.07090482975422371,-0.013425386565598272,0.007947116944950726,-1.6893405065755596,0.09117085278039211,-0.030437427047689234,0.01272761032957334,-2.3914486898586227,0.01679184367988221,0.006169798202804328,0.006998285418487646,0.8816156863944601,0.3779959923106805,0.011704908967332716,0.012378859918271905,0.9455562987715533,0.34438715094886463
-1.134,0.027791771698502887,0.026596902122199895,18738,-0.09799033170975677,0.013088123031709753,-7.486965966956983,7.360853631787856e-14,0.05231378874216601,0.0168956077033892,3.096295182781265,0.001962447239748605,0.08973182701442105,0.03811691117632945,2.3541211563371482,0.018576835774860245,0.06789013565327479,0.03607199426697618,1.8820732546918826,0.059841574096521896,0.0347017565419955,0.015511168681480164,2.237210957768016,0.025284280792236512,-0.05025022311784529,0.015793871044510657,-3.181628049021607,0.0014668890626566334,-0.0006486536427764023,0.014127383030819118,-0.04591463552459459,0.9633787789306213,-0.07769119723224747,0.012722212083944152,-6.106736526605802,1.0369525388809737e-09,0.025628944598372942,0.007767532735614362,3.2994961811829246,0.0009703945125262329,0.006733676967117724,0.007119421561510104,0.94581798660753,0.3442536414910691,0.02616787470176541,0.018844786278081754,1.3886002375203954,0.16497087163875818,0.0038439609327509854,0.012211401980911661,0.31478457090837725,0.7529287367314095,-0.009297075671053808,0.009703889802623503,-0.9580772102894543,0.3380362033181429,0.0704661387800244,0.016097618401746745,4.37742633856808,1.20739658790635e-05,0.007643283200679797,0.007612426487936075,1.0040534661047464,0.3153658253739468,0.0030300264670398112,0.007054756775802394,0.4295011951982118,0.6675634689900327,-0.02592704123918274,0.028066168717708437,-0.9237827043640621,0.3556113724745805,0.02580354836184003,0.013196094576979872,1.9553928028716483,0.050551585966766364,-0.01882029493313582,0.009098533280612128,-2.068497674591089,0.03860695171532001,-0.02591413964341411,0.015816324411327767,-1.6384425969951788,0.10134621020534074,-0.02084700654791043,0.008009991673770431,-2.6026252456886025,0.00925859528648514,-0.024790429032545573,0.012828306601383364,-1.9324786819386006,0.05331552299897058,0.0009841192048751254,0.0070536533337880345,0.13951907732140026,0.8890414832254632,8.268770317020188e-05,0.012476797002355334,0.006627318145401607,0.9947122745213101
-1.08,0.032486012362736516,0.031296912132125376,18738,-0.08691254839356549,0.013302023678080097,-6.533783918666857,6.578063301222184e-11,0.02432750142591132,0.0171717344940542,1.416717771541066,0.1565821048155836,0.05766741203325112,0.038739860083403764,1.4885808030565386,0.13661464018034877,0.04839511140864661,0.03666152287018992,1.3200518587294543,0.1868338502514577,0.05101713424925823,0.015764669431655692,3.2361689834621625,0.0012135626234036194,-0.057863017542162644,0.016051992030760992,-3.604725035452156,0.00031329506572830377,0.012443307278541163,0.014358268418623947,0.8666300779278573,0.3861558388707438,-0.09815244576588045,0.012930132607110317,-7.590985239540864,3.323582763932551e-14,0.042883292417596246,0.007894478384644807,5.432061540760768,5.640156708880108e-08,0.01219405720825346,0.0072357750577372116,1.6852454797104783,0.09195789234498002,0.0250627299884138,0.019152768710385196,1.3085695529139894,0.1906962701515456,0.01112480350020012,0.012410974277907702,0.8963682665915241,0.3700676399175862,-0.006084615014990194,0.009862481549970227,-0.6169456423478493,0.537278085630256,0.07439199725035586,0.01636070356474639,4.546992551753934,5.475903305683807e-06,0.007223937149090691,0.007736837218357175,0.93370675189475,0.35046722791742435,0.004913947275986399,0.007170053448264416,0.6853431862737187,0.4931358749251318,-0.05080993084582989,0.028524857226008064,-1.7812510135722257,0.0748876674587779,0.025408931437082356,0.01341175981429018,1.894526280586179,0.05817059112163685,-0.00931452627498321,0.009247231619176781,-1.0072772759002677,0.31381457027646276,-0.019020329934204286,0.0160748123554424,-1.1832380691998954,0.23672984017154383,-0.01632592879065394,0.008140899856119382,-2.0054206634641263,0.04493246519781421,-0.01789751625788349,0.013037961039015465,-1.3727235573358474,0.16985475248058013,-0.005830736436085244,0.007168931972574829,-0.8133340445119398,0.41603691049442126,-0.012468497617206805,0.012680706679622993,-0.9832652021864686,0.3254896433438672
-1.026,0.03856935046382148,0.03738772681632063,18738,-0.067294154228794,0.013461475173995196,-4.999017816323168,5.814359415791142e-07,-0.01920462383360047,0.017377572253691163,-1.105138482708436,0.2691137957552779,0.012866308948125817,0.03920423518837516,0.3281867095813397,0.742774167780035,0.007325631539674375,0.03710098492541167,0.19745113382843948,0.8434766625782288,0.05348782091282392,0.01595364068778319,3.352703120221534,0.0008018509684000209,-0.07758608985898795,0.01624440742586661,-4.776172366585964,1.8001644485198643e-06,0.025161713382393397,0.014530381131208636,1.7316623118956307,0.0833501840260104,-0.1099601481598508,0.013085126240897168,-8.403445724212707,4.642235087067257e-17,0.05407905319796887,0.007989109578992726,6.769096438502875,1.3343071245386058e-11,0.01772774358276071,0.007322510368467607,2.4209926228442638,0.015487640903917736,0.03900538640549486,0.019382353147738084,2.012417486575761,0.044190245882006096,0.005602623750523001,0.012559744755413106,0.4460778351493436,0.6555461837989011,0.0020721255183573954,0.009980703218690394,0.20761317844588578,0.8355332727467508,0.08639539562459378,0.01655681948821457,5.218115453036829,1.826810552062097e-07,0.008782095390454363,0.00782957876640836,1.121656177485899,0.2620230477805245,0.0005799054769208066,0.007256000953379817,0.07992081046388078,0.9363010929855666,-0.07045658145265732,0.028866784985687715,-2.440749168554448,0.014666038084370624,0.014827023988304322,0.013572526718409179,1.0924291619329507,0.27465857384111153,0.008471954105583605,0.009358078280589727,0.9053091726274509,0.36531327318583984,-0.0012825931803238395,0.01626750129801687,-0.07884389598789811,0.9371576317347329,-0.015830585520659753,0.008238484907203926,-1.921540877839943,0.05467872384816122,-0.010752771311928306,0.013194247213334908,-0.8149590604199762,0.4151061155583933,-0.0013790724785725074,0.0072548660345494965,-0.19008930998932544,0.8492412085080204,-0.02130403102446637,0.012832710442227804,-1.6601349434615558,0.09690406260504514
-0.972,0.04771747812069749,0.04654709776357324,18738,-0.06407129534561232,0.013734974788895748,-4.6648280270169655,3.1101144619058364e-06,-0.04784918347969164,0.017730636034432846,-2.6986727033801072,0.00696790772809475,0.000350465794300512,0.04000075585850236,0.008761479296547312,0.9930095337671847,-0.0034401246056327906,0.03785477341875105,-0.09087690388680951,0.9275913748874933,0.0483692199170434,0.01627777415220465,2.9714885748364006,0.0029673662158732354,-0.11612534592641312,0.01657444845909935,-7.006287190368646,2.5304540409039402e-12,0.024881227158589047,0.014825597932664459,1.6782612931765504,0.09331279768889501,-0.10832183142141213,0.013350979495577899,-8.113399579206185,5.224030628323961e-16,0.06972234880999252,0.008151425994170897,8.55339284928197,1.286067135237117e-17,0.027229858549749544,0.007471283347654169,3.6446025779893847,0.00026853004486091664,0.03852738003265558,0.01977614848244356,1.9481740879352003,0.05140906469834745,0.01087726705005638,0.012814923724244889,0.8487968624797505,0.39600519334851936,0.006871981881625557,0.010183483259619474,0.6748164362261978,0.49980073309521444,0.11430067768060777,0.016893207862852172,6.766073004521106,1.3624050243086059e-11,0.008006360519644094,0.007988653960602748,1.0022164633902868,0.3162520164733631,-0.004455579839346837,0.007403422646828474,-0.6018270267543819,0.5472965735191349,-0.07140538411752798,0.02945327751157777,-2.424361230747895,0.015344751059150783,0.014556971165004401,0.013848282590832683,1.0511751958788635,0.29319170636927616,0.015155089736070153,0.009548208320044453,1.5872181699529149,0.11248013550999736,-0.0036212619896629967,0.016598011534294445,-0.21817444711258485,0.8272955726540909,-0.009709053005654432,0.008405867933236395,-1.155032779811506,0.24809175091177654,-0.015621002928825086,0.013462317501702776,-1.1603502091559845,0.2459210522937541,0.006074623307058601,0.007402264669614207,0.8206438945630404,0.41185959030012287,-0.016524384963764058,0.013093435312178143,-1.262035865285469,0.20695160933426596
-0.918,0.05523916550585317,0.05407802950107787,18738,-0.06323428165139647,0.014091802281428648,-4.487309741404183,7.2557949845350754e-06,-0.08191246691955027,0.018191268725385814,-4.502845192168586,6.74545709623878e-06,0.009605249061615443,0.041039954665328685,0.23404628830475138,0.8149516037880128,-0.01132189072164555,0.03883822071931213,-0.291514145394817,0.77066135798909,0.03210000081619077,0.016700662248034567,1.9220795163358562,0.054610918146214625,-0.14051627053638704,0.017005043998929364,-8.263211229870027,1.5116827390760533e-16,0.01058801465678313,0.015210759246530906,0.6960871896777882,0.48638287318603945,-0.11469993198534846,0.013697830990355797,-8.373583530568087,5.97873447995808e-17,0.08588890691009805,0.00836319579664764,10.269866806720744,1.1202306396670183e-24,0.035812688037430346,0.007665383398358419,4.672002191710309,3.0035291972958746e-06,0.04132046050231947,0.020289922521596053,2.036501640572509,0.04171405641457357,0.010200028594828204,0.013147848769234383,0.7757944872849466,0.4378801430723057,0.01553686011920044,0.010448044851659566,1.487059094767627,0.1370160514361749,0.1286803937534759,0.017332084605997857,7.424403739002369,1.1814496678729807e-13,0.003623355608513048,0.008196195030410863,0.4420777684119377,0.6584380397745473,-0.007521717430590909,0.007595759711863705,-0.9902521559288994,0.32206368856898315,-0.06621103377457592,0.03021845832354611,-2.1910791432726575,0.02845835141258952,0.012026910348918455,0.014208053761054914,0.8464854195502063,0.39729282827836054,0.020236874967229663,0.009796265799973556,2.065774385917978,0.0388635202563962,-0.013416948873223098,0.017029219230547565,-0.7878780989063398,0.4307779919568149,-0.002446595310058474,0.008624248004789524,-0.283687958497917,0.7766526617894617,-0.00632948486444551,0.013812061499900578,-0.4582577962378078,0.6467725622596457,0.0066385517894439975,0.007594571651004428,0.8741180009232,0.3820652124404249,-0.0011836292853214733,0.013433595943187345,-0.08810963872422661,0.9297904783548523
-0.864,0.05712840574788347,0.05596959166923654,18738,-0.04786012152159063,0.014570300749297034,-3.284772383569345,0.0010225228899007018,-0.10543213762517815,0.01880896786988422,-5.605418561748394,2.1068174748545597e-08,-0.04397547305152184,0.04243349929763081,-1.036338595199881,0.3000575970692943,-0.01841309071566205,0.04015700370659663,-0.4585275049452286,0.6465788312079219,0.01293387949615761,0.017267746652036134,0.749019530850744,0.45385484803297993,-0.16210958512341322,0.017582463929823912,-9.219958350003381,3.2798125519046594e-20,0.004250833566535407,0.015727252797123215,0.2702845577272693,0.7869443250548298,-0.10578600162162458,0.014162951846517911,-7.469205767838081,8.422293699419628e-14,0.09130891955569836,0.00864717482894311,10.55939325409227,5.439145776445326e-26,0.043851830486657896,0.007925667650045095,5.532887880607559,3.1922228226476684e-08,0.0165832816184278,0.020978883141810466,0.7904749507554897,0.42926046225781633,0.002678150755770524,0.01359429453722071,0.1970054973016687,0.8438253752923348,0.01442614872923121,0.010802816608592876,1.3354062419014159,0.18175966503127094,0.1531425486122453,0.017920609463450966,8.545610511996209,1.3754052881521312e-17,0.005412438304014192,0.008474503417519774,0.6386732103765256,0.523043359963659,-0.008314407720517754,0.007853679835339545,-1.0586639505095499,0.28976651541393195,-0.029050269928629423,0.031244550353535586,-0.9297707792214119,0.35250177158066653,0.007129862018269499,0.014690499641310847,0.48533829293455494,0.6274420780834846,0.029091431304148097,0.010128905875565334,2.8721198184225787,0.004081863512567109,0.004807721819484122,0.017607460050854177,0.27305027559900036,0.7848175819923988,0.0021632355444835875,0.008917091274542694,0.2425943032185153,0.8083223533431128,-0.002752917037277961,0.01428106114478747,-0.1927669806443455,0.8471435558659874,0.007254938246004249,0.007852451432919298,0.9239074329819941,0.35554642507653633,0.011400692997646074,0.01388974448603551,0.8207993321337278,0.41177103426245454
-0.8099999999999999,0.05806821818115471,0.05691055915679688,18738,-0.00459722114256071,0.015125704193059676,-0.3039343546510789,0.7611812829929373,-0.14305985703156016,0.01952594452728497,-7.326654894038678,2.4555953250465987e-13,-0.09297124581501018,0.04405101646809422,-2.11053576669107,0.0348254654781131,-0.06142273793000776,0.04168774343075154,-1.4734004020159661,0.14065992118605977,0.011395514200192192,0.017925973693576402,0.6356984783635861,0.5249807417735524,-0.17744244972439716,0.018252687639305532,-9.721442301039037,2.758350885026992e-22,0.0003679022376706616,0.01632675794905835,0.0225336982895542,0.982022471715493,-0.1009575959967367,0.014702827609190831,-6.866542863743262,6.7840289540418645e-12,0.09683947363548717,0.008976795388013888,10.787755479510029,4.723782667433102e-27,0.05526669684720968,0.008227785168598416,6.717080686323295,1.9073161048695917e-11,0.005260806123915555,0.021778574523871868,0.24155879064302832,0.8091247034254977,-0.0012769145931061541,0.014112493724142802,-0.09048114515166698,0.9279058448274848,0.011585409139854577,0.01121460780288502,1.0330641377288439,0.30158723454997904,0.17110465637781538,0.018603722899582766,9.197334173454756,4.045379997256833e-20,0.0047105820792818715,0.008797541936988623,0.5354429808940805,0.5923499386311295,-0.011501517101828953,0.00815305325952691,-1.4107005971522797,0.15834953692124562,-0.02587308204312371,0.032435557400250545,-0.7976765043329842,0.4250683630967306,0.010088235783532316,0.015250484931372314,0.6615026229611524,0.508298177364616,0.030721724142422996,0.010515008352215176,2.9217023052531297,0.003485402290688637,0.017405412813297487,0.018278636584298714,0.9522270839526771,0.3409941263759939,0.005721872864357179,0.009257000744322567,0.6181130392439986,0.536508349754165,-0.002512762755764621,0.014825439100800664,-0.1694899381178475,0.8654131180478768,0.007072868871474005,0.00815177803179082,0.8676473824349465,0.3855985243662863,0.007546121023299365,0.014419205892032877,0.5233381837947723,0.6007451300338675
-0.756,0.0539963591869862,0.05283369574043817,18738,0.05541837874280503,0.01576735377872277,3.5147545695073616,0.0004412005011376776,-0.16994468025683818,0.020354257315615295,-8.349343217080229,7.337144482778778e-17,-0.09907610531951283,0.04591971071888885,-2.1575942829003574,0.030972074484278442,-0.07954515453577235,0.04345618494978142,-1.8304679673951096,0.06719588717058776,0.0002395622882635927,0.018686413898295503,0.012820131758156368,0.9897714316537549,-0.16084066875335182,0.01902698742141896,-8.453291379816182,3.037185572779767e-17,-0.007259997900943629,0.01701935760190901,-0.42657296889568247,0.6696952964201033,-0.09473396274560458,0.015326538288911907,-6.181041077889097,6.49979599317338e-10,0.11256650362691162,0.009357601264407028,12.029418698900367,3.3004297460021916e-33,0.06733847078921446,0.008576817179073572,7.851219092498837,4.341260184018749e-15,-0.024001413932477515,0.022702446440260867,-1.057217071104418,0.2904261773261856,0.007492790891418582,0.014711161768631218,0.5093269321118844,0.6105290885577903,0.012743231165097214,0.011690344228657319,1.0900646649787167,0.2756986956626851,0.15973790967137344,0.019392913996932507,8.236921470215366,1.8821549264246483e-16,0.007799175817921193,0.00917074367799005,0.8504409338840595,0.3950908667799413,-0.008620123972305075,0.008498915057370675,-1.0142616927120929,0.31047101062746596,-0.007871499435774542,0.03381151065842492,-0.2328053163697723,0.8159151304688702,-0.0003661922621933846,0.015897427857961232,-0.023034686206171405,0.9816228502804394,0.04048327990132432,0.01096106697311156,3.693370362632879,0.00022193088060265377,0.02844266341470312,0.01905403715018993,1.4927368510153034,0.13552294084928276,0.006332399009850203,0.009649693250817765,0.6562280111146085,0.5116854968341495,0.004287209291860204,0.015454351099533723,0.27741114875988254,0.7814674862012002,0.012745718868537807,0.008497585733022749,1.4999223625371907,0.1336513839240243,0.012872502845058987,0.015030885015736685,0.8564035205899077,0.39178558356591664
-0.702,0.048202545175273115,0.0470327609783634,18738,0.14303453173013314,0.01640959790336504,8.716516551621396,3.1045153603940708e-18,-0.2041165250081745,0.021183337601113256,-9.635711277029712,6.352754485510708e-22,-0.13073994470935474,0.04779013646238149,-2.7357098009600382,0.006230455128916332,-0.10991827124636384,0.04522626506944153,-2.4304078852762347,0.015091173034320345,-0.011901262672452714,0.019447558710877114,-0.6119669234265522,0.5405670765743524,-0.15121545616041446,0.019802004653387138,-7.636371105212776,2.3415291904733356e-14,-0.018543843831763065,0.017712599002997,-1.0469295798219909,0.29514557949007436,-0.06252225394098077,0.015950826885800094,-3.91968732333494,8.897953689595404e-05,0.13324774237390888,0.009738759987497297,13.682208263164249,2.075146509201548e-42,0.07829652595903663,0.008926172595251537,8.771567558607156,1.9104381321565353e-18,-0.05002160554506113,0.02362717439689104,-2.117121781250456,0.03426266988641179,0.0031255757904176396,0.015310384526308868,0.20414743895208848,0.8382405038456677,0.013807728819709774,0.012166521461772528,1.134895365375712,0.25643369766149005,0.15184535675838273,0.02018283634211576,7.523489473158204,5.574422037151195e-14,0.009841631278649236,0.009544291219857056,1.03115370769215,0.3024820712361472,-0.013315921829301212,0.008845097323465055,-1.505457921189353,0.1322232647172668,0.035858675513223394,0.03518873884588124,1.0190383824290017,0.30819791843010574,-0.013067880011482834,0.016544970228227436,-0.7898400439057711,0.42963119731201516,0.0373186581559094,0.011407538902522506,3.271403102351662,0.0010720890365095506,0.031534496916014204,0.01983015618589893,1.5902293769344158,0.1118000026340972,0.008400555991297878,0.010042749617910955,0.8364796804568071,0.4028957838955176,0.0158314352754081,0.016083845834866436,0.9843065792814825,0.3249775208467186,0.014624686621295369,0.008843713852380511,1.653681571499372,0.09820900113999807,0.019524534383855246,0.015643130908421437,1.2481219071908594,0.2120020323273262
-0.648,0.04808509117843984,0.04691516262746753,18738,0.23818101496989677,0.016979686936151542,14.027409095675628,1.7800947593279276e-44,-0.2366957951214714,0.02191927205333601,-10.798524446684233,4.204363079626671e-27,-0.19330146838754786,0.04945042288944788,-3.9089952540890414,9.300730504424224e-05,-0.11103713361979181,0.04679747954171673,-2.3727161100804555,0.017667876278257794,0.006961542313880685,0.020123190131027216,0.3459462574548225,0.7293869929168335,-0.1313071283991104,0.020489949948973466,-6.408367454586624,1.5059588226911475e-10,0.0035872038993426756,0.01832795585044803,0.19572307619100826,0.8448290465445267,-0.034756416613161825,0.016504977665424372,-2.105814216639122,0.035233778919304265,0.15366012092091785,0.01007709614262476,15.248452405942247,3.471945657296943e-52,0.08684866115131118,0.00923627849371897,9.402992905678586,5.898939773725521e-21,-0.06477461700046556,0.02444801065861562,-2.6494841606934028,0.00806824827407222,0.011317421446282666,0.015842285573342017,0.7143805982974206,0.47500077616396796,0.0002579732607968443,0.012589200950530493,0.020491631026508767,0.9836514066127127,0.1287675341351885,0.020884012185480305,6.165842702616054,7.154549095680225e-10,0.010242893250184699,0.009875871297699502,1.0371635009632711,0.2996730659222177,-0.0162894856193547,0.009152386570144442,-1.7798074299540452,0.07512370404100668,0.03159023060834411,0.036411237667105335,0.8675956279531628,0.38562686538673263,-0.02199036048475134,0.017119762257284864,-1.2845015108427642,0.1989824353089019,0.027412498141530656,0.01180385043055086,2.3223352670228112,0.020225562520735003,0.03828356322759152,0.020519079499352343,1.8657544179211298,0.062091365686556606,0.011552099889457247,0.010391646735921254,1.111671728555264,0.2662936008955788,0.018527017376116867,0.016642617851675326,1.1132273504827155,0.2656250975398192,0.009328759656551631,0.009150955035621834,1.0194301709753417,0.30801196710132067,0.0016485613111512235,0.016186591962242005,0.10184733852541504,0.9188789414331557
-0.594,0.05232777791184284,0.05116306373486157,18738,0.2765626718615034,0.017629285249901223,15.687684891425363,4.122124894934459e-55,-0.2689691351886952,0.022757845945658592,-11.818743119667053,4.063040055098504e-32,-0.2405371502482671,0.05134226644604495,-4.684973354283942,2.819652126420249e-06,-0.13002412694145227,0.04858782843992347,-2.6760637615698526,0.007455733411092742,0.0244447037748492,0.020893050637026758,1.1699920801191277,0.24201905597523274,-0.1278908299437863,0.02127384172422932,-6.01164714872012,1.870542452882091e-09,0.029002942249639802,0.019029135398675207,1.5241334743805,0.1274922700011216,-0.01618033559379394,0.017136414846819534,-0.9442077434765745,0.3450756887392378,0.1691593659460044,0.010462619426202219,16.167974677772143,2.110600125383675e-58,0.09162903582116183,0.009589634298063508,9.555008353099037,1.3841437916989505e-21,-0.06354149245536105,0.02538332746145712,-2.5032767099524103,0.012313379978107745,0.011447147328460035,0.01644836989239227,0.6959441819067184,0.4864724293120001,-0.007672617401129474,0.013070830779141101,-0.5870030398812683,0.5572087463695405,0.13113096515515155,0.02168297974895945,6.047645050327754,1.4976941918465445e-09,0.008612087269307338,0.01025369624617576,0.8399007599351619,0.4009747612309671,-0.01580228897996524,0.009502532889396812,-1.662955462916405,0.09633809658375862,0.011947007156025934,0.03780423617638476,0.3160229742583423,0.7519885945288214,-0.02187786741561723,0.017774719485645178,-1.230841782526343,0.2183975143142528,0.02497488943974412,0.012255434806886668,2.037862371534141,0.041577732093896515,0.04996035309076921,0.021304085694849133,2.3451066526102333,0.019032026959993658,0.01091836298557895,0.010789203900674655,1.0119711413458612,0.31156493554157694,0.020845018009993277,0.01727932078580368,1.2063563301121822,0.22769537668261589,0.008476031563741035,0.009501046588115816,0.8921155669674434,0.3723424623528514,-0.018588476045379027,0.01680584854120987,-1.106071853485883,0.2687096386286186
-0.54,0.053440491030177784,0.052277144406991605,18738,0.23818762080638123,0.01866769730040498,12.759346638924447,3.948853101080204e-37,-0.2878891564360606,0.02409834393740856,-11.9464290651592,8.918441390206741e-33,-0.25807860769407487,0.05436646325391306,-4.747018515601151,2.079641238890311e-06,-0.1322164656780198,0.051449781482523896,-2.569815883920327,0.010182925938368602,0.020543747172442048,0.02212370719772852,0.9285852044973416,0.35311606901766435,-0.14610205631138592,0.022526927898387922,-6.485662713105293,9.05530056438238e-11,0.03532026754301676,0.020150002366822007,1.7528666696919777,0.07964126918341233,-0.0009361776011334831,0.018145795512406564,-0.05159198451748251,0.958854356906076,0.18263900233230052,0.011078895692539446,16.485307507253637,1.2522095361035367e-60,0.09759381293808483,0.010154489405566467,9.610903024290524,8.076532967402398e-22,-0.06814711073023341,0.026878473336302368,-2.535378772357326,0.01124064935722058,0.008679307602135717,0.01741722286999662,0.4983175370102732,0.6182661053447659,-0.015956261919190647,0.013840737669792358,-1.1528476516114785,0.24898764681978952,0.1500070299804775,0.022960165247008762,6.533360207414898,6.596666127828672e-11,0.009233599272882084,0.010857666378447213,0.8504220843634549,0.39510134243038175,-0.02309129641218613,0.010062257490977765,-2.294842527423964,0.021753164536102407,0.004872371267261375,0.040031006794091335,0.12171493193572508,0.9031260940357372,-0.02559748376441106,0.018821698001596145,-1.359998644237109,0.17384673597240524,0.019750927314781026,0.012977312694006655,1.5219581881465063,0.128036453599599,0.04314956666928714,0.02255895331976433,1.9127468396985858,0.05579571642948641,0.011153115521488862,0.011424716866004062,0.9762268642890057,0.3289646721618128,0.023989479558115045,0.018297118993396873,1.3111069325598446,0.18983772605434526,0.013791372035068132,0.010060683642576224,1.3708185770501573,0.17044795832169254,-0.02437006701001587,0.017795757967301384,-1.36943124618768,0.17088094548435231
-0.486,0.052921592556428254,0.051757608193320315,18738,0.1733620229604905,0.019996932906091523,8.669430645920729,4.691667417678145e-18,-0.3099310412717504,0.025814269382535053,-12.006190710996373,4.362112031494296e-33,-0.2996553350780729,0.058237633733562034,-5.145389945769434,2.6966261122021294e-07,-0.15469266864797393,0.05511326928987545,-2.8068135068226057,0.005008591569838483,0.001874287033073221,0.023699028399040614,0.07908708329785773,0.9369642029678569,-0.15383671924858786,0.02413096047762956,-6.375076507675735,1.871464886750855e-10,0.025816692152171663,0.021584785680994718,1.1960596937917765,0.23168841903236684,0.0010670180527637546,0.019437869039229536,0.05489377722477177,0.9562236754453187,0.18898066699950583,0.011867769777501777,15.92385684442281,1.020838213007607e-56,0.10302356992075903,0.010877541030961793,9.471218690650131,3.0861577744972673e-21,-0.07137520712260274,0.02879235822580797,-2.4789635695288665,0.013185218716824458,0.005495118936485941,0.018657418295196453,0.29452729469546796,0.7683582765396293,-0.013490351617207233,0.014826269041101658,-0.9098952393086237,0.3628894793033791,0.1533141546760122,0.02459504654316674,6.233537895808845,4.657730375203738e-10,0.015029172862871736,0.01163078780379755,1.292188724994586,0.19630775129480935,-0.02551624400277438,0.010778741731929307,-2.367274830158416,0.01792973434915913,-0.0029031704344137203,0.04288141939216962,-0.06770229333742285,0.9460233469601989,-0.024638393570361624,0.020161899245520223,-1.2220274127119266,0.22171265270326007,0.016371062235618846,0.013901363787262139,1.1776587165224537,0.2389476675669972,0.0517377034363949,0.024165266272942593,2.1409945519336016,0.03228735727455809,0.009605690368599266,0.01223821518873778,0.7848930763563386,0.43252619755293353,0.014865214179416006,0.01959996752667468,0.7584305514376549,0.4482028251444178,0.011876608460798452,0.01077705581746522,1.1020271827442245,0.2704640268393883,-0.015133162842930724,0.019062907029109014,-0.793853887018513,0.42729056316917424
-0.432,0.05204241167742485,0.05087734677780853,18738,0.0984400157240694,0.02134584831399605,4.611670348070647,4.020895844493159e-06,-0.32354177002141343,0.02755559970941194,-11.741416388441147,1.0100308827976016e-31,-0.3153145571381949,0.0621661182582649,-5.072128773236927,3.9714913714172526e-07,-0.17843379878943816,0.05883099632702811,-3.0329895791253527,0.002424756733396235,-0.04273559196488178,0.025297672786655404,-1.6893092232351479,0.09117684465479559,-0.15178492858875425,0.025758741325256147,-5.892559992437631,3.867784607077643e-09,0.017443401860836476,0.023040811468456417,0.757065430821177,0.4490201947426198,0.0012602636561838063,0.020749072170578736,0.06073831378208826,0.9515682666002533,0.1918108563747638,0.01266832342167884,15.14098195871167,1.754420477659704e-51,0.10693651056082565,0.011611297690829784,9.209695023604514,3.6075100784741026e-20,-0.06980145869849927,0.030734578856496178,-2.2711050971094,0.023151924566195088,0.007087389633957014,0.019915975251320644,0.35586455318009313,0.7219460140396579,-0.010911743644684979,0.015826391552148718,-0.6894650374806071,0.4905392163606016,0.1450157904472614,0.026254132833849853,5.523541431171946,3.366570043420457e-08,0.015328007958572885,0.012415355564678085,1.2346008037161134,0.21699461146954407,-0.019550596493441142,0.01150583377490925,-1.6991898958313731,0.08930002987826162,-0.001182007502144939,0.04577403335464848,-0.025822664412964665,0.97939905961939,-0.036805972559274806,0.021521942641806062,-1.7101603313345766,0.08725280458982504,0.019029846253038458,0.014839095783042934,1.2824127919427823,0.19971376378049868,0.055573316975143144,0.02579536125624666,2.154391885544359,0.03122217506449721,0.017919297780816565,0.013063757641216117,1.3716802066414056,0.17017945713563523,0.023055849858268133,0.020922105192251683,1.1019851800958664,0.27048228672123026,0.00717330415483056,0.011504034135205012,0.6235468419620371,0.5329328301238059,-0.006599207170624101,0.02034881667994269,-0.3243042224233496,0.7457113478202324
-0.378,0.05324762017162632,0.05208403650506377,18738,0.017619982720049027,0.022622809198969203,0.7788591843338303,0.436072517610139,-0.332691961191167,0.02920404311973192,-11.391982946579795,5.754909558173238e-30,-0.3132747055376688,0.06588504758909733,-4.754868016358685,2.0005440037668827e-06,-0.1876158330530774,0.062350410502025146,-3.009055297991721,0.0026241016260505107,-0.08767556606151776,0.026811041482722998,-3.2701290667136442,0.0010769266809112043,-0.16949344150395673,0.027299692269657193,-6.208620955494935,5.457720779151104e-10,0.0032222500148225454,0.02441916919734406,0.13195575937829254,0.8950207031547972,-0.022457812022075786,0.021990332446186586,-1.0212584133065377,0.30714522538251793,0.1953740910821492,0.013426173531438415,14.551732898779074,1.0376978051438459e-47,0.11316787543964822,0.012305913934553714,9.19621866701706,4.08738920044598e-20,-0.09023772447638208,0.03257319657918163,-2.7703060784048237,0.005605885477545459,0.004193853915152623,0.02110739763041413,0.1986911882073801,0.8425064757897722,-0.013389492444366938,0.016773165026085213,-0.7982686883211325,0.42472471404710943,0.1500194284355909,0.027824719310646548,5.3915882047438695,7.068377194592893e-08,0.010892432898255585,0.013158072518153888,0.8278137153619991,0.4077865622475366,-0.011720541760416052,0.012194140909085245,-0.961161745448067,0.3364832660041778,0.02776026953367179,0.048512348050861194,0.5722310019825765,0.5671723607945411,-0.03664066836749575,0.02280943792041733,-1.6063819062677436,0.1082068955891791,0.010996896707813108,0.015726806807902578,0.6992453612571413,0.4844073972185283,0.03234270025883533,0.02733850289453803,1.1830457718771823,0.23680603658496685,0.0336500991660004,0.01384526359371856,2.4304412074369655,0.015089785893807514,0.03834477745542268,0.02217371672667271,1.7292895876719594,0.08377376981494705,0.0021694293042568116,0.012192233610529716,0.17793534585682505,0.858775677684177,0.004910080831805113,0.021566132692571644,0.2276755365368019,0.8199009792554539
-0.324,0.054776551765744474,0.053614847196470805,18738,0.042001249129073256,0.02395840390699856,1.753090451772714,0.0796028542936678,-0.3679987542192401,0.030928177602798344,-11.898494600792258,1.578792452848015e-32,-0.33805950011233,0.06977473786249937,-4.845012829407146,1.276168142503254e-06,-0.1876790023916874,0.06603142454309999,-2.8422679609037615,0.0044842274167747114,-0.12745410758849302,0.028393899067125555,-4.488784977617228,7.2057901629673745e-06,-0.17146941609694694,0.02891139858806814,-5.930858570353394,3.0665528437801936e-09,-0.02395736309933723,0.025860816557210058,-0.9263962352595497,0.3542520464001291,-0.04176585500883656,0.023288587290871004,-1.793404403933447,0.07292442432500916,0.20082530110818125,0.01421882161329069,14.123906085189562,4.6112831322059157e-45,0.11566427367197414,0.013032424660251014,8.87511546679038,7.603897008773109e-19,-0.1265635627396729,0.0344962375504478,-3.668909183344546,0.00024426343157913136,-0.0007264069341871397,0.022353526187107123,-0.032496301841009344,0.9740766117332019,-0.019574252642844042,0.017763411208542662,-1.1019422121709666,0.27050096711391486,0.1505408273279483,0.02946742192714543,5.108720664472852,3.2753440593648467e-07,0.008773644910087974,0.013934892579205967,0.629616974814736,0.528952901150773,0.002472228824526786,0.01291405283177788,0.1914371000901685,0.8481852327279621,0.08766633735107236,0.051376397106880314,1.7063543239261538,0.0879587208919776,-0.03320104820476587,0.024156050726620974,-1.3744402419298172,0.16932150849839508,0.010351514028159498,0.016655278588842665,0.6215155137119084,0.5342680609640567,0.036481821488107496,0.028952500496261777,1.2600577104840347,0.20766425686376974,0.028433713924369396,0.014662653716422003,1.9391928960665534,0.05249286555660274,0.03535046674465295,0.02348279812576065,1.5053771086109817,0.13224402818384365,0.0013891134393790787,0.012912032931032453,0.1075828606385071,0.9143277465896152,0.03096548747792789,0.022839343832864952,1.3557958452978727,0.17518049369962965
-0.27,0.06259082775100056,0.061438727133188875,18738,0.20551635657472064,0.025183188713719294,8.160855200309065,3.5354160395677324e-16,-0.42670133237175845,0.0325092663169928,-13.125529447852193,3.503049956896719e-39,-0.3652922111404917,0.07334171332374649,-4.98068826846206,6.392277415872603e-07,-0.21884304717524572,0.06940703695286035,-3.1530383197870675,0.0016183581661401375,-0.17698719509336305,0.029845432162400688,-5.9301267319671025,3.0802263498260116e-09,-0.12880658174878473,0.03038938693274954,-4.238538343462748,2.2605761290738397e-05,-0.052925752663295356,0.027182855175960054,-1.9470269889125473,0.05154643824123926,-0.020041695136160255,0.024479130199929998,-0.818725786924307,0.4129533059951268,0.22513743156244875,0.0149457062901261,15.063686331852118,5.586983655863791e-51,0.11999369423275001,0.013698659179903025,8.75952110764168,2.125122763545783e-18,-0.13668192305504556,0.03625973013554759,-3.7695240020842866,0.00016406157958845274,0.0010862252553998164,0.023496267554891034,0.04622969383806261,0.9631276687902293,-0.01463954736008901,0.01867149992130539,-0.7840584538890921,0.4330157356409211,0.10795099000044259,0.03097383490898244,3.4852316581934355,0.000492836853925596,0.011968821494085048,0.014647262434082294,0.8171370962969259,0.4138604878103769,-0.004929551565555043,0.013574236029412764,-0.3631549911813564,0.7164932092399005,0.11237725949884189,0.05400282543010333,2.0809514799238324,0.03745191247468526,-0.03212436533150458,0.025390939496139475,-1.2651901020200091,0.20581894282971863,0.011689090667288815,0.01750671811905932,0.667691716276797,0.5043386324267454,0.0423636102047556,0.03043259002401356,1.3920474784212444,0.16392456343024053,0.007853954611630186,0.015412227668334343,0.5095924340494116,0.6103430345854453,0.02071676199446303,0.02468326934560348,0.8393038095722536,0.4013095671627156,0.005879704532519688,0.013572112868710887,0.43321954285207454,0.6648602755839418,0.05581494064874511,0.024006920831339068,2.3249520853121353,0.020085162424293868
-0.216,0.07782117396582766,0.07668779184555485,18738,0.2207145156428903,0.026505359541312255,8.327165503975765,8.844245752173218e-17,-0.4828169961251726,0.034216071759282256,-14.110824863879715,5.540807835666538e-45,-0.4465290675936683,0.07719230885017862,-5.784631581111659,7.38304290753596e-09,-0.24386177063526415,0.0730510536233444,-3.3382375549657373,0.0008447606836346367,-0.236318920244037,0.03141238066088585,-7.523113984744786,5.5904130225685054e-14,-0.11319543968417947,0.031984894210548204,-3.5390281093019555,0.00040257663020988447,-0.07759937787892855,0.028610012734635662,-2.712315391072361,0.006687603866033357,0.009664763593500287,0.025764336462056964,0.375121773764038,0.7075741554595456,0.2567813589572269,0.015730387574105522,16.32390541857506,1.719706759714692e-59,0.12880176864112153,0.014417867845283008,8.933482399983344,4.503097064032704e-19,-0.15319841755406985,0.03816344288402478,-4.014271406791726,5.98620240405677e-05,-0.016937930725338515,0.024729871443245004,-0.6849178639772158,0.4934042353630417,-0.015311148216367957,0.019651793274303428,-0.7791221901559857,0.4359175917133271,0.08824577944871373,0.032600026945300176,2.706923512571998,0.006797151241351045,0.015054620743896319,0.015416274782542025,0.9765407633330941,0.32880918071881216,-0.017809585982304903,0.014286912215458,-1.2465664878262135,0.21257209871049423,0.15458065153827477,0.05683808831928543,2.7196666198540114,0.0065408057171589505,-0.023665262349164343,0.02672401768050318,-0.8855428338692356,0.37587530634383226,-0.008001019576141325,0.01842585795663292,-0.4342277898251749,0.6641280409337875,0.019129316838816787,0.032030365555748626,0.5972244308458593,0.5503647756599346,0.009561418546105704,0.01622140231428343,0.5894323043628965,0.5555784268878008,0.023601580444104174,0.02597919334591077,0.908480110596627,0.36363631631524906,0.00728700181251225,0.014284677584315494,0.5101271463426897,0.6099684043252804,0.08746934044179419,0.025267335099935576,3.461755665797032,0.0005378621784505797
-0.162,0.07653793019595245,0.0754029709352122,18738,0.08173783697372893,0.027817021309354362,2.938410840784091,0.0033030213314462348,-0.4957819137583228,0.03590931093641111,-13.806500342940662,3.790566262966933e-43,-0.47643015098221153,0.08101229854501243,-5.880960786682224,4.148322762396294e-09,-0.24284069593291757,0.076666106420632,-3.167510485018781,0.0015399714705034112,-0.24729600722884226,0.032966874524357107,-7.50134827146356,6.598647509124214e-14,-0.12287289229575776,0.03356771985852545,-3.6604479784035973,0.00025246720516358776,-0.09608350099674746,0.030025826763822063,-3.2000284872261333,0.0013764320919636714,0.014702511526880922,0.027039327471463225,0.5437454589947796,0.5866231227630891,0.27456414149765984,0.016508831946658916,16.631348746222265,1.1452061617105228e-61,0.1415069033043661,0.015131359997685823,9.351895885499257,9.554355357191433e-21,-0.16132029487628002,0.040052024281678054,-4.027768827406724,5.653086176013278e-05,-0.02144347015198653,0.025953670231944434,-0.826221107086171,0.4086892102852946,-0.012118707795056187,0.02062429492519387,-0.5875937984310157,0.5568120642217305,0.09802452344502123,0.03421329345898943,2.865100478050166,0.0041734109321687266,0.01719336122156,0.016179174761558533,1.0626846841664113,0.28793868151003815,-0.021889008293676293,0.014993923810874459,-1.4598585780328643,0.1443457313624108,0.19269218315334063,0.0596508155830227,3.230336103035329,0.0012385830875780105,-0.017489296430967374,0.028046500109966652,-0.6235821354676746,0.5329096459576057,-0.01425605354569075,0.01933769216085943,-0.7372158697688755,0.46100032664847757,-0.017943863373541,0.033615441428815174,-0.5337982370851603,0.5934874736961928,0.0335309181275633,0.017024145367306807,1.9696094813638119,0.04889786978531518,0.04503950740744844,0.027264816905300453,1.6519277413043063,0.09856605903968037,0.009506832896462813,0.014991578595295976,0.6341448858124819,0.5259940230783262,0.10803307606761076,0.026517731170935376,4.073993939044825,4.640411688064475e-05
-0.108,0.06799003556981775,0.06684457072094019,18738,-0.0662832632595631,0.028780776990227977,-2.3030393961243107,0.021287538928261362,-0.46530809419641683,0.03715343416680116,-12.523959214844202,7.687261840835654e-36,-0.430191117013378,0.08381907149439106,-5.132377504827946,2.8896695477334626e-07,-0.20183593373394218,0.07932230007888318,-2.544504301227065,0.010951258751807146,-0.20235789599404674,0.03410905334538034,-5.932674060022063,3.0328873189257007e-09,-0.14645288945753898,0.034730715721664425,-4.216811730320438,2.489447321748857e-05,-0.09163801745993932,0.031066109287056467,-2.9497745151537154,0.003183995021947264,0.026382738143466204,0.02797613897143721,0.9430442910797012,0.345670422664895,0.2832932711253314,0.01708080118794608,16.585479100667214,2.4327998952821845e-61,0.15871785834038682,0.0156556049912434,10.138085269088098,4.320608374810913e-24,-0.16091359545180445,0.04143967702503539,-3.883080347237987,0.00010349581876585774,-0.024534577153781843,0.026852867771730814,-0.913666926093103,0.36090365883559083,-0.005130271128855152,0.02133884955622779,-0.24041929323963349,0.8100078564105454,0.1320023607916497,0.035398656031272055,3.7290218214791975,0.0001927914317016692,0.013643210251726826,0.01673972261515116,0.8150200911560103,0.4150711816816687,-0.031549243065452474,0.01551340715492528,-2.0336759520577687,0.041998356105512544,0.1936282210090339,0.061717493094879436,3.1373312702666922,0.0017075777333420794,-0.020946995641102483,0.029018206372438148,-0.7218570083986376,0.4703914145403395,-0.015572449920530838,0.020007670821326075,-0.7783239768185432,0.436387884320801,-0.049990405922389916,0.03478009066576278,-1.4373282232872395,0.15064147226767136,0.0632731039893249,0.01761396829001646,3.5922117575962647,0.0003287236889403257,0.07234573926686466,0.028209440770244103,2.5645931748911672,0.010337412585683138,0.006097650864323102,0.015510980686404165,0.3931183325931077,0.6942365624653326,0.10150105016615954,0.02743647131121323,3.6994936052391063,0.00021664845538230058
-0.054,0.057245813703591164,0.05608714392242109,18738,-0.32659301456716333,0.029568316903381228,-11.045370476593357,2.822583282838097e-28,-0.41100501839179654,0.03817007844735698,-10.767727893424224,5.8646720608702244e-27,-0.34998463869391183,0.08611264627549207,-4.06426528310649,4.838075570385779e-05,-0.1529495481854859,0.08149282790502389,-1.8768467375281355,0.060554648616725826,-0.11788368835278132,0.03504239301576107,-3.3640307698096015,0.000769671287442952,-0.17776816403580525,0.03568106618831363,-4.982142716745062,6.344467855789805e-07,-0.0749846297643012,0.03191618366198543,-2.349423432276257,0.0188128464978329,0.0391498436503719,0.028741661252625436,1.3621287686283519,0.17317364516571757,0.28770040987737766,0.017548189983207247,16.394876631304584,5.451102716668045e-60,0.1675356902705903,0.016083995572892803,10.416297959752422,2.450654985477453e-25,-0.13342445669129932,0.04257360748342698,-3.1339711285504452,0.00172724217543291,-0.024030472007298687,0.0275876535337707,-0.8710589314122862,0.38373315033493227,-0.002845288175273254,0.021922753032218304,-0.129786992130584,0.8967363495236471,0.18128071383661562,0.036367283615790544,4.98471966594459,6.260605285852014e-07,0.01386519325646033,0.017197778340992814,0.8062200233975049,0.420126239937207,-0.03456312552680698,0.015937906720300085,-2.1686113573988974,0.030124756556060915,0.13500658652323388,0.06340629354555805,2.1292300649340166,0.033248247343243914,-0.03526284378126361,0.02981224316074906,-1.1828309460353135,0.23689118026154304,-0.021332216630925056,0.020555148721119257,-1.0378040519360197,0.2993746988792029,-0.07025770058531244,0.035731792198757426,-1.9662517960057895,0.04928428989473215,0.08979930394703409,0.01809594634995951,4.962398882622407,7.023912960781632e-07,0.09207657446451542,0.02898134698187428,3.177097825097729,0.0014899848419567044,0.0013252488352494432,0.015935413855350234,0.08316375384279698,0.9337222225901743,0.07912954091044119,0.02818722645034658,2.8072836839705544,0.005001289464701062
0.0,0.047672694871887855,0.046502259474968666,18738,-0.6230416261266435,0.03036465899081774,-20.518643937844026,1.5297092746925731e-92,-0.3440719588540704,0.03919808555536074,-8.777774576978416,1.8083304679089176e-18,-0.24998335331039792,0.08843185587791166,-2.826847303256001,0.004705859182168126,-0.09216369275870152,0.08368761528156103,-1.1012823396702527,0.2707879591237498,-0.02574020885738721,0.035986164434815046,-0.71528069917017,0.4744445357959901,-0.20870612177302997,0.03664203852986455,-5.695810881344037,1.2463007970102715e-08,-0.06095847225399404,0.032775759146225665,-1.8598645414141015,0.06292037196171192,0.033807275220856366,0.029515739621478805,1.1453982063269925,0.25205888827036077,0.2826104188868463,0.018020802688476303,15.682454537253557,4.471255373946083e-55,0.17189872422718422,0.01651717418940622,10.407271985872534,2.692949844642138e-25,-0.11046137333908668,0.04372021165314818,-2.526551660257862,0.011527018154017795,-0.03178413137264732,0.028330651847619466,-1.1218990492560108,0.26191975949944285,-0.0037815304493739373,0.022513182679231303,-0.16796960710768127,0.8666090044360971,0.22279631948000184,0.03734673735485956,5.965616684612787,2.480980044582405e-09,0.01999649860608782,0.017660953663013613,1.1322434217108792,0.25754661649371885,-0.033362377130169735,0.01636715083143719,-2.0383741479359365,0.04152655768293415,0.08382102488849237,0.06511396937721514,1.287297114431842,0.1980066694664414,-0.037303746189803255,0.030615154737602488,-1.2184732205186481,0.22305955555123966,-0.02741255135458358,0.02110874567063897,-1.2986347830564293,0.19408529676223119,-0.09533883991326796,0.036694130707249,-2.5982040744852304,0.00937862169291348,0.11815287702218073,0.018583311381170267,6.358009861573991,2.0911176965035173e-10,0.1045181742199966,0.029761880633068626,3.5118135009205615,0.00044610842000309786,-0.006424702740237287,0.01636459082795915,-0.3925978234213217,0.6946210188112205,0.06026379971021742,0.028946372627785842,2.0819119716703205,0.037364065466939295
0.054,0.04685111748325799,0.045679672346040645,18738,-0.6804897107355632,0.03082620024969023,-22.075043476771075,1.2575039692927692e-106,-0.33246056465772367,0.039793894444835956,-8.354562158237494,7.021082763043182e-17,-0.16119516301812795,0.089776015550466,-1.7955259211466665,0.07258607382164782,-0.06570782157992561,0.08495966274044303,-0.7734002167671854,0.4392953305870132,0.049892544111616845,0.03653315228803808,1.3656785956560606,0.17205627873330076,-0.2588049692912647,0.03719899563568425,-6.957310671124634,3.5829598159366465e-12,-0.04407078081158945,0.033273949003764486,-1.3244830304513435,0.18535884953987283,0.03660848098462803,0.02996437734948917,1.2217334122329804,0.22182384606719222,0.2892312189305305,0.018294717964825933,15.809547842531193,6.1552664863852435e-56,0.1783543764255826,0.016768234389710136,10.636443425136648,2.3984418957773974e-26,-0.07290643584382207,0.044384756627312644,-1.642600779722611,0.1004823602715548,-0.02543172832182663,0.02876127630226533,-0.8842350407037932,0.3765807061312877,0.0008144027903882137,0.02285538190096934,0.0356328673008817,0.9715754806854735,0.2539482738759706,0.037914405846666256,6.697936264727192,2.17392243031699e-11,0.01567298304471868,0.017929399252637424,0.8741499268255281,0.38204782852730845,-0.03984410804280986,0.01661593068439657,-2.3979462119582653,0.016497019884879612,0.029109841341085352,0.06610369837122863,0.44036630413034944,0.6596769118653731,-0.03748244470885459,0.031080503518975004,-1.2059793267496817,0.22784070833481487,-0.03187436677883384,0.021429597521897766,-1.487399226525982,0.13692624924897928,-0.1283390175206686,0.037251879611492476,-3.4451689111836137,0.0005719540868187694,0.14798525638619794,0.01886577676079065,7.844111496843345,4.5934675594490885e-15,0.11487852120340244,0.030214259691827464,3.802129271910491,0.0001439130257719056,-0.001212758475856366,0.016613331768997004,-0.07299911256329433,0.9418076038519105,0.043563082578483944,0.029386356006702117,1.4824254687634137,0.1382439598921454
0.108,0.052245515989062685,0.05108070071000681,18738,-0.47371341345963425,0.03167397083081942,-14.955921251234512,2.7820201021596835e-50,-0.3793965743479475,0.040888291183507355,-9.278856204706846,1.895148486365666e-20,-0.12047963861368347,0.09224500181079652,-1.3060831074706782,0.19154035008582948,-0.0820502583654363,0.08729619147478582,-0.9399065065643244,0.3472776508558221,0.0934071797727088,0.03753787332062862,2.488345010248028,0.012842545604432343,-0.3452387033670881,0.038222028441934945,-9.032453729962501,1.8382487973594867e-19,-0.03450715981827137,0.03418903665176834,-1.009304829783397,0.3128415140430517,0.07359389730675456,0.030788446400912602,2.3903088953709974,0.016844035815254777,0.32134069926464426,0.01879785242690713,17.094543140719583,5.07925374698777e-65,0.18233605224396465,0.017229388073846667,10.58285131558105,4.24163206505424e-26,-0.040719264559315994,0.04560540953342594,-0.8928604079187425,0.37194341272829823,-0.016982567645634564,0.02955225812056562,-0.5746622669695849,0.5655266391904099,0.015731412314635252,0.02348394202966406,0.6698795412952351,0.502942847819063,0.27479163482579777,0.03895711359583555,7.053695961067622,1.8031155863054641e-12,0.00125795748910778,0.018422486856707554,0.0682838044012371,0.9455604457687653,-0.06531142882929314,0.01707289576923394,-3.8254452971584945,0.00013095976752613476,0.013971051650611022,0.06792165745567755,0.20569362076783634,0.837032479286197,-0.03119277551775812,0.031935267853101273,-0.9767500827374132,0.328705519802475,-0.028543594835945978,0.022018946264115408,-1.2963197463478933,0.1948813336440941,-0.15086358044901013,0.038276366812982944,-3.941428955003085,8.129204811487978e-05,0.16497082035276467,0.019384616267392178,8.51039907507843,1.8624182819711437e-17,0.1139698319054267,0.03104520091357556,3.6710933913006034,0.00024218666081845681,0.005567980853504179,0.01707022537943919,0.32618086344722325,0.7442911664146583,0.043464782276606134,0.030194528532257604,1.4394920003526988,0.15002790114077483
0.162,0.053084664864986975,0.05192088092205094,18738,-0.06143062649188882,0.032831200561753204,-1.871105090304026,0.06134610771986992,-0.3628910338447694,0.04238217227777772,-8.562350968382155,1.1903047415123102e-17,-0.07278152581951441,0.09561523471262219,-0.7611917288940829,0.4465521491442217,-0.05291361631437315,0.09048561627761521,-0.5847737849519756,0.5587068834000126,0.12763060080056862,0.03890934465507809,3.2802043296278303,0.0010392151300615668,-0.36744894721749455,0.03961849584180277,-9.274681923431004,1.970489109157838e-20,-0.03228219578841613,0.03543815599637902,-0.9109445703584194,0.36233631323764537,0.07208089120457034,0.03191332290391579,2.2586457518570078,0.023916891270649884,0.33499893948490933,0.019484644551024267,17.19297155294009,9.590705621907273e-66,0.18476282836992886,0.01785887530269297,10.345714679023944,5.111664940635748e-25,-0.012768650377852481,0.04727163370485629,-0.27011231423848037,0.7870768272110523,-0.014795727283991016,0.030631969657082907,-0.48301586380586725,0.6290901227615945,0.03049512494406305,0.024341943574888995,1.2527810217883193,0.2103010640223633,0.2726909975833089,0.040380437823961675,6.7530470762130905,1.4902331949439655e-11,0.008967458383989213,0.019095564748399456,0.46960948796975716,0.6386395162605097,-0.07376888229613401,0.017696665446955143,-4.168518782097819,3.0796398515986095e-05,-0.004863406389464683,0.0704032206863139,-0.06907931685588511,0.9449272225083489,-0.03825113371531511,0.03310204424568995,-1.1555520085529338,0.2478792008186817,-0.014708864830917318,0.02282342320818944,-0.6444635713383925,0.5192827718276523,-0.1364251594288292,0.039674819501618094,-3.4385829889727733,0.0005860404486691257,0.1759236636157813,0.02009284620127661,8.755537262043237,2.2012331174906028e-18,0.1032412242214896,0.03217945811460338,3.208295921385874,0.0013374887909068595,0.012831840731246413,0.017693897492681337,0.7252127879995914,0.46833056668585926,0.054264430085433996,0.03129770584828448,1.7338149431297178,0.0829673925086446
0.216,0.05257090764138572,0.05140649227726002,18738,0.2767260379220101,0.033955302393852,8.149715019828967,3.875534065200902e-16,-0.32195625026579894,0.04383328818857623,-7.3450170765356075,2.141792287938471e-13,0.02001366802946189,0.09888898829695579,0.20238520359175313,0.8396177949178414,0.0170795072602678,0.09358373773817334,0.18250507698305976,0.8551883473040918,0.13951640079846778,0.040241555017908666,3.466973399422038,0.0005275356283742642,-0.37348182738681635,0.04097498671020709,-9.114873667397188,8.653709663690319e-20,-0.027017837071409603,0.03665151692744834,-0.7371546756138743,0.4610375343336044,0.07643021905669294,0.0330059976806781,2.315646380276989,0.0205883399720416,0.3509369493648376,0.02015177594624701,17.414690908678683,2.169894715808993e-67,0.18274896790581052,0.0184703422641043,9.894184162519238,5.025315977619632e-23,-0.0009229881698880164,0.04889015904492064,-0.018878812994655388,0.9849379825728091,-0.01125779725617642,0.03168077240030135,-0.35535109794448494,0.722330584299036,0.03501179493684932,0.02517538319638291,1.3907154724810569,0.16432826011096696,0.27633989201227427,0.041763016692909466,6.616856584960045,3.7685540937456285e-11,0.05004321673399286,0.019749374507145936,2.533914009068271,0.011287727468592171,-0.07839922942149533,0.01830257853300098,-4.2835073364190395,1.848876229816657e-05,-0.025155581321225733,0.07281374445653924,-0.3454784740021232,0.7297385736050779,-0.029534134412968975,0.03423541944812296,-0.8626777439581876,0.3883257272024946,-0.008968854234247954,0.023604870471893215,-0.379957782226653,0.7039810658184944,-0.15741478683710633,0.04103323882612837,-3.836274964891895,0.00012532449401175667,0.2010595898656092,0.020780801708247823,9.675256647379943,4.327368863890007e-22,0.09427288590529374,0.033281245049093744,2.832612955622008,0.004621857679856817,0.020301463544924202,0.018299715807216628,1.1093868210192734,0.26727760090742764,0.056109782703364794,0.03236930261850832,1.7334257510781836,0.0830364948653663
0.27,0.0538879080203839,0.05272511128448931,18738,0.463783544853933,0.034739857475237994,13.350185595450712,1.8098065994108451e-40,-0.2814265944034351,0.04484607931566779,-6.275389035070311,3.564220865379733e-10,0.11724156644189858,0.10117387026801267,1.1588127065943221,0.24654732357709314,0.08693221609608383,0.0957460391109001,0.9079458210839672,0.3639185385401781,0.13151337301550525,0.04117135726516801,3.1942928713396785,0.0014040609943572408,-0.3456695963253741,0.04192173528161834,-8.245593699861507,1.7509984340519122e-16,-0.030486297370367302,0.037498369460593234,-0.8130032801134228,0.4162265202722546,0.07646817962142122,0.033768618578475754,2.264474616979515,0.023556329155471303,0.3587763803121189,0.02061739330503816,17.401636327345354,2.715691477268848e-67,0.1804546671211873,0.018897109215261398,9.54932656977244,1.4618040327155597e-21,-0.0034099975636202595,0.05001979182696904,-0.06817296592149549,0.9456486752897114,-0.012245068182611087,0.03241277327252418,-0.3777852663101508,0.7055944043411067,0.0335039942111699,0.025757073637052874,1.3007686619714705,0.19335366830611142,0.25654306490012413,0.04272797311062533,6.00410097235173,1.9594616650655946e-09,0.11268995482557423,0.02020569416950835,5.577138497702809,2.478874630638676e-08,-0.07929334849371047,0.018725469215109355,-4.234518643181962,2.301351327402848e-05,-0.017386073932245474,0.07449614423450329,-0.23338219864798077,0.8154671875841008,-0.023176541299353582,0.035026446781051934,-0.6616869088728483,0.5081800432250498,-0.009370489887711827,0.02415027339186648,-0.3880076111630146,0.6980148144251358,-0.1929517036575103,0.041981333343248405,-4.596130906083799,4.33220010829843e-06,0.23678004419118576,0.021260953037379633,11.136849969749445,1.021839085528253e-28,0.10738560298604957,0.03405022568178711,3.1537412993855227,0.0016144672503046065,0.019941369703274748,0.01872254034454341,1.065099571762256,0.286844614771962,0.06077434406859987,0.03311721234276009,1.8351286164907548,0.06650249646870685
0.324,0.05781675664329322,0.05665878856606743,18738,0.5320584103882349,0.035627394581118826,14.933969116849362,3.8528767095953984e-50,-0.24124039330694727,0.045991811115929225,-5.2452901386915345,1.57735114528179e-07,0.2098647460733317,0.10375866970400459,2.0226237158978524,0.043126150815920784,0.13946623295884625,0.09819216781228042,1.420339687636511,0.1555254717655329,0.11488310582429354,0.04222320692512586,2.720852208786865,0.006517403785202355,-0.34627737593156915,0.042992755668845625,-8.054319164809815,8.467877086677421e-16,-0.04428925945436956,0.03845638128692348,-1.1516751699523393,0.24946929217286884,0.08242039326837296,0.034631342382800426,2.3799364274515344,0.017325581822123515,0.36329143644973894,0.021144128384415026,17.18167000525379,1.1619238620611962e-65,0.18360167701632385,0.019379894316909608,9.473822406561073,3.0105207466375672e-21,0.00042982896959192687,0.051297702115072945,0.008379107676747747,0.9933146068970053,-0.009479065349943633,0.03324085781502332,-0.28516307860321033,0.7755223611985158,0.033818530380093095,0.02641511774699443,1.2802718013225984,0.20046543004038242,0.24047695492226892,0.04381959133680225,5.487886755354159,4.12050984328761e-08,0.17725679660715676,0.02072191112112657,8.554075711020616,1.2785071193101115e-17,-0.08801207080512244,0.019203869242089458,-4.583038433329094,4.612287902849094e-06,-0.002175403255503812,0.07639937864760646,-0.028474096177377298,0.9772843315301126,-0.02681334537003751,0.03592130569713996,-0.7464468467852041,0.45540690586094934,-0.0033543617869853264,0.024767266819882873,-0.13543528284245251,0.892269186082443,-0.2096676886295943,0.04305387634729048,-4.869891085725418,1.1257133867152257e-06,0.26504435628680745,0.02180412984058081,12.15569519282166,7.179633567617099e-34,0.11197157659971174,0.03492014401054662,3.206503861092153,0.0013458428641182703,0.02289840156099178,0.01920086554446622,1.1925713196607017,0.23305242450597277,0.07893358562684012,0.03396329396006336,2.324085105515863,0.020131583954490988
0.378,0.06614419346160627,0.06499646002405246,18738,0.5044853943998849,0.03636020541724134,13.87465743415925,1.4827757226264796e-43,-0.2130677668658182,0.04693780500503932,-4.539363671627655,5.677566051179723e-06,0.2503312996195592,0.10589285544491327,2.364005565510362,0.018088695480875328,0.16225232367161682,0.10021185758867886,1.6190930651897906,0.10544409159098685,0.09909083271298916,0.04309168535118997,2.299534861665669,0.021485541963370408,-0.3815005511943448,0.04387706274769091,-8.694760480848773,3.7581288699523345e-18,-0.048484135867727686,0.03924738083253862,-1.2353470432740623,0.216716880752111,0.08974669328642865,0.03534366567407568,2.539258211472309,0.01111680400999455,0.3689104217363529,0.02157903659430912,17.09577812355362,4.974406676806277e-65,0.18050018892712735,0.0197785144440706,9.126074126423559,7.807555555466282e-20,0.020177491441292158,0.05235283152939257,0.3854135650707615,0.6999354144846333,-0.018220324217933858,0.033924580582159546,-0.5370832566023135,0.5912164910938382,0.03946849529174569,0.026958443599194356,1.4640494784693427,0.14319722663234916,0.21977004256851973,0.04472090538863265,4.914257452050195,8.987307404692413e-07,0.24208319561079164,0.021148134851300113,11.447023452089876,3.0683880315663654e-30,-0.09209826805858579,0.01959886875416551,-4.699162447271932,2.6308901854114805e-06,0.003598063717079533,0.07797081807516604,0.046146286596748284,0.9631941463004194,-0.033547576472754984,0.0366601619164068,-0.9150962439623372,0.36015289733318534,-0.0004793808540557373,0.025276698444623862,-0.01896532710179551,0.9848689675815865,-0.22121497959455597,0.04393944060185692,-5.034542464912656,4.834385543316406e-07,0.29254055096933634,0.022252613452903885,13.146345780394656,2.6674897239651914e-39,0.12921395903254804,0.035638407589198784,3.6256939569799953,0.0002889513243354871,0.02254456874815272,0.019595803274248265,1.1504794385122024,0.2499611586248184,0.08772479890357388,0.034661876332896725,2.530872768140265,0.011386033769141365
0.432,0.07609900055076024,0.07496350183389944,18738,0.40777995699978814,0.037113150440785544,10.987478889737634,5.346485837833109e-28,-0.20610796785523244,0.047909790346955854,-4.302001039090925,1.7012075601405547e-05,0.27864400299930714,0.10808567854976642,2.5779918925245005,0.009945207030362778,0.165558354395692,0.10228703891963299,1.6185663026746853,0.10555746218763738,0.07594954436614978,0.043984025470531714,1.7267529188985722,0.08422854964679914,-0.4367136791101002,0.04478566641657847,-9.751193050204124,2.06153572385093e-22,-0.06322644324915547,0.040060113317019905,-1.5782891762888034,0.11451609314590619,0.09609136229274999,0.0360755602516153,2.6636138599801082,0.0077372443691688325,0.3749541220341429,0.022025894031722244,17.02333269624037,1.6868032846624302e-64,0.17540279775783235,0.020188086773293434,8.688430940859165,3.972600850937226e-18,0.018286855812498254,0.0534369509263037,0.34221368351869735,0.732193931301669,-0.017023567605975187,0.034627088827975154,-0.4916257237374769,0.6229897211085592,0.03870582748784727,0.027516697484660183,1.4066305562077253,0.15955357293449896,0.19448039774981335,0.04564698330195477,4.260531226419183,2.0493812470138115e-05,0.2971559221679312,0.02158606920042724,13.766096986386469,6.59821457713814e-43,-0.09399701003524903,0.020004720990867877,-4.69874136600848,2.6363130288060415e-06,0.03073798878176543,0.07958543325067681,0.38622631713202404,0.6993334555875664,-0.03821723700235714,0.03741931842172716,-1.0213237069589882,0.3071143005635234,0.005444408016644425,0.02580012684903223,0.21102252901708685,0.8328719892522133,-0.21294424711737484,0.04484933598772833,-4.747991077853206,2.0696803764219772e-06,0.3062298095554694,0.022713419280812438,13.482329796736613,3.0961676361488615e-41,0.12559497406260378,0.03637640566521084,3.45264936889349,0.000556337174447189,0.022650366421726652,0.02000159203117042,1.1324281780384478,0.2574689729328984,0.10350924069356221,0.035379652456328195,2.9256714949738853,0.003441265555915896
0.486,0.08585836629583299,0.08473486209709435,18738,0.2708455246033157,0.03781484162746115,7.162413299825315,8.221166372044716e-13,-0.20527437012267225,0.048815611524696406,-4.205096765382555,2.6218356863650886e-05,0.2527382673846627,0.11012923365472123,2.29492441740811,0.021748469261180285,0.17008427327231154,0.10422096026203066,1.6319584164710093,0.10270507193278976,0.06703454999587063,0.04481562296793172,1.4957852988864597,0.13472647641664753,-0.503220318936952,0.04563242038493388,-11.027692914204842,3.431700647255069e-28,-0.06547093644568087,0.040817522163154596,-1.6039909572164224,0.10873292095042653,0.09529638150728473,0.03675763392044413,2.592560275058458,0.00953385627689087,0.3739942575492575,0.02244233336756816,16.66467792915525,6.615690576034411e-62,0.1735867953204987,0.020569779041301344,8.43892367399571,3.433127457708518e-17,0.009433571932732017,0.05444727306448029,0.17326068693210986,0.8624483974414142,-0.02131292561872037,0.03528177652660074,-0.6040774506536387,0.545799473219662,0.03670979997378397,0.028036950383756185,1.3093364103912168,0.1904364964804259,0.16797533057685723,0.04651002202275575,3.611594303151968,0.00030511631824747674,0.3287880428050304,0.0219941928529066,14.948856955283997,3.089536665475489e-50,-0.09736857374384109,0.020382946397347255,-4.77696265523777,1.7931154188104467e-06,0.04504219885112321,0.08109013970745847,0.5554583949863431,0.5785877999075861,-0.042826200799394504,0.03812679826744456,-1.1232572034762918,0.26134268354483253,0.0029698766526758593,0.026287924877765014,0.11297493683831451,0.9100516372797136,-0.212312327643608,0.045697293744401485,-4.646059104312255,3.406400448347713e-06,0.31570202732794234,0.02314285752411228,13.64144540055246,3.612321449415186e-42,0.13167930011568652,0.037064167360325896,3.5527386555198386,0.00038218066530102627,0.020322508158521106,0.020379758279011492,0.9971908341744491,0.3186847825171461,0.11248843154761441,0.036048568730516796,3.120468731741566,0.0018083799099504125
0.54,0.0990160121174467,0.0979086790127498,18738,0.11690912642737435,0.03848695178158772,3.03763018414215,0.0023877486224743384,-0.21767215507521295,0.04968324620921721,-4.381198325056919,1.18670053269635e-05,0.22762560071304672,0.1120866390812658,2.0308004823662533,0.04228934615930099,0.13816945696935667,0.1060733537311088,1.3025840336830499,0.19273284076387268,0.05308250301132007,0.045612163002582584,1.1637795604719408,0.24452819469151765,-0.592053974450418,0.04644347794271072,-12.747838893132261,4.571353946086976e-37,-0.07614146087546075,0.04154300110029816,-1.8328348664948588,0.06684301033827407,0.08897410900658506,0.037410953567872114,2.378290327327943,0.01740310263776864,0.3711463878143333,0.022841216966955822,16.248976065998033,5.754220284420899e-59,0.17382633209735787,0.020935380396927775,8.302993726489275,1.083558003869e-16,0.014439226803118507,0.05541500328669453,0.2605652972429842,0.794430621069958,-0.023096504925115183,0.0359088647078172,-0.6431978597220084,0.5201036028427884,0.04047694452989567,0.028535271102095014,1.41848817153603,0.15606494219565803,0.14457567377320835,0.04733667782044773,3.0541998388986413,0.0022597882393644905,0.3510244424160447,0.022385111331261975,15.681156873489423,4.562341579135976e-55,-0.10164517403229226,0.020745227043122223,-4.899689640465575,9.67904715370698e-07,0.05064647319090936,0.0825314126032663,0.6136629871388504,0.5394455103959198,-0.04955712148291923,0.038804453049456816,-1.2770988272855692,0.20158320363677948,0.004012931615969455,0.02675515891818029,0.14998720913007338,0.8807763231092287,-0.18679049337683723,0.04650950434267126,-4.016178972809689,5.938020949626524e-05,0.31194191508359703,0.02355419203902837,13.243583756416758,7.428167947567425e-40,0.13013085943290587,0.0377229352452357,3.449648299818902,0.0005625541606736057,0.017371275037243054,0.020741982260085147,0.8374934863709474,0.4023259319377168,0.12217304359108139,0.03668928565653759,3.3299379206995168,0.0008703320617861538
0.594,0.1148813073968209,0.11379347315882404,18738,-0.03209265518073026,0.03910047748963209,-0.8207739966664083,0.4117854676378724,-0.23133963771041796,0.05047525356229202,-4.583228837571254,4.6080929927271515e-06,0.1907048978368236,0.1138734273671998,1.674709387835238,0.09400797335914897,0.10032863646999252,0.10776428342130197,0.9310008222089692,0.3518651485509583,0.036934994398171966,0.046339272667188,0.7970559802144881,0.42542863236054995,-0.7025184959201674,0.04718383971130567,-14.888964107595458,7.500629194432231e-50,-0.07709834559793728,0.0422052437042069,-1.8267480253941133,0.06775358450914805,0.08944025916036263,0.03800732664274173,2.3532373113498912,0.01862104069375668,0.372177589089948,0.023205331898472716,16.03845145237691,1.6644472102667712e-57,0.17356693991420807,0.021269114129702848,8.16051570628499,3.5453325105512825e-16,0.0026906424158969324,0.056298381355206976,0.04779253596867537,0.9618820951890821,-0.026593895551671666,0.036481292780842015,-0.7289734964008,0.46602699748833265,0.04224779027825865,0.028990155721342167,1.4573150515075155,0.14504621307464458,0.13049208593859907,0.04809127820919955,2.7134251947089396,0.006665253824601493,0.3650286437668827,0.022741955421100624,16.05089083184988,1.3659589468210523e-57,-0.10985828909789268,0.021075929515544625,-5.212500308319323,1.8829153777657086e-07,0.07255369332197806,0.08384705702324205,0.8653099571743643,0.38687977936784257,-0.0497359189295913,0.039423040088190094,-1.2615952199102631,0.20711020179965453,0.003791462554086288,0.027181666528143036,0.13948602268962162,0.8890676012584233,-0.16887814891697506,0.04725091864704548,-3.5740712297777666,0.00035235725272672266,0.30280017398619224,0.023929672602679333,12.653753313461072,1.5056567216816083e-36,0.1278638960191458,0.03832428166225482,3.3363677144946355,0.0008504601337938491,0.01605182896495714,0.021072633006981936,0.7617381729012569,0.4462258868333946,0.12546139562838782,0.037274154525545763,3.365908555817225,0.0007644541715793535
0.648,0.13188203761377137,0.1308150977219854,18738,-0.1778092313586245,0.03967391183825316,-4.481767063543826,7.446652638304574e-06,-0.2472555788106583,0.05121550652098418,-4.827748383379786,1.391754984086772e-06,0.1466603063941495,0.11554345645226337,1.2693086298205214,0.20434679483666876,0.09245916050613288,0.10934471787212667,0.8455750063232078,0.3978006843228651,0.01873383862765346,0.047018868732083344,0.3984323556230186,0.6903160571266654,-0.7993000730775593,0.04787582191017953,-16.695276262350898,3.99381438883751e-62,-0.07067571889822281,0.04282421150168029,-1.6503682477714674,0.09888442242449588,0.0848890513846965,0.03856472921159751,2.2012095798449938,0.027733353953113462,0.3695362771590983,0.02354565342997485,15.694458353347683,3.7100428226603765e-55,0.1749729691776964,0.021581039747745424,8.107717293647813,5.473250293636152e-16,0.002692123537738766,0.05712403433219182,0.04712768573177683,0.9624119647084912,-0.026370572037541822,0.03701631505437266,-0.7124040304607987,0.4762235020495298,0.040781318647188716,0.029415315518096546,1.3863974575455331,0.1656420886439842,0.10390734592716638,0.0487965685934809,2.1293986221204935,0.03323430913260532,0.3667816379679584,0.02307548123026053,15.894864090070257,1.6120536270676774e-56,-0.11997143267496636,0.02138502195352149,-5.610068249437105,2.0510792147745496e-08,0.08367555080540269,0.08507672953915098,0.9835304114140461,0.3253591704659252,-0.05404748428095148,0.04000120503053965,-1.351146402706817,0.17666487376519246,0.011434192557208019,0.027580303635429865,0.41457819712033805,0.6784554637372666,-0.14402728566218928,0.04794388460285256,-3.0040804339333813,0.002667372575915673,0.29783131077059943,0.024280617069413056,12.26621670772056,1.865410594095867e-34,0.1312359912150434,0.03888633258598568,3.3748616155780087,0.0007400280681153415,0.01758373447260151,0.021381677099481668,0.822373960227272,0.41087457272357597,0.13167796554635317,0.03782080464066073,3.481627818271947,0.0004995124411662233
0.702,0.14786161487874339,0.14681431430923453,18738,-0.29568464112925863,0.04024781798592102,-7.346600534535594,2.1166550908210254e-13,-0.263992217181804,0.05195636853046154,-5.081036736180431,3.7899200511281817e-07,0.10859337215509712,0.11721485957104559,0.9264471463131954,0.35422559963928746,0.06103055439211316,0.1109264526417572,0.550189363660754,0.5821960646760647,0.019778873225759212,0.04769902394167658,0.4146599152624925,0.6783956334119687,-0.8887497481966863,0.04856837344457124,-18.29893993075502,3.740427749101926e-74,-0.04564598310521314,0.04344368856131689,-1.0506930837787383,0.2934131410062275,0.08585492161219775,0.03912259038918732,2.194510147669728,0.02821099960179953,0.3764691876341177,0.023886254964540197,15.760913052004032,1.3170086573792842e-55,0.17215718137040625,0.021893222005819443,7.863492240870033,3.937465884637904e-15,0.004124074088629066,0.057950366623711023,0.07116562549824587,0.943266699362308,-0.03262685258120632,0.03755177752301765,-0.8688497518182046,0.3849404589704988,0.04133973956033189,0.029840825119475157,1.3853417053589496,0.16596451824164857,0.07750034772196607,0.04950243926272741,1.565586441319459,0.11746237447020248,0.36475857201345674,0.02340928145123274,15.58179275059502,2.126896498809648e-54,-0.1286221175855477,0.02169436870050157,-5.92882509563756,3.1046926764678117e-09,0.06817954374431787,0.08630741378085251,0.7899616123064002,0.4295601966478154,-0.04796798598922389,0.040579845664080974,-1.1820642785658124,0.23719521623854387,0.010516341610314613,0.027979268725523598,0.375861918103716,0.7070238134475892,-0.12522353194941338,0.04863742070357367,-2.5746334846290995,0.010042248439449036,0.28636329799762955,0.024631850279339923,11.625732324210256,3.9019881032502042e-31,0.12556810239083022,0.03944884594293265,3.1830614911391604,0.0014596501574040389,0.022723758487140786,0.021690975461207868,1.0476134892033762,0.29483024982460276,0.1175117413399441,0.03836790451781708,3.062761514259259,0.002196161193800645
0.756,0.16259391293368664,0.16156471874738088,18738,-0.3837321834376571,0.04070829243061258,-9.42638859371785,4.7262290139599526e-21,-0.29811867526552605,0.05255080025731002,-5.672961663872218,1.4242356201058954e-08,0.0762104448531853,0.11855591233046368,0.6428228112382596,0.5203469552635117,0.035937743559206405,0.11219555986887907,0.3203134206131348,0.7487343267317425,0.023712521144980233,0.04824474747803217,0.4915047209186353,0.6230752783180944,-0.9677022580928606,0.049124043190426396,-19.69915738290558,1.611188795079213e-85,-0.022802450047829007,0.0439407268944912,-0.5189365688597136,0.6038111118552628,0.09631122004493327,0.03957019112845368,2.4339336580984794,0.014945022846504499,0.37626597146082125,0.024159537108541275,15.574221052761708,2.3906893939988306e-54,0.17939170273227292,0.022143701901379625,8.101251702683744,5.771096050669504e-16,0.013054456865259752,0.0586133755575136,0.2227214648719598,0.8237547250602336,-0.04730307746794443,0.03798140662510068,-1.245427214817351,0.21299034797733205,0.04127599308186077,0.030182233376211832,1.3675592712894633,0.17146649564076877,0.05304339567603987,0.05006879563609294,1.059410257469877,0.28942665352482727,0.36020365586190684,0.023677106551233326,15.213161924261563,5.917449409485776e-52,-0.13701899232384324,0.02194257351955019,-6.2444358316385875,4.344949788259945e-10,0.05892576716901096,0.08729485509872482,0.6750199321869512,0.4996714409200378,-0.05146507822893296,0.04104411883050141,-1.2538965312293986,0.20989527890766355,0.020050887767487396,0.02829937895445,0.7085274839338638,0.4786265761350893,-0.09684544567551318,0.049193880417676486,-1.9686482313095675,0.049008234777523745,0.2735937691808193,0.02491366276376013,10.981675868985182,5.699003585170703e-28,0.11428610998062293,0.039900179365173066,2.864300657264156,0.004183959696233568,0.027237926279833034,0.021939141458276627,1.2415219771308517,0.2144285451641193,0.1117298103147411,0.03880687091179652,2.8791244356879453,0.003992328837902837
0.8099999999999999,0.17071145678870037,0.1696922392780741,18738,-0.44308164293520125,0.04123265015536813,-10.745892909275343,7.42135596159735e-27,-0.32884511051652787,0.053227699640991485,-6.1780823280831605,6.622499398457885e-10,0.03656572497282822,0.12008301417468578,0.3045037237292841,0.7607475421700808,0.013112122922719231,0.11364073491769247,0.11538224327936684,0.9081433907141196,0.026425534236663557,0.04886618120832452,0.5407734671143462,0.5886701693387869,-1.0180379402852686,0.04975680300372563,-20.46027636078309,4.940816902813617e-92,-0.0025553420469329718,0.044506721147818666,-0.057414745032463764,0.9542154305218741,0.10236466671759564,0.040079889132211145,2.5540157154608463,0.010656696304139146,0.38179863056030244,0.024470732669764465,15.602255793184526,1.5502409061082132e-54,0.1786796611978789,0.02242893177601669,7.966481104951305,1.7255031362803545e-15,0.006471068235960756,0.0593683661113416,0.10899859066063362,0.9132047768060836,-0.04372284165447766,0.038470639721647285,-1.136524943978901,0.2557514852651935,0.036811849775743435,0.030571006431435593,1.2041425544266837,0.22854971429082668,0.028595268967276197,0.05071372467127029,0.5638566118468445,0.5728584770058478,0.34099801220594894,0.023982087993065147,14.218862523753339,1.2099334734587634e-45,-0.14477809321504484,0.02222521268810791,-6.514137580897552,7.496968904342198e-11,0.05812697550315907,0.08841928771108395,0.6574015354330033,0.5109308498036537,-0.06267514592118201,0.04157280228734849,-1.5075997400409888,0.13167387952361467,0.020467449215524278,0.028663899229670182,0.714049719876851,0.47520534090043476,-0.08196214986694922,0.04982753979436682,-1.6449166506152755,0.10000379589708781,0.2624396457321943,0.025234572110286995,10.400003795792896,2.9051942026623613e-25,0.12126221175613267,0.04041412790047265,3.0004906218628187,0.0026990004804150645,0.037233043366523715,0.02222173641894123,1.6755235803619395,0.09384825455628866,0.11112742001418943,0.03930673669641219,2.827185092277906,0.004700899974033061
0.864,0.17864215680196893,0.17763268633100848,18738,-0.46091716725348986,0.04186691479625156,-11.00910276041541,4.2131854351970605e-28,-0.3859864945786317,0.05404647911964815,-7.14175096816454,9.553101015990338e-13,-0.02453454989392741,0.1219302010417611,-0.2012179893439553,0.8405303125697219,-0.024904687618469507,0.11538882289289422,-0.21583275566981425,0.829120466954246,0.03514991416950002,0.049617869270058464,0.7084124063890623,0.47869801389753996,-1.0766011746697308,0.05052219112866421,-21.309471157495217,1.411785081626315e-99,0.021329012745939978,0.0451913494557094,0.4719711405574171,0.636952890899333,0.12202267365906483,0.04069642133160411,2.9983637299406523,0.0027179006840641205,0.39029048529633503,0.024847155732809365,15.707652396647434,3.021501149363295e-55,0.17734879056859668,0.02277394666845533,7.787354258374821,7.198043949526545e-15,0.003961705221745701,0.06028160489831159,0.06571996927468438,0.9476014756074946,-0.04378139089237454,0.039062417509290404,-1.1208059737204386,0.2623848433413303,0.038581030009184454,0.03104126745862196,1.2428948032039286,0.2139221730558063,0.012949297021887053,0.05149383272266356,0.2514727752278534,0.8014513694633352,0.3204955880215212,0.024350994439079166,13.161498961503634,2.1869581722574154e-39,-0.15439948889980432,0.02256709385487898,-6.841797614380166,8.062440724181041e-12,0.03980117562591347,0.08977940469497707,0.44332189282315704,0.6575380474628896,-0.07822402670486131,0.04221229934644961,-1.8531098261872005,0.06388234871971848,0.02425366453834742,0.029104824023073468,0.833321119520249,0.4046742837218875,-0.055728667365476645,0.05059401603382009,-1.1014873246714443,0.27069878462826885,0.24710498889635302,0.02562274499650868,9.643970188597015,5.864001901238847e-22,0.1301938192879866,0.0410358015552783,3.172688587856771,0.0015127851445248307,0.04290425860520832,0.022563564111715208,1.9014841091940808,0.05725397523582606,0.10644369026303807,0.03991137581471062,2.6670012769593585,0.007659721485271769
0.918,0.18446175378200425,0.1834594357493542,18738,-0.4538111168457504,0.04252669256830417,-10.671206469133766,1.654509366624262e-26,-0.4485203212883405,0.05489819379111092,-8.170037852155431,3.277325159428712e-16,-0.0947635628852889,0.1238516905229125,-0.7651374194828425,0.44419936846203256,-0.08230752340670157,0.11720722725487177,-0.7022393186362185,0.48253866295567793,0.04739053818618996,0.050399793789701545,0.9402923032568741,0.34707978304389075,-1.108660398905917,0.05131836679301173,-21.603579150864338,2.9455035808642307e-102,0.04657343321929452,0.045903516760251464,1.0145940116645518,0.31031251211387245,0.12881382087779794,0.04133775337929261,3.1161301799803387,0.001835185359342655,0.3953060266484814,0.025238720316228466,15.662681058924376,6.0786993409558456e-55,0.18168823103267767,0.023132839695727155,7.854125711433393,4.242094407365984e-15,0.023071124023559764,0.06123157847933898,0.3767847342257316,0.70633785838711,-0.03986368516905218,0.03967799940541751,-1.0046798166847424,0.31506404002429955,0.03632034540239024,0.03153044461402517,1.151913518727689,0.24937132785653507,-0.01595065241439159,0.05230532041870106,-0.30495277128038867,0.7604055143602255,0.30263551779456627,0.024734740051490987,12.23524149291893,2.7248321791285847e-34,-0.1638109537206259,0.022922727103178598,-7.146224486436037,9.24785760177374e-13,-0.004135893414111533,0.0911942320328435,-0.04535257682330167,0.9638267641779434,-0.09873282429942322,0.042877520009389686,-2.3026710564837205,0.02130827476866985,0.023246459453406983,0.029563484902275533,0.7863233827219631,0.4316880135489496,-0.028801086560926406,0.05139132358180728,-0.5604270245166851,0.575194911564336,0.23816429674292844,0.026026532036703534,9.150827179243887,6.216810419263635e-20,0.1424214888100772,0.04168248187209397,3.416818826842148,0.000634921504359106,0.047734885787316404,0.022919141735040022,2.082751890937379,0.0372873898832284,0.09941741348933002,0.040540336385192915,2.4523085488171126,0.014203354952495428
0.972,0.1888462347360539,0.187849305346235,18738,-0.43378981587350673,0.04309096511630787,-10.066839178529749,8.900748089806833e-24,-0.4922086236245329,0.05562661967660757,-8.848436710446371,9.650597645907624e-19,-0.10789318565295483,0.1254950374367051,-0.8597406547439936,0.38994303208875947,-0.14001818248662593,0.11876241099415104,-1.1789772648984174,0.23842221809949257,0.029188119334371154,0.05106853190082782,0.5715480404068168,0.5676350695201353,-1.149905598205522,0.051999293143989316,-22.11386979860209,5.441041138133048e-107,0.03784269305679543,0.046512595266016636,0.8136009792694654,0.415883928070962,0.15300087431081158,0.04188625028839545,3.652770855766966,0.00026013370033323656,0.4032770065331419,0.025573604506865133,15.769267348483622,1.1558825996155865e-55,0.1907592485791764,0.023439781656395823,8.138269006747572,4.258561850146336e-16,0.03798195485126319,0.06204403994107458,0.6121773322197587,0.5404278749689668,-0.029840427565963046,0.04020447359073591,-0.7422165968326223,0.45796542973303667,0.046536112479057284,0.03194881160302788,1.4565835204539166,0.14524815655379691,-0.022364306349746017,0.05299934232927889,-0.42197328055127786,0.6730493676375275,0.2857416044941012,0.02506293709551567,11.400962441278555,5.194774898031088e-30,-0.17909984522269423,0.02322688114969724,-7.710886539970469,1.311824179211517e-14,-0.02202524579242672,0.09240425798512661,-0.23835747694626697,0.8116064552573439,-0.10792440132142876,0.04344644757009565,-2.4840788455098806,0.012997385250166507,0.02252664054545176,0.029955752956671775,0.7519971398493792,0.45206223640855203,-0.01826218815177367,0.052073217972164874,-0.35070212410409335,0.725815779308538,0.23218696382636736,0.02637186943919404,8.804342231472207,1.4288510451443747e-18,0.14763506339261867,0.04223555286898156,3.495516297622426,0.0004742407428785883,0.05933720417503669,0.023223248208500594,2.5550777239385924,0.010624247853494686,0.1074117356447005,0.04107825263325895,2.614807806058789,0.008934924243615765
1.026,0.19305332106789352,0.19206156229823235,18738,-0.4059613639371724,0.043590157625609305,-9.313142829716892,1.3749855211782205e-20,-0.5362517606004936,0.056271032995858415,-9.529801250315808,1.763018043776023e-21,-0.1439425926501743,0.12694884991163613,-1.1338629121127668,0.2568665809213537,-0.15738275000362345,0.12013822854186296,-1.310013905763413,0.19020721120117598,0.03421921956792912,0.05166014149966381,0.6623911312390001,0.5077287431522907,-1.1837200952411417,0.05260168525928276,-22.5034633283398,1.1259588233440484e-110,0.047948908085348595,0.04705142606459111,1.019074491377274,0.3081807772348124,0.17705448528720152,0.04237148663272553,4.178623394121222,2.9460972956303692e-05,0.4118674092771072,0.025869865028559345,15.920740553629532,1.0722625709014446e-56,0.20072138902896688,0.023711322648595733,8.46521267512904,2.7431398156160663e-17,0.04301476225054907,0.06276279664336208,0.685354454406684,0.4931287662717102,-0.035238855428691804,0.0406702271890304,-0.8664533705431685,0.3862526953850125,0.042283285612647645,0.03231892648419304,1.3083134315531213,0.19078308958917317,-0.03091117899652642,0.053613319635595146,-0.5765578256788965,0.5642451306025178,0.26622617783732244,0.02535328172867497,10.500659468325015,1.0113751123733385e-25,-0.18550067436382559,0.0234959557701674,-7.895004407496974,3.0624017359362536e-15,-0.03172584385812107,0.09347472631391035,-0.33940558169251167,0.7343080229095871,-0.10684500100048178,0.043949758208978076,-2.4310714177866726,0.015063572530340479,0.03321882720080135,0.030302779008330002,1.0962303883637123,0.27299207070402565,-0.00016154757212069604,0.05267646647859222,-0.0030667883197205183,0.9975530934727049,0.2260663718910429,0.026677377557770363,8.474085258248937,2.542699359242726e-17,0.14154005550551574,0.04272483575140234,3.3128285461195723,0.000925326743174324,0.06582262133839169,0.023492280742723044,2.8018829699530503,0.005085748144818744,0.1105681412754975,0.04155412863079965,2.660822039077607,0.007801664483486096
1.08,0.19506424043448112,0.19407495313780443,18738,-0.3587341056338546,0.04415426105189869,-8.124563679419307,4.766512526298617e-16,-0.5727123671697453,0.056999240560199914,-10.047719259783355,1.0796812570561037e-23,-0.19935256486709488,0.128591704287473,-1.5502754705033892,0.12109232224740756,-0.165678078601998,0.12169294616713226,-1.3614435661246698,0.17338994711320066,0.041210272405655404,0.05232867917903743,0.7875274715927477,0.43098312728269794,-1.1986746216601243,0.05328240752549279,-22.49663026368736,1.30816342646682e-110,0.06187338024308286,0.047660322019563384,1.2982157404997257,0.1942292094270144,0.18480617442483058,0.042919819148331144,4.3058469977736715,1.6719435151464782e-05,0.4297455006965337,0.026204648848925267,16.399590132808015,5.049771259221394e-60,0.20769935948618937,0.024018172613737124,8.647592088975008,5.677845857977517e-18,0.05415525699257548,0.06357501459710548,0.8518323957261211,0.3943180235125633,-0.04488055042666367,0.041196543581422176,-1.0894251440769613,0.27598047653749624,0.03273885452757782,0.03273716808176453,1.000051514712851,0.31729850882435606,-0.04660243665226258,0.05430713353645195,-0.858127351188259,0.39083313604685777,0.2534982555925178,0.02568138040667615,9.870896796755451,6.332721540182687e-23,-0.19530742083154906,0.023800018656742247,-8.206187719782351,2.429799446421606e-16,-0.054152075169742,0.09468438960161915,-0.5719218912175991,0.5673817619711892,-0.08863863966041419,0.044518515252786266,-1.9910511201261725,0.04648978287113759,0.028999210575962234,0.030694929493572717,0.9447557317906349,0.34479579412079864,0.009946060895332839,0.053358156494045024,0.186401883963942,0.8521316355888121,0.2152328927945852,0.027022611456991516,7.9649183106208765,1.7473758474977695e-15,0.12037445249957038,0.043277740983863756,2.781440291545078,0.0054172419804917275,0.06983620604952281,0.02379629607049824,2.9347510991890515,0.0033422087699492547,0.10504693936453056,0.04209188365656566,2.495657838019918,0.01258092226357057
1.134,0.1981651339657554,0.19717965774908408,18738,-0.3056092106026349,0.044847114310280455,-6.814467670946201,9.749362903362863e-12,-0.6071695223696556,0.05789365275523137,-10.487669951258875,1.1595553048426208e-25,-0.26358197220073193,0.13060952044369217,-2.018091570241744,0.0435959661374408,-0.17131181251039507,0.12360250941800109,-1.385989761187209,0.16576654431494958,0.03298255419730836,0.05314980255450044,0.6205583579259332,0.5348978026251832,-1.2202953793385531,0.05411849647339911,-22.54858244146464,4.177671814997392e-111,0.06984624300015066,0.048408191163335605,1.4428600061605328,0.1490766482995671,0.18322616880768733,0.04359330197507632,4.203080760260913,2.645283067135492e-05,0.4409619804153322,0.026615843055490914,16.567650308726954,3.258798371046701e-61,0.20928345804829654,0.024395057398112603,8.578928699896741,1.031285230678565e-17,0.06730147534031954,0.06457261154394373,1.0422603907620915,0.2973044349243563,-0.05901392649482416,0.041842985369246584,-1.4103660619349052,0.158448241865262,0.031960076904664354,0.03325086830084376,0.9611802198817571,0.33647397873095963,-0.06690608326318656,0.05515930212738088,-1.2129610180469383,0.22516003535253787,0.239127566549952,0.026084363667421763,9.167467897582332,5.332150214794798e-20,-0.1995062441387362,0.024173480245341553,-8.253103902040866,1.644726701669668e-16,-0.059661491479324306,0.09617014400652837,-0.6203743593778364,0.5350189037086439,-0.07482105284059631,0.04521708426099493,-1.6547075969942249,0.09800059468350082,0.0286783569509449,0.031176583617291902,0.9198684917817174,0.3576533426202374,0.014419819646061514,0.054195434068335976,0.2660707473599955,0.790187654589607,0.20848934109891204,0.027446640847404245,7.596169682769388,3.19356234350786e-14,0.11473119791931244,0.043956840195168136,2.610087472391249,0.00905911688393875,0.07193756329019303,0.02416969924557307,2.976353266099045,0.0029207164879459357,0.11297497290683578,0.04275237480845243,2.6425426286377864,0.00823545974978598
1.188,0.19916305791431343,0.19817880817251743,18738,-0.2520734026723085,0.04538386413262545,-5.554251659481294,2.8259656662715794e-08,-0.6354832478682793,0.05858654923941273,-10.8469137731835,2.487569700857555e-27,-0.29514652508166955,0.13217271214449344,-2.2330367614686635,0.02555829661781165,-0.1843645920012325,0.1250818381550186,-1.473951732087136,0.14051140805508405,0.021236675131784278,0.05378592257063847,0.3948370524628186,0.6929676478519037,-1.2451658518558595,0.054766210240815724,-22.736023660952025,6.658986497121259e-113,0.07103083202850921,0.04898756150647955,1.4499768889111577,0.14708172257709295,0.1937050322638682,0.04411504562459337,4.390906311471228,1.134980745831976e-05,0.4518525058129106,0.02693439307261704,16.776041865680213,1.049476710245637e-62,0.21373983819876297,0.024687028083984167,8.657981733225627,5.185493120967084e-18,0.07015282811135148,0.0653454447196698,1.0735687607958784,0.28302984767916045,-0.06539546909387244,0.042343780466294306,-1.5443937308792561,0.12250988679918096,0.030538456778123876,0.0336488291937078,0.9075637253920993,0.3641204529830623,-0.06702700164714855,0.0558194727107702,-1.200781705596726,0.22985108848505326,0.22392509378264086,0.026396552707447948,8.483118847540233,2.3534763291555768e-17,-0.21045171714340594,0.024462798999216717,-8.602928763390668,8.375463124343899e-18,-0.059191155097038206,0.09732115023076973,-0.6082044340483341,0.543059275350923,-0.07522697412911615,0.04575826204505771,-1.6440085520521057,0.10019123332720692,0.02354883343628246,0.031549718566446686,0.7464039144021647,0.4554328315806757,0.012863105164956624,0.05484406865844206,0.23453958613219383,0.8145686706627384,0.20427296981969956,0.027775134214823295,7.354526831077606,1.9951185424464827e-13,0.11715111563556177,0.04448293482864593,2.633619298880417,0.008454962524586286,0.07640849001435633,0.024458972746794073,3.123945179765224,0.001787161131614104,0.12151282196025863,0.043264053874902494,2.808632365141083,0.004980397099269915
1.242,0.19603535429002494,0.19504726051791155,18738,-0.21536020056882527,0.0458499598895429,-4.697064099677499,2.658020168913728e-06,-0.6570220786591201,0.05918823758250152,-11.100551486151412,1.530722379502722e-28,-0.27724396480624486,0.1335301360106233,-2.0762651270286137,0.03788305379663981,-0.17706471867391366,0.12636643820276067,-1.4012005180505707,0.16117070210410764,0.00840986097940389,0.054338308110547656,0.1547685467551656,0.8770054574945063,-1.2363919901336855,0.05532866341009848,-22.346319501150674,3.5063051890640484e-109,0.07718102629754589,0.04949066751114188,1.559506674266821,0.11889341584974167,0.19631762464466512,0.04456811051835726,4.404890006808869,1.0642496430777407e-05,0.46291745837153475,0.027211011350197083,17.01213719747252,2.0362241006931275e-64,0.2162703565834495,0.02494056575118724,8.671429459179548,4.6103462647232955e-18,0.08644627439926249,0.06601654743645735,1.3094637292637772,0.19039339233277008,-0.0667935166858784,0.04277865433136469,-1.5613748896469228,0.11845223237182292,0.04070759533140117,0.03399440524396644,1.1974792628156432,0.231134972875447,-0.08049338201803022,0.05639274296620349,-1.4273712854554776,0.15348958824406195,0.2104135784144288,0.02666764732332806,7.890219030696618,3.1817442120777767e-15,-0.2146432865828066,0.024714033816563678,-8.685076996170078,4.091099767653863e-18,-0.08212319995039997,0.09832064588958647,-0.8352589550990528,0.4035825850995921,-0.0664887505101627,0.046228202897180666,-1.4382724471908397,0.15037348871535747,0.031612664329626367,0.03187373658996244,0.9918091730601084,0.32130344549404605,0.00694920137017172,0.055407321439630716,0.12542027280173165,0.900192186688782,0.2029204464775608,0.028060386968258088,7.231562654752567,4.958863325129398e-13,0.10884143106079484,0.04493977797268229,2.421939670617792,0.015447351100613623,0.07715692557391098,0.024710168268235914,3.1224767365543844,0.0017960958167834741,0.12050619307478501,0.04370837901828851,2.7570501533438856,0.005838192644621714
1.296,0.1926183597709713,0.19162606642239444,18738,-0.1822947964778464,0.046348590787543276,-3.933124899384002,8.415100260735289e-05,-0.6774486029792872,0.05983192591130097,-11.322527106742049,1.2672870295346673e-29,-0.30306205610541487,0.13498231288906534,-2.245198275380606,0.024767034067990263,-0.1586002597767281,0.12774070790135908,-1.2415796215815451,0.21440726542009117,0.00031716404591909317,0.05492925212520453,0.005774046316817793,0.9953930647354584,-1.2287052431469636,0.05593037781045568,-21.968477440130368,1.244499861092805e-105,0.09303788338979348,0.05002889210377335,1.8596830646740674,0.06294605962568013,0.1982696274006675,0.045052800952623415,4.400827988678522,1.084349819490926e-05,0.47038706775786016,0.027506938567096167,17.100669585983578,4.579901437856709e-65,0.2243260948079941,0.025211801249039618,8.897662352329517,6.213201790872643e-19,0.10023293702143157,0.0667344955090495,1.5019659061907424,0.13312278649870896,-0.08090086578060178,0.043243883938454505,-1.8708048031888482,0.06138773552404114,0.05195301220186374,0.03436410373126334,1.511839581446688,0.1305915627712545,-0.09296691466551574,0.05700602952378574,-1.6308259923053463,0.10294386910054679,0.19450226114629704,0.026957665307300628,7.215100377910779,5.595435231564637e-13,-0.22077097158026845,0.02498280571745198,-8.836916640873797,1.0694506744193038e-18,-0.09334047105362482,0.09938990989919541,-0.939134275786082,0.34767392896818605,-0.0562048107953901,0.046730947291703503,-1.2027321090785712,0.22909522079495173,0.03513191820861415,0.032220372223598075,1.0903635117810238,0.2755670873607807,0.005454655489573013,0.05600989126764794,0.09738736080574567,0.9224198245574633,0.20055844579265927,0.028365551378127324,7.070493470023286,1.5982679911790514e-12,0.09853420737269264,0.04542851039252387,2.168994900367861,0.030095620882401888,0.07438833082432579,0.02497889813022519,2.978046927310767,0.002904632948704389,0.10932772535252847,0.04418371963652535,2.4743893509171766,0.01335521327894929
1.35,0.187302012413598,0.1863031851337814,18738,-0.13409045334162503,0.04697812870924511,-2.8543166155368076,0.004317689273751496,-0.712725431426718,0.06064460361410918,-11.752495505814467,8.868003440815507e-32,-0.36796008157954324,0.13681573399807404,-2.689457351335944,0.007163173189215449,-0.19201428355258685,0.12947576863141594,-1.4830132740837547,0.13808772375372871,-0.016855719460896836,0.05567533839527147,-0.30275019329435093,0.7620836079423567,-1.2134175543812895,0.056690062046988184,-21.404413940763284,1.94192048465375e-100,0.0806665944313495,0.0507084183682163,1.5907929497148503,0.11167307123067957,0.20062405217891557,0.045664738579995326,4.393412913718165,1.121980431113059e-05,0.4729415875610485,0.027880556419196293,16.963133032575318,4.635486458634226e-64,0.22576424934686976,0.02555424499308859,8.834706304487964,1.0907190866326515e-18,0.10086643139311588,0.06764092858273593,1.4912041201465724,0.1359247673746082,-0.08786554067481209,0.04383125163094207,-2.0046322522258206,0.04501675476671133,0.056586748917338454,0.03483086024050202,1.624615313162385,0.10426139270078526,-0.10251448086361747,0.05778032398972498,-1.7742109040760576,0.07604452668719486,0.1825096347769184,0.027323822558322223,6.679505928841206,2.4649019983309172e-11,-0.2245053259887274,0.025322139089241833,-8.865970019259116,8.251939654600934e-19,-0.08560737386030204,0.10073989090731028,-0.8497862474267367,0.3954548081645346,-0.06425804916042369,0.04736567863816513,-1.3566373586938842,0.17491282994082477,0.052040233791985316,0.03265801112095059,1.5934906017164268,0.11106706322750706,0.040158519683916864,0.05677065550975855,0.7073816450298666,0.47933814891865445,0.1935678163643251,0.028750831490404482,6.732598896450278,1.7149457320629113e-11,0.09035124548680967,0.0460455511597311,1.9622144422461791,0.049752319644246736,0.07325986776891846,0.025318178426521273,2.893567875806474,0.003813315218060783,0.11687685066794182,0.04478385281340093,2.60979891915347,0.009066758513843969
1.404,0.18314778382943664,0.18214385089302954,18738,-0.10508660935825503,0.04727832824200494,-2.2227226144787773,0.026246412378082652,-0.7210506788278743,0.06103213462416787,-11.814279203374747,4.2830205064540615e-32,-0.4019525807015579,0.13769001359474797,-2.919257324533302,0.00351284586923114,-0.22631368701079152,0.13030314439785898,-1.7368244492993992,0.0824346166636878,-0.02379159374049356,0.05603111481786909,-0.42461396347063385,0.6711229935754489,-1.2072541081640558,0.05705232275439015,-21.160472525567034,3.1224796284692395e-98,0.0817232661570644,0.051032455189592145,1.6013978918602279,0.10930569798263183,0.20242621698371382,0.04595654529009565,4.404730941064446,1.0650300130511667e-05,0.46941331129136377,0.028058718688322177,16.72967737784584,2.2620237826117177e-62,0.23110018298419652,0.025717541672154603,8.9860915141208,2.800235825460227e-19,0.10688750637260885,0.06807316749292441,1.5701855857334512,0.11638884838872528,-0.09962216163666318,0.04411134199685096,-2.2584250926615437,0.023930634342720383,0.06435092150576625,0.03505343632552526,1.8357949534011053,0.0664038450747358,-0.10426581775871761,0.05814955168654922,-1.7930631403790462,0.07297897111685667,0.16276440207373025,0.02749842718797846,5.919044058813889,3.294694972174061e-09,-0.23206919613436675,0.025483952565681433,-9.10648360124827,9.34634750390151e-20,-0.09571978955163436,0.1013836387323423,-0.9441344850951664,0.34511311771673336,-0.05222900146993515,0.047668354691611924,-1.0956745163081065,0.2732353389519868,0.052396006106520183,0.032866702270401275,1.5941972417995336,0.1109087515249008,0.0420662022549159,0.05713343122532564,0.7362799914644219,0.4615695491516124,0.1954037290072963,0.028934554989339372,6.753299958450742,1.487643224698369e-11,0.0817390503903962,0.04633979133752473,1.763906310993811,0.07776406782353963,0.07567017427977671,0.025479966593542836,2.969790953295564,0.002983804839514485,0.1099293130443777,0.04507003048925037,2.439077849538994,0.014734023257343645
1.458,0.1788623887654781,0.17785318896541435,18738,-0.06765814055468697,0.04745488120611074,-1.4257361694959774,0.15396119127285945,-0.7518437313217045,0.061260048864672415,-12.27298615093465,1.7169430536041384e-34,-0.4532399499333363,0.13820419378960358,-3.2794949089846743,0.0010418299503536137,-0.25267698124490956,0.13078973957224818,-1.9319327500100336,0.05338288402432374,-0.04330241777372722,0.05624035359113135,-0.7699528009467504,0.44133760993363624,-1.1916228829152762,0.057265375056913384,-20.808785094500433,4.295314715319777e-95,0.07010551287230203,0.051223027309299916,1.368632752784876,0.17113052924184521,0.2033558181061106,0.04612816227810539,4.408495982998067,1.0467046744318905e-05,0.4691264720070713,0.028163499253490994,16.657250854540774,7.476867041302668e-62,0.22791242000344844,0.025813579505567234,8.829167607471657,1.1458663037479182e-18,0.10295022923576061,0.06832737528630127,1.5067200928527509,0.131899298089072,-0.10426495012429013,0.04427606838354476,-2.3548827601648634,0.01853881835202997,0.06583236678391571,0.03518433748712486,1.8710702399329249,0.061350937711509027,-0.10731339496680782,0.05836670140595411,-1.8386064722146618,0.0659889253929334,0.14972829293526935,0.02760111543878619,5.424718912803979,5.876604519984498e-08,-0.23773434525627532,0.025579118099868094,-9.294079034628691,1.643755538686837e-20,-0.08923901052330599,0.10176223887738982,-0.8769363912170537,0.38053244551659393,-0.04641834873415833,0.04784636414388722,-0.9701541499488978,0.33198219934490103,0.043487377732804894,0.03298943744150377,1.3182212582410922,0.1874457252726605,0.036028101756546964,0.05734678641379028,0.6282497069074341,0.5298480392336732,0.1915951773064893,0.029042606217849425,6.597038016124599,4.30680233370829e-11,0.07626286285712564,0.046512839493432566,1.63960884107911,0.10110333177319575,0.07848961398961607,0.025575117242787028,3.0689835453932304,0.002150956444869964,0.11244048311374794,0.04523833693685752,2.485513189193701,0.012945142716867872
1.512,0.17453362834953567,0.17351910838865292,18738,-0.04272047170851396,0.04780688791129568,-0.8936049505623662,0.3715447880613518,-0.7755551776032223,0.06171445834610517,-12.566831150875165,4.4945167800164036e-36,-0.4817363694990101,0.13922935288097973,-3.4600201719735253,0.0005413384738147567,-0.2933465952789265,0.13175990036769647,-2.2263723216266653,0.026001110683830878,-0.059470540868258266,0.056657528411990475,-1.0496494029145202,0.2938928891623912,-1.1874741335926107,0.057690153193169016,-20.583653671649763,4.129045436303846e-93,0.053007812399997446,0.05160298504208681,1.0272237615084645,0.304328388563036,0.2156832657541244,0.04647032776260484,4.641311480649529,3.485530609380348e-06,0.47693197059615194,0.02837240801749446,16.80971069857994,6.000918105695896e-63,0.23077852747161975,0.026005057238517797,8.874371063863629,7.654709649279989e-19,0.1167847189704618,0.0688342081691822,1.6966087367987992,0.08978728730319217,-0.10259959627067747,0.044604495566462836,-2.300207523203556,0.02144741330114442,0.07133609228430124,0.03544532481652445,2.0125670353864176,0.04417449547074996,-0.09649208946334943,0.0587996488653564,-1.641031729361239,0.10080763366795296,0.13704642153911317,0.02780585260086732,4.928689780037114,8.349079785385011e-07,-0.23931359883163622,0.025768856665322804,-9.286931195270334,1.7573987111427248e-20,-0.0966573855682455,0.10251708199382059,-0.9428417556214848,0.34577402152163983,-0.04963901964570753,0.04820127475728055,-1.0298279432580735,0.30310409034762525,0.04675403192629044,0.03323414363156359,1.4068071813316279,0.15950117876665312,0.045030712773662496,0.05777216843615352,0.7794533941274482,0.4357225382542562,0.18533650216585107,0.029258035945306262,6.334550361217387,2.434603738520324e-10,0.07963770391455335,0.04685785840324223,1.699559190887883,0.08923049082144728,0.07165374000366487,0.025764826131030812,2.781068253255785,0.005423451583325683,0.1144055697310937,0.04557390195205639,2.5103307996635444,0.012070177075177966
1.566,0.17151968495061476,0.17050146077373463,18738,-0.017847596301495405,0.04799916291806153,-0.37183140739272275,0.7100225878255213,-0.8053272850758153,0.061962668351284035,-12.996975541953509,1.8674929481907832e-38,-0.49628115460778854,0.13978932082570072,-3.5502079248713656,0.000385871187098673,-0.3245496723410412,0.13228982684569002,-2.4533229809092836,0.014163372132788172,-0.06309338193189502,0.056885399899441504,-1.109131377179867,0.26738776349508003,-1.1708881416740824,0.05792217780468777,-20.21485009804517,6.603134139555986e-90,0.0497139203540278,0.05181052761035678,0.9595331807447204,0.33730260894930086,0.22644250166107682,0.04665722724456954,4.853321018715971,1.2238912357442503e-06,0.48331330828107205,0.028486519292707548,16.966386918488798,4.3893811601363447e-64,0.23745060369442758,0.02610964724165207,9.094362765484956,1.0444755831183235e-19,0.12889183307487728,0.06911105316829633,1.8649959328648242,0.06219761357563305,-0.09603443869950617,0.04478389083901733,-2.144396944979991,0.03201393492251839,0.07370900743194056,0.03558788272745896,2.071182711161067,0.038355397785495016,-0.09734396462549352,0.05903613576875813,-1.648887810116594,0.09918740593426983,0.1252587500503785,0.02791768524111117,4.486716895350777,7.275983519928856e-06,-0.23254965737145492,0.02587249669097907,-8.988295955702554,2.7448832130279743e-19,-0.11941678223777645,0.10292939648437163,-1.1601815061250087,0.24598971560798652,-0.05774875906255636,0.04839513595249734,-1.1932760994666933,0.23277638713380117,0.0470297380229997,0.03336780837049143,1.4094344315579952,0.15872336583401112,0.04831409182183957,0.05800452290560884,0.8329366297945666,0.40489109957371483,0.17950265906940116,0.02937570913645347,6.110581304968371,1.012323561915518e-09,0.08128466252007689,0.047046316498616125,1.7277582724774616,0.08404806906501813,0.07372070014119161,0.025868449946240386,2.8498305965141864,0.0043790289377050986,0.1054024136920641,0.045757196089973015,2.3035155712952746,0.021260758489588145
1.6199999999999999,0.16891047732827724,0.16788904636635305,18738,0.010164626929262531,0.04827808573067746,0.21054328843870454,0.8332459616993242,-0.8327978544239736,0.062322732999978675,-13.362665825714968,1.5329398204687857e-40,-0.5076445736425375,0.1406016356280429,-3.6105168433850574,0.0003063858121680473,-0.34843085684261266,0.13305856213899636,-2.6186278525889444,0.008835534006704516,-0.06572607277659155,0.05721596057533954,-1.148736683185564,0.25067925706713934,-1.1656206680870662,0.058258763190014246,-20.00764527536104,3.9408474514258016e-88,0.0445412562978419,0.052111598237543875,0.8547282717142244,0.3927125370378266,0.2367808196566471,0.0469283520780199,5.045581384639106,4.5637795767080384e-07,0.49048730827808096,0.0286520542645637,17.118748406277664,3.3739530176645073e-65,0.23745341009375703,0.026261370226019178,9.04192766980961,1.6863190149049616e-19,0.14405847731947646,0.06951265703304409,2.0724064288176423,0.03824121399951492,-0.09337848412359424,0.04504412972722517,-2.0730444719227252,0.038181793602472876,0.07397142291347034,0.035794683674432434,2.066547747321118,0.038790512882851735,-0.09744501271638165,0.059379194356315335,-1.6410632338937718,0.10080109434769415,0.11286941728423996,0.028079914722122536,4.019578349905625,5.853068295248849e-05,-0.2229704875189437,0.026022841595092577,-8.568260568476571,1.1310199958632926e-17,-0.13913061958078013,0.10352751851448476,-1.3438998787681178,0.17899705782914516,-0.05064738664470265,0.04867635976175093,-1.0404924873716732,0.29812459471695635,0.049578058319436055,0.03356170848032074,1.477220933150846,0.1396332519549375,0.05406339970014623,0.05834158679776247,0.9266700250638312,0.3541098355167054,0.17765387280329434,0.029546411184506148,6.012705627560423,1.8583887964462467e-09,0.06451583629335524,0.04731970232710264,1.3634032574292718,0.17277185634261719,0.07559424517224897,0.02601877133474745,2.9053733629341156,0.0036724487560872224,0.09402635367636439,0.04602309084844248,2.043025619161483,0.041063880599314234
1.674,0.16694062206611304,0.16591677010007266,18738,0.04030257036928666,0.04858627031780753,0.8295053336192224,0.4068291004727689,-0.8530586638759927,0.06272057200804464,-13.600938839757044,6.256338610593808e-42,-0.5500234887325397,0.14149917032458345,-3.887114584989061,0.00010179276133257606,-0.36143052287886934,0.13390794540298254,-2.6990969190900542,0.006959035181839597,-0.06372890045998895,0.05758120035070116,-1.1067657511799844,0.26840944555178614,-1.1630009953999454,0.05863065972668688,-19.83605507462136,1.1297761441294284e-86,0.04775147501050512,0.052444254165061745,0.910518716887713,0.3625607427261024,0.229628097382151,0.04722792060048659,4.862125930223257,1.1707394243419003e-06,0.4963407777070067,0.028834955499778624,17.213162604354192,6.805331355251175e-66,0.2413955311890872,0.02642901045901692,9.133733234674665,7.276565084726435e-20,0.12247024373115355,0.06995639313367473,1.7506654966778206,0.08001993080585729,-0.10144306885811084,0.045331670260627004,-2.2377968487567426,0.02524602410926214,0.07483106805253825,0.036023180095587075,2.077303221258504,0.03778718751980937,-0.10225548244181101,0.059758243198452604,-1.7111527543108704,0.08706948920656135,0.09654667084664934,0.028259163687658594,3.416473039108847,0.0006357278793473839,-0.22011404592982556,0.026188959173525036,-8.404841310087017,4.587569258741116e-17,-0.11884141121555769,0.10418838948869809,-1.140639679706817,0.2540344947083624,-0.03271650621359093,0.048987086742929425,-0.6678598052845648,0.5042313228986928,0.05841260089156132,0.03377595063832774,1.729413970225217,0.08375152146162511,0.07315199852999134,0.058714012041383025,1.2459035924581696,0.21281538826113947,0.1752884709988749,0.029735021573552418,5.895017448206053,3.810764967243065e-09,0.037736264994320576,0.04762176904545079,0.7924162783265072,0.42812803571972,0.06558308202648182,0.0261848629305527,2.5046181146878936,0.012266800989555054,0.0885387556456829,0.04631688060909499,1.9115871898397458,0.05594442052228062
1.728,0.16803899595773852,0.1670164939222052,18738,0.08441657986869198,0.04882712705672977,1.7288868904904569,0.08384583323933081,-0.8929012756179651,0.06303149672686706,-14.165953879965024,2.5526255167293107e-45,-0.5905363344838106,0.14220062422301305,-4.152839255878886,3.2983083850981963e-05,-0.39020519909242385,0.1345717673188154,-2.8996067070144407,0.0037406560686641943,-0.05677355485340788,0.05786664766017728,-0.9811101411440213,0.3265511132775576,-1.1625670417040042,0.05892130952158281,-19.730841882904134,8.723679780520787e-86,0.05017992374084321,0.05270423608898349,0.9521041848727616,0.34105644347674213,0.22205608391870948,0.04746204359176593,4.678603513760908,2.9085574573895235e-06,0.495223308107304,0.028977899037185714,17.08968988648251,5.5130574497607824e-65,0.25199194770893646,0.02656002700402979,9.487638987366363,2.638810706403231e-21,0.12425869722515982,0.070303187991702,1.7674688840543942,0.07716602944147047,-0.1046418550194012,0.045556392969273996,-2.2969741061364983,0.02163123454197415,0.0754858267574258,0.03620175782190107,2.0851425814400355,0.037069878441406065,-0.118620865827374,0.06005448276338225,-1.9752208389629513,0.04825776333246382,0.0848450436191528,0.028399252852065692,2.987580133221053,0.0028156012266319927,-0.2202165688709829,0.02631878571219621,-8.367276943515439,6.306188032055364e-17,-0.12504720528673177,0.10470488263710528,-1.1942824645545,0.23238263166868664,-0.027923936941370034,0.049229930449289784,-0.5672146331820154,0.5705751709158224,0.056946960777151855,0.033943388173078466,1.6777040785315067,0.09342158161261659,0.08381902563133409,0.05900507503874476,1.4205392599923927,0.15546740761331268,0.171367673612233,0.02988242700889746,5.734730768729343,9.917305160346267e-09,0.023795942403963398,0.04785784446179719,0.49722135778510984,0.619038803293469,0.057649288008663466,0.026314669162916807,2.1907662092101874,0.028481004502115347,0.08049182332756721,0.0465464873014298,1.7292781473779373,0.08377581638487944
1.782,0.16898616048180215,0.1679648225364715,18738,0.11949536788661308,0.04908524290091771,2.4344458909538975,0.014923893870584274,-0.9171117336545053,0.06336470142206001,-14.473543046400575,3.2039823155161753e-47,-0.615295639073544,0.14295234230224246,-4.304201170573558,1.6844074624505295e-05,-0.4060523135867663,0.1352831568151706,-3.0014993968652846,0.0026900782611484074,-0.06631024618933314,0.058172549307713886,-1.139888950690015,0.25434715789906015,-1.1701958066500513,0.05923278644976972,-19.755879754912335,5.368561778855541e-86,0.03924810423204873,0.05298284757424624,0.7407700044254765,0.4588421995100339,0.2241987993717325,0.047712943167207665,4.698909446563354,2.634147138683495e-06,0.5012843726537531,0.02913108549978643,17.207885118370488,7.44408114541499e-66,0.2565309329691131,0.026700431820062372,9.607744724801003,8.326832207389006e-22,0.1249047456699929,0.07067483317771711,1.7673157481095239,0.07719165859283712,-0.09860497543864616,0.045797218664706776,-2.153077813754555,0.03132530172560949,0.07157847305556218,0.036393131917502285,1.9668126727268138,0.049219563543998285,-0.12277928123467083,0.060371950008541495,-2.033714021450357,0.04199451497685193,0.07605337081182417,0.028549380405458315,2.6639236905219716,0.007730124625907905,-0.22288431356601682,0.02645791524943505,-8.424107170377908,3.894747304025385e-17,-0.11324478827053212,0.10525838620779614,-1.075874259053997,0.28199736534058567,-0.02215258335977693,0.04949017564132143,-0.44761577571126676,0.6544356968658795,0.06061494924928963,0.03412282380284046,1.7763755309208586,0.07568728431943549,0.09361273387709433,0.059316994778304766,1.5781772867450334,0.11454178859042136,0.17217134852235333,0.030040395096285123,5.7313276996028755,1.0118018807315113e-08,0.016519147012788997,0.048110836367504024,0.34335605572524797,0.7313344717062595,0.0493007130392706,0.026453776938756682,1.8636549765051325,0.06238582155445189,0.08881116398035888,0.046792546952857436,1.8979767027820555,0.05771452389051855
1.836,0.16888964558278563,0.1678681890180963,18738,0.1477285876144779,0.04942295040883903,2.9890685681941287,0.0028019276978846494,-0.9215603052328865,0.06380065190621301,-14.4443712987068,4.8719974697047e-47,-0.639023601007353,0.14393585743667614,-4.439641465216464,9.062424905255189e-06,-0.42566303121201104,0.13621390779146714,-3.124960131557696,0.001781009595782494,-0.05893974680101285,0.05857277767565319,-1.006265182221539,0.3143010349046732,-1.1872927623698486,0.05964030927164036,-19.90755542467349,2.800001255459207e-87,0.04151864602641893,0.05334737068464405,0.7782697721289946,0.43641983132532436,0.2281201424763947,0.04804120922397579,4.7484263231772985,2.065237506521603e-06,0.5041886694670373,0.029331507983322555,17.18931974972822,1.0204255633156754e-65,0.25369699843590604,0.026884131354942498,9.436681999742769,4.286374789873848e-21,0.13128040702608332,0.07116107752275133,1.84483444596677,0.06507741644636966,-0.09451347600242113,0.046112304496434366,-2.049636795092932,0.04041379467101598,0.06036038837117347,0.03664351743377895,1.647232378285052,0.09952708036611985,-0.1161056497266532,0.060787310299757535,-1.9100310435534489,0.05614448667099881,0.061375703256787095,0.028745800745658873,2.135118927450853,0.03276424530833909,-0.22769961208149603,0.0266399462651869,-8.54729997631617,1.35550463853253e-17,-0.12424795339936871,0.1059825661281402,-1.172343319646973,0.24107416939792198,-0.026091140732451275,0.049830669095049594,-0.5235960344558827,0.6005657403139264,0.06237792629533587,0.03435758955133551,1.8155501334613031,0.06945540621462236,0.10603199308400246,0.059725096955254346,1.775333963265743,0.07585900962813484,0.16953297027820347,0.03024707364905131,5.60493792706194,2.1126622612445614e-08,0.0253176769630477,0.04844183993789435,0.5226406964621212,0.6012305014190129,0.046422666940127276,0.026635779482843656,1.7428687217518275,0.08137297340581191,0.08690378659230699,0.04711448066423051,1.84452392061035,0.06512261675772449
1.89,0.1689854009359657,0.1679640620571331,18738,0.17572582667855358,0.04970706411686938,3.535228438867233,0.0004084064705768778,-0.9323943029865115,0.06416741754116355,-14.530650269482614,1.4071498510516182e-47,-0.6483552952490428,0.14476328983066666,-4.478727279598582,7.5533541009411505e-06,-0.45751126107141865,0.1369969496395923,-3.3395726129306262,0.0008407130017921065,-0.048075860326272826,0.05890949025386646,-0.8160970349445084,0.4144550270178605,-1.2122933180788773,0.05998315868218894,-20.210561509473305,7.189222251747453e-90,0.04328965253376151,0.05365404438934,0.806829252602667,0.4197751167507938,0.23843225836765666,0.04831737982848191,4.934710019749596,8.095958851943457e-07,0.5046558461473019,0.029500123645202846,17.10690613425162,4.121817079601671e-65,0.2515676310984282,0.027038677981221237,9.30399153661084,1.498093220215497e-20,0.14057840408659947,0.07157015543969429,1.9642042583664947,0.04952118665722915,-0.08524004912982741,0.04637738656271997,-1.8379657727058478,0.06608329039029309,0.051403622131896545,0.036854167051563066,1.3947845316915501,0.16309737943350575,-0.0975641732922983,0.06113675338212289,-1.595835040217023,0.11054251334210284,0.05289867986573508,0.028911049399828453,1.8297045926686064,0.06731002386905437,-0.23371446548023447,0.026793089164437563,-8.722938368392526,2.9340168829144304e-18,-0.14566953486676,0.1065918195134632,-1.3666108293456893,0.17176373919758114,-0.031099665735805963,0.0501171266224354,-0.6205396803791203,0.5349100948696885,0.05706533142659029,0.034555098240834324,1.6514301602868908,0.09866754886484186,0.11501344995841789,0.06006843377788552,1.9147069887605535,0.05554511155791206,0.15745874904927767,0.030420952549044335,5.1759966685929495,2.2904097116702107e-07,0.03437015015590738,0.04872031361570429,0.7054583110242677,0.48053384768204976,0.043553371888409805,0.026788898428850485,1.6257992841357265,0.10400919887891003,0.0816166830241033,0.04738532385940011,1.722404246223433,0.0850128372899989
1.944,0.1706285186645714,0.1696091992208012,18738,0.2002389943824454,0.0499451967565162,4.009174202648843,6.116770864671255e-05,-0.9477701400580685,0.06447482568907731,-14.699848040358958,1.2066544945033145e-48,-0.6505186548550685,0.14545681025766843,-4.472246116924412,7.785756266612569e-06,-0.49195647800473463,0.13765326370321385,-3.5738816848208788,0.0003526123794631423,-0.05359377491334049,0.05919170914294466,-0.9054270553991697,0.36525084434737287,-1.222694106367634,0.060270521216370394,-20.286768418314782,1.5823533302224525e-90,0.03633298262041555,0.053911085907385026,0.6739426967364882,0.5003560696016329,0.2360391137431036,0.04854885487943889,4.861888387053789,1.1721437690857333e-06,0.50926036168803,0.029641450485529266,17.180682906750704,1.1815527467978684e-65,0.24812241963312323,0.027168212723910724,9.132820850403268,7.337896281432942e-20,0.14340519466704033,0.071913028034115,1.9941476334303427,0.04615040747763051,-0.080156557441348,0.046599567648614226,-1.7201137582599801,0.08542829785384864,0.04776542796562956,0.03703072505670575,1.2898863819837603,0.19710604902014386,-0.09915440792733118,0.061429642465817155,-1.6141133815406166,0.10651969492063385,0.04085568284102496,0.029049554150226784,1.4064134213469852,0.15961800177083807,-0.23435784327776008,0.026921447359804302,-8.705246792476453,3.4276921932971313e-18,-0.1455690939257118,0.10710247110386531,-1.3591571924100847,0.17411316137202565,-0.049414346325526784,0.05035722375683977,-0.9812762229334591,0.3264692302044153,0.053954302636313595,0.0347206420504224,1.553954634766243,0.12021214827856451,0.12623514146492693,0.06035620484119649,2.091502303649887,0.036496507343521174,0.16033455772178296,0.03056669082306596,5.245401232664438,1.5764023339124685e-07,0.058517861250865624,0.048953719009723354,1.1953711063145704,0.23195721674817832,0.044494355615822004,0.0269172365475753,1.65300607798946,0.09834640064157345,0.0892179214102499,0.04761233369093286,1.873840547060609,0.06096797581821881
1.998,0.17234156066712447,0.1713243465971952,18738,0.21390962022869844,0.050233926151850246,4.25826999032644,2.0701967700834507e-05,-0.9638853078703684,0.06484754976755532,-14.863866272903065,1.086603029981091e-49,-0.6310629284726561,0.1462976850484447,-4.313553753524448,1.614740175090217e-05,-0.4765108612757065,0.138449026783066,-3.4417783378307547,0.000579166187589703,-0.06147486555224394,0.05953389192526399,-1.0326028345235108,0.30180314527749535,-1.2313379666395514,0.06061894052948483,-20.31275960754598,9.431020870294445e-91,0.02994416387880643,0.054222741807185046,0.5522436321144966,0.5807880393166188,0.2404934705579434,0.04882951212825976,4.92516636099584,8.500739851275071e-07,0.5144729939440305,0.029812805463210763,17.256778956240606,3.2389558176282323e-66,0.2438650023626161,0.02732527010162659,8.924523031452104,4.881241901123193e-19,0.1354047425748478,0.07232875179634489,1.8720735421524368,0.061212013702112926,-0.07392944966373234,0.04686895621575921,-1.5773649689018316,0.11472847353926209,0.037716998684404014,0.03724479687038839,1.0126783296914972,0.3112269245937791,-0.10064935117533168,0.06178476257098379,-1.6290319325852685,0.10332309077670337,0.028584934864354154,0.029217487420074687,0.9783502069624946,0.32791379302506884,-0.23356738034452226,0.027077078205661357,-8.62601860401937,6.8522921384118706e-18,-0.13244387570500726,0.10772162236822722,-1.2295013089597873,0.21889936503694335,-0.051979872327200714,0.05064833504902057,-1.026289852902201,0.3047682438509849,0.05213935657132486,0.034921359449408725,1.4930505969236447,0.1354408012922619,0.1311008874051124,0.060705119484849045,2.1596347806848963,0.030813614488924834,0.15399134692982547,0.03074339454498202,5.008924655490269,5.523322484329574e-07,0.06815648691518625,0.049236716747382406,1.3842614093233518,0.16629493208391388,0.051803079749628854,0.027072843051046146,1.9134702495764324,0.05570311909854518,0.0964892048297178,0.047887576981775086,2.014910983415164,0.043928250494315764
2.052,0.172273877239963,0.17125657998531507,18738,0.2169680535586032,0.050562536618378985,4.291083242048767,1.786964830823257e-05,-0.9658377952046913,0.06527175677693671,-14.79717787442735,2.9008263259764336e-49,-0.5802377523532247,0.14725470661173082,-3.9403681261146257,8.165209062291783e-05,-0.45085350188821594,0.13935470552981785,-3.235294424928812,0.0012172840950483818,-0.0766336790475789,0.0599233390877393,-1.2788619628718025,0.20096152735566603,-1.260489600997638,0.06101548565055811,-20.658519514481785,9.093713895585105e-94,0.011752897111529614,0.05457744552729373,0.21534348113914725,0.8295018783959224,0.25552604059032324,0.049148935473994945,5.199014752324064,2.024547007674442e-07,0.5230754947046033,0.03000782903915388,17.431300812268034,1.630638704560045e-67,0.24556274006624815,0.02750402120559119,8.928248645195511,4.720329841233143e-19,0.14297108322223634,0.072801897868969,1.963837309290479,0.049563742844698895,-0.06997300567430735,0.04717555438053771,-1.4832471307040906,0.13802560352052468,0.036554668488975775,0.037488437593161075,0.9750918105918704,0.32952732433388665,-0.07400325733595402,0.06218893403851839,-1.1899746872991601,0.2340714370553364,0.014414508219271472,0.02940861666095634,0.49014574148292245,0.6240365183463359,-0.24087985268261053,0.027254205736455997,-8.838263533044474,1.056691944771811e-18,-0.11767309172563971,0.10842629459461564,-1.0852818697309172,0.27781081345867514,-0.05840880147926991,0.050979656414566456,-1.1457276409297399,0.25192251389170023,0.04730561035707814,0.03514980116399418,1.3458286758542408,0.17837407893273285,0.12748968795950733,0.06110222835454595,2.0864981751524323,0.03694702358670581,0.14497305832800672,0.03094450566644931,4.684936960721579,2.8201525925448295e-06,0.08484998001300051,0.0495588038645986,1.7121071009869853,0.08689350042815094,0.04658828368781741,0.02724994287713521,1.7096653705982094,0.08734434759328273,0.11145751756322356,0.048200838560520556,2.3123564006729564,0.020768847518819248
2.106,0.1737064542148099,0.17269091763508038,18738,0.2187465576899293,0.05096154100445125,4.292385068787908,1.776527000689337e-05,-0.9708848276580211,0.06578683610211386,-14.758041048683669,5.1513944481577785e-49,-0.5522284311192012,0.14841673837946673,-3.720796165910093,0.00019917655792952378,-0.4210155183638769,0.14045439598138423,-2.9975246799657174,0.0027253899422998926,-0.10559369707510319,0.060396212418928404,-1.7483496538271284,0.080419896876663,-1.2924241456925945,0.06149697744312085,-21.016059641109518,6.155997726664215e-97,-0.00685023716158753,0.055008132783164014,-0.12453135227458835,0.9008959155916081,0.26426000285532897,0.04953678470262282,5.334621623945189,9.685696962464673e-08,0.5321632467483757,0.03024462996339345,17.595296996275994,9.57532535299153e-69,0.24867107991987208,0.027721063819146827,8.970473916232462,3.225257453394283e-19,0.12224628671282202,0.0733763998324157,1.6660164166137916,0.09572688109267032,-0.06926479106041064,0.04754783105754254,-1.4567392354150954,0.14520515248555496,0.0393739413152331,0.03778427027931691,1.0420722968622838,0.29739162303623184,-0.054744596390139705,0.06267968586993478,-0.8734025327398577,0.38245491793056186,0.0007533167816936095,0.02964068901770148,0.025414955139663832,0.9797242534665048,-0.24177615011459327,0.027469276980010046,-8.801693262277661,1.4628488236878378e-18,-0.06887947949043771,0.10928191952964095,-0.6302916327504228,0.5285114923790748,-0.05460115647911502,0.05138195242007334,-1.0626524276991864,0.28795331435241356,0.041825083541477674,0.03542717895735639,1.180593114450982,0.23777940525676888,0.12277662769750892,0.061584404660221866,1.993631802968648,0.046206796825393213,0.13709911363564312,0.031188698191419735,4.3957946815927125,1.1097593768094665e-05,0.0940997044972296,0.049949887489609664,1.883882211282333,0.059596399217214935,0.044112221960915396,0.027464980481167196,1.6061260990577895,0.10826307854287942,0.13473976945992847,0.04858120606745885,2.7734957685659682,0.005551246745560801
2.16,0.17417064661739956,0.17315568054238617,18738,0.2247379791429587,0.051423186809486876,4.370362731029684,1.247083150985736e-05,-0.9745359388526104,0.0663827799514267,-14.68055329357543,1.598955542128648e-48,-0.5451659129032995,0.14976120252477124,-3.640234611585243,0.00027312356764276315,-0.39934753845832743,0.1417267315784957,-2.81772911863947,0.004841529064713057,-0.1112470726221786,0.06094332417327671,-1.8254185200970672,0.06795382658962731,-1.31559377920671,0.0620540607082542,-21.200768558756295,1.3542721980983207e-98,-0.0028716401978415417,0.05550643548833481,-0.051735265876423346,0.9587401889236993,0.2710868222765304,0.049985524053948974,5.4233065954044735,5.9231727337938624e-08,0.5378348585049735,0.030518607285747883,17.623178327542526,5.898367735040196e-69,0.2520262183195985,0.027972180888430818,9.00988805001742,2.256767297026053e-19,0.12030101521664356,0.07404109533619359,1.6247870816929513,0.10422477474664969,-0.06641518316652022,0.047978553055221924,-1.384268156025428,0.16629286703801735,0.035239819562235014,0.03812654701441908,0.9242856309255507,0.3553495394995999,-0.0442177032183257,0.0632474829473481,-0.6991219437955468,0.4844845146338652,-0.01736008292211218,0.02990919541436229,-0.5804262763208913,0.5616341784142882,-0.2425180319993981,0.027718113185415914,-8.749442300675815,2.3229147408528003e-18,-0.057217024225153526,0.11027187271242819,-0.5188723363243007,0.6038559055779813,-0.05782647068253108,0.051847406610071145,-1.1153204077771273,0.2647274650674186,0.04483756279181929,0.03574810348647299,1.2542640984796782,0.20976169445364928,0.1279253523247149,0.062142279903133466,2.0585880100331564,0.03954753321299015,0.1341605238057295,0.031471227553774246,4.2629580805671505,2.0272629328521738e-05,0.0996017314348503,0.050402369019152994,1.9761319432624576,0.048154497826895286,0.052038413664638586,0.02771377776583739,1.8777091345802026,0.06043650550876879,0.13811565799260445,0.04902128910934831,2.8174627901873337,0.00484554444399069
2.214,0.17295738665757976,0.17194092945404893,18738,0.2345547440913613,0.051866262922619685,4.52229890634878,6.1547105845921726e-06,-0.9850694564674758,0.06695475197309073,-14.71246517145456,1.0035880058883729e-48,-0.5578417216525201,0.15105158563071538,-3.6930543914733094,0.00022220671828784627,-0.42930301024034867,0.14294788750544093,-3.0032133928807334,0.0026749804249805533,-0.1253759198241894,0.06146842836987441,-2.03967993243237,0.0413962290794987,-1.3269111023881175,0.06258873531184467,-21.20047794186704,1.3624632352437674e-98,-0.010389729859431375,0.05598469397863692,-0.18558161384959915,0.8527748843861279,0.2759220370896512,0.0504162128751763,5.472883053965134,4.484588978626501e-08,0.5409315975129039,0.03078156387660431,17.573233110616638,1.4042477575181632e-68,0.24601921221898232,0.02821319677937143,8.720004831174025,3.010723182627857e-18,0.12617168372861376,0.07467905347860114,1.6895190532210955,0.0911366607957221,-0.05277722664501196,0.048391949270439036,-1.0906199779237191,0.2754541771459347,0.03388957276486268,0.03845505567571441,0.8812774333405795,0.37817899536989186,-0.03310551040600698,0.06379244040036568,-0.5189566380943347,0.6037971165169018,-0.034134178644150984,0.030166901147385447,-1.1315109390050617,0.2578546010829884,-0.24258190029592452,0.0279569399601755,-8.676983269323504,4.3916247887213605e-18,-0.05914530188089902,0.11122200505117864,-0.5317769793278173,0.5948867809714659,-0.051708872729411236,0.05229413791596852,-0.9888082066196837,0.3227697725320038,0.054264747380731046,0.03605611883377803,1.5050080024113643,0.1323388960863869,0.14314148202345037,0.06267771462721423,2.2837699631329462,0.022396205161544072,0.1356883132929488,0.031742392179018204,4.274671944310458,1.9236618366104937e-05,0.1074898557715287,0.050836649489564685,2.1144166039816077,0.034492888073984505,0.05403609474954117,0.027952567185446996,1.9331353142288161,0.053234597037397365,0.14401794437873391,0.04944366982098719,2.9127681035844772,0.0035866400297925962
2.268,0.17095760689826878,0.1699386919126249,18738,0.2382040214271882,0.05248240284657561,4.538740768473229,5.694342243412002e-06,-0.9914284774478241,0.06775013404738313,-14.633601709989803,3.167210179946811e-48,-0.5664493454445627,0.15284598737164634,-3.7060138456054865,0.00021115347254884985,-0.46030884102443126,0.1446460221998311,-3.1823124758211896,0.0014634285790901206,-0.11963427342889113,0.062198636228458865,-1.9234227739249483,0.054442129674747645,-1.3290941846744198,0.06333225174126375,-20.98605604778231,1.1409144760837158e-96,-0.013386102005962998,0.05664975837979025,-0.23629583583075753,0.8132057040453543,0.28011749879081016,0.05101512707906643,5.490871332274966,4.051585021925887e-08,0.5407969293158248,0.03114723029167784,17.36260091993859,5.306749262383773e-67,0.2526879301552669,0.02854835254226358,8.851226345940011,9.413347267983433e-19,0.14078049488934713,0.07556619559639846,1.8630088993927971,0.06247666880269961,-0.03320825638946527,0.04896681644350008,-0.6781787913000699,0.4976667233146278,0.02815442979552344,0.03891187854562321,0.7235433201332871,0.46935519306918816,-0.025684420323997648,0.06455025612030454,-0.39789803895012754,0.6907098843524218,-0.05314950655228702,0.03052526573992735,-1.741164417866703,0.08167119554250386,-0.24444839867912102,0.028289051546599258,-8.641095594048192,6.008866673959849e-18,-0.08879489430514458,0.11254325539529342,-0.7889845907981261,0.43013100789402436,-0.056436651215666225,0.05291536073680209,-1.0665457143225163,0.2861907842203317,0.061097216528660556,0.036484443780758186,1.6746100583526804,0.09402747356966364,0.1652582321446707,0.06342228807723817,2.605680702396178,0.009176448427194185,0.12833501330913138,0.03211947265486699,3.9955516919013014,6.479082230378363e-05,0.11760743096674871,0.051440558226876355,2.2862782796416443,0.022249104001188465,0.06013974189025373,0.028284626825944115,2.1262342353087176,0.0334968122108082,0.14667670242198977,0.05003103079991592,2.9317145794692734,0.003375043830404497
2.322,0.17019204149604117,0.169172185610309,18738,0.23890560625454882,0.05305911437556905,4.502630868723138,6.7522580170422654e-06,-0.997434508449057,0.0684946175556973,-14.562231954036097,8.915219353734881e-48,-0.5794080220324201,0.1545255606818719,-3.7495933972067648,0.0001776548291812108,-0.468531386476158,0.14623548884200346,-3.2039513129564,0.0013578252569598122,-0.1102234190129264,0.06288211618850345,-1.7528579776562643,0.07964276158005437,-1.3285814624485928,0.06402818862210885,-20.74994609467736,1.4229870769001256e-94,-0.010115981490019393,0.05727226358153997,-0.17662967826681084,0.8598011920650422,0.27841807256541873,0.051575715206587394,5.398239684126734,6.81171867422467e-08,0.5466463405527897,0.0314894967625545,17.359640412000175,5.5830164239262665e-67,0.2574809133350968,0.02886206081688323,8.921085537470702,5.03451059156527e-19,0.1498303557908962,0.0763965671845671,1.9612184331387537,0.0498683533971927,-0.029122034143491977,0.0495048963721883,-0.588265732838755,0.5563610415263969,0.02411844116675037,0.03933946813289223,0.6130850850671424,0.5398275322026973,-0.021762144661100442,0.06525957724290798,-0.33347051238315245,0.7387828806439607,-0.059604334543347584,0.030860697650872206,-1.9313994523925808,0.053448754761516816,-0.24211624008488636,0.028599910449513953,-8.465629307206486,2.7333881751229954e-17,-0.10481621607252839,0.11377995549621409,-0.9212186418548568,0.3569481626617865,-0.061686883785578635,0.05349682989489252,-1.1530941909413597,0.248886453378968,0.0725529058131977,0.03688535910124735,1.966983854326748,0.04919982304240882,0.18276286164255698,0.06411921433719261,2.8503602786122197,0.004371745415100505,0.11640084742452163,0.03247242277110695,3.5846061824525095,0.0003384456887724514,0.12911479233860848,0.0520058212746454,2.482698843591887,0.013047824469465645,0.0685812258632737,0.028595437107087014,2.3983275935403245,0.01647985692549643,0.14894044770021939,0.05058080502336538,2.9446041365181435,0.0032376577201953297
2.376,0.16819466710596764,0.16717235639438477,18738,0.22743628545504654,0.05373311752307578,4.232702213069503,2.3200056470465607e-05,-0.9966755968156257,0.0693646959270217,-14.368629221185138,1.440915253277585e-46,-0.5543638850654431,0.15648847912662037,-3.5425220320333466,0.00039728460277589184,-0.46044917514322525,0.148093099563868,-3.109187237617696,0.001878842476513379,-0.10316721737090642,0.06368089967239156,-1.6200653241655425,0.10523509436030959,-1.3338059378968616,0.06484153051762165,-20.57024143707373,5.411668124695679e-93,-0.004056819082167422,0.05799978582485443,-0.069945414874773,0.9442378531323115,0.28404361915665655,0.05223087492406954,5.438232071922671,5.4486059862482105e-08,0.5551136302439745,0.031889503814710216,17.407408828603593,2.459246700000776e-67,0.2635093356418735,0.02922869188607927,9.015433761761159,2.1459222326975192e-19,0.16135867453963834,0.0773670230119417,2.085625997458018,0.0370260275284279,-0.01921093585237381,0.05013375074272436,-0.3831936682926479,0.7015805249306006,0.021179361237284772,0.03983919236792429,0.5316212497906183,0.5949946542935007,-0.010432979095366217,0.06608856131066565,-0.15786361343717886,0.874565973969971,-0.07463428533993424,0.031252717148289956,-2.3880894894931712,0.016946073009434834,-0.24601145177142814,0.028963211456103286,-8.49392865650564,2.1452384018317772e-17,-0.11590331925930855,0.11522528772669198,-1.005884398694016,0.31448418751364343,-0.06673073386475865,0.05417639328668919,-1.231730829913958,0.21806512628184546,0.08835040551670387,0.037353909102952686,2.365225156842289,0.01802925164223561,0.20109052357109536,0.06493371252072855,3.096858561827987,0.0019587235105239143,0.10701183658322294,0.03288491580670448,3.254131383891385,0.001139414918496368,0.13756965786437242,0.052666444574530756,2.6120931263869758,0.009006160737934026,0.07232076656586627,0.028958681289379316,2.497377758440614,0.012520080223394911,0.14875815338727044,0.05122332652396678,2.904109582138682,0.0036872990965488624
2.43,0.16615664660317353,0.16513183111059437,18738,0.21845104045719566,0.054474400761289614,4.010159586967508,6.0913211317869986e-05,-0.996285766491545,0.07032162693688575,-14.167558543344281,2.4955766207276243e-45,-0.5299461910873304,0.15864733928395855,-3.340403901377723,0.0008382017647239298,-0.43146816124767423,0.1501361400101009,-2.8738461053990454,0.004059630057310419,-0.104765947882979,0.06455941902316716,-1.6227833129257827,0.10465257820076307,-1.3246521060886312,0.0657360615243551,-20.15107195915365,2.334612075184817e-89,-0.001319731033901976,0.05879993052208875,-0.022444431858745253,0.9820936770613544,0.28659771099948295,0.05295143375041771,5.4124636615193085,6.292803018458809e-08,0.5616495891056472,0.032329440221576036,17.37269761728857,4.4630696925944606e-67,0.27207827774847726,0.02963192066506762,9.181931904576944,4.665111928910229e-20,0.17143779961606048,0.07843435131882111,2.1857489318576446,0.028846328530532154,-0.02391007125187834,0.05082537837959863,-0.4704356763131521,0.6380492627237095,0.02837515590810056,0.040388799889089166,0.7025501125564755,0.48234489986223894,-0.01240793346942253,0.0670002959167254,-0.18519221892459006,0.8530802788561895,-0.0787713791858112,0.031683868669709056,-2.4861666991164983,0.012921401849845152,-0.25204610531789684,0.029362777760217916,-8.583864489121355,9.881286378357287e-18,-0.11247032498087026,0.1168148953717999,-0.9628080787377185,0.33565628613286747,-0.08063075181495334,0.05492379180182386,-1.4680478016864784,0.14210804555441056,0.10650997203286836,0.0378692305281034,2.812572913353111,0.004919805657278531,0.22696067163251146,0.06582951523803675,3.447703827254861,0.0005666167922785549,0.09652722769720873,0.03333858456819249,2.8953607043444474,0.003791611188357794,0.14877088453709383,0.053393012366966246,2.786336225321068,0.005336121087910062,0.06991343744718335,0.029358185096903133,2.3813950765831984,0.01725714201413116,0.15413506695342893,0.05192998556606431,2.968132289529357,0.0029999464336998454
2.484,0.1647012772723938,0.16367467309248918,18738,0.2071980593941839,0.05511593024601178,3.7593134774165744,0.00017089828074039,-0.9918587061423844,0.0711497846855379,-13.94043159127075,5.968337573980049e-44,-0.5194901425746737,0.16051568376138337,-3.2363824543583446,0.0012126558469736078,-0.4004731902769888,0.1519042505205941,-2.6363527610617816,0.008387173242511597,-0.09383880241317591,0.06531971689227793,-1.4366076106534609,0.1508462367461381,-1.3315256375865088,0.06651021637668993,-20.019866272051,3.099802285860259e-88,0.007360853274452142,0.05949240053740538,0.12372762248556542,0.9015322688952258,0.29996646823223355,0.05357502768691761,5.5989979134529095,2.1862084481449257e-08,0.5681705074445882,0.032710174820522596,17.369840135740088,4.6872590482208636e-67,0.27791205881323605,0.02998088734537845,9.269640875258355,2.0654304893869684e-20,0.16669574561563572,0.07935805030922538,2.1005524325017007,0.035693618550445366,-0.01874691586515597,0.05142393436822812,-0.36455623428025,0.7154468086857451,0.027425635747282972,0.04086444726876272,0.6711368336125144,0.5021416474544649,-0.0003969367297860082,0.06778933929701043,-0.005855444733675305,0.9953281201610029,-0.08105032837361224,0.03205700055657007,-2.5283191492162547,0.011469164267615503,-0.26040933005373257,0.02970857482128279,-8.765460195255786,2.0164581976869313e-18,-0.10790970669435929,0.11819059108553776,-0.9130143584463681,0.3612467518318412,-0.08566115811184821,0.055570613636689276,-1.5414830340345984,0.12321617703401871,0.11302892582866518,0.03831520565785247,2.949975705154556,0.0031819233784414393,0.22969890039352514,0.06660477066810984,3.448685403304065,0.0005645625595881946,0.08994473513245588,0.03373120357235779,2.6665142540648694,0.00767082424251353,0.1626398635318442,0.05402180664891978,3.0106335500554082,0.002610508807114062,0.07504445070673482,0.02970392807148172,2.5264150426887086,0.011531500719114223,0.1545025449258906,0.0525415501985568,2.9405783487928843,0.00328001010451478
2.538,0.16369962153627693,0.16267178629503154,18738,0.20882126105709947,0.05559144861872892,3.756355810932169,0.00017292816909169904,-1.0048547137965091,0.07176363679112382,-14.002282475193564,2.5266924669523635e-44,-0.5305696158409328,0.16190054937822224,-3.2771328934866566,0.0010505799396016244,-0.3871544140296117,0.1532148201089863,-2.5268731429127884,0.011516476073122662,-0.08954079291094369,0.06588326948667884,-1.359082413617136,0.17413685301872656,-1.3405991791733247,0.06708404012817776,-19.98387659138949,6.283233366385612e-88,0.010657812978911427,0.06000567735893975,0.17761341006383302,0.8590285146086066,0.31874900682112983,0.054037251763881314,5.8986901890185095,3.727069849947175e-09,0.5700977798958995,0.03299238522743256,17.27967759729823,2.191831234882511e-66,0.27719256963264405,0.030239550543104694,9.166557195931944,5.377170647909506e-20,0.1656804754254572,0.08004272007305972,2.069900614000009,0.03847533969199183,-0.02319115988832243,0.051867599665726426,-0.4471222890163338,0.6547919412046921,0.030748033644830856,0.0412170095022312,0.7460035071968618,0.45567466680521773,0.01597639943561233,0.06837419881341888,0.2336612305938546,0.815250543910002,-0.08521053467604987,0.03233357563515101,-2.6353576120858837,0.008411796238405668,-0.267417857264584,0.029964888614621765,-8.924373479369248,4.887813072662897e-19,-0.10153996111461287,0.11921029260001122,-0.8517717631590086,0.3943516808708769,-0.09262026268478106,0.05605005483725439,-1.6524562367282432,0.0984583550231058,0.12407207408553318,0.038645774046400405,3.2104952519922336,0.001327301538870611,0.23638318168858583,0.06717941019649898,3.5186849809661593,0.0004347202773308394,0.08248418716319264,0.03402222301013057,2.424420859819533,0.015342232197798884,0.17763276875616324,0.05448788535745782,3.260041522823576,0.0011159490415226972,0.08116386525991973,0.029960201774507533,2.7090560294216792,0.006753633326768738,0.15952605011163445,0.052994857841899376,3.010217530681028,0.0026140855442779295
2.592,0.16304873848355506,0.16202010328985628,18738,0.204020911559278,0.056120223774677305,3.6354258382579148,0.0002782657884178875,-1.0036784858963677,0.07244623868725189,-13.85411450039823,1.968529568253104e-43,-0.5363881347993577,0.1634405162323466,-3.281855363432833,0.0010331531595833502,-0.3659594333613228,0.15467216997861066,-2.3660328384345464,0.017989978855200636,-0.07934938805936853,0.06650993846118496,-1.193045579281007,0.2328666482143318,-1.3599691615183684,0.06772213060183514,-20.081606255334144,9.198378216133784e-89,0.019085056962264584,0.060576439808770435,0.3150574220359083,0.7527215684376554,0.33744692514531366,0.05455124369858406,6.185870426893173,6.304265926529192e-10,0.573796768478803,0.033306202443519055,17.227925322673833,5.294199063405141e-66,0.2778711037651866,0.030527183325691553,9.102415404677425,9.701647003054583e-20,0.17384075760650863,0.08080407101535027,2.1513861297097803,0.031458493116386974,-0.028058619263937462,0.05236095428740601,-0.5358691346594917,0.5920553661044258,0.02613560450724397,0.041609057760889565,0.6281229596073702,0.5299310585353675,0.03224713804220021,0.06902456102808928,0.46718352948419856,0.6403740158167642,-0.0935596156709548,0.03264112638123979,-2.8663108796615364,0.00415749294050508,-0.2755851911479333,0.030249908865826996,-9.110281699369315,9.026260185054751e-20,-0.10726825198583265,0.12034419795104011,-0.8913454392664018,0.3727553383036011,-0.08391820531167224,0.05658319216725554,-1.4830942210474183,0.13806621906248082,0.13714486173460905,0.039013365208456344,3.5153302208567796,0.00044024579856396617,0.24447459265891314,0.06781840781188415,3.604841230378644,0.00031315503012858747,0.07167616139746501,0.03434583584492602,2.0868952417139637,0.03691110393368246,0.1747194016667084,0.055006163632139816,3.176360431808423,0.0014937757415261824,0.08482598319510923,0.03024517744539198,2.8046118541795146,0.005042912855626186,0.15185436655026022,0.0534989347263138,2.83845589313332,0.004538117819863664
2.646,0.16265375125402293,0.1616246306105925,18738,0.2027393389330388,0.05670081938717194,3.575598044689047,0.0003503084541307282,-0.9987591368461521,0.07319573620337791,-13.645045307981484,3.4399653889601647e-42,-0.5465607598516377,0.1651314012688951,-3.309853581158887,0.0009352116530290346,-0.35645686728596077,0.15627234148942215,-2.2809978009454017,0.022559762675970468,-0.09976560940428487,0.06719802157740509,-1.4846509921332331,0.1376531430901319,-1.3799478522449715,0.06842275453473463,-20.16796695234543,1.6714207321866464e-89,0.01410826194264607,0.061203137508956486,0.23051533821418,0.8176938659554732,0.35232854092799143,0.05511560732041648,6.3925366707785205,1.6701149281266024e-10,0.5783784965783204,0.033650774038336724,17.187672887387414,1.049360135113419e-65,0.2813832178499389,0.03084300438819974,9.123080693059643,8.025339114915793e-20,0.16243504833032582,0.0816400350573252,1.9896494191393814,0.04664409756567811,-0.027046463589282643,0.05290265812036573,-0.5112496148633158,0.6091823126236702,0.018845231544155,0.04203952711313239,0.4482741086368711,0.6539605737867328,0.04509115252722108,0.06973865934402221,0.6465732629700482,0.5179160963338764,-0.10724960175795473,0.03297881738617805,-3.2520754307856037,0.0011476843336366788,-0.2787497296710325,0.030562861366450957,-9.120537711728058,8.21505996437066e-20,-0.07433351214293146,0.12158922707993473,-0.6113494914649257,0.5409756587873863,-0.07716531064982572,0.057168577450912805,-1.349785390690942,0.17710115881767413,0.1427815520876508,0.03941698064590763,3.6223361035765875,0.00029272658000713503,0.24559092292316484,0.06852002778724352,3.584221005947795,0.0003389451364992544,0.06837727663546707,0.03470116303818683,1.9704606603594648,0.048800316744754706,0.17472510425221255,0.055575233659251724,3.143938275158753,0.0016695110480325155,0.097039563146104,0.0305580809967823,3.1755777843615918,0.0014978090106265007,0.1613000857195665,0.054052411613717974,2.9841422594108664,0.0028474165316464523
2.7,0.16320544460365016,0.16217700200590968,18738,0.20336252021613332,0.05719256144554309,3.555751221420089,0.0003778305075451655,-1.0003739324806702,0.0738305316503161,-13.549596760575232,1.2521987413404246e-41,-0.5401366238967891,0.1665635155846902,-3.2428267499082257,0.0011855748062186027,-0.34517539393876295,0.15762762495271324,-2.189815357823936,0.028549931338140672,-0.11461188516397819,0.0677808013997443,-1.6909195937068187,0.09086881244699478,-1.386738938503572,0.06901615594441421,-20.092961126673806,7.35368967816925e-89,0.006685726436262973,0.06173392625491659,0.10829906409412136,0.913759626049586,0.3553405078028919,0.055593601509654776,6.391751895066215,1.6786921971038698e-10,0.5837450882279053,0.033942612870125066,17.19800094534544,8.805449753125914e-66,0.2857869437032311,0.031110492629606624,9.186191524053816,4.4848965185887864e-20,0.16093826398073793,0.08234806431190181,1.9543660840790091,0.05067280934309389,-0.023283842060416397,0.053361460343659524,-0.43634192000112704,0.6625937051613833,0.025374717705093728,0.04240411802767285,0.5984022044400082,0.5495788374482256,0.03642595003267497,0.07034347303568524,0.5178298491772804,0.6045831115374044,-0.11640177841198437,0.033264828624100205,-3.4992447947755805,0.0004676622999102272,-0.2795261896024375,0.03082792004673964,-9.0673061685198,1.3378070448469183e-19,-0.06524832268007554,0.12264371866305941,-0.5320152013600717,0.5947217826635063,-0.0679320493019589,0.05766437617575845,-1.1780592075583205,0.23878798315328623,0.14160014882886304,0.03975882733184776,3.561476993448395,0.0003696897774160142,0.2357945181732188,0.06911427280641463,3.411661710362874,0.0006470471763412709,0.07080669737632705,0.03500211144642327,2.022926459299715,0.043094920613033307,0.17064912276253655,0.05605721399197759,3.0441955746669525,0.0023362735977722543,0.10959644635103354,0.03082309821896075,3.555659641106927,0.00037796206492225477,0.16699490604586492,0.0545211851593939,3.062936096448593,0.002194881022115831
2.754,0.16353677042303927,0.16250873503347696,18738,0.20392314831921707,0.0575950184722636,3.540638647723008,0.0004001291179948304,-0.9943344286095752,0.07435006802879204,-13.373685525405564,1.3237385447505792e-40,-0.5469785497705064,0.16773560257551606,-3.2609567758535447,0.0011123552992476718,-0.3533777030417079,0.15873683117925877,-2.22618594825447,0.02601358889031392,-0.12957850914301844,0.06825776656987483,-1.8983701878140147,0.05766270347117216,-1.3982001381703322,0.06950181415266765,-20.117462475138367,4.535002678888304e-89,-0.0010924095397822145,0.062168340307729976,-0.017571798352261706,0.9859806421817696,0.3596750412286012,0.05598480685179641,6.424511603312965,1.3548195091254212e-10,0.5902303160130118,0.034181462865816255,17.267555760560544,2.6953426589060464e-66,0.28413046911382633,0.031329413343193536,9.069128298106323,1.3157214137462722e-19,0.14822130723068994,0.08292753752103083,1.7873593219031771,0.07389560933269528,-0.01812750111096218,0.053736958382715215,-0.3373376844639757,0.7358661380149925,0.02487390226250788,0.04270251059535619,0.5824927367435129,0.5602418502441633,0.0362967680259436,0.07083847141120111,0.5123877930009129,0.6083856796112296,-0.12427340826538139,0.03349890913534238,-3.7097747799276575,0.000208043723404658,-0.27842221956173907,0.03104485233178517,-8.968386017306882,3.286707173112898e-19,-0.04502880595636097,0.12350674744008104,-0.3645857970489148,0.7154247379685809,-0.0643535333233762,0.058070153304756005,-1.1082032621068625,0.2677882847165747,0.14483805025343838,0.04003860531397408,3.6174599269292655,0.00029829124023785083,0.23706991267369004,0.06960062145096878,3.4061464931128174,0.0006602529525346145,0.06671267851823506,0.0352484170033982,1.892643250101231,0.05842074536434152,0.17073153212719347,0.0564516817181858,3.024383453791646,0.0024947821053528025,0.11669049234541208,0.03103999657339673,3.759359060156061,0.0001708671727564066,0.1743693248678996,0.05490484403946383,3.1758459188513233,0.001496426086776497
2.808,0.16325855493618324,0.1622301776124434,18738,0.20744153903222545,0.05808030431111398,3.571633129210902,0.0003556521380027471,-0.9917766253945026,0.0749765290681146,-13.227827931238247,9.143569171435817e-40,-0.5520877804880205,0.1691489142604517,-3.26391560301669,0.0011008105515357477,-0.37052911873862193,0.16007432074552005,-2.3147317884151746,0.020638382022148127,-0.15399750559319647,0.06883289491233499,-2.237266147084565,0.025280674978695926,-1.407777908388492,0.07008742462866643,-20.08602707043536,8.430864161161232e-89,-0.015112749328522294,0.0626921601792472,-0.24106282644133586,0.8095090643678547,0.3622199624410934,0.05645652532114692,6.415909593809463,1.4334042243324907e-10,0.5930679252828467,0.03446947006366027,17.205600323635192,7.738831105129536e-66,0.2845885561954493,0.031593389656392634,9.007851303409142,2.298881712526299e-19,0.1407308276945442,0.08362627086077391,1.6828542782786693,0.09241998554706943,-0.00834740368681635,0.05418973686282947,-0.1540403067087434,0.8775796157138912,0.02517157300112933,0.04306231469343568,0.5845383180241916,0.5588652395856504,0.03850395742914418,0.07143534433412967,0.539004295255397,0.5898903026228868,-0.13486174106756688,0.033781165251435936,-3.992216966578271,6.570819898379121e-05,-0.2738988418258492,0.03130643098225599,-8.74896413395353,2.3327372726843535e-18,-0.026210165300579596,0.1245473943072056,-0.21044330510785506,0.833323987839187,-0.05875969437874579,0.058559442548967985,-1.0034196334709018,0.31567140895683365,0.14758875187552095,0.040375963798815064,3.655361705070984,0.00025752236040256136,0.23477191628493413,0.07018706446047328,3.3449456547245804,0.0008246040217749026,0.06217323504261854,0.03554541417550398,1.7491211309464796,0.08028647610439539,0.17944795636112346,0.0569273339958271,3.152228354383808,0.0016228519375862888,0.12032560102835128,0.03130153431007248,3.844079968617764,0.00012140572023683634,0.1863729709604959,0.055367462925669624,3.36611000599215,0.0007638964304139892
2.862,0.162953718072413,0.16192496609612073,18738,0.2158282718734975,0.05875107424417278,3.6736055408366326,0.00023981856626978964,-1.0119182952192927,0.07584243364593163,-13.342376379210169,2.0077898244233636e-40,-0.5403286978168819,0.1711024165232444,-3.1579255792888103,0.0015914853279311004,-0.40957352844660494,0.1619230204499112,-2.5294335994263473,0.011432818433593372,-0.16619930105983335,0.06962784660654907,-2.3869659792724502,0.016997932922061285,-1.4219879025980302,0.07089686489734351,-20.057133762642753,1.4894830711053202e-88,-0.027179646637579033,0.0634161924753159,-0.42859158799479224,0.668225401269178,0.36224122885920235,0.057108542216711834,6.343030565980699,2.304513323360166e-10,0.5989688569601628,0.0348675582693164,17.17839982753418,1.228228263021717e-65,0.2938234566924869,0.031958261984736544,9.19397484233713,4.1732006618894317e-20,0.13266483044004249,0.084592071380805,1.5682891821247658,0.1168305666540079,0.0019047568003310658,0.05481557459903083,0.034748459981750204,0.9722806893634299,0.024988183926493487,0.04355964173548331,0.5736544868351919,0.5662085264170733,0.04152083189384978,0.07226035173905586,0.5746004675397707,0.5655684427484542,-0.14821807861313116,0.034171304218907184,-4.337501362652738,1.4486566016565606e-05,-0.27216413999417516,0.031667989222408995,-8.594298112290172,9.026821049870197e-18,-0.022040652735941108,0.12598579323319237,-0.17494554084479305,0.8611243182204583,-0.059298309472173426,0.059235746053648744,-1.001056176763065,0.3168125934771216,0.15720404386257575,0.040842266151320694,3.8490529217975906,0.00011896944626150303,0.23083625503292934,0.07099765547042321,3.251322223296416,0.001150727730161615,0.061928768713917816,0.035955928468943854,1.7223520946596451,0.08502227859748242,0.18409916613962174,0.05758478826481738,3.197010385676818,0.0013909073841540916,0.13149057066088832,0.03166303599851641,4.152809941126599,3.298730697709243e-05,0.18924423207729194,0.0560069022302805,3.3789448182509156,0.0007291305652299556
2.916,0.16197955807719833,0.1609496088325566,18738,0.22006337543979954,0.059281384914990944,3.712183440980145,0.00020607476204929538,-1.0220028429334562,0.07652701775576592,-13.354797729021048,1.7021281154791336e-40,-0.5179662141295542,0.17264685530078813,-3.0001485589016097,0.002702032027441475,-0.4277597604476312,0.1633846023307602,-2.6181155038200163,0.00884880672177062,-0.17971628898632458,0.07025633537065377,-2.5580082997239915,0.01053516282219057,-1.4444528984703404,0.07153680832759225,-20.191743694458406,1.0438689371768319e-89,-0.0305994134232892,0.06398861236729181,-0.47820092187106544,0.6325127924567746,0.37635388382724594,0.057624026737156935,6.531197230348477,6.692435264560459e-11,0.601030312557814,0.035182286782002734,17.083321396415514,6.138789576040711e-65,0.30085141419291456,0.03224673002671433,9.329671999104361,1.1774531183120233e-20,0.13175714455677334,0.08535563321685607,1.5436256470856322,0.1226959568875537,0.008697444703888266,0.055310361877576264,0.15724801662189727,0.8750510836108873,0.029214756400738548,0.04395282846656056,0.6646843313614099,0.5062606078304843,0.06019836947971984,0.07291260254633529,0.8256236559580263,0.40902813631120516,-0.15624494304273226,0.034479748064337935,-4.531498975896952,5.892895795443826e-06,-0.27597404321720853,0.031953837146452085,-8.636647985415756,6.246402512901621e-18,-0.01603737056314307,0.12712299134203683,-0.1261563340654324,0.8996095307520857,-0.06415078562911015,0.05977043156587562,-1.0732863047576753,0.28315651724185875,0.16343849400190397,0.04121092476461557,3.9659021226875053,7.339095014854697e-05,0.22619452305891902,0.07163850867665664,3.1574432136751662,0.0015941192491964874,0.0661642648332959,0.03628048104592327,1.8236876393547872,0.06821525052407994,0.19108429417722536,0.05810457157238245,3.2886275383544725,0.0010086291381902403,0.1422534897820515,0.03194883921278152,4.4525401638110615,8.53511470163787e-06,0.18848979564606955,0.05651244290803471,3.3353680348380554,0.0008535218626718309
2.9699999999999998,0.16209794263495925,0.16106813888806415,18738,0.23151305480726517,0.059826931192204544,3.869713023780022,0.00010933304571143433,-1.0384644386536095,0.07723126968413745,-13.44616556092823,5.028134218027233e-41,-0.5245399550386928,0.1742356651660948,-3.0105200019678007,0.0026114845954545544,-0.432497297007123,0.16488817485497478,-2.6229734023529603,0.00872367310996241,-0.19832347118470106,0.07090288035719705,-2.7971144498725584,0.00516138982675618,-1.4690667604584784,0.07219513706810371,-20.348555596932606,4.6193809688140454e-91,-0.03487094349645553,0.0645774776461833,-0.539986149467027,0.5892130096679891,0.3940221858485955,0.05815432091482489,6.775458463794907,1.277023596049094e-11,0.6052468587882038,0.035506057314781375,17.04629870397455,1.1459898883593076e-64,0.3052284184147568,0.03254348563631443,9.379094231816408,7.393724756932197e-21,0.11195255501320939,0.08614113186887709,1.2996410957731797,0.1937400163975311,0.016406883947787353,0.05581936419013894,0.293928176822297,0.7688160463423566,0.02396485972453972,0.04435731128991775,0.5402685380975029,0.589018281592804,0.07445267843270938,0.07358359224973288,1.0118108691952268,0.31164157358054534,-0.16442171349514403,0.0347970533739682,-4.7251619764490895,2.3160289144219774e-06,-0.28422857463581097,0.032247897363212104,-8.813863782637018,1.3129683638381444e-18,0.020066506392752745,0.12829286068254486,0.1564117152427246,0.8757101905900835,-0.07050341231447446,0.060320478371883486,-1.1688138790911418,0.2424935153949788,0.16561369002298823,0.04159017478750395,3.982038807702919,6.858481363287132e-05,0.21870065403210542,0.07229777333064082,3.0249984744608587,0.0024897171416029948,0.0682856769903313,0.03661435788430187,1.8649972561613126,0.06219742807856876,0.20207459468274297,0.05863928803954765,3.4460615303934,0.000570069349125583,0.1518148899673777,0.03224285343527013,4.7084818430278546,2.5135763660137626e-06,0.19281725770315872,0.05703250756052106,3.380830791957503,0.0007241476601268253
3.024,0.16064833251176258,0.15961674715576013,18738,0.24525951764835952,0.06033073320059214,4.065250074665964,4.817709464967394e-05,-1.0546240392674588,0.07788163345847496,-13.541370313319954,1.399122522833312e-41,-0.5608238026547815,0.17570290201569047,-3.191886964989908,0.0014158019563495546,-0.4426515061564609,0.16627669657915317,-2.6621379619828103,0.007771240468477119,-0.2104991162871167,0.07149995282627726,-2.9440455268350227,0.003243504517855282,-1.473376467435636,0.07280309161843618,-20.237828293854047,4.185458178679633e-90,-0.036547447069393904,0.06512128396027002,-0.5612212297855063,0.574653452053983,0.39908898985407537,0.05864403788825915,6.805278153160308,1.0390792182226439e-11,0.6047726330175291,0.035805053479696536,16.890706038477752,1.557091577750361e-63,0.30875396179108333,0.03281753401380574,9.408201166522634,5.615199082696073e-21,0.09766800150654587,0.08686652550641631,1.124345666379067,0.260880833697465,0.010672582886598059,0.05628941851559923,0.18960193883758836,0.8496231240936098,0.025708838612705228,0.04473084377886892,0.5747452192004081,0.5654705293820272,0.08622142881794205,0.07420323896770828,1.1619631436232027,0.2452652550748629,-0.1684440224070381,0.03509007902356161,-4.800331805862693,1.5962626744899963e-06,-0.2891419736247604,0.03251945659471721,-8.891353174447927,6.574816074876137e-19,0.04297253877015131,0.1293732136203549,0.3321594754247508,0.7397725621630098,-0.08004668833138495,0.060828436536293155,-1.3159418997005663,0.1882096633206202,0.18063336348167622,0.04194040524675683,4.306905534625091,1.6639736547614283e-05,0.24001796329596758,0.0729065921799465,3.2921297803024503,0.0009961589714191981,0.06665644268788261,0.03692268703758355,1.8052977189886834,0.07104417129464238,0.20889180168609675,0.05913308891644425,3.532570435839456,0.0004125314268977938,0.15717956306001687,0.03251437019190686,4.834156778443163,1.3477215849833095e-06,0.1991633420994615,0.05751277775455895,3.462940756389985,0.0005355003368422911
3.078,0.15923155489597984,0.15819822828288843,18738,0.2693888049149916,0.06079260989345648,4.431275534758506,9.420922936286393e-06,-1.079476066601233,0.07847787536352643,-13.755164262550014,7.663828442116203e-43,-0.6100270972016615,0.17704803858215407,-3.445545638838557,0.0005711579314733999,-0.45649518650221643,0.16754966852300537,-2.7245364943204136,0.006445160856135133,-0.21176322631807618,0.07204733821344894,-2.9392234545945617,0.0032943770860695844,-1.4585366333166618,0.0733604535035507,-19.881783217794144,4.632015068482224e-87,-0.028745558550629366,0.06561983588687505,-0.4380620305144486,0.661346373839158,0.39158971398916953,0.05909300167237199,6.626668182473648,3.5270290736158224e-11,0.6057836144715385,0.036079167829244516,16.790398751395575,8.270195883483542e-63,0.30511490005497904,0.033068776676941664,9.226676361080235,3.081435113641705e-20,0.08815467309169317,0.08753155345142934,1.0071188002005425,0.3138907091728276,-0.006649991617145332,0.056720355934854506,-0.11724171168430433,0.9066697718434527,0.03191206234616766,0.045073291700476685,0.7080038120630574,0.47895170786240904,0.07818798920551394,0.07477132002351569,1.0456949159239626,0.2957154171198929,-0.17072646106211162,0.03535871971118368,-4.828411844564389,1.3871327738329296e-06,-0.28093392417011426,0.03276841725322228,-8.573313810037275,1.0826445796387266e-17,0.0531898864813867,0.13036366191896126,0.40801160153395694,0.6832698252550428,-0.07673542408702938,0.06129412351884777,-1.251921386288091,0.21061415786298418,0.19534583615133166,0.04226149028327304,4.6223130051012165,3.820185639107367e-06,0.2567935618527414,0.07346474643893953,3.495466523745184,0.00047432914340457614,0.059478026328113845,0.037205357704354375,1.5986414322567515,0.1099171801890364,0.20428096208958005,0.059585796750389684,3.4283499295198077,0.0006085697359112912,0.16301719206597892,0.032763291910210414,4.97560478698955,6.562120816601576e-07,0.19584648278890937,0.05795308089986296,3.3793972597817916,0.0007279322799229772
3.132,0.1588194970974406,0.1577856640544376,18738,0.28841746281225833,0.06124428933112481,4.709295608818215,2.503574435005903e-06,-1.1103667881322365,0.07906095351522491,-14.044439622378336,1.4034435992847036e-44,-0.6359107651086365,0.1783634773936678,-3.5652521155164045,0.00036441244639111417,-0.4884741528197175,0.1687945359533167,-2.8938978981808643,0.003809311499691816,-0.2169441614930667,0.07258263849528884,-2.9889263602224654,0.0028032314681316135,-1.4453681019570435,0.07390551002347391,-19.55697351250218,2.4991407211444562e-84,-0.02962401660517089,0.06610738084711308,-0.44811965359333356,0.6540720323967186,0.3799328135559179,0.05953205329085471,6.381987392567947,1.7890815480589166e-10,0.6099304798492968,0.036347230316859616,16.78065906348802,9.72098254664529e-63,0.3009050145193854,0.033314472436343966,9.032261131985305,1.8414737056376588e-19,0.08160986567670461,0.08818189899360078,0.9254718554272335,0.35473245083861693,-0.011985984742906273,0.05714177917228259,-0.2097586899905322,0.833858299717141,0.037206634293728634,0.04540817910019208,0.8193817728659207,0.41257906566608904,0.06559417964679692,0.07532685905763725,0.8707940363822517,0.3838777920670854,-0.17369825576683387,0.03562142938368844,-4.876229246611108,1.0902014966230947e-06,-0.27939274731118263,0.03301188138980329,-8.463399707884614,2.785975109101551e-17,0.06230823834381484,0.13133224322532625,0.4744321486758802,0.6351973079761849,-0.06504599629302123,0.06174952912311261,-1.053384490808607,0.2921784096445264,0.2013793831499442,0.04257548644497146,4.729937341061874,2.2622756506561065e-06,0.26030015894176134,0.07401057783881103,3.5170669726248285,0.00043737711508064,0.05354923458626258,0.037481787603903076,1.4286734440778475,0.153114803765124,0.19848535708630424,0.06002850975804643,3.3065181508974337,0.0009464105702968005,0.17343125753661745,0.03300671796630675,5.254422984849813,1.501166097146954e-07,0.19298642196073706,0.058383663088024854,3.3054867021579666,0.0009498987939200063
3.186,0.15919906804452355,0.15816570150423415,18738,0.30445112548898406,0.06156006374509801,4.9455947081150855,7.656954748293157e-07,-1.129842444516167,0.07946859031756338,-14.217471833855596,1.2339531341341722e-45,-0.6290225603961532,0.17928311615776044,-3.5085432129740757,0.0004516255385213942,-0.5313517260057062,0.16966483743374303,-3.131772817766133,0.0017402197451839116,-0.22900215291339246,0.07295687322616408,-3.1388701679071795,0.0016986406281233,-1.4287254748145335,0.0742865654552853,-19.232622561807823,1.21077063510375e-81,-0.039797025433439444,0.06644822927027687,-0.5989177720833737,0.5492349690418046,0.36926065592047097,0.05983899944772663,6.170902911621122,6.929711110246407e-10,0.6123322187965463,0.03653463595872772,16.760320794992538,1.3619540494996132e-62,0.2996070433218703,0.03348624123512185,8.947168516710953,3.9806265261187183e-19,0.07109095564580702,0.08863656322077791,0.8020500012927181,0.4225342196906202,-0.012635630806964119,0.05743640112036262,-0.21999342856606097,0.8258786721773275,0.04206895481076889,0.04564230282505774,0.9217097343228906,0.3566918837005978,0.04269677281811631,0.07571524293856963,0.5639125116821941,0.5728204321196346,-0.1810506699795701,0.0358050928094767,-5.056561951758175,4.3091308577629554e-07,-0.2754280297001425,0.03318209003478662,-8.30050275348527,1.1064364501642287e-16,0.07789794498589979,0.13200938982288155,0.5900939705154029,0.5551347757855042,-0.04903292104233698,0.06206790854403378,-0.7899882917361524,0.4295446157377305,0.21686378685797617,0.04279500485931858,5.067502330491131,4.06907576086597e-07,0.2750617934007581,0.07439217499831943,3.6974559946254013,0.00021839302118324046,0.05176231670670305,0.03767504300199087,1.3739152654442297,0.16948444551168554,0.18438617449895692,0.06033801563520743,3.0558872803129935,0.002247115750412299,0.1752203378410041,0.033176899988774794,5.28139572715621,1.2963671834143826e-07,0.192608854939833,0.058684688166421195,3.282097272011099,0.0010322677168041717
3.2399999999999998,0.1583704385337713,0.1573360535859396,18738,0.3219962059835313,0.061905279943166344,5.201433646356947,1.9984066681215126e-07,-1.1454775858974717,0.07991423385569998,-14.333836797657908,2.3667843947003513e-46,-0.661616468588004,0.1802884990630495,-3.669765248623137,0.00024344749165082963,-0.5366903422022178,0.17061628300675746,-3.1455986072616615,0.0016600684902582325,-0.22263272281890906,0.07336600039182747,-3.0345489958548835,0.0024122624573298668,-1.416905985427472,0.07470314926195931,-18.967151979883067,1.77384007598885e-79,-0.027538286299483947,0.06682085729698005,-0.41212111627200765,0.6802553724235569,0.3621392454504749,0.06017456427058149,6.018144873007743,1.797137941756608e-09,0.6127179184701188,0.03673951469595104,16.677354710339838,5.368014360403233e-62,0.30047911445567244,0.033674025200626734,8.923171871062209,4.940928741084062e-19,0.05737838857711924,0.08913361886860213,0.6437345336747134,0.5197554808815704,-0.01802839687901444,0.05775849266509528,-0.3121341303615666,0.7549420666278108,0.04691220948294224,0.04589825548809579,1.0220913405981067,0.3067508833905288,0.0323086899837339,0.07613983847523612,0.42433357662351817,0.6713274330903667,-0.18079045751285427,0.036005880418507656,-5.021136975723688,5.18385097594668e-07,-0.2729402594363288,0.033368168382807865,-8.179659617665878,3.0268153611053185e-16,0.0815522829699969,0.13274967137705074,0.614331335995272,0.5390038677228431,-0.02709068522065578,0.062415972631464665,-0.43403449595527144,0.6642683948877202,0.22803353346458038,0.04303499045996745,5.298793633443572,1.1789029338143721e-07,0.27715838195793036,0.0748093510416272,3.7048628025620394,0.00021211391012216437,0.04202567041396364,0.03788631690776625,1.1092572159039529,0.26733349044632015,0.16766283450013875,0.06067637883838447,2.76323072849683,0.005728820478346887,0.17438589614391872,0.03336294923208362,5.226932874873658,1.7419570648474991e-07,0.18171012405987133,0.05901377984861184,3.0791134634319755,0.002079181683201811
3.294,0.1579149623726328,0.15688001763257564,18738,0.35042344341840337,0.062281910429718826,5.626408069383709,1.8663349913750978e-08,-1.165411095370297,0.0804004304581089,-14.495085271682866,2.349899157581706e-47,-0.6940121911733529,0.1813853706899006,-3.826175112875269,0.00013057262200534162,-0.5625829538133105,0.17165430906433454,-3.277418183556693,0.0010495194953732308,-0.22691295990296295,0.07381235767264992,-3.074186586876119,0.00211381168442428,-1.4108979177784575,0.0751576417297967,-18.772514481639178,6.585202874883894e-78,-0.036228766015677615,0.06722739405795941,-0.5388988599564539,0.5899630542839014,0.36608614367668335,0.06054066511755479,6.046946180155699,1.5041899261200064e-09,0.6106636597633476,0.03696303716945155,16.520927567825414,7.00044147845329e-61,0.3016307720971012,0.033878897297274,8.903205126495404,5.911773606428266e-19,0.038825437690527466,0.08967590602526286,0.43295283439444526,0.6650540248856386,-0.015613923620634861,0.05810989418068433,-0.2686964731356354,0.7881662279365479,0.05398114227994587,0.04617749955762043,1.16899231870682,0.24242161607894444,0.024695758517495846,0.07660307173154775,0.3223860082796823,0.7471638839615502,-0.18320762363654247,0.0362249394757193,-5.057499785730273,4.2880287063864935e-07,-0.2722175310621417,0.03357117965268533,-8.108667430766534,5.430777264395653e-16,0.10240202491247859,0.13355731772589727,0.7667271749395312,0.4432534148716166,-0.03639503256941351,0.06279571016213113,-0.5795783258991071,0.5622059894770235,0.24407469353368344,0.04329681448225762,5.637243673751138,1.752845626285157e-08,0.29514148366017207,0.0752644896389706,3.921390885341938,8.835321815271094e-05,0.04286148304045397,0.03811681650301489,1.12447698870822,0.2608251500080354,0.1678768446804085,0.06104553271516402,2.750026696690732,0.005964762943134305,0.1814165609903413,0.03356592874875233,5.404782997314939,6.568055066616875e-08,0.1850849712049354,0.05937281850634975,3.1173351015017268,0.001827704444944857
3.348,0.1573664597538137,0.15633084088955906,18738,0.37310370522419645,0.06265184953142788,5.955190597159265,2.644120797486357e-09,-1.1831651340641371,0.08087798907529771,-14.629012758497321,3.3856345331326024e-48,-0.698879350415425,0.1824627548072665,-3.830257584095143,0.00012842680876101623,-0.5657384705347429,0.1726738930889994,-3.276340507613103,0.001053530499702789,-0.237703222238902,0.07425078477137002,-3.201356362371496,0.001370107515101271,-1.3896701282018076,0.0756040594821787,-18.38089300653729,8.507484380351839e-75,-0.046728882186277916,0.0676267081059141,-0.69098265308276,0.48958501304991586,0.3629087547513574,0.06090026165394764,5.9590672502116115,2.5822766478139396e-09,0.6126668515803537,0.03718258844320921,16.477251241292947,1.427987043232797e-60,0.30892311187790567,0.034080129545073945,9.064610845135665,1.3711499263362257e-19,0.014662891374170095,0.09020855866695351,0.16254434823978198,0.8708789627184599,-0.01723933823046698,0.058455052540556225,-0.2949161360945881,0.7680612165320716,0.054271462336346374,0.046451782452728366,1.1683397163838805,0.24268464435416814,0.010753897294134729,0.07705807497966585,0.13955574801177523,0.8890125081139737,-0.17950645488413608,0.036440106632228325,-4.926068320705109,8.461665662583514e-07,-0.2683725457210386,0.03377058413399201,-7.946932296350372,2.0196311538497444e-15,0.13265930681920485,0.1343506150702673,0.9874112355185135,0.32345384454718795,-0.0409685041535778,0.06316870110682567,-0.6485570137700831,0.5166327058001169,0.25281733739615225,0.04355398682244304,5.804688751613375,6.552818089327147e-09,0.289784915231332,0.07571154204143424,3.827486634372643,0.00012987960822107464,0.04694199309087552,0.03834322093987053,1.224257950694583,0.2208703458403603,0.1731651326803148,0.06140812803987684,2.8199057389905433,0.004808825293706643,0.19679259155115675,0.03376530204099191,5.828249109462894,5.693192876609718e-09,0.193847124058952,0.05972547832350419,3.245635355299716,0.001173947894715852
3.402,0.15639041045255553,0.15535359199794452,18738,0.40572212862747503,0.06301159215812746,6.43884902335615,1.2330987406124875e-10,-1.2020294816618344,0.08134238494628525,-14.777406421702524,3.877904138476279e-49,-0.7094852489112881,0.18351044344184195,-3.8661845920291604,0.00011092487894513461,-0.5813282321157912,0.17366537475038465,-3.34740435709395,0.0008173284794998866,-0.23823897220139856,0.07467712768938331,-3.19025355651525,0.001423824604236649,-1.3664750796167084,0.07603817281084632,-17.97090894090751,1.3167733181007482e-71,-0.04567769143383766,0.0680150160296389,-0.671582454879268,0.5018578407231301,0.3622055813003451,0.06124994678308487,5.913565649013329,3.4060139046117953e-09,0.6134448070547773,0.037396088318058705,16.403983267911542,4.70227635415673e-60,0.3052699808690646,0.0342758153135309,8.906279196473399,5.750875069448011e-19,0.0046579231638756505,0.09072653002914538,0.05134025474554487,0.9590549396827719,-0.018012539074977886,0.058790697446525896,-0.30638417058007356,0.7593155677416401,0.05984276917727018,0.046718505404395406,1.2809221669073345,0.20023687941614143,-0.0010345936282134746,0.07750053716568148,-0.013349502675080938,0.9893490965776109,-0.1763232911049953,0.03664934322739883,-4.811090065406058,1.5127866105717342e-06,-0.2620202544966697,0.03396449251391059,-7.714534653781622,1.274959212374693e-14,0.13916615025744367,0.13512204709542786,1.0299292620926601,0.303056523819015,-0.0378869699271268,0.06353141145985317,-0.5963501999490185,0.5509485149264122,0.2628281051934914,0.043804070830176685,6.000084015306376,2.0084609493917123e-09,0.29681983283607244,0.0761462725275917,3.8980218332882863,9.73197348590311e-05,0.04641980873023059,0.038563385086981816,1.2037275416960462,0.22871012926197076,0.16565824975014992,0.06176072930299977,2.6822586394248384,0.007319110147559178,0.21902199141251938,0.03395918009149444,6.449566533185427,1.1491583202752096e-10,0.18873643830571896,0.060068417927261746,3.1420244584144754,0.0016804565084831441
3.456,0.15531777551088777,0.1542796387596187,18738,0.42129585632305977,0.06323849187939895,6.662016183537487,2.776120405453463e-11,-1.2046565805676652,0.0816352923914035,-14.75656600569143,5.263954803313897e-49,-0.7096078728798416,0.18417124992270137,-3.8529785358880475,0.00011707890781271524,-0.5607562419431589,0.17429072992354844,-3.2173612571886707,0.0012959572265264264,-0.22448158922463224,0.07494603407434744,-2.9952430705265014,0.002745850764012189,-1.3534849540976381,0.07631198021081612,-17.73620538162632,8.211683226527547e-70,-0.03310319840652355,0.06825993268149357,-0.4849579703072047,0.627711836091994,0.3748346852977363,0.061470502959765805,6.09779759802968,1.0964938919896702e-09,0.6167513726047769,0.03753074865158461,16.433228612899963,2.924005582462275e-60,0.3084863613145697,0.03439923979265652,8.967824962818646,3.303416034487857e-19,-0.0046087691267039065,0.09105322903278082,-0.050616207416923846,0.9596318879293375,-0.024265171699366418,0.05900239806235064,-0.411257380991943,0.680888526267662,0.06037583230757831,0.046886735018842794,1.2876953851300272,0.1978679440809588,0.0004889352014145927,0.07777961042314108,0.006286161614267024,0.9949844687384801,-0.1781466882181533,0.036781314591369636,-4.843401879386704,1.2865502465750094e-06,-0.26686442031051705,0.03408679594444754,-7.828967578690455,5.1799259149754275e-15,0.1322594367024886,0.13560861081764972,0.9753026441686311,0.329422765885267,-0.029289770784667567,0.06376018300900003,-0.45937400745122053,0.6459709463452348,0.2600242783559463,0.04396180579800581,5.914777012361524,3.3810884875485035e-09,0.2943114713795274,0.07642046918602584,3.8512125679718396,0.00011792584802253068,0.03850787123404431,0.03870224876313783,0.994977616668139,0.3197600155133706,0.15287189394646822,0.06198312476682503,2.466347002051907,0.013658797913656475,0.22772351760613546,0.03408146439242167,6.6817409892977455,2.4276792437001245e-11,0.1830718220253903,0.06028471951270196,3.0367864942428264,0.002394438217145358
3.51,0.15386181165825485,0.15282188548897735,18738,0.4305885195326742,0.06357486324401457,6.77293662245059,1.2994360792028986e-11,-1.19864718328636,0.08206951803288243,-14.60526651083906,4.7794081447160746e-48,-0.6685040541109976,0.18515087376916511,-3.610590868420356,0.00030629843575775284,-0.5384606504813403,0.17521779837382143,-3.0730933471299084,0.002121567203640374,-0.22103605318424052,0.07534467893454104,-2.9336650750914366,0.003353918800111542,-1.3397167543149573,0.07671789066435737,-17.462898715193443,9.462328625033533e-68,-0.031986040044653496,0.06862301355237253,-0.4661124364677166,0.6411404469228956,0.37844329373383834,0.06179747022842897,6.123928574016956,9.311717743081502e-10,0.6212967315608061,0.037730378161457405,16.46675071482526,1.6944908606304788e-60,0.3132810319099587,0.0345822125183955,9.059022228358392,1.4429236518310544e-19,-0.015540269468278939,0.09153754954695159,-0.16976934105394637,0.8651933742361779,-0.028999897770285613,0.059316237253672216,-0.4889031926665283,0.6249159646844233,0.06802786616475034,0.04713612988219179,1.4432212897998555,0.1489748821242555,-0.0008137252168048462,0.07819332733699787,-0.010406581284076203,0.9916970102579343,-0.18028270886363235,0.036976957792429044,-4.875541949006547,1.093999584477084e-06,-0.2650687134999941,0.03426810675257171,-7.735143216807609,1.085071349430296e-14,0.13751864732092775,0.136329925512525,1.0087194488219209,0.31312224367355324,-0.02474558847753002,0.06409932929679861,-0.3860506615123962,0.699463537650628,0.2666372753156893,0.04419564269334864,6.033112294932589,1.6385697754079274e-09,0.2948437844735792,0.07682695670242158,3.8377647264568235,0.0001245674181227341,0.03139783852710855,0.03890810959003701,0.8069741464681293,0.4196916340118484,0.14627897617022229,0.062312818718108974,2.347494130091592,0.018910530642409946,0.23336847433009816,0.03426274684152941,6.811143175690613,9.976803538508638e-12,0.17975969039474068,0.060605379489961204,2.9660682254207553,0.003020144498346625
3.564,0.1532211491452119,0.152180435584794,18738,0.44090762248785603,0.06384104422675355,6.90633475420327,5.1330346456112275e-12,-1.1993548721645337,0.08241313410766751,-14.55295791320899,1.0194821378761497e-47,-0.639140301046542,0.1859260801796877,-3.437604344849559,0.0005881609866451217,-0.5064167934183326,0.17595141608661918,-2.8781626467219135,0.00400451610849653,-0.20909328027566002,0.07566013884526035,-2.763585733080616,0.005722594763138976,-1.320565004160512,0.07703910006204527,-17.141490530093986,2.2961318306571526e-65,-0.03423275754903031,0.06891033058702775,-0.4967725050425831,0.6193553216976719,0.38549972725130843,0.062056209461465936,6.2121056151630745,5.338265175726273e-10,0.634213021500467,0.03788835111846688,16.73899768077661,1.9387539740590031e-62,0.31153105630923283,0.03472700445098847,8.970858881563148,3.2140519926448717e-19,-0.020984958536385014,0.09192080723171302,-0.22829388871103307,0.8194202695512203,-0.029360983725300507,0.05956458783625955,-0.4929268344139738,0.6220700693063689,0.06983477700585675,0.0473334836905106,1.4753779261731625,0.14012779016566057,-0.004282672432101058,0.07852071422628312,-0.05454194443212954,0.9565039736976185,-0.18457442650659092,0.0371317762609503,-4.970794427109024,6.726838454109678e-07,-0.2622528793278144,0.034411583558758355,-7.621063961791041,2.635710246272215e-14,0.1333063056204265,0.13690072396490033,0.9737443437815902,0.3301960797099899,-0.01100000202171379,0.06436770616140379,-0.17089318041147813,0.864309606572625,0.2754921974215677,0.04438068500417113,6.207479614063539,5.497410605773153e-10,0.28762494274486305,0.07714862274765404,3.7281928374231317,0.00019342610157878555,0.030348064057876923,0.03907101357942415,0.7767411509861375,0.43732132047197725,0.13495313016442836,0.06257371565877497,2.1567063541559617,0.031041246961967472,0.24999235135824913,0.034406201206356124,7.265909707929805,3.8510316071338146e-13,0.182333026069433,0.0608591275697642,2.995984880992921,0.002739183074381968
3.618,0.15248226216695815,0.15144064049493933,18738,0.4567173905206143,0.06416090964522406,7.1183122721610435,1.1321368481140773e-12,-1.194552139215829,0.08282605203449818,-14.422420360181862,6.674754142873866e-47,-0.6403025083500855,0.18685763329197744,-3.4266863872217113,0.0006123075083998877,-0.4991160607319211,0.17683299272777067,-2.822527928938555,0.004769692391007036,-0.1951927913660687,0.07603922196124632,-2.567001428099165,0.010265919647671966,-1.2974160912003228,0.07742509224432244,-16.75704934398011,1.437817028531504e-62,-0.02883476890800453,0.06925559486014758,-0.41635291655832996,0.6771565510775481,0.3860257522193346,0.06236713224865567,6.189570344204105,6.158358661193398e-10,0.6386480362224195,0.038078184687645684,16.772018977827646,1.1218810298657354e-62,0.3102444782283201,0.034900998594497294,8.889272247850098,6.698585536176584e-19,-0.03037952580496718,0.0923813618455581,-0.3288490794902467,0.7422734439481627,-0.03609933418768174,0.059863026748796705,-0.603032224534276,0.5464945599305255,0.07325904547804499,0.047570640597195214,1.5400054436593895,0.12357593402500809,-0.015314738945727852,0.07891412980115037,-0.1940684004793347,0.8461244303856457,-0.1849518194647245,0.037317819131898286,-4.95612615547066,7.254082275073383e-07,-0.2602038198289427,0.0345839973359541,-7.523821416630473,5.560322966758078e-14,0.12873621652623246,0.13758664331177714,0.9356737938181308,0.3494532409808755,-0.009023236416038914,0.06469021033589967,-0.13948380085930084,0.889069356836302,0.2810928079881944,0.04460304738174199,6.302098723937373,3.002012153595312e-10,0.28990803932200304,0.07753516367596267,3.739052393486852,0.00018526554046974415,0.030291590662436647,0.03926677269113699,0.7714306164324486,0.4404614737906065,0.1368915826406236,0.06288723132862144,2.17677865201741,0.029509543669451382,0.2657921476073716,0.034578588016129515,7.686610785940428,1.58528850588143e-14,0.17464095097172935,0.06116405256815098,2.8552874382733013,0.004304517693308287
3.672,0.1518882205907891,0.15084586882599205,18738,0.4783759837150174,0.0643860051271845,7.42981309012821,1.1342623819635598e-13,-1.2060491628030379,0.08311663036645567,-14.510323114467559,1.8866624341733242e-47,-0.6739332539900011,0.18751318523562063,-3.5940579492752307,0.00032640349897457554,-0.517689983280077,0.17745337526200625,-2.9173295944115933,0.003534622071174334,-0.19643191403036397,0.07630599008236408,-2.574265975952044,0.010052918654102315,-1.2772671737784922,0.07769672240902763,-16.439138411198744,2.656077300028051e-60,-0.024365475679672052,0.06949856400740095,-0.3505896276803267,0.7259001852142536,0.3770033356866484,0.06258593462801137,6.023770962715867,1.7358538002329954e-09,0.6387642560070648,0.038211774242124234,16.71642494168455,2.8162132512743836e-62,0.30689883475591423,0.035023441638758486,8.762669240828876,2.0668218356995956e-18,-0.011489304207606493,0.09270546303557817,-0.12393341051753519,0.9013693301148585,-0.04292621917379316,0.060073043984090586,-0.7145670724653391,0.4748855102886649,0.07062193802729219,0.047737532499626166,1.4793797318251678,0.13905568627411438,-0.030567002909023866,0.07919098395080783,-0.3859909472524246,0.6995077611551941,-0.19132608131267206,0.037448741098710395,-5.10901236461753,3.2702990530600395e-07,-0.25865127459732085,0.034705328245872615,-7.452782833946581,9.536934275638468e-14,0.11178081746988021,0.13806933802353902,0.8095991410549317,0.41818089548756765,-0.021822905929415333,0.06491716276151517,-0.33616542992776327,0.7367498893267683,0.28995457519452184,0.04475952808787307,6.4780525528614925,9.522800809150035e-11,0.3052266667755459,0.07780718000386429,3.9228599052219453,8.781647619887154e-05,0.03269966716460874,0.03940453216451129,0.8298453342394679,0.40663682096414944,0.1420781500145362,0.0631078583696554,2.251354327099977,0.024374656070641477,0.2756786828134753,0.0346998999485513,7.9446535356648695,2.0569780982252997e-15,0.17448490052216004,0.06137863418751407,2.8427628413676005,0.004477274086241479
3.726,0.15129018120762616,0.15024709443664053,18738,0.49165455179212486,0.06446238952137806,7.626998555942057,2.517574629932585e-14,-1.214014876481177,0.083215235854487,-14.58885339944292,6.063603071118581e-48,-0.6728737868245209,0.18773564166895945,-3.5841557886542494,0.00033902977019841164,-0.5095780762702806,0.1776638972308754,-2.868213994023111,0.004132576460428423,-0.19523587365974568,0.07639651576126386,-2.555559919379703,0.010609543953994547,-1.2614546657474974,0.07778889798445456,-16.216384322600742,9.714348674189333e-59,-0.023661886477749486,0.06958101369034901,-0.340062399536893,0.7338133535885982,0.38149380747152484,0.06266018350697436,6.088297003296565,1.1634297870791778e-09,0.6390228686111312,0.0382571068143312,16.703376753303044,3.493784927995681e-62,0.3118836161711617,0.03506499172975833,8.894444310006152,6.3951204756326305e-19,-0.0004219817047635063,0.09281544424373697,-0.0045464600013696635,0.9963725107162094,-0.05124490149516067,0.06014431169301311,-0.852032387646623,0.3942070195941345,0.07359337630771917,0.04779416596357656,1.539798316886708,0.1236264297755118,-0.030534135519122933,0.07928493224473795,-0.38511902141594434,0.7001536126753052,-0.19278788466876867,0.03749316844587204,-5.141946990878933,2.7464555968569135e-07,-0.2641272825164444,0.03474650094276713,-7.601550525950886,3.063907973846279e-14,0.10055942112805674,0.1382331367049575,0.727462484937234,0.46695178931513215,-0.022404239107253948,0.06499417729503855,-0.34471148093083437,0.7303151597583453,0.28904471497742384,0.04481262859365268,6.450072759587338,1.1453348329804171e-10,0.30279426938110915,0.07789948662075666,3.8869867121875012,0.00010184633457593072,0.032610107800831595,0.03945127976613562,0.8265918873644149,0.40847895570858983,0.14503894219507876,0.06318272643331144,2.2955473811052696,0.021712779650279363,0.2794576653157922,0.03474106620558048,8.04401521997338,9.208903675289652e-16,0.1801358697187797,0.06145145078453047,2.9313525949191477,0.00337897764284127
3.78,0.15084956322191678,0.14980593491979566,18738,0.5161388666003706,0.06467804076598827,7.980125255615171,1.5456470704350281e-15,-1.22542784716354,0.08349362251244048,-14.676903580042323,1.6863350078886506e-48,-0.6760466708687182,0.18836368889284003,-3.589049857976187,0.00033273327846145695,-0.5069185233119659,0.1782582506336054,-2.843731055982893,0.004463698411449979,-0.17612675768767394,0.07665209120347324,-2.297742369743636,0.021587434624622554,-1.2460046570767391,0.07804913147551436,-15.964362876576491,5.384611881035692e-57,-0.014071133561632372,0.06981378868232457,-0.20155235559067855,0.840268886071162,0.3844607971453283,0.0628698056860638,6.115189842722081,9.835530772672474e-10,0.6443004386828699,0.038385091407532795,16.785174010460494,9.01935782121394e-63,0.31812782569647835,0.035182297482227544,9.042269790856658,1.6810712203999386e-19,0.008189037316859049,0.09312594725516465,0.08793507672379564,0.9299292182739788,-0.04989994210550759,0.060345517322669795,-0.8269038748759198,0.4083020900600245,0.06680468744741183,0.047954055651993,1.3930977586592386,0.1636067778723424,-0.028151101339022266,0.07955017054018997,-0.3538785793652057,0.723433867511471,-0.18817996902808634,0.037618597374271465,-5.002312211586828,5.715975455206019e-07,-0.25894294796298567,0.034862741222250915,-7.427498208250963,1.154224589696195e-13,0.06892811645892505,0.13869557919581355,0.49697414191991496,0.6192131242742065,-0.015596293104547132,0.06521160757229261,-0.23916437096351775,0.8109807479359649,0.2929412740275067,0.04496254390399456,6.515229090529311,7.442776570900983e-11,0.30283093928878946,0.07816009007292456,3.8744957817505528,0.00010720971487070499,0.02609484791660936,0.039583259322683265,0.6592394957647072,0.5097501000402505,0.14161489465718902,0.06339409671750935,2.233881417827272,0.02550264258058494,0.286619349025385,0.03485728830379846,8.222651932283314,2.1193490328604672e-16,0.17149577341838856,0.06165702929229572,2.781447231351083,0.005417126210849206
3.834,0.15033770483046593,0.14929344744086992,18738,0.5467731229129555,0.06488744015104612,8.426486260517713,3.816699881839554e-17,-1.2430832303151316,0.0837639385733987,-14.840314955174556,1.5377508890667908e-49,-0.6904593281710216,0.18897352864918174,-3.653735701008255,0.00025915833612015596,-0.5087502998546278,0.1788353733729787,-2.8447968109395183,0.004448798226818482,-0.16980775632785078,0.07690025735957991,-2.2081558912584947,0.027245487433862303,-1.2247737107251417,0.07830182064082788,-15.641701568386319,8.416842377390186e-55,-0.0038527599868067655,0.07003981538699132,-0.05500814023450937,0.9561325658534159,0.3746751074479351,0.063073350791844,5.940307637760451,2.895229771439367e-09,0.6465001838324909,0.03850936565024228,16.788128625754794,8.587765961207064e-63,0.32158882879378964,0.03529620247023353,9.111145287230157,8.955006458802836e-20,0.0200651274926529,0.09342744859715359,0.21476694262701096,0.8299513676003708,-0.039953415090478187,0.060540889879857854,-0.6599409947518927,0.5092998171674636,0.06258933151186677,0.04810931004197813,1.3009816905969758,0.1932807400059242,-0.03479868049034785,0.07980771941760004,-0.436031511040443,0.6628188968335964,-0.19185861557068254,0.03774039004244167,-5.083641566897541,3.738357521391288e-07,-0.2545052200365818,0.03497561162597547,-7.276648161531147,3.5574972789992056e-13,0.03893633631446336,0.13914461520014962,0.2798263968638399,0.7796137913267498,-0.012447390339379189,0.06542273441476575,-0.1902609307105,0.8491067308622611,0.30222360047870567,0.04510811307913699,6.69998321473765,2.14375925972496e-11,0.31775462670550286,0.07841313847395069,4.052313590420345,5.0918410904988985e-05,0.01710284520896046,0.039711412712343665,0.43067833755620355,0.6667072319939005,0.13690283708414708,0.06359933924977734,2.1525826950258193,0.031364233742023795,0.29029192007652677,0.034970141053343055,8.301136664954218,1.1005694719944794e-16,0.15862276708037354,0.061856647955220494,2.5643608621534804,0.010344332549595842
3.888,0.15065635290881496,0.14961248714611874,18738,0.5632279084796372,0.06510798661950411,8.650673100539613,5.527214991970755e-18,-1.26294231652538,0.08404864453180129,-15.026325808829949,9.759522976122898e-51,-0.7037408408212187,0.18961583237203786,-3.7114033781759117,0.0002067105001692963,-0.47616538051349483,0.17944321843422573,-2.6535713339762212,0.00797122207656601,-0.16128576723645216,0.07716163429392475,-2.090232648806803,0.036610367496338656,-1.2188468385898263,0.0785679613604489,-15.513280699725444,6.114045439875933e-54,0.0018017063577675796,0.0702778743071628,0.02563689319760697,0.9795472325660655,0.37848971165731055,0.06328773133665469,5.980459461312664,2.265529817041741e-09,0.6508685523835451,0.038640255458453975,16.84431287167238,3.3747734992898325e-63,0.3208342875190616,0.0354161710309699,9.058977246255843,1.443516156021615e-19,0.01843569263121464,0.09374499994140723,0.19665787660928444,0.8440974114072437,-0.03657076391884649,0.06074666282188215,-0.6020209542387072,0.5471674827991733,0.05342100797199806,0.04827282918227723,1.1066475463926386,0.2684605668603594,-0.03695061465123402,0.08007897854929431,-0.4614271475564375,0.6444975412390938,-0.2036747705967391,0.03786866617296419,-5.378451135998814,7.603097691444881e-08,-0.25579650063794146,0.035094490527783136,-7.288793676472833,3.2519327851736606e-13,0.02300888316042285,0.13961755500816025,0.16479935606291088,0.8691036908427592,-0.0040532986756469935,0.06564510029941852,-0.06174563915904167,0.9507660538782805,0.3103739730625227,0.045261431425726854,6.857360964640291,7.2333474735201115e-12,0.32327256083686656,0.07867965755269506,4.108718452674472,3.995539521135828e-05,0.020835740524733012,0.03984638816846888,0.5229016099687721,0.6010489147412216,0.1364615412097874,0.06381550758120093,2.138375864771573,0.03249916013963197,0.29030416264408393,0.03508900136117519,8.27336633653233,1.3887075764296362e-16,0.14781901745105483,0.06206689303848184,2.3816081362314394,0.01724716513202753
3.942,0.15200918114503614,0.15096697804395331,18738,0.5734295040054369,0.06514068596473024,8.802939292286766,1.4467584770848677e-18,-1.2684066505284888,0.08409085649051837,-15.083764198209915,4.137605838906949e-51,-0.6922088741890174,0.18971106360072426,-3.648753325456422,0.0002642321560373917,-0.4633396648875316,0.17953334064584256,-2.580800107772412,0.009864705742701907,-0.17025708656622524,0.07720038737244853,-2.2053916095631796,0.027438739250232907,-1.2211609789489146,0.07860742074209516,-15.534932547341159,4.38141174117761e-54,-0.0026479427803497713,0.07031317013787491,-0.03765927172900187,0.9699597510854931,0.39201895464410086,0.063319516490566,6.191123627776089,6.098091300488031e-10,0.657858253700667,0.03865966184956612,17.016658248604163,1.887184695143061e-64,0.32094358211775575,0.0354339581821822,9.057514276774778,1.4629180212001774e-19,0.021843676867363854,0.09379208172469478,0.23289468008057412,0.8158457365667326,-0.0325894729369452,0.060777171768665546,-0.536212396670737,0.5918181401938564,0.04868665886617308,0.048297073364725975,1.008066441179677,0.3134356005121099,-0.030105426096184447,0.08011919681284227,-0.3757579618092085,0.7071011019953313,-0.21956437798716757,0.03788768504688022,-5.795138386404189,6.936136562533443e-09,-0.25630875115923346,0.03511211612060034,-7.2997238411630985,2.9990799197806905e-13,0.025859540699421396,0.13968767547828817,0.18512399616414818,0.8531337868396056,0.004052811594719444,0.06567806940057717,0.06170722787238061,0.9507966429083518,0.31048485954254657,0.04528416318642878,6.856367385311336,7.2836829739573e-12,0.30585604600459315,0.07871917303179635,3.8854072549904886,0.00010251025816829098,0.02373031213500648,0.039866400318596486,0.5952459200069037,0.5516862970504228,0.14533342568413438,0.06384755780148149,2.2762566132288637,0.022841899617257654,0.30340530446176106,0.035106624197154664,8.642394744589302,5.941180770728287e-18,0.14495666802675086,0.06209806504775376,2.3343185961636386,0.01958956923372194
3.996,0.1522435557561581,0.15120164070765918,18738,0.5928639296802156,0.06519622557523017,9.093531480531917,1.0524599644574567e-19,-1.2868634906083478,0.08416255320888907,-15.290214490218577,1.844493050237885e-52,-0.6959862534486706,0.18987281318048174,-3.665539272265944,0.0002475003825898643,-0.49039009857108457,0.17968641259563164,-2.7291440208930213,0.0063558289851481445,-0.16679440690213526,0.07726620920686135,-2.1586979433090097,0.03088628031434174,-1.223331763898198,0.07867444222745047,-15.549290586153818,3.5118955369249866e-54,-0.01161983714421206,0.07037311986091878,-0.16511755009834453,0.8688532430986211,0.40046688331394065,0.06337350335347428,6.319153307341753,2.689380024849431e-10,0.6615044975145661,0.03869262346993263,17.0963981811316,4.922581511932799e-65,0.31797627681926294,0.03546416953483781,8.96612781266181,3.35447176649812e-19,0.013964713399099202,0.09387204980623735,0.1487632732844757,0.8817420346759648,-0.02666136565474501,0.06082899100264086,-0.4383003106789577,0.6611736599469707,0.04645650555741617,0.048338251940039344,0.9610712777748487,0.33652874734353033,-0.015350526018657093,0.08018750725383089,-0.19143288704642622,0.8481885331686931,-0.23119817171989565,0.03791998847198364,-6.097000052906434,1.1019654168240576e-09,-0.26232410918942045,0.035142053067445236,-7.464677965341509,8.716128578049247e-14,0.030354550930133173,0.13980677460923538,0.21711788298510684,0.8281188446300785,0.0027451669695887845,0.0657340671896528,0.04176170876006439,0.9666891058684648,0.31274986033586966,0.04532277292392143,6.900501451242843,5.347745611965092e-12,0.3173063539124504,0.07878628979828893,4.027431101589221,5.6612026774652997e-05,0.021624551447802978,0.039900390816438765,0.5419633994886528,0.5878501725455282,0.15137394395055506,0.06390199487777488,2.3688453582722646,0.0178538068534827,0.308028011100443,0.03513655646152985,8.76659644884937,1.9963030371705334e-18,0.13887990484635301,0.06215101048875539,2.2345558624743473,0.025458279040364074
4.05,0.15255984476963647,0.15151831844868435,18738,0.6187985901458197,0.06534676037293607,9.469460867138878,3.1382818414709038e-21,-1.3051927812239001,0.08435688030083237,-15.472274182844828,1.1478089175351472e-53,-0.7211346597179012,0.1903112199328634,-3.789238805637933,0.0001515829695199892,-0.5269987223007111,0.18010129946265394,-2.9261239306604243,0.003436266983525514,-0.16763412361971022,0.07744461298821273,-2.1645679040997283,0.030433393541914086,-1.2100608462899107,0.07885609754784427,-15.34517791164763,8.002770203616325e-53,-0.017495563998242508,0.07053560784651502,-0.2480387499645956,0.8041071467144363,0.39530946485400986,0.06351982957747052,6.223402478935805,4.968286429102227e-10,0.6631747722084722,0.03878196278667017,17.100082733213632,4.6255350038397066e-65,0.31459438331324496,0.035546054514215566,8.850331987968804,9.488775469492442e-19,0.02956925002518497,0.094088795636278,0.31426961972700496,0.7533197733549335,-0.037721604178702725,0.06096944207591152,-0.6186968896933074,0.5361235898416737,0.047688167005721524,0.04844986252658864,0.9842786856113553,0.32499123139844477,-0.02666038096591964,0.08037265616508293,-0.3317095917691217,0.740112271798084,-0.2423013675133514,0.038007543813466625,-6.375086185587728,1.8713469662879822e-10,-0.2629255461247213,0.03522319429614066,-7.464557130002532,8.724106759792652e-14,0.025400284141827323,0.14012958140285,0.1812628275025356,0.8561632450438599,-0.013414403955696888,0.06588584383652883,-0.20360070046275391,0.8386677594663051,0.32430141663433176,0.04542742092146081,7.138891225962718,9.753389575023252e-13,0.3427653852674374,0.07896820336908453,4.34054936852758,1.42872564880267e-05,0.01874469526889523,0.03999251880708461,0.46870504354365994,0.6392859408967976,0.15495128004852096,0.06404954136205457,2.419241055492087,0.015562400767443562,0.3133945868779977,0.03521768499883935,8.898784428571215,6.150979645905967e-19,0.13229502123901213,0.06229451403836421,2.123702596949997,0.03370810071077167
4.104,0.15218169779545543,0.15113970672188992,18738,0.6366046707301836,0.06555005139352717,9.711734120669904,3.0327320372239634e-22,-1.3291846626559605,0.0846193110042424,-15.707817126865068,3.0137635376293957e-55,-0.7225852220090565,0.19090327012646577,-3.7850856170791247,0.00015413503064994863,-0.5340810368838038,0.18066158702348467,-2.956251219106014,0.0031179183411269296,-0.16384264970978266,0.07768553991900172,-2.109049507548149,0.034953557182918454,-1.2003423219605474,0.07910141554767844,-15.17472618725818,1.0561940454338628e-51,-0.01931774509109066,0.07075504115315939,-0.2730228797305713,0.7848386406360202,0.3952422270691833,0.06371743709326595,6.203046530114673,5.654258944671012e-10,0.6642732756271473,0.038902611840279454,17.075287344572686,7.030076546107363e-65,0.31682396498366816,0.03565663679341259,8.885413585675025,6.9342126061875595e-19,0.0365154082795493,0.09438150191860821,0.3868915787231178,0.6988408750369234,-0.040868060200119,0.06115911544355431,-0.6682251681327444,0.5039981135354712,0.05024693102506776,0.04860058800929531,1.0338749608432223,0.30120798203069754,-0.033059664721148734,0.08062269211493216,-0.41005409090061556,0.6817709628038696,-0.2484273233000797,0.0381257836822513,-6.515992572651827,7.405098370326391e-11,-0.2670775226785054,0.03533277217079084,-7.558917862077491,4.251593921099631e-14,0.01897257791950957,0.14056551863150238,0.13497320042795755,0.8926345149532207,-0.03667207376922226,0.06609081192308114,-0.5548740089908797,0.5789874723319804,0.3267801978225393,0.04556874371557088,7.171147834625913,7.714586733653641e-13,0.3449237729106327,0.0792138701254092,4.354335577400257,1.3417987860393781e-05,0.018559607713160134,0.04011693384951214,0.4626377425249272,0.6436294295480784,0.1639590247106518,0.06424879678891235,2.5519392254042463,0.01072039581122757,0.3209750574733181,0.03532724573429755,9.085765131180285,1.1300303213488807e-19,0.12938227778356365,0.0624883096491001,2.0705037231780343,0.038418878365985336
4.158,0.1512418864035716,0.15019874027699698,18738,0.6544537923688027,0.06588800350479707,9.932821721045991,3.420046821904205e-23,-1.3480152638845766,0.08505557724965548,-15.848640471016694,3.3343076932416407e-56,-0.7360107717006704,0.19188749762615526,-3.8356369268757837,0.00012565006079681996,-0.5338490459796442,0.18159301214767593,-2.9398105117916375,0.003288145044951031,-0.1503790628547908,0.07808605817448186,-1.925811935835864,0.05414299251934431,-1.1920934871047013,0.0795092335405018,-14.993145248940829,1.5998832074150038e-50,-0.007725711294257705,0.07111982828958963,-0.10862949869338448,0.9134975272640532,0.38999393359060774,0.06404594091488924,6.089284161019218,1.1562934541599062e-09,0.6696178277851117,0.03910317949088902,17.124383144882927,3.0672323474473623e-65,0.3122235347552467,0.03584046938284528,8.71148007075738,3.2450458504416767e-18,0.03953684848475125,0.09486809845301411,0.4167559920507198,0.6768616747284978,-0.043709335785443115,0.061474429493629794,-0.7110165339553487,0.4770828515490385,0.05098480772782407,0.04885115488113642,1.043676610141136,0.29664851639747686,-0.03615313160166691,0.08103835325382175,-0.4461237198198118,0.6555130412264387,-0.2485543847562823,0.03832234629075155,-6.485886403470727,9.041904196028366e-11,-0.26994882599584713,0.03551493503257795,-7.600994504093061,3.07706206857322e-14,0.0035167250711423126,0.14129022307922393,0.024890080817343056,0.9801429045276376,-0.038636089235713704,0.06643155199803329,-0.5815924522861897,0.5608482332044287,0.3293455719117885,0.0458036795061493,7.190373687501955,6.705049872597406e-13,0.3503777888929801,0.07962226789294148,4.400499987818622,1.0859885953139028e-05,0.013144307046702788,0.04032376210065607,0.32596926382741775,0.7444512547928777,0.16412507826967382,0.06458004010695356,2.5414211263706212,0.011048283752087027,0.32051305924586004,0.03550938010379761,9.026151915605597,1.9467207659604567e-19,0.11975840979855286,0.0628104765387768,1.9066629708599419,0.05657954417089142
4.212,0.1517365788127627,0.1506940406762175,18738,0.6762729879744303,0.06615884146849575,10.221959347587207,1.833481579173677e-24,-1.3671012939942315,0.0854052050744208,-16.007236242837426,2.731327537431266e-57,-0.7755788430566819,0.19267626669414684,-4.025295156293594,5.712791699664006e-05,-0.5566055433807703,0.1823394649010729,-3.0525785719660474,0.002272025412845248,-0.14441156149217527,0.07840703722778848,-1.8418188800149422,0.06551746094183585,-1.1869028791484855,0.07983606267117631,-14.866751182821044,1.0413122146716745e-49,-0.003766427699270297,0.07141217209192004,-0.052742096885419504,0.9579379601703055,0.38750474527543277,0.06430920693143036,6.025649572830363,1.7158476399412183e-09,0.6700809816249074,0.03926391627063809,17.066076063482235,8.211676735847033e-65,0.31083579625165153,0.03598779452899192,8.637256056389921,6.2133880079125384e-18,0.030256993243020842,0.09525806143926713,0.3176318390891414,0.7507677636227343,-0.04193631910177807,0.06172712510463553,-0.6793823465889678,0.49690403500031055,0.053206818659343465,0.04905196150159157,1.0847031806794736,0.2780671120791486,-0.044216395017575,0.08137146795466652,-0.5433894229634488,0.5868681789975424,-0.25237222084993327,0.03847987339252186,-6.558551226911756,5.575398991958078e-11,-0.26762151052589134,0.035660922043467026,-7.504615562090291,6.436622177508641e-14,0.0013395590262350876,0.14187100796074675,0.009442091414517337,0.9924665136256278,-0.04000096871715507,0.06670462426174484,-0.5996730985275284,0.5487313803116773,0.33874820389665017,0.04599195923276826,7.365378852034194,1.8397752398263224e-13,0.3684347737153803,0.07994956166045751,4.608340134247484,4.085749878609229e-06,0.009969716924136741,0.04048951618387422,0.24622958888571225,0.8055072124297078,0.15774837963135876,0.06484550158139137,2.4326803831312738,0.014996830066893457,0.32733418972016126,0.035655344280702966,9.180508457390435,4.7269164300119017e-20,0.11858969716542406,0.06306866407914548,1.8803267660244825,0.06007907565582594
4.266,0.15109993173860048,0.15005661114599533,18738,0.6896443304259346,0.06655718637686711,10.361680953893663,4.330361149411932e-25,-1.3764783179605977,0.08591943307229177,-16.020570303372956,2.2107435720414613e-57,-0.8103542724488197,0.19383637784630725,-4.18060985998897,2.920499896882084e-05,-0.5640611808089407,0.18343733777529922,-3.074952938424592,0.002108390644159561,-0.14269007102649017,0.0788791289900822,-1.808971179745547,0.07047152181769785,-1.1718287222144443,0.08031675865018047,-14.590089813239883,5.955918395016213e-48,-0.009974514715653682,0.07184214750438402,-0.13883931733868352,0.8895786180332645,0.3814026332278049,0.06469641511969244,5.895266878731781,3.80502345576593e-09,0.6691821882404925,0.03950032580838031,16.941181485103602,6.695968888759926e-64,0.313316206495566,0.036204478412747126,8.654073203972784,5.365560164703969e-18,0.009417438272776808,0.09583161386118684,0.09827068431110919,0.9217184084886236,-0.04859952751628835,0.062098786479714806,-0.7826163806303023,0.43386232203437747,0.06263303607031478,0.049347305233072895,1.2692291053076128,0.20437514777021376,-0.05755124524575365,0.08186140866745664,-0.7030326766003074,0.48204413128601686,-0.25434637771391144,0.038711562178184535,-6.570294852560755,5.153833169619532e-11,-0.26323579332789343,0.035875637815517045,-7.337452637958059,2.2659819388631242e-13,0.021708536956012103,0.1427252187119067,0.15210021853132458,0.8791095314939846,-0.02740063610700047,0.06710625534913539,-0.4083171675195181,0.6830455087845055,0.3378415860139538,0.04626887857385316,7.301702492631198,2.9554179629436293e-13,0.36521898591081753,0.080430941021206,4.540777234155769,5.63967094690159e-06,0.008541998700423476,0.04073330510544936,0.2097055144017939,0.8338998041316066,0.14782736575755548,0.06523593882019994,2.266041823434011,0.023460193246732628,0.3362986359555855,0.0358700264688306,9.375477775234248,7.650424424521064e-21,0.12570127897962763,0.06344840291156857,1.9811574950881619,0.0475882274984371
4.32,0.1509815690809141,0.14993810301747823,18738,0.700312163023747,0.06691837687114847,10.465169595673249,1.4688547958130086e-25,-1.3841783958727787,0.08638569801209911,-16.023235648092022,2.1192029156456448e-57,-0.8268730107902573,0.1948882831466243,-4.242805146824343,2.2180470788417556e-05,-0.5488209852019124,0.1844328098844349,-2.9757231674006492,0.0029267208196752936,-0.15079555579213058,0.07930718782398617,-1.9014109556728351,0.05726354953374526,-1.1728141701460708,0.08075261916855746,-14.523543412233098,1.5591428860817748e-47,-0.022345864041031088,0.0722320182633493,-0.3093623102093139,0.7570493813945092,0.3909154858870093,0.06504750763768138,6.009691994110406,1.8931958901688447e-09,0.6763314030524088,0.039714684962960836,17.029756214437473,1.5140139326320138e-64,0.31420140244296924,0.036400951763935,8.63168096484419,6.522645952040672e-18,0.001514786738462462,0.09635166991918051,0.01572143731118579,0.9874567922020758,-0.055048319000642054,0.062435782266403846,-0.8816790148597702,0.3779617361479014,0.0677843105119469,0.04961510167307959,1.3662031967320478,0.17189161048967413,-0.04913214851055751,0.08230565164509315,-0.5969474456312945,0.5505496905707943,-0.25741667430199583,0.03892164089452886,-6.613715875945518,3.8492322383421844e-11,-0.2628117228968855,0.03607032662465441,-7.286092128626613,3.3175881220130814e-13,0.03656333239748902,0.1434997555440539,0.25479717549946773,0.798882556704212,-0.0059060225362303626,0.06747042551404714,-0.0875349827903597,0.9302472164707685,0.33691394119967166,0.046519969102640044,7.242350923671434,4.580855551064054e-13,0.3497953354321527,0.08086742118096621,4.325540870771382,1.529458148124336e-05,0.012232766686535605,0.04095435535420003,0.2986926928952646,0.7651778493794503,0.14837338501325043,0.06558995920883173,2.2621356500748036,0.02370044240110163,0.34035870251264955,0.03606468482648415,9.437451183899066,4.2551818172782076e-21,0.1380485550973322,0.0637927227552475,2.164017291235253,0.030475631276145033
4.374,0.15015602088275204,0.14911154019878836,18738,0.6924481583842415,0.06724130263551788,10.297958713525574,8.38279602188388e-25,-1.375030628624804,0.08680256657445018,-15.84089829239607,3.7651681351729124e-56,-0.8138704131769432,0.19582874899090122,-4.156031314966722,3.2526291585695943e-05,-0.5026173750423779,0.18532282110245069,-2.712118086981417,0.006691584367559625,-0.1490931244516675,0.07968989785739541,-1.870916244847857,0.061372284008577006,-1.1685879482080945,0.0811423043714734,-14.401710146882719,8.979467545745232e-47,-0.023194890239799298,0.07258058588857055,-0.3195743042830942,0.7492946231485673,0.40424151397815744,0.06536140521120846,6.184712716501332,6.350609467412085e-10,0.6810935465574037,0.03990633478469888,17.067303981485985,8.043396577045379e-65,0.32054512735359214,0.036576610614638704,8.763664045604692,2.0487293919027934e-18,-0.0002937586818208132,0.09681663093753921,-0.003034175832975744,0.997579114003682,-0.057806555910828845,0.06273707652449984,-0.9214097805187728,0.3568484022478615,0.06741817001985387,0.04985452760331242,1.3522978405550972,0.1762963955800831,-0.042249211926281116,0.08270283126468542,-0.5108556899468781,0.6094581363899443,-0.2551815261742631,0.03910946375013367,-6.524802482708317,6.983595553602111e-11,-0.26475557328995575,0.03624438998872478,-7.30473249438929,2.8897638182587243e-13,0.03458221354034166,0.14419223749613583,0.23983408636174622,0.8104615076860756,0.007251484097448722,0.06779601528101661,0.10696032897200658,0.9148215985841684,0.3480957841022672,0.04674445895555201,7.446781755100893,9.979400944724484e-14,0.34717510664705586,0.08125766038009875,4.272521569327442,1.9422945177506447e-05,0.012872282418079847,0.04115198741172105,0.312798560353698,0.7544371947446283,0.14241078512625435,0.06590647447269198,2.160801139275953,0.030723351027963603,0.3408815592224408,0.03623872096511853,9.406556030235043,5.703334067952872e-21,0.13520125807995229,0.06410056515549895,2.109205398610341,0.03494010301551694
4.428,0.14985037418300984,0.1488055178511839,18738,0.6878481045076568,0.06753816006361671,10.18458459424638,2.6886179228094848e-24,-1.3715598350279639,0.08718578322338012,-15.731461992075795,2.0852155389241788e-55,-0.8360749722452749,0.19669329528156962,-4.250653135117901,2.1418038938382775e-05,-0.47259546653277507,0.1861409857406151,-2.538911377590588,0.01112782661706105,-0.1537499105802632,0.08004171344091608,-1.920872304835851,0.05476298381977956,-1.159948294069169,0.08150053205061719,-14.232401493388593,9.990934732274829e-46,-0.0263628689560952,0.07290101522608024,-0.36162553942957876,0.7176359595529265,0.41133001225237414,0.06564996325347451,6.265502551223508,3.797374804788755e-10,0.6839353052808225,0.04008251358321577,17.063184020655203,8.622010836935151e-65,0.3224056439863692,0.036738089320881046,8.77578692703329,1.840427142681182e-18,-0.015773161550182616,0.09724405775603943,-0.1622018035256556,0.8711486907826965,-0.0639159985577344,0.06301404865998111,-1.0143134732164274,0.3104463105592741,0.07193542541539391,0.05007462576119051,1.4365644140499247,0.15085851794113672,-0.048511776111884584,0.08306794837014668,-0.5840011347784648,0.5592265875686891,-0.2566830866699173,0.03928212451618278,-6.534348379354416,6.553360634276025e-11,-0.2606645413926532,0.03640440200475286,-7.1602478557022184,8.351723669465694e-13,0.05011710942437078,0.14482881851252302,0.3460437635209823,0.72931371563693,0.009766601189719656,0.06809532165883565,0.14342543587137016,0.8859557399541474,0.35224316722563837,0.04695082675807114,7.5023847618420385,6.54681831728132e-14,0.33809114181195915,0.08161639733385048,4.142441382569278,3.451367839186994e-05,0.017070882883742634,0.04133366552718554,0.41300191178338524,0.6796099447938608,0.14342981580289071,0.06619743889099118,2.1666973557554066,0.03027051546447685,0.34844507051359014,0.03639870795349691,9.573006573715872,1.1641023129600783e-21,0.14090365471886107,0.06438355683123859,2.1885037368810805,0.02864524599066256
4.482,0.15036840430023934,0.1493241846411021,18738,0.6934501052090518,0.06770732955122333,10.241876467516398,1.4943029385773832e-24,-1.3759285884531667,0.08740416604963107,-15.742139655813059,1.765387559856258e-55,-0.8407446340642188,0.19718597236882074,-4.263714218431687,2.020418078515939e-05,-0.46704200366193616,0.18660723141788363,-2.5028076356593805,0.01232970507054408,-0.16700319897840107,0.08024220181130108,-2.0812389890687273,0.037425598343093794,-1.165065948284402,0.08170467446778822,-14.259477268264806,6.808926746016475e-46,-0.030548320954518433,0.07308361758569712,-0.4179913633681006,0.675958227717902,0.42670304792265246,0.0658144031883872,6.483429572418324,9.190107351572035e-11,0.682816995397747,0.04018291220643072,16.992720485014313,2.8216538896284897e-64,0.32702091821367746,0.036830110834943704,8.879172796390455,7.332746949319973e-19,-0.018244892919439558,0.09748763453408436,-0.18715084232616847,0.8515443947425758,-0.06708840931760762,0.06317188615975586,-1.0619978822216458,0.28825035109766184,0.0756121208480554,0.050200052612827194,1.5062159681628475,0.13202861992421341,-0.041570889400501194,0.08327601684949339,-0.4991940173559597,0.617648576942775,-0.25389881826998784,0.039380518325997003,-6.447320377253055,1.1662744034712015e-10,-0.2613227466310159,0.036495587699299004,-7.160392888700771,8.342916223272278e-13,0.06244492456192566,0.1451915855318697,0.43008638781080694,0.6671377538271438,0.010425815555743994,0.06826588672401633,0.1527236524135873,0.8786178541597113,0.35683567612405975,0.047068429122392126,7.581210649630546,3.583035106446283e-14,0.33968792806633713,0.08182082997021874,4.151606970865209,3.316105238477573e-05,0.016678994777648143,0.041437198034016506,0.4025126111074419,0.6873114065974352,0.14776618609448258,0.06636325014210478,2.2266267215374214,0.02598408626823597,0.34968817028957005,0.03648987938559154,9.58315500564928,1.0556846084989102e-21,0.14570003381016605,0.06454482467313973,2.2573464959894607,0.023997909995626957
4.536,0.15112723560307095,0.15008394856763607,18738,0.706682445759274,0.06800329953398696,10.39188466739155,3.1619352780868655e-25,-1.3889372618093088,0.08778623708522859,-15.821811116711132,5.079207139497009e-56,-0.8796722906059449,0.1980479341273195,-4.441714045047438,8.975646445081868e-06,-0.4825836465807081,0.18742295018027455,-2.574837532524861,0.010036328486865996,-0.1836121198193364,0.08059296565392227,-2.278264837750147,0.022722022794077888,-1.1676813805980057,0.08206183123728751,-14.22928739210771,1.0440937517741584e-45,-0.031160623661549827,0.07340308901043817,-0.42451379201655504,0.6711960291701942,0.43041292830648936,0.06610209859605394,6.511335304749061,7.637872319081289e-11,0.6751700720976406,0.040358564324332255,16.72928865040373,2.2766157184201286e-62,0.3327711799678839,0.03699110680600402,8.995977917423975,2.560308516562999e-19,-0.020054563955237085,0.09791378357443146,-0.204818598803223,0.8377160828120849,-0.06448469905760382,0.06344803029631796,-1.0163388643657552,0.30948118669081054,0.07313308255674966,0.050419492794636624,1.4504922303488383,0.14693806425367387,-0.051807153662496386,0.083640042449601,-0.6194061139281922,0.5356563950127292,-0.2596592739075753,0.03955266292847095,-6.564899925376867,5.3434752481382527e-11,-0.26717446295607694,0.03665512136476631,-7.288871322982189,3.250064744480037e-13,0.07721169499379149,0.14582626351063682,0.529477291229913,0.5964806741957953,0.011204912576506909,0.06856429833544704,0.1634219681165188,0.8701879720221468,0.35766561632775745,0.04727417999527991,7.5657709211131445,4.033975767372668e-14,0.339181372779645,0.08217849449186657,4.12737389358252,3.6851822581788766e-05,0.023617678458539074,0.04161833302884188,0.5674825669296223,0.5703931747549115,0.1548838468712926,0.06665334473202414,2.3237220501685854,0.020151051173340227,0.34982585265200594,0.03664938809822847,9.54520309355221,1.5208497504619053e-21,0.15396967834176042,0.06482697035474629,2.375086750147465,0.01755484311400255
4.59,0.15138551298116731,0.15034254337544795,18738,0.7220395553697949,0.06832529508389576,10.567675624133225,4.9822598701116165e-26,-1.4096373891813472,0.08820190482309409,-15.981938167986808,4.0776113772013627e-57,-0.9176810986570598,0.19898569088169224,-4.611794418939756,4.018498801455056e-06,-0.49570258674076606,0.1883103976471238,-2.632369709449962,0.008486114967644587,-0.18092893215209618,0.08097457325932303,-2.2343919192098354,0.02546905673310004,-1.1652822952629582,0.0824503939196404,-14.133131933835163,4.050719628932954e-45,-0.023075497372469778,0.07375065255769088,-0.31288533148122516,0.7543712688242088,0.43468226472042615,0.06641509196157327,6.544932061103317,6.106634018725567e-11,0.6753825578549251,0.040549662082855695,16.655688929661274,7.671726547364856e-62,0.33703236353216115,0.03716625965681212,9.06823464734599,1.3265077575882497e-19,-0.011291024697091971,0.09837740523399437,-0.11477254020103339,0.9086266462629773,-0.0537879987189891,0.06374845665130215,-0.8437537400035301,0.3988178154809201,0.05998396080893101,0.05065822903860987,1.1840911525591113,0.2363920211197547,-0.05907241271268356,0.0840360779603411,-0.7029410956156407,0.48210120329153316,-0.2599881523686187,0.03973994474475466,-6.54223738957098,6.217462341531333e-11,-0.2743878579886125,0.03682868332487272,-7.450384678925004,9.71139054797658e-14,0.0684968598298939,0.1465167507109937,0.46750190334895486,0.640146274172525,0.005753418573180506,0.06888895021407536,0.08351729203742417,0.9334411216553711,0.36434588072800916,0.04749802318654242,7.67075882920616,1.7933753040873044e-14,0.35636804257621024,0.082567609574604,4.316075570217565,1.5964306325892005e-05,0.02877432141996925,0.04181539579082171,0.6881274438704483,0.4913810588376831,0.15263405757576975,0.06696894824740243,2.2791765672038915,0.022667779676420963,0.3468939730465602,0.036822922911324,9.420598519078487,4.992970825609237e-21,0.15513442323517218,0.06513392598941906,2.3817760234562497,0.017239307090436966
4.644,0.1513496629978518,0.15030664933155657,18738,0.723282183365249,0.06865236497471341,10.535429968532824,7.008322988560994e-26,-1.4175858303950735,0.08862412308567132,-15.995484988040099,3.290385445451122e-57,-0.902259971944616,0.1999382257827276,-4.51269370032872,6.439917185842497e-06,-0.4897079495610926,0.18921183043453654,-2.5881465679838747,0.009656849197133593,-0.19559808688863434,0.0813621946344289,-2.404041431865038,0.016224593895437088,-1.1711735340824765,0.0828450799770377,-14.136911140735123,3.8411728638986523e-45,-0.028883776584233523,0.07410369337295784,-0.3897751281958894,0.6967072725419634,0.447380321654539,0.06673301780221318,6.704032522259196,2.085292244202244e-11,0.6902570826782188,0.0407437713586934,16.941413611455985,6.669995361675035e-64,0.33955233932448636,0.03734417274848817,9.092512012820867,1.062334211681647e-19,0.0022008000155630744,0.09884833312606273,0.022264412013466753,0.982237274311919,-0.05087962574329798,0.06405361743737902,-0.7943286855428521,0.4270141812101552,0.06289973779378921,0.05090072753671851,1.2357335707709662,0.21657312600243897,-0.048580261205578734,0.08443835461073074,-0.5753340579590709,0.5650723092278935,-0.26292046646304224,0.03993017794276438,-6.584505254144133,4.685268720306864e-11,-0.28195212979218315,0.037004980454936096,-7.619302221643886,2.6718178182646154e-14,0.06096687078615631,0.14721811932709936,0.4141261351851393,0.6787864796418732,0.0029315073236474976,0.06921871829480439,0.042351366738143416,0.9662190490766046,0.3579653392360122,0.047725393931719616,7.5005214152480475,6.64028313067351e-14,0.35768506957804036,0.08296285673768587,4.311388055367697,1.6306237413529492e-05,0.025209075208118728,0.04201556407284682,0.5999937348076797,0.5485176757015118,0.1556208005666647,0.0672895253713586,2.312704684835001,0.02074967353449663,0.33896398890376905,0.03699919246656567,9.161388838690844,5.63987670333221e-20,0.15994803658154896,0.06544571895036752,2.443980128063835,0.014535394191958118
4.6979999999999995,0.1509342989453778,0.14989077478569757,18738,0.7291704187091108,0.06898911226593203,10.569355000516325,4.89436786831497e-26,-1.4237585481774109,0.08905883401510133,-15.986718936113515,3.780402538075154e-57,-0.9227696027151293,0.2009189444508782,-4.592745623052649,4.4030175888622904e-06,-0.4758053593438595,0.19013993497090345,-2.5023957193246678,0.012344056715864202,-0.20386425246348178,0.08176128501770757,-2.493408126099407,0.01266090072629202,-1.1709721986660568,0.08325144407364725,-14.065488132916617,1.0457307293599196e-44,-0.02290725332901021,0.07446718002082249,-0.3076154263207616,0.7583784037838813,0.4549126028716467,0.06706035048751857,6.783629962630692,1.2069709638485866e-11,0.7002831286068231,0.04094362397329924,17.10359417777728,4.35908940835976e-65,0.33886426262856795,0.03752734996343897,9.029794615359373,1.8832712869513918e-19,0.015748071747923614,0.09933319491391138,0.15853785596619457,0.874034703763683,-0.05323804591022914,0.06436780737348297,-0.8270911824186378,0.4081959273744694,0.05476902594634896,0.05115040112225865,1.0707447985684637,0.2842980027470913,-0.041538589466524584,0.08485253389210864,-0.4895385860761868,0.624466181588829,-0.2589159452050239,0.040126039793482206,-6.452566626001314,1.126679663060891e-10,-0.28610017488429307,0.03718649389492302,-7.693658232279694,1.500587114371642e-14,0.061116451188109266,0.14794024015891571,0.4131158035329581,0.6795265045494017,0.0005819481819994143,0.06955824361044334,0.008366343826313086,0.9933247904831826,0.35914265750282615,0.04795949216176264,7.488458307512377,7.27790398203359e-14,0.3627905935012534,0.08336979854207184,4.351582945449656,1.3587416017611196e-05,0.01801385389020351,0.042221654968561256,0.4266496399446407,0.6696394437996163,0.15751094812133146,0.06761958778660879,2.329368653035837,0.019850129316949884,0.33709510505775947,0.037180677515842295,9.066405659609801,1.3488567984955766e-19,0.15829631283347245,0.06576673729527827,2.4069357754932654,0.016096621381718135
4.752,0.1507061650456255,0.14966236050336035,18738,0.7280957458806437,0.06921806800776428,10.518868365395178,8.347443434216557e-26,-1.4238278516343528,0.08935439560067504,-15.934614543166315,8.614773205579707e-57,-0.9242997829140442,0.20158573873861424,-4.585144706652764,4.566086251993271e-06,-0.4788855937753364,0.1907709567138038,-2.5102646756328038,0.012072436911045295,-0.2083008576556256,0.08203262806082759,-2.5392439883941,0.011117255837906676,-1.1855176289985763,0.08352773254164511,-14.193102014441767,1.7408802614620788e-45,-0.020651472221401707,0.07471431595117192,-0.27640582609225883,0.782239434791878,0.4718554326761393,0.06728290520360501,7.013006219756059,2.412114091388501e-12,0.7075798207960075,0.04107950451288311,17.22464350985783,5.598221580394301e-66,0.3360028316412002,0.037651892836476054,8.92392935198441,4.907379151876131e-19,0.03802490490888272,0.09966285425555378,0.38153537938397697,0.7028103556681522,-0.053328763274206346,0.06458142628526868,-0.8257600728519506,0.408950734100038,0.04534123567359242,0.051320155126177706,0.8834976348398541,0.3769788092844477,-0.02241962611885838,0.0851341359334384,-0.26334473091248645,0.7922877850507059,-0.26011619285522264,0.040259206997783854,-6.4610361766326205,1.0655147010831407e-10,-0.293677310505113,0.0373099055611441,-7.871296002715141,3.700195105270285e-15,0.04588005087830116,0.14843121281126498,0.3090997507150946,0.757249089861676,0.004416672795544495,0.06978908814146134,0.06328600807323877,0.9495394332715054,0.3628699322406213,0.04811865642326911,7.541148469497696,4.871083104372943e-14,0.36013006229568234,0.08364647979574599,4.305382165215725,1.6754547837588105e-05,0.022280017871206512,0.04236177693878533,0.5259462534681238,0.5989317829209994,0.16341933630743027,0.06784399845628657,2.4087515480492363,0.01601679126992961,0.3375386060538219,0.03730406987911334,9.048305108467824,1.5911049874011733e-19,0.1572805991368163,0.06598499886773167,2.383581144740013,0.0171550157461129
4.806,0.15001656305213285,0.14897191097081397,18738,0.7312627745856786,0.0695601235915054,10.512672157974421,8.911174200529369e-26,-1.4204677182941343,0.0897959590656304,-15.81883787505335,5.321504288597111e-56,-0.9401936004318774,0.20258191689733412,-4.641053924414957,3.4898734074050342e-06,-0.47418097900925976,0.1917136913615301,-2.473380881885259,0.013392951263750636,-0.21227273109184003,0.08243800947762786,-2.57493760993158,0.010033426120997209,-1.1879184370476672,0.08394050233045083,-14.15191003231261,3.110652320235455e-45,-0.02345736018229088,0.0750835323955493,-0.3124168433993571,0.7547272322920903,0.48363787009385895,0.06761539777494688,7.152777118957634,8.817957217277564e-13,0.7131706816998624,0.04128250749029031,17.27537218681789,2.358910619802183e-66,0.3314547900464678,0.03783795755272462,8.759848878856848,2.1189777424092134e-18,0.04710958583098873,0.10015535912849918,0.4703651031848151,0.6380996733111125,-0.045919050003200235,0.06490056893259545,-0.7075292367758891,0.47924646118070435,0.04123077037216559,0.051573764423932175,0.799452412146067,0.42403827660155213,-0.01674147556532151,0.08555484410113447,-0.19568121175618525,0.8448618154897727,-0.2616754759437142,0.04045815630317385,-6.467805254961318,1.0189752701002015e-10,-0.2961679350730346,0.03749428027562778,-7.899016407191877,2.965752168221487e-15,0.042626588999655324,0.1491647167446291,0.2857685780520892,0.7750585389150804,0.009898258619550022,0.07013396554081769,0.1411335940185683,0.8877659241489473,0.36639322745878483,0.0483564448444925,7.576926480783559,3.7029369008409643e-14,0.3588142450637184,0.08405983639898454,4.268557499453484,1.977094005818512e-05,0.021976744234115237,0.042571116534011855,0.5162360309849306,0.605695667468564,0.16531525575378506,0.06817926378748151,2.424714591654755,0.01532982964010554,0.3369731685845604,0.03748841575535173,8.988727898869804,2.7341646666641553e-19,0.15922814475136118,0.06631107756301291,2.4012299392971364,0.016349758460603075
4.86,0.14917342980589343,0.1481277414915585,18738,0.7266832443949162,0.06993974873891783,10.390132328149969,3.2202309231145674e-25,-1.4086715990393932,0.09028602150999172,-15.60232221422559,1.5486493454441578e-54,-0.9093547698361673,0.20368750995977417,-4.464460142969758,8.073991317187279e-06,-0.46039378045664653,0.19275997096234707,-2.3884304306446382,0.01693036305534044,-0.2180149987128328,0.0828879158303554,-2.6302386364622627,0.008539479789496571,-1.2025547399005907,0.08439860855461748,-14.248513814328737,7.953265572647107e-46,-0.040947778899968985,0.07549330160788269,-0.542402809624813,0.5875475033178167,0.5029632441204157,0.06798440955960676,7.398214493271904,1.4386077967891702e-13,0.7235859167494764,0.04150780723362587,17.432525709604157,1.5966248926293816e-67,0.33833944138191313,0.038044458626502076,8.893264711781788,6.463113740095632e-19,0.037775257373738116,0.10070195811381127,0.3751193927236777,0.7075759261535908,-0.030354236032886905,0.0652547645086826,-0.46516505363908045,0.6418186750074779,0.037106046893829604,0.05185522881633356,0.7155700156151235,0.4742658213166844,0.0065431481967116525,0.08602176061345225,0.076063872095271,0.939369095820697,-0.26145872741493037,0.040678957140746,-6.42737045864533,1.3296466881219448e-10,-0.3003709117334259,0.03769890572684673,-7.967629456138857,1.7096030343633714e-15,0.050783181900094954,0.14997878484369478,0.3386024360246703,0.7349130459940995,0.020571762072614252,0.07051672243704467,0.2917288461751769,0.7704971856207761,0.3761641675310455,0.04862035067954011,7.736763768125984,1.0713792746128658e-14,0.3635975718206912,0.08451859389015617,4.301983209673808,1.7013443547734634e-05,0.018968233661740868,0.042803448875521795,0.4431473201354183,0.6576643024159325,0.1586436768679468,0.06855135287717015,2.314231159700137,0.02066581889938508,0.32900331576202935,0.03769300920088611,8.728496947765446,2.7939256480977027e-18,0.17334575243628442,0.0666729710056233,2.5999404229588654,0.009331318568595067
4.914,0.148482774475722,0.1474362373277548,18738,0.7335492982768714,0.07022340507437878,10.445937469137467,1.7971360121092744e-25,-1.42181884636183,0.09065219671746175,-15.684328652214052,4.342894454442866e-55,-0.9288398993658843,0.20451361033468454,-4.54170212850796,5.615007343797713e-06,-0.44507006060804666,0.19354175225228062,-2.2996074770879424,0.021481423043095898,-0.21640869653129483,0.08322408636116761,-2.600313274598725,0.009321188825611492,-1.1901652940509557,0.08474090603855576,-14.044755357105215,1.397267845567054e-44,-0.03411803203963355,0.07579948162242463,-0.4501090417686976,0.6526370313130265,0.5058062127480047,0.06826013557852832,7.4099796090517795,1.3169113956369208e-13,0.7283812281398313,0.041676151454261574,17.477171061229335,7.39780020688811e-68,0.32797263897887513,0.03819875646018281,8.58595067933019,9.70428308183043e-18,0.03772584377035049,0.10111037748802061,0.3731154477671709,0.7090667478776458,-0.02840266692626931,0.06551941983995921,-0.43349997597120044,0.6646565802002382,0.029746466809514892,0.05206553932567553,0.5713273538462275,0.5677846240213617,0.004158718970407954,0.08637064115456769,0.04814968274885871,0.9615974648011196,-0.26118579035842976,0.04084393977395493,-6.394725675434985,1.6464157250716714e-10,-0.29792076218319163,0.0378518020932504,-7.8707154140044455,3.717352044139829e-15,0.047614557860590184,0.15058705743936082,0.31619289645634957,0.7518596256261127,0.01653818392143529,0.07080271881872856,0.23358119853810827,0.8153126802923794,0.39756538138165187,0.048817541415155534,8.143904216737688,4.0655392598156814e-16,0.39310453619120905,0.08486137800153024,4.632313844634016,3.6403589878400524e-06,0.0113464412311161,0.042977047861392406,0.2640116479780119,0.791773850418353,0.15471227321504122,0.06882937826185687,2.247765084066988,0.024602769156289818,0.32338556261972223,0.037845881652606404,8.544801930844992,1.3850315318872979e-17,0.16690457610854198,0.06694337819139043,2.493220100595514,0.01266760547051007
4.968,0.14804004363054368,0.14699296235468085,18738,0.734484918314894,0.07044073959873551,10.42699043903961,2.1914493270912275e-25,-1.4200875303984462,0.09093275634049076,-15.61689744761543,1.2359988536018762e-54,-0.9096325186698742,0.20514655982181762,-4.434061772519831,9.300047867156376e-06,-0.43080037126778126,0.19414074491896155,-2.219010602064015,0.02649795083884426,-0.21903678015614894,0.08348165671403172,-2.6237713622103156,0.008703270534639632,-1.1705118543661355,0.08500317079897203,-13.770214021007918,6.236322006623634e-43,-0.0400216435305807,0.07603407355466499,-0.5263645844491942,0.598641155505448,0.5025317723186509,0.06847139397710314,7.339295187807885,2.2350952980158504e-13,0.7350568816497676,0.04180513503948843,17.58293283720876,1.1867628280507595e-68,0.31948410208324984,0.03831697785029482,8.337925379487924,8.078365325098745e-17,0.032547413392496664,0.10142330415079939,0.3209066561675425,0.7482847130105639,-0.01716611013993959,0.06572219599317997,-0.2611919745000749,0.7939473409945141,0.027051670058243944,0.05222667704340279,0.5179665180643745,0.6044877532793329,-0.008155974194222655,0.08663794978470078,-0.09413858724139501,0.9250000761106763,-0.25615274637432034,0.04097034774597259,-6.252149675724934,4.136047364223923e-10,-0.2952201749920046,0.037968949693758636,-7.7753052790009916,7.915003312957946e-15,0.04947639060440101,0.15105310955500797,0.3275430128525989,0.7432608797782695,0.019766062364368002,0.07102184626208355,0.27830961041800617,0.7807777742068219,0.40345279494157216,0.04896862689915464,8.239005675459058,1.8497762066583e-16,0.38932785308315687,0.08512401561080998,4.573654688274782,4.82362082986583e-06,0.01292336640379164,0.04311005759291025,0.29977613404805514,0.7643512502500502,0.16173948916266775,0.06904239841048773,2.3426111039922835,0.019159751951320612,0.3269475372431041,0.03796301092993379,8.612265709022209,7.72299052742996e-18,0.16470758714105999,0.06715056135550285,2.452810279114108,0.014183567326930173
5.022,0.14802014883212966,0.14697304310503445,18738,0.7415635213584753,0.07073963867243092,10.48299843306214,1.2179487449442296e-25,-1.4277820641944337,0.09131860857307054,-15.635171040215349,9.313392677391356e-55,-0.9186283413975864,0.20601705205474757,-4.45899177876532,8.282497412485458e-06,-0.4379987250595859,0.19496453650822332,-2.2465558757713446,0.024680035405278033,-0.22711074720211183,0.0838358919194615,-2.708991841111322,0.0067549395426584734,-1.1654974980285266,0.0853638621993991,-13.653289202239622,3.075466300135723e-42,-0.05218781717923975,0.07635670665426389,-0.6834739142894332,0.4943158899096307,0.5033873751897523,0.06876193658569832,7.32072713749675,2.5662292370666923e-13,0.7377229869181994,0.041982525512816726,17.572144074395478,1.4310221284824693e-68,0.3181405943137496,0.03847956713103637,8.267779968271725,1.4550820181939674e-16,0.02364823942540629,0.10185367060967665,0.23217856837021622,0.8164018617376904,-0.008709430744740558,0.06600107301257944,-0.1319589265326124,0.895018198071589,0.025798587766844967,0.0524482889327638,0.4918861661991972,0.622805587871095,-0.011586879260117141,0.08700557799367521,-0.13317398179872372,0.8940572189611763,-0.256039302780145,0.04114419599146248,-6.222974993441936,4.981819656473563e-10,-0.2948784591394231,0.038130062197081295,-7.733490116415149,1.0992158369485101e-14,0.06627802331240977,0.15169406867585195,0.4369190166165048,0.6621751212885119,0.031720583328453414,0.07132321112822212,0.44474418392951165,0.6565097784390106,0.4034605604792606,0.04917641400223833,8.204350981364696,2.4670977819216047e-16,0.3880633714856858,0.08548521978839592,4.539537623536215,5.672889590271767e-06,0.012794770019687263,0.04329298520489841,0.2955391031394987,0.7675853644791819,0.16538032842208922,0.06933536394503721,2.385223340764285,0.017078646636185323,0.3223661405571271,0.038124098233478364,8.455705327976622,2.9752357130682297e-17,0.17416733400303847,0.06743549931472392,2.5827247632614565,0.009809868744479968
5.076,0.1481464785694817,0.1470995281049684,18738,0.7414678236981393,0.07085641098931424,10.464371725092866,1.481208740010123e-25,-1.4162223968933283,0.0914693512923968,-15.48302657538415,9.732213390464127e-54,-0.9125733440013745,0.20635713137855222,-4.422300978429975,9.820552387814591e-06,-0.4458113703084823,0.19528637107036423,-2.2828596172123583,0.022449801494131488,-0.23128421625678558,0.08397428266503411,-2.7542267574866655,0.00588877934613505,-1.1563888454261242,0.08550477521725167,-13.524260399351453,1.7618867319709502e-41,-0.057708544630884456,0.07648275125546529,-0.7545301873114918,0.4505404204234479,0.5013469451397524,0.06887544424277978,7.279037553246834,3.4952354085723927e-13,0.7402668021575641,0.04205182748925805,17.60367732761821,8.278286430471413e-69,0.3236090820382289,0.038543086655462626,8.396034415483548,4.9434862609274716e-17,0.020721041673144418,0.10202180391263621,0.20310405107998636,0.8390559135609871,0.004527179144827715,0.0661100232186747,0.06847946687074952,0.9454046963822904,0.015043740329395316,0.052534867099265393,0.28635725490596464,0.7746076799475553,-0.017476133549320427,0.08714920104737979,-0.20053119637688133,0.8410673414108728,-0.2504122958933483,0.04121211410897609,-6.076181756441558,1.254588117074902e-09,-0.29463104141629903,0.03819300478187843,-7.714267130825319,1.2776275933292041e-14,0.07719477588182787,0.1519444752115534,0.5080459541181015,0.6114271041152681,0.03664216290646172,0.07144094676791866,0.5129014180830577,0.6080263354762093,0.40497898572583124,0.0492575911740026,8.221656318824882,2.136957127228782e-16,0.3814202189924276,0.08562633313532994,4.454473349800043,8.458656918467563e-06,0.011783377131886045,0.04336445040152715,0.27172896284351555,0.7858334272316683,0.16912729007002145,0.06944981817807765,2.435244533489761,0.014891003355326735,0.32474087970006094,0.03818703097335884,8.503957270902161,1.9683604715591424e-17,0.18203774234121853,0.06754681737688747,2.6949862245250134,0.007045439937970355
5.13,0.1476838001444183,0.1466362810359071,18738,0.7439362544441054,0.07103044880488195,10.473483794079229,1.346044344765007e-25,-1.4118755663882778,0.09169401869888913,-15.397684455566159,3.5945018617414917e-53,-0.892629836298454,0.20686398663512676,-4.3150567231061965,1.6038039732136344e-05,-0.44336014241619887,0.19576603427876965,-2.264744975039218,0.023539720432249795,-0.22269343037357675,0.08418054065234723,-2.6454264684907,0.008165619246091133,-1.1388205934172193,0.08571479240682767,-13.286161716545275,4.2317030968843255e-40,-0.061055365752648874,0.07667060851172848,-0.7963333921278203,0.42584838342186515,0.491055498040613,0.06904461639946827,7.112147530801471,1.1837470663735826e-12,0.7409329765486155,0.042155115365325665,17.576347974083916,1.3303929036630014e-68,0.3251989040923054,0.03863775634749325,8.416609421302583,4.151159956193154e-17,0.005064420637025221,0.1022723902977681,0.04951894272031835,0.9605062700708207,0.013198185407983063,0.06627240293657831,0.19915054869239504,0.842147144505676,0.010539485123667494,0.052663903461444034,0.20012730600920223,0.8413831927953541,-0.03066112953982791,0.0873632572826165,-0.35096138231934776,0.7256212709230068,-0.2532864511192203,0.04131333947749687,-6.130863646527144,8.915476577172603e-10,-0.2951014951168589,0.038286814601334394,-7.707653357680319,1.3453715855736474e-14,0.08525598159029221,0.15231768187252,0.5597247840316131,0.5756738737333594,0.05805505166220002,0.07161642032273154,0.8106388367441615,0.4175834157047381,0.40738230623084126,0.049378577877228984,8.250183049899181,1.6852799125985895e-16,0.3825600259253409,0.0858366488959771,4.456837852430074,8.366030360884164e-06,0.01031840995983617,0.04347096234752896,0.2373632743012579,0.8123775768397752,0.16023288302810273,0.06962040111444891,2.3015219743519726,0.021373075938457824,0.3179921211720728,0.03828082611992111,8.30682494092236,1.0492775654872448e-16,0.1801196339916865,0.06771272615466337,2.6600558598139044,0.00781942759481052
5.184,0.1472563338122148,0.14620828933629737,18738,0.7558899083428428,0.0712509498352981,10.608839743050988,3.218208148029045e-26,-1.4141628546947358,0.09197866600080389,-15.374900682755891,5.088758927384641e-53,-0.892080355024239,0.20750615802748754,-4.299054849765319,1.7239547556364188e-05,-0.44227401731592175,0.19637375410886015,-2.252205338350594,0.02432083998049258,-0.22674636389811417,0.08444186373656173,-2.6852363728672333,0.007254241437995455,-1.13084795410776,0.08598087829486044,-13.152319172987061,2.4666619285165625e-39,-0.0757378319099702,0.0769086183858588,-0.9847769144673145,0.32474639408359507,0.4908873757023938,0.06925895277657032,7.087710050800199,1.412033909179961e-12,0.7411819632792827,0.04228597820699093,17.5278424363551,3.0825605842492626e-68,0.32863644215083276,0.038757700191731005,8.479255490524375,2.4326369444674238e-17,-0.013018931437346906,0.10258987621856988,-0.12690269173938568,0.8990187795662553,0.024701373547308184,0.0664781334842736,0.37157140630537805,0.7102161883133725,0.000422394220328387,0.05282738891274513,0.007995742909536084,0.9936204733853804,-0.030589687420614093,0.0876344605282027,-0.34906002999550223,0.7270481701521497,-0.2566430774606078,0.041441589179955385,-6.192886965462749,6.030371229559228e-10,-0.2918448045003403,0.03840566901114022,-7.599003272555563,3.12462690561668e-14,0.10250817593089681,0.1527905242432018,0.6709066314068738,0.5022882916127611,0.07440291710859491,0.07183874039449763,1.0356935088229036,0.3003585342672586,0.4090746187026905,0.049531864636437314,8.258817262489274,1.568164098178664e-16,0.3680628369399902,0.08610311306518185,4.274675140506929,1.9236342691820403e-05,0.009142527023102217,0.043605909995362964,0.2096625669335746,0.833933325669032,0.16257868906120304,0.06983652490983548,2.327989390524587,0.01992326926962479,0.3158284682396969,0.03839966193958222,8.224772101812235,2.082327652017789e-16,0.18762943613833782,0.06792292792222371,2.7623873392676193,0.005743635496683268
5.2379999999999995,0.1467777020115878,0.14572906928455276,18738,0.7671023132213475,0.07138659396416917,10.745747494359746,7.432988725083134e-27,-1.419054640046998,0.09215377055805178,-15.398769159999505,3.535458114258867e-53,-0.8913511162218268,0.20790119826352768,-4.287378445467081,1.816989992366203e-05,-0.45423479480890716,0.19674760101014094,-2.30871834002944,0.020970057749997783,-0.22644457140497565,0.08460262009241766,-2.6765668859618486,0.0074445526471918185,-1.1216991263906717,0.08614456455255715,-13.021124805922241,1.3653830908311537e-38,-0.07474311625174723,0.07705503331180354,-0.9699965471340318,0.332060749467318,0.48926546823586226,0.06939080463731907,7.050868926986478,1.840036395957892e-12,0.7425717020060774,0.04236648021700774,17.52733996788284,3.1094735883043587e-68,0.327341371279944,0.038831485235884186,8.42979271309066,3.7107862771924924e-17,-0.02249015769083418,0.10278518188709536,-0.21880739303004348,0.8268024737028219,0.034365684898273935,0.06660469135509908,0.5159649297833281,0.6058849993484292,-0.0034210011800898457,0.05292795915308812,-0.06463504799410436,0.9484652691487256,-0.03311992995866537,0.08780129479616561,-0.3772145961577751,0.7060184113636421,-0.257702969489941,0.041520483682784354,-6.2066466146874975,5.526555593488432e-10,-0.2847031583967167,0.038478783875275625,-7.3989645649807425,1.4305298075325978e-13,0.10299495837547089,0.15308139948919683,0.6728117114106955,0.5010753936599186,0.08646640769348685,0.07197550353074399,1.201331056427457,0.22963801148363552,0.41872882937784434,0.049626161016282075,8.437663135789643,3.470202684096348e-17,0.3717748284718856,0.08626703202755094,4.30958176877063,1.6439851263742625e-05,0.009543683431802357,0.04368892482798799,0.21844628746021427,0.8270837860314334,0.15701856381274776,0.06996947632461206,2.244100885996138,0.024837551746916226,0.31055930869017945,0.03847276536774393,8.072185758462698,7.3197125255025055e-16,0.18217154341452174,0.06805223632315983,2.6769369128362404,0.007436339264700048
5.292,0.1462139382424993,0.1451646126349102,18738,0.7813676869730961,0.07170207131169104,10.89742140888047,1.4348846742381656e-27,-1.4203344936406066,0.09256102387391085,-15.344844235684178,8.04351106212801e-53,-0.898265308351913,0.20881997187258536,-4.301625463775098,1.7040913451057367e-05,-0.46405606701002355,0.19761708374984305,-2.3482588559876576,0.018871758211167426,-0.23002442412273194,0.084976502759989,-2.706917990875925,0.006797264248038456,-1.1151352153680236,0.08652526150445412,-12.887972783654853,7.622437119621504e-38,-0.07892984391221525,0.07739556108000911,-1.0198239125189628,0.3078251636480405,0.4883867798625124,0.06969746203296925,7.0072390818404395,2.5133488497299588e-12,0.7429722678224743,0.042553709556026324,17.45963573032981,1.0009790206535915e-67,0.3269109420087232,0.03900309244225546,8.38166723555879,5.58343461851981e-17,-0.043055771519348446,0.10323941838649424,-0.41704779232833217,0.67664823445612,0.03639921816402636,0.06689903613602204,0.5440918175565024,0.5863847729610261,0.00360324908150772,0.05316186262482041,0.06777883436735382,0.945962416835562,-0.03822131401574649,0.08818931330290629,-0.4334007441975047,0.6647286553552982,-0.2617364830742753,0.04170397432623268,-6.276056114624009,3.5490026106015573e-10,-0.2771828560768637,0.038648832395575275,-7.171830011314833,7.676338100425869e-13,0.11922316957667568,0.15375790905750636,0.7753953621474231,0.4381158726521226,0.092739411664605,0.07229358343453973,1.2828166381955395,0.1995722111659295,0.42703759389740586,0.049845472917518986,8.567229256788066,1.1411519028360434e-17,0.3904239077375525,0.08664827019751174,4.505847685679064,6.65086809337745e-06,0.007372104601409967,0.04388199842003713,0.1679983789900453,0.8665863697426494,0.14939590488716933,0.0702786910324809,2.125763907841178,0.03353597944790345,0.30552695674733615,0.03864278729057357,7.906442008179511,2.79472799387113e-15,0.1844093732954135,0.06835297821062035,2.6978981475712915,0.006984133916719463
5.346,0.1460028102491404,0.14495322515967424,18738,0.7775632526607718,0.07175147840944023,10.836895209652837,2.773615514662108e-27,-1.4089273545388954,0.09262480406143742,-15.211123724530237,6.102285646223126e-52,-0.8908034165070465,0.2089638615618726,-4.262954416370634,2.027296156287071e-05,-0.45583128152762353,0.19775325396633922,-2.3050507255127815,0.021174620018065093,-0.22657737721542082,0.08503505675015192,-2.664517269402728,0.007716500892326219,-1.123129166716795,0.08658488268379692,-12.971423323611802,2.5995476975167026e-38,-0.07910257430119523,0.07744889133925659,-1.0213519255517147,0.3071009361219727,0.4988725821203992,0.069745487832734,7.152757800143464,8.81919537397527e-13,0.7426753626602831,0.042583031655781096,17.440640879298623,1.3884642655683102e-67,0.3273971798911341,0.039029967950390196,8.388353797965673,5.276029519655678e-17,-0.02991243598813023,0.10331055663874385,-0.28953900706128205,0.7721721417634295,0.034564560540133654,0.06694513364976513,0.5163117713822791,0.6056427765626032,0.00786947074327083,0.05319849438866186,0.147926568856957,0.8824023136578141,-0.026484686102134992,0.08825008111537086,-0.30010948168434093,0.7640969804157638,-0.2614865680671683,0.04173271090661832,-6.265746039174742,3.791457702613287e-10,-0.2789711871675902,0.03867546379694386,-7.213131008131168,5.676765500656286e-13,0.10208994025532353,0.15386385762919394,0.663508258718928,0.5070132651401568,0.09197253226860214,0.07234339812019731,1.2713327637138547,0.2036260919910204,0.44156896231825393,0.04987981948670086,8.852657585017658,9.29387013931929e-19,0.4017506549841008,0.08670797613734209,4.6333759923970925,3.6217443154564355e-06,0.003664882553364465,0.04391223579178534,0.08345925656670969,0.9334872655355203,0.14764395956479667,0.07032711733445525,2.099388758715149,0.0357960031707347,0.30419087656872434,0.03866941452649632,7.866446396810391,3.845933792264136e-15,0.18216091557736458,0.06840007757907819,2.6631682598132445,0.007747494331121596
5.4,0.14517522652476955,0.14412462431306017,18738,0.7795345622401839,0.07202262970551754,10.823467088434636,3.2087669616620173e-27,-1.4004440501615725,0.09297483637055375,-15.062613765514623,5.677278440728266e-51,-0.9025888003057893,0.20975354315661962,-4.303092032308797,1.6928569267522838e-05,-0.4546778367318321,0.19850057029075696,-2.2905618662245417,0.021999833754620758,-0.22027680999255023,0.08535640714405236,-2.5806710634012333,0.00986839220784674,-1.105639105763327,0.08691208992301842,-12.72134989208793,6.399855237491131e-37,-0.07084073206491479,0.07774157335406547,-0.9112335782333404,0.3621840524740916,0.49755463627906127,0.07000905842166981,7.107003686326594,1.2285717854849635e-12,0.7409721458836103,0.04274395439187412,17.335133270319826,8.49533329175674e-67,0.326992458979816,0.03917746353696493,8.346442813258964,7.518818382836183e-17,-0.015401951626481253,0.10370097077308703,-0.14852273331349025,0.8819318465806091,0.029856488226719605,0.0671981216042658,0.4443053989298458,0.6568269360741057,0.011486202791694572,0.05339953332225058,0.21509931036997448,0.8296922355006432,-0.04077416433908341,0.08858358119653731,-0.46029031326492875,0.6453132011812364,-0.2567655800127743,0.04189042025145687,-6.12945820241191,8.994425652003171e-10,-0.27735747819581097,0.038821619700172644,-7.144407686693648,9.370651940800526e-13,0.08275634347430358,0.15444531442061418,0.5358294214671099,0.5920828144234411,0.08990283957963696,0.07261678630114869,1.238044867570996,0.21571495587855324,0.4502481144009242,0.050068317034092744,8.99267523001301,2.6381090962408575e-19,0.4093082125984682,0.08703564855094337,4.702765124555756,2.5849291898929467e-06,0.001744809167913865,0.04407818163586469,0.039584418030851394,0.9684248725672342,0.15058950814727617,0.07059288592121249,2.1332108212057874,0.03292040636922318,0.29838195927694744,0.03881554756932476,7.687176349735522,1.5783210050030066e-14,0.1789750275223723,0.06865856381655364,2.6067400419351805,0.009148120023732973
