peth_time,r_squared,r_squared_adj,n_trials,Intercept_beta,Intercept_se,Intercept_tstat,Intercept_pvalue,C(Behavioral_State)[T.Exploration]_beta,C(Behavioral_State)[T.Exploration]_se,C(Behavioral_State)[T.Exploration]_tstat,C(Behavioral_State)[T.Exploration]_pvalue,C(Behavioral_State)[T.Left Bias]_beta,C(Behavioral_State)[T.Left Bias]_se,C(Behavioral_State)[T.Left Bias]_tstat,C(Behavioral_State)[T.Left Bias]_pvalue,C(Behavioral_State)[T.Right Bias]_beta,C(Behavioral_State)[T.Right Bias]_se,C(Behavioral_State)[T.Right Bias]_tstat,C(Behavioral_State)[T.Right Bias]_pvalue,Choice_beta,Choice_se,Choice_tstat,Choice_pvalue,Reward_beta,Reward_se,Reward_tstat,Reward_pvalue,Choice:Reward_beta,Choice:Reward_se,Choice:Reward_tstat,Choice:Reward_pvalue,Reward_lag1_beta,Reward_lag1_se,Reward_lag1_tstat,Reward_lag1_pvalue,Reward_lag2_beta,Reward_lag2_se,Reward_lag2_tstat,Reward_lag2_pvalue,Reward_lag3_beta,Reward_lag3_se,Reward_lag3_tstat,Reward_lag3_pvalue,Choice_lag1_beta,Choice_lag1_se,Choice_lag1_tstat,Choice_lag1_pvalue,Choice_lag2_beta,Choice_lag2_se,Choice_lag2_tstat,Choice_lag2_pvalue,Choice_lag3_beta,Choice_lag3_se,Choice_lag3_tstat,Choice_lag3_pvalue,RPE_beta,RPE_se,RPE_tstat,RPE_pvalue,RPE_abs_beta,RPE_abs_se,RPE_abs_tstat,RPE_abs_pvalue,Q_unchosen_beta,Q_unchosen_se,Q_unchosen_tstat,Q_unchosen_pvalue,belief_p_right_beta,belief_p_right_se,belief_p_right_tstat,belief_p_right_pvalue,true_switch_beta,true_switch_se,true_switch_tstat,true_switch_pvalue,trials_since_switch_beta,trials_since_switch_se,trials_since_switch_tstat,trials_since_switch_pvalue,trials_since_switch_expdecay_beta,trials_since_switch_expdecay_se,trials_since_switch_expdecay_tstat,trials_since_switch_expdecay_pvalue,first_win_after_switch_beta,first_win_after_switch_se,first_win_after_switch_tstat,first_win_after_switch_pvalue,first_loss_after_switch_beta,first_loss_after_switch_se,first_loss_after_switch_tstat,first_loss_after_switch_pvalue,detected_switch_beta,detected_switch_se,detected_switch_tstat,detected_switch_pvalue,Choice:RPE_beta,Choice:RPE_se,Choice:RPE_tstat,Choice:RPE_pvalue
-2.16,0.06188864831958707,0.05675014841755088,4223,0.23890542508146917,0.0516653195671765,4.624096532894537,3.875474704799182e-06,0.14960683871284258,0.06735623806333883,2.2211281837349484,0.026395424523345715,-0.1074418478665573,0.1442679603588709,-0.7447381081654754,0.4564717349458858,-0.10696170503580445,0.15018611201193924,-0.7121943807114561,0.47638398452879016,-0.044327695109915265,0.06391198408701558,-0.6935740728931763,0.48798772144359615,0.26982098646515135,0.06422610154795698,4.2011110741896545,2.7112317583648016e-05,0.01969120679102528,0.05892240540134919,0.33418878025937476,0.7382537992588672,0.13658646089672877,0.05189878290774275,2.631785433957672,0.00852482050542467,-0.18897935948153075,0.03104671837745513,-6.086935088726153,1.253781564960133e-09,-0.11477933392628387,0.02847039794895824,-4.031532475663332,5.6397121896966766e-05,0.02856353429683349,0.07156554019617811,0.3991241345839642,0.6898220368703336,0.06221411504561884,0.046506978882827114,1.3377371856891709,0.18105457105545308,-0.020919973321753955,0.038470005594948384,-0.5437995913497091,0.5866082604552261,-0.2932932134701959,0.06636873395791161,-4.4191473300694675,1.0159087967318937e-05,-0.03360443769265556,0.03089297814799539,-1.0877694449421709,0.27675933371003325,0.08668530780476383,0.028481486450802465,3.0435668431315834,0.0023523904086291784,-0.05709375329011354,0.11247254397341129,-0.5076239166743717,0.6117437756068491,0.04955261744309772,0.04743707649075662,1.0445967818601412,0.29626949893934945,-0.0896808075333375,0.03702459933540458,-2.422195220019051,0.01546912457172867,-0.04031190239059143,0.06514412961313618,-0.6188109754476269,0.5360744587180082,0.001701363597933301,0.03305628396194763,0.0514686889758028,0.9589544994980133,0.004602350066283359,0.04705656025480476,0.09780464278226608,0.9220920887328438,-0.02938034437543949,0.0288769095113635,-1.0174338207444908,0.3090057177461226,0.02883285619638274,0.05358682096200897,0.5380587181468396,0.5905650285083177
-2.106,0.05957866815374924,0.05442751534773249,4223,0.22793622988402956,0.0485716823686893,4.692780212014312,2.7809908403632005e-06,0.10885439571295916,0.06332305361062353,1.7190326351333278,0.08568213267417808,-0.14856511145764165,0.13562942424886443,-1.0953752276131594,0.2734151053728694,-0.12747610681767002,0.14119320638958674,-0.9028487281883246,0.3666579734732154,-0.03169284498441346,0.06008503608674952,-0.5274665215920981,0.5978975269734628,0.2489941739549884,0.06038034469351168,4.12376204903886,3.799413055868671e-05,0.0017796615157211395,0.05539422544038047,0.0321272028189391,0.9743721368175062,0.12011378711261494,0.04879116629558098,2.461793726859398,0.013864321173984563,-0.17500408006673301,0.029187690238887863,-5.995818053241105,2.1948502933600246e-09,-0.12093415939925203,0.026765635781831585,-4.518262162161741,6.406301219295365e-06,0.010265392230655136,0.06728030942367005,0.15257647175807493,0.878739611282283,0.0535425352328603,0.04372221492382165,1.2246071093641722,0.2207919848522167,-0.022431038984330024,0.036166482819292266,-0.6202162122429181,0.5351491062718234,-0.29631134657092584,0.06239467968110156,-4.748984177583241,2.1125978224284647e-06,-0.0218115711648813,0.029043155729952932,-0.7510055507634277,0.4526913997886556,0.07685842700827619,0.02677606032181381,2.870415814893481,0.004119821723436104,-0.034484194010927886,0.10573786684841606,-0.3261290873246367,0.7443429427062532,0.029441297157629366,0.04459661976565159,0.6601688045492882,0.5091817192552865,-0.06832084033758833,0.034807625188672295,-1.962812457536531,0.049733893535824594,-0.019553710019554908,0.061243402697623114,-0.31927863505718956,0.7495311145355584,0.006264864897789258,0.031076926230975493,0.20159216684515088,0.8402453344111314,-0.0002706122065893272,0.044238888236966235,-0.006117066169018286,0.9951196083688975,-0.015702146164136566,0.027147806078149508,-0.5783946636032138,0.5630287149946258,0.029050569862159422,0.05037812731478986,0.5766504515071731,0.5642065202036939
-2.052,0.06008962217695224,0.05494126811885969,4223,0.2106777250859738,0.04476512957703229,4.706290969703046,2.6038749838665466e-06,0.09546096092325748,0.05836043887827593,1.6357135545598482,0.1019744999997104,-0.16203803455178548,0.12500017406999564,-1.2963024712353597,0.1949425366751621,-0.12198487559219788,0.13012792374473958,-0.9374227458780084,0.34859505854876227,-0.0019331356104003543,0.055376184124062186,-0.0349091516683318,0.9721538423861572,0.2355504843902802,0.055648349455840816,4.232838650087886,2.3569181630525166e-05,0.019313015074554855,0.051052991346589124,0.3782935057309853,0.7052316924573843,0.10824565558385071,0.04496741259356036,2.4072022235798425,0.016118152821966276,-0.1612618306664549,0.026900256937370602,-5.994806333705511,2.208441269266424e-09,-0.11463994802433469,0.02466801839167333,-4.647310789383525,3.466007386841252e-06,-0.010623276175898647,0.06200756536435965,-0.17132225904171094,0.8639786341705891,0.057299427882590105,0.04029571390183961,1.4219732654984487,0.15510828391695236,-0.017865353342097365,0.033332122973668755,-0.5359800621223673,0.5920007194470265,-0.27278327835392246,0.057504821423324866,-4.743659255035565,2.1686190204728746e-06,-0.014140173113624165,0.026767049568276143,-0.5282679018304229,0.5973413235058715,0.06528053628591778,0.02467762596259383,2.6453329175533153,0.0081914656067456,-0.04759998742044466,0.09745121189624671,-0.4884494147812435,0.6252570545619776,0.03193512622930643,0.041101591815439195,0.7769802778614155,0.4372141739588854,-0.057947511512409594,0.032079758737039915,-1.8063574600859533,0.07093409012516447,-0.02584359888623644,0.05644376978106818,-0.45786450810209084,0.6470734783739402,0.0040755063541734055,0.028641433891988782,0.14229407541335962,0.886854552838714,0.004412833150194997,0.04077189563333387,0.10823222912861569,0.9138166511709964,-0.010035578438270888,0.025020238080201,-0.4010984390357275,0.6883680591216561,0.002032036559362578,0.046430003802968,0.043765591060164456,0.9650933361322086
-1.998,0.0606710542147918,0.055525884947570936,4223,0.1930294712189635,0.04058481307786961,4.756199587481162,2.0389021293262437e-06,0.08034938936478703,0.05291054723613482,1.5185892711748987,0.12894119806082124,-0.1011580004041844,0.11332724259408386,-0.8926185627449941,0.3721126257686528,-0.1284496289420741,0.11797614597101867,-1.0887762766350095,0.2763150397398782,0.009860859379193614,0.0502049721038638,0.1964120079340651,0.8442972033106142,0.2154890383980634,0.05045172173289156,4.271192954304614,1.987319396094666e-05,0.01890766645369088,0.046285493428583444,0.40850091579696796,0.6829267888506254,0.10466448651809065,0.04076820623437756,2.5673066388148547,0.010283515741781823,-0.15477504023615193,0.02438822158821568,-6.346302852641736,2.439141593858645e-10,-0.08681783753578054,0.022364436892888428,-3.8819594676844904,0.0001052095181960266,-0.0015391232273591765,0.0562170929360494,-0.027378207356079924,0.978159380777994,0.06257723535842415,0.036532766284776856,1.712907116603978,0.08680345061366868,-0.01753142451690811,0.030219458608894134,-0.580136948970631,0.561853396678611,-0.24916029552723934,0.05213483018128756,-4.779152337522506,1.8205399470901007e-06,-0.01033746498758771,0.02426745356573089,-0.4259806229601975,0.6701437991586966,0.0568984942743084,0.022373147276922273,2.543160046731501,0.011021064046126685,-0.06723408670302188,0.08835089401930948,-0.7609893193421174,0.4467061785882981,0.03250445290023778,0.03726338864186713,0.8722892384434822,0.38310048145401765,-0.06531342565759948,0.02908404430474191,-2.2456789356131837,0.024776386040703043,-0.04156620275094666,0.05117286306594946,-0.8122704156180957,0.41668252856581844,0.008007355403950575,0.025966801655030215,0.30836895164558753,0.7578169010848584,0.0015518358404230017,0.03696448058442017,0.041981811076146194,0.9665151940090349,-0.0017432419467733658,0.022683765136910203,-0.07684976176802437,0.9387467249171257,-0.005974071151017491,0.042094215818265814,-0.14192142637386254,0.8871488783925542
-1.944,0.05860884291611057,0.05345237789755142,4223,0.1833986067638707,0.037386270895066624,4.905506817693107,9.671422151348415e-07,0.035474458849606094,0.048740597828575524,0.7278215785200773,0.4667633946120858,-0.09829638666281748,0.1043957744312902,-0.941574380747689,0.34646475658285547,-0.13307533317704362,0.10867829165470567,-1.2244886366069554,0.22083664264033678,-0.007852061642526761,0.04624825260998446,-0.16978072033864458,0.8651907685675257,0.20191584235949922,0.04647555557812649,4.344560056309041,1.4285194338047837e-05,0.005488538060989895,0.04263767317377236,0.12872508400308416,0.8975813512369349,0.09180472488248174,0.037555210597125924,2.444526962378624,0.014545067940985826,-0.14498721934713021,0.02246615395755335,-6.4535843394051,1.216302716454976e-10,-0.07274988251613411,0.02060186638013805,-3.531227762270664,0.0004180793828407233,-0.005524886553367324,0.051786550338612646,-0.10668574209408008,0.9150433906950205,0.06831420252496485,0.03365357120773807,2.029924316301301,0.042427156858965684,-0.014794665635401036,0.02783782356436258,-0.5314591351294025,0.5951287643183611,-0.22012368376379804,0.048026016049061135,-4.58342585691326,4.70709414552778e-06,-0.009104643809432031,0.022354903820823273,-0.4072772525619719,0.6838251286860086,0.0535191340877376,0.020609890287417467,2.596769480156405,0.009443325175073049,-0.052069616641124895,0.08138784454395752,-0.639771417130996,0.5223561208779101,0.0392194418975964,0.03432661226158645,1.1425375041010184,0.2532958078665468,-0.05603439677616115,0.02679189274606061,-2.09146838960828,0.03654603795088648,-0.04676015410097774,0.047139862819842816,-0.9919450610130913,0.32128148248408506,0.0008454776812679143,0.02392032406532852,0.03534557805148626,0.9718058600580411,0.0019275223151771085,0.03405126153896545,0.056606487632518736,0.95486135972749,0.0038704186452535633,0.020896027947730773,0.18522269662612484,0.8530633134737393,0.002572061856816951,0.038776715631966975,0.0663300595447176,0.9471182096457886
-1.89,0.056471567981391635,0.05130339605083001,4223,0.14956831436540227,0.03491587461969202,4.283676579622268,1.8794329762753535e-05,0.031199444840764732,0.04551993450879166,0.6854017954428057,0.49312824699675084,-0.07520926862617033,0.0974975487953673,-0.7713965074550057,0.4405153508059342,-0.11955086484454944,0.10149708741876015,-1.1778748325191086,0.23891326132513332,-0.026288191491285546,0.043192277562059435,-0.6086317502825408,0.5428014767229488,0.20883060700731187,0.04340456088816613,4.811259525130865,1.5524537170314312e-06,-0.0032481650201455665,0.03982027666758522,-0.08157062913602658,0.9349920456706178,0.05765857482620215,0.03507365118617405,1.6439285012029492,0.10026583418502803,-0.1498998875884965,0.02098164368867666,-7.14433482012633,1.0610836753635663e-12,-0.05357107841237045,0.019240543821006477,-2.784280886795025,0.005388679786983159,-0.018080830793776995,0.04836461768771834,-0.37384417903438577,0.7085391230934416,0.07254681160316445,0.03142982289119708,2.3082157304641857,0.021035501175085333,-0.028652694875971486,0.025998366084343857,-1.1020959849175314,0.2704831094338264,-0.22705085309278994,0.04485257060162184,-5.062159203971688,4.322877817876142e-07,-0.015770846217609585,0.02087774469761672,-0.7553903185438363,0.45005718939289796,0.05281196318423484,0.019248037527488052,2.7437583238714214,0.0060998245252869895,-0.023147675190371628,0.07600992844779263,-0.30453488988968846,0.7607355075337436,0.04637106117708222,0.03205839098551259,1.4464562865315864,0.1481239033172909,-0.04685219637101959,0.02502154789845941,-1.8724739397079548,0.06121050652407723,-0.05174664538665573,0.04402497227997953,-1.17539302597557,0.23990415455636668,0.002052862531333719,0.022339725678220092,0.09189291582640777,0.9267875035039347,-0.0031227281436625055,0.03180123478679833,-0.09819518533157227,0.9217819924317827,0.009727492342253938,0.01951526788858806,0.498455486124394,0.6181891441977847,-0.0010345063159631351,0.036214442060009525,-0.02856612602919287,0.9772119860961801
-1.836,0.0513316498142079,0.046135324009427325,4223,0.11488525105114765,0.03302511074997954,3.478724172067124,0.000508924305705385,0.03285424216071498,0.04305493976189333,0.7630771833013529,0.4454602337576562,-0.0751775660127097,0.09221786313216347,-0.8152169597008314,0.4149943674505243,-0.10446467355151035,0.09600081880562311,-1.0881644016289522,0.27658498948017707,-0.022099596629646973,0.040853330055962124,-0.5409496998010757,0.5885709481513977,0.18367964024344455,0.04105411781887538,4.4740856703781,7.876955612262256e-06,-0.004899271393901138,0.037663929698617635,-0.13007860393497267,0.8965104686087209,0.051132572788448315,0.03317434340242129,1.5413288567066652,0.12331212190267712,-0.1348768918186688,0.019845446063790104,-6.796364837813571,1.2237336933599557e-11,-0.05357625476749572,0.018198630207596333,-2.9439718350413173,0.003258059837324363,-0.03578009919403621,0.04574557770397349,-0.7821542756673576,0.43416801515243175,0.0847462127662368,0.02972783563750754,2.850736050871887,0.004383089464593386,-0.04522417853763881,0.02459050299057183,-1.8390912359530864,0.06597233513381764,-0.1850513581194795,0.042423714934078406,-4.361979105484471,1.3198345460417737e-05,-0.024829497103085504,0.019747173409189883,-1.257369679628702,0.2086897307761742,0.04567435875973845,0.018205718115007433,2.508791934007147,0.012151866314252404,-0.005339890782259042,0.07189384004920893,-0.0742746635678949,0.9407953748400589,0.046884807421465356,0.030322365522689503,1.5462120653608826,0.12212871946633706,-0.03622604771187865,0.023666581447067545,-1.5306835840614113,0.12592294180460092,-0.041826679626297464,0.04164093270317533,-1.004460681139065,0.3152144928227357,-0.0015676627904557174,0.021129985219711156,-0.07419138130741897,0.9408616376464982,-0.0003975494735779222,0.030079134842230126,-0.013216785511389632,0.9894554658008561,0.015006347124867586,0.018458477421976288,0.8129785995783886,0.4162764197952491,-0.01048041559145143,0.034253358187568174,-0.3059675356226872,0.7596445320885864
-1.782,0.048733013906283484,0.04352245408724187,4223,0.08944154453887333,0.03157120017988151,2.833010592858906,0.004633172832806528,0.025927999482619604,0.0411594720225523,0.6299400407374761,0.528768090084372,-0.08622792824413247,0.08815802736129362,-0.9781063713092045,0.3280780644626725,-0.04120306102551545,0.09177444069424473,-0.4489600886023088,0.6534836169667868,-0.015020523047540346,0.03905478685525223,-0.384601332052087,0.7005522840350376,0.19709666920135288,0.03924673505807874,5.021988935122427,5.326174232807927e-07,0.0015822677028851408,0.03600579792383522,0.043944803173982895,0.9649504915305376,0.029083601806810598,0.0317138629548615,0.9170627320993799,0.3591624359496359,-0.12608442140380582,0.018971762277567753,-6.64589928753684,3.399721568665295e-11,-0.0507867734302155,0.01739744649558877,-2.9192084851700972,0.0035278707187388694,-0.057159252620612166,0.04373165625303366,-1.3070452280582683,0.19126892255989708,0.07551105372729858,0.028419085614329015,2.6570543032962894,0.007912512987584682,-0.04972865559068244,0.02350792093679199,-2.1153999847282394,0.034454602396997144,-0.20380284211491798,0.040556036486837456,-5.025215967074657,5.237913199902907e-07,-0.029369323410132347,0.018877816017278712,-1.555758536011308,0.11984088367738831,0.04706492467987695,0.017404222362153648,2.704224509462829,0.006874004549993141,0.029537031778904654,0.0687287571290087,0.42976234421730597,0.6673905793108992,0.040769537164686266,0.02898744168011491,1.4064551682273414,0.15966300870821534,-0.02068059526364252,0.022624674481653395,-0.9140726104330319,0.36073117645329755,-0.028682625317383803,0.03980771577124045,-0.7205292934217015,0.4712392787669025,0.00782198689503216,0.02019975037236936,0.3872318593467187,0.6986041910072899,-0.014820571239451366,0.028754919083572923,-0.515409944169102,0.60629371809903,0.01708311417553438,0.01764585409317356,0.968109227546153,0.3330455786849357,-0.006152548843443545,0.032745374765278217,-0.18789062234118764,0.8509714728866871
-1.728,0.046233461176179325,0.04100921007045222,4223,0.03666394055688223,0.030445613352866035,1.2042437815899945,0.2285632443681661,0.05673605721914752,0.03969204096983549,1.429406395661661,0.15296185236287282,-0.015604053175829753,0.08501498833432704,-0.18354473112983075,0.8543794866077477,0.058517617778546846,0.08850246810803997,0.6611975804687287,0.5085218892330006,-0.012828656343991251,0.03766239273131323,-0.34062244625592425,0.733404869375408,0.1847317375651036,0.037847497533593046,4.880949854112221,1.0949521887029057e-06,-0.0001390980342355361,0.03472210735748558,-0.004006036638370932,0.9968038440659557,0.031098678028373093,0.030583189867605422,1.0168552777849276,0.3092808662414346,-0.12270497229537912,0.018295374760361253,-6.706884876784904,2.25271958128312e-11,-0.043273457984733664,0.016777187003153636,-2.5793035493136887,0.009933682107256163,-0.04689198155969569,0.0421725208409643,-1.1119084328994424,0.2662411794748358,0.05297902154500807,0.02740587901397627,1.9331261558146038,0.05328781011128088,-0.04040224584415943,0.02266980879705028,-1.7822049672256803,0.07478805191670045,-0.18192211920149015,0.03911011931658579,-4.651535775917226,3.3960922597717135e-06,-0.036903271371508894,0.018204777903085917,-2.0271201092353546,0.04271318573049285,0.042076602044730585,0.016783721294292064,2.5069888439484704,0.012213935792726473,0.03980975213211094,0.06627841684353372,0.6006442825285268,0.5481093543763411,0.02530169604523555,0.027953971862112598,0.905119893875553,0.36545380299836705,-0.0018989285949823735,0.021818052135433873,-0.0870347445864975,0.9306480446808445,-0.03536754713413279,0.03838847797760606,-0.9213063137008053,0.35694345417984186,0.006863895487135872,0.019479582219160265,0.35236358818745567,0.724583289400199,0.005637892180549986,0.027729739237765522,0.20331573016999963,0.8388981129996185,0.01655675772433576,0.017016738291254503,0.972968934525182,0.3306247865626839,-0.011851476577680646,0.031577925879221314,-0.375308898469455,0.7074497053010478
-1.674,0.04085636489482669,0.0356026607730312,4223,0.013120109121537594,0.029903857445181536,0.4387430332554525,0.6608703147225863,0.04471636505585367,0.03898575210535316,1.1469924944634744,0.25145007389111673,-0.024398107575886282,0.08350221302452973,-0.29218516123302096,0.7701594915476944,0.09200469125776906,0.08692763581983855,1.05840553915964,0.2899314770405018,0.025220250130137022,0.03699221987181976,0.6817717405856336,0.4954208973375488,0.1511780000900804,0.037174030878733604,4.066763719631109,4.8544537626759716e-05,0.016110408264144088,0.0341042545794793,0.47238705149233207,0.6366750943472042,0.03670874593328683,0.03003898589330604,1.2220367912442442,0.2217623098273954,-0.12006464614372106,0.017969822857535338,-6.6814596390622745,2.6755280754324043e-11,-0.041545573407816276,0.01647865006556783,-2.521175778507842,0.011733069375486299,0.0009207952119661064,0.041422093774748224,0.02222956707532352,0.9822658885314162,0.009355442409134992,0.02691821280442984,0.347550651936127,0.7281950917891213,-0.019627435518027994,0.02226641725753564,-0.881481528483684,0.3781077005594746,-0.150807241047751,0.03841418529336758,-3.925821669678589,8.781953634487457e-05,-0.04463351037594386,0.017880838100567446,-2.496164336644121,0.012592499620901301,0.02854506295043965,0.01648506808409957,1.7315708254776558,0.0834234512543116,-0.012869859461350483,0.06509904418774913,-0.19769659634683912,0.8432920222591509,0.007288786116030763,0.02745655276846441,0.2654661776915562,0.790663393438992,0.005734817138738027,0.02142981694038148,0.26760924531891683,0.7890132571726087,-0.03339452743878649,0.03770538499832054,-0.8856699763249715,0.37584610752999215,0.012233225958507602,0.019132958269622965,0.6393797439013946,0.5226108013715494,0.022654622585261575,0.027236310188513142,0.8317801650979917,0.4055803403753431,0.029666045258137964,0.01671393872561723,1.7749284441655402,0.07598213213461573,-0.031146067009284795,0.03101602135461166,-1.0041928541764367,0.31534352922628994
-1.6199999999999999,0.03749781576544409,0.03222571520878892,4223,-0.005985356759667677,0.029262704293927383,-0.20453874322578458,0.8379424323080772,0.037504200900379585,0.038149878744794856,0.9830752320673269,0.32562705232921707,0.05373579161256013,0.08171188523436033,0.6576251601396649,0.5108150702464341,0.07333360381053448,0.08506386530999271,0.8621005352071599,0.38868142725442856,0.048379338040643975,0.036199088805495556,1.3364794429107087,0.18146502806517087,0.12786133480005066,0.03637700169658173,3.514894819164426,0.0004445732340384614,0.02620353134531202,0.03337304288430282,0.7851705772276758,0.4323978615459295,0.05438328025653956,0.029394935522838683,1.8500901359108592,0.06437076739321282,-0.105077655401856,0.017584541173601812,-5.975569926134907,2.483018396328336e-09,-0.03789927535195076,0.016125339846733314,-2.3502931232564648,0.018804661941620098,0.02978549575490355,0.04053398407171377,0.7348277362078764,0.4624854483006059,-0.006728417872046189,0.02634107331674575,-0.2554344612741633,0.7984000678129333,0.004880625545999223,0.02178901451382676,0.22399478154012428,0.8227722612508314,-0.1312871366320949,0.03759056660140273,-3.4925554068981706,0.0004833546327600056,-0.037749154664998744,0.01749746429281505,-2.157407155304189,0.031030507351271597,0.021603475700779935,0.016131620259846956,1.3392006105271965,0.18057785922298203,-0.054673671583734956,0.0637032892286733,-0.8582550798511351,0.3908006142802225,-0.00037485673197252666,0.02686787101186001,-0.013951858403930012,0.9888690515422318,0.02077899510600398,0.0209703513116641,0.9908749165516516,0.3218037561103762,-0.016374548080918507,0.036896963327128426,-0.4437912121857234,0.6572164093539462,0.017294703237362326,0.01872273840050171,0.9237272276847537,0.3556814293829914,0.02332246579986132,0.026652350539230017,0.8750622488449045,0.3815900857075043,0.02880997739763108,0.016355583804234835,1.761476553968775,0.07823054433660662,-0.0420925696405925,0.030351022871812926,-1.3868583546053723,0.16555857448767441
-1.566,0.03448035630610302,0.029191727631428077,4223,-0.03614683899179451,0.028896817362128197,-1.2508934301937382,0.21104305450711874,0.05762630467175962,0.03767287081202698,1.5296499425088295,0.12617872620184484,0.12620883070745956,0.0806901986985014,1.5641159985122646,0.11786568550566207,0.14013759567698242,0.08400026721008262,1.6682994034590592,0.09533086418595717,0.06863682979282738,0.03574647262197633,1.9201007752197237,0.05491284025964429,0.09982101468818139,0.035922160974920264,2.77881430234315,0.005480030167927853,0.04233392061500381,0.032955762234398084,1.28456809203512,0.19901411635226038,0.074932175109809,0.029027395234666537,2.581429525592423,0.009872806331391539,-0.08582983934723754,0.01736467243718975,-4.94278482117616,8.001780627750593e-07,-0.033393121284031574,0.015923716269449488,-2.0970683425261782,0.03604718591671702,0.06773548188432839,0.040027166420254466,1.6922377460637088,0.09067484354670625,-0.032880704393269414,0.026011717068623413,-1.2640728140523911,0.20627405863380088,0.017789846641790057,0.021516575043184726,0.8267973228120665,0.4083989271521137,-0.09236234266574585,0.037120552041564725,-2.4881726587019943,0.012878622815928456,-0.028141166022763214,0.017278684324290663,-1.628663704631833,0.10345924682430953,0.01141091192833829,0.015929918155265673,0.7163195577728931,0.47383388868049015,-0.09526167039045579,0.06290677360908882,-1.5143308887914784,0.1300172027906485,-0.00521467646676531,0.026531927935999258,-0.1965434430300066,0.8441943446298046,0.024458009113876952,0.020708148016196016,1.1810814320405736,0.23763726723222064,-0.029039762995971802,0.03643562125262742,-0.7970157224608242,0.4254869631900664,0.020027097387901156,0.018488638187499185,1.0832110610202854,0.2787769469246799,0.03370862886887209,0.026319102228818086,1.2807666680956482,0.2003463709020976,0.0224968959678608,0.016151081366052533,1.3929033888186795,0.16372274688251034,-0.05926018323499276,0.02997152812231915,-1.977215942848873,0.04808253135777157
-1.512,0.028916988576028535,0.023597886584422967,4223,-0.06968957334649642,0.028481399719340463,-2.44684510007327,0.014451993845851122,0.07876534270607244,0.037131289537049285,2.1212660181780394,0.033957853496739576,0.19701838341243744,0.0795302047891605,2.4772774562161053,0.013277964342891701,0.18417568761327224,0.08279268809987633,2.2245404979615264,0.026165059492327843,0.05869620816710824,0.03523258504714398,1.6659637119606205,0.09579523241559812,0.0703338368468561,0.03540574772258749,1.9865090097217701,0.047041731738424804,0.03995210347497235,0.03248199362202387,1.229976950918539,0.21877464250091172,0.07934671895561797,0.028610100417955798,2.7733813512174774,0.005572201626114984,-0.06605653323751363,0.017115039711161847,-3.8595606175797426,0.0001152977085658162,-0.012420515857598558,0.015694798579512295,-0.7913778437279261,0.42876823410786047,0.09391760335520186,0.03945174003632449,2.380569355590625,0.017330261712009805,-0.028950403661454613,0.025637775327770288,-1.1292088838182521,0.2588742324769963,0.01952925701948923,0.021207254996852578,0.9208762294972931,0.3571679523124527,-0.06870321440399385,0.03658691084382175,-1.8778085610251904,0.06047661217462822,-0.02800666315250253,0.01703028775443597,-1.644520841710821,0.10014351834541711,-0.0032917855750529785,0.015700911307662626,-0.20965570154176116,0.8339465731225897,-0.10275689031643302,0.062002432370377926,-1.657304179658697,0.09753269654053007,-0.02133452734587741,0.026150507697788806,-0.815836066834044,0.41464017768394146,0.02569167016009736,0.02041044983277385,1.258750805131362,0.2081903314278144,-0.03626606579670055,0.03591182654871272,-1.0098641389768166,0.3126185737219463,0.02006401508884657,0.01822284744667275,1.1010362210166003,0.2709440042192024,0.05102172416035397,0.025940741550852416,1.9668568094067223,0.04926547256687577,0.00723198660585685,0.015918895099119493,0.45430204551425596,0.6496349259656848,-0.051167340498037006,0.029540660549351137,-1.732098725841149,0.08332942169851243
-1.458,0.022748360662666944,0.017395470044720085,4223,-0.07212919244919604,0.028237476505657375,-2.5543781305933964,0.010672756675783409,0.07862172224877527,0.03681328608352084,2.135688785575967,0.03276247649690122,0.18440258028136325,0.07884908436220783,2.3386775099920745,0.019398803281351913,0.20169875576165586,0.0820836267914509,2.4572349400948132,0.014041262234227768,0.03247423794356643,0.034930842665949625,0.9296723315301557,0.35259420535929153,0.043050905623413876,0.035102522324522455,1.226433394882815,0.2201043939057023,0.02252254261257807,0.03220380812730826,0.6993751336345639,0.484356362332488,0.07774128809679592,0.02836507497305097,2.7407397361246604,0.006156040403731212,-0.0481613357222687,0.016968461399358394,-2.838285368883814,0.004557434301487439,0.0023047556079380267,0.015560383636941065,0.1481168884850905,0.8822576332866452,0.0830068477675423,0.03911386355167562,2.1221848273279647,0.03388060416839013,-0.02989790072704429,0.025418205762676612,-1.176239621560761,0.239565815202465,0.008394875009039878,0.021025629731128145,0.3992686600302575,0.6897155620685278,-0.0386968851866188,0.03627356961201068,-1.0668066473889497,0.2861204880830774,-0.02600678516709283,0.016884435283702627,-1.5402816102588504,0.12356707540515678,-0.015538799057463408,0.015566444013861837,-0.9982240673352365,0.31822823839667547,-0.03929887789894958,0.06147142502140691,-0.6393031865661821,0.5226605892510532,-0.01804239273641019,0.02592654693954147,-0.6959041934309083,0.4865273451193003,0.012984226321527518,0.020235648644454905,0.6416511054161604,0.5211347661531246,-0.04834452370512299,0.03560426694043113,-1.3578294923472896,0.17459075399321344,0.018549032437696355,0.01806678153855551,1.0266926844779571,0.30462433423926766,0.04804437823105917,0.025718577292537907,1.8680807139747564,0.061820417639482074,0.01046372280736558,0.015782560927023855,0.6629927079482368,0.507371616208801,-0.02424109164879297,0.029287665509552377,-0.8276894462922136,0.4078934341260212
-1.404,0.01662208523407538,0.011235637975295476,4223,-0.08171962331969236,0.02820732804854685,-2.8971061413206876,0.0037856997465851357,0.079782393103086,0.03677398144606982,2.169533729169069,0.030098099507791323,0.18448953884423464,0.07876489913986257,2.3422811539012725,0.01921274430106337,0.2264311923285645,0.08199598812794275,2.7614911107022913,0.005778822721738269,0.014689872798851766,0.03489354786689993,0.4209910913870297,0.6737831332205961,0.02492623717513283,0.03506504422733625,0.7108571434711227,0.47721224741482615,0.00972158362308291,0.03216942491576571,0.30219948440292205,0.7625149643450762,0.06337817180599438,0.02833479028220437,2.2367616338349596,0.025354216309985148,-0.026758261612993238,0.016950344591695792,-1.578626408934629,0.11449709792189199,-0.007261813449470253,0.01554377019917131,-0.4671848178672511,0.6403918959552467,0.055300275958457566,0.03907210264441188,1.4153391349765674,0.15704324528780864,-0.03142859089990048,0.025391067371393343,-1.2377813992691489,0.2158663326279912,-0.0009685185958631095,0.021003181184918864,-0.04611294771663186,0.96322241903115,-0.027927963601789573,0.036234841216522706,-0.7707488887533669,0.44089915207935526,-0.017101142271225424,0.016866408188650976,-1.0139172537477419,0.31068065630323255,-0.013773875083311213,0.01554982410557714,-0.8857897677679223,0.3757815481195391,0.01567113173419522,0.06140579349727232,0.2552060781511005,0.7985764356788543,-0.030133851690138175,0.025898865804923288,-1.1635201293027215,0.2446846474211642,0.005693013715096186,0.020214043541564822,0.2816365614029678,0.7782360808540378,-0.05866763522817453,0.035566253142895424,-1.6495309470037258,0.09911370691835117,0.020484908574825468,0.018047492081573354,1.135055689856251,0.25641677202414803,0.05065414770270926,0.025691118201981694,1.9716599061383804,0.0487139890018994,0.0047466476688800465,0.015765710276042087,0.3010741403825716,0.7633728667970979,-0.0035121477005572426,0.029256395791548172,-0.12004717619973752,0.9044515201972063
-1.35,0.013524332485157942,0.008120917302294917,4223,-0.09858447499555874,0.027898019501925844,-3.533744572397094,0.0004141304744458927,0.09505853929104485,0.03637073493030713,2.613599628195419,0.008991369963009707,0.19274391758681148,0.0779011995921503,2.474209878614414,0.013392358097949073,0.22620907431494638,0.08109685794897091,2.789369157277158,0.005304889626279465,0.007305929594781151,0.034510921318274476,0.21169905976727607,0.8323520958731563,0.0037229165402717975,0.0346805371287379,0.10734887197542325,0.914517342805251,-2.3125338545655627e-06,0.03181666984271505,-7.268308927356378e-05,0.9999420107379549,0.04574872599059565,0.028024084043530656,1.6324789034864717,0.10265361971161331,-0.013902883879217435,0.01676447493252924,-0.8293062523682584,0.4069782740679734,-0.020606886751706896,0.015373324385904559,-1.340431401460628,0.1801776505617047,0.035540514799640446,0.03864365599177006,0.9196985607989449,0.3577831345843985,-0.04838198252132152,0.02511264064014517,-1.9265987681111432,0.05409706468938839,-0.006447932347802461,0.02077286998934784,-0.3104016128300475,0.7562709731458359,-0.012679357884758432,0.0358375066637981,-0.35380134013526987,0.7235055321651129,-0.025914603313500973,0.016681458937358208,-1.553497413554464,0.12037970925093654,-0.009946064196798454,0.015379311907965565,-0.6467171129839031,0.5178503930841827,0.045457769166909245,0.060732445893838846,0.7484923173746378,0.4542051789338609,-0.023325884430804238,0.02561487079031339,-0.9106383796253713,0.36253821232728334,0.014324090607363536,0.01999238566534151,0.7164773052670527,0.4737365218171329,-0.054623454618863,0.0351762500185495,-1.5528504201004483,0.12053423641145601,0.02614949118500167,0.017849591609174903,1.4649910069404906,0.1429982385935714,0.04344792904344687,0.025409401251746386,1.7099154998963502,0.08735537805657256,0.005433486633102347,0.015592830770278988,0.34846056582996765,0.7275117934627701,0.0006104138744000634,0.028935583652019103,0.021095612991288985,0.9831703867716228
-1.296,0.014276937691991454,0.00887764490011611,4223,-0.12702899879903734,0.027734301641358206,-4.58021263494185,4.779628971174103e-06,0.1423569850611639,0.03615729544548451,3.937158001095519,8.378843367312555e-05,0.20815529902758428,0.07744404105686435,2.687815565754677,0.007220481443689501,0.3176321909657169,0.08062094588355542,3.9398221824944577,8.286679299048795e-05,0.004972283368417157,0.03430839603851202,0.14492905360063021,0.8847738428866007,0.006173076875280082,0.03447701646872612,0.17904904506106673,0.8579078299406921,-0.013016628296280431,0.03162995561675802,-0.4115285033591393,0.6807060486949343,0.025599382685687525,0.027859626380732843,0.9188702797318037,0.3582162055586646,0.0007828575499071889,0.01666609361304869,0.04697306807962796,0.9625369262065371,-0.02016743534214174,0.015283106950286994,-1.3195900158091234,0.18704388026860055,-0.01872558043352597,0.03841687800550305,-0.4874310825268938,0.625978316797488,-0.0658128527607905,0.024965268609004228,-2.6361764334093234,0.008415468135163907,-0.014279206048263875,0.020650965642974042,-0.6914546416439371,0.4893181023647182,-0.010731739569053909,0.035627196397197615,-0.30122324107147685,0.7632591836264397,-0.016371391661413708,0.016583564792285198,-0.987205818921985,0.3235986302859054,0.0012963111065758016,0.015289059334932532,0.08478684516672537,0.9324348939450628,0.1068677268723788,0.06037604116381517,1.7700353453519777,0.07679380687794521,-0.0033540517887693227,0.025464551451543947,-0.13171454424208845,0.8952163915166607,-0.0025974868761371797,0.019875061544589966,-0.13069075888442827,0.8960262035299535,-0.0715968377974655,0.03496982029706222,-2.047389354285023,0.04068196852750386,0.01877501358732304,0.017744842347312124,1.0580546854036694,0.2900913747721134,0.010673629976405568,0.025260287698687416,0.4225458594820436,0.6726482703727023,0.007770358239423899,0.015501325174560012,0.501270578606803,0.6162069856714812,0.019244278220745127,0.028765776908230088,0.6689990776935771,0.5035328445381172
-1.242,0.012808563692668695,0.007401227890080242,4223,-0.10958632485640397,0.027510320702123607,-3.98346228104657,6.906915078211016e-05,0.12578572859145773,0.03586529079727711,3.5071715799668732,0.0004576397561364732,0.13363080951063377,0.07681860655779724,1.739563049872453,0.08200904663352018,0.2787209697087395,0.07996985484782325,3.4853254421822446,0.0004965671908403568,-0.016688612054060838,0.034031323016529766,-0.49038975199273943,0.6238837500358493,-0.012114757553960038,0.03419858167593666,-0.3542473681732951,0.7231712951700873,-0.02589563680504134,0.031374513555926554,-0.8253717387165587,0.40920746268518826,0.01082938447760353,0.02763463332469078,0.39187726322852184,0.6951687902486372,0.014372353572758786,0.016531499010700536,0.8693920353777854,0.38468242956853615,-0.021423806605539934,0.015159681284358437,-1.4132095658003536,0.15766823694706136,-0.028542614934527356,0.03810662507289263,-0.7490197539123272,0.453887255108142,-0.06585006945779603,0.024763650252659888,-2.6591422825769806,0.007863724849271257,-0.01996034141288728,0.020484189398140923,-0.9744267163775987,0.32990084021474375,0.011725892773025055,0.03533947280442324,0.3318072354366699,0.7400513804042966,-0.007521323720903426,0.016449636688882198,-0.4572334248565415,0.6475269301965845,0.001850640066580935,0.01516558559782047,0.12202892230201125,0.9028819521730889,0.133996828081242,0.05988844704365272,2.2374403527874356,0.02530982958979016,0.0010110600391717703,0.025258900910021052,0.04002787147284975,0.9680728088386642,-0.00028081421443603566,0.01971455146542272,-0.014244007271915604,0.9886359875173973,-0.018604510772031763,0.0346874056433137,-0.5363477154601772,0.5917466711448217,-0.0029300945355746908,0.017601535820004656,-0.16646811764258396,0.867796586548329,-0.016763760821993264,0.025056286781799317,-0.6690440993104503,0.5035041285068316,-0.013350990142303676,0.015376137188329947,-0.8682928604745215,0.38528365179650614,0.041721070795736684,0.028533465822375655,1.4621802712455436,0.14376665183087076
-1.188,0.01383044544340517,0.008428706992630652,4223,-0.09006209226429748,0.02759458419490242,-3.263759715608788,0.0011082501479015767,0.08386058963448903,0.03597514537530365,2.3310702086017963,0.01979675267691057,0.05418923426454636,0.0770539002197305,0.7032640023414494,0.48193023000729873,0.19642069080963045,0.08021480071230283,2.4486838970542344,0.014378539543502825,-0.025851233007316066,0.03413556019254478,-0.7573109350337243,0.44890609458172226,-0.026128102934284678,0.034303331161458776,-0.7616782991513282,0.446294806771777,-0.02295480301017925,0.03147061298439503,-0.7294043818454246,0.4657950219439545,-0.006015532803491926,0.027719277584233,-0.21701621859415346,0.8282062487233713,0.021771857656848956,0.016582134619881336,1.3129707456810382,0.18926455469976297,-0.025086695773792002,0.015206115046736753,-1.649776796814097,0.09906339169010855,-0.04403691927715557,0.03822334480733058,-1.1520948650393894,0.24934768137339489,-0.05612305000147331,0.02483950075570695,-2.259427456028031,0.023907860097148233,-0.026449751995426977,0.02054693200896395,-1.287284738368133,0.1980660113449058,0.03889140921645954,0.035447716813779076,1.0971484967782705,0.2726393966450488,0.006714981142310277,0.0165000215556148,0.4069680224160212,0.6840522177727155,0.009972074852181838,0.015212037444977955,0.6555384108309555,0.5121570774675017,0.13779979883605917,0.060071884008260974,2.293915050460365,0.021844530166570203,-0.00896593832942794,0.025336268354678577,-0.35387761938400436,0.7234483675621655,0.019472691480419756,0.019774936692590065,0.984715743121263,0.3248204525904127,0.03312606180592661,0.03479365238563959,0.9520719882687209,0.3411152729155926,-0.01888948505096261,0.017655448927835146,-1.0698954825884894,0.2847278527365307,-0.028902056753474143,0.025133033623944964,-1.1499629207489828,0.2502246329868813,-0.028907761696860976,0.015423233950267545,-1.874299630678916,0.06095851651502475,0.04292031071744895,0.028620863185616595,1.499616221883152,0.133789021390903
-1.134,0.019251451773979245,0.013879406856332488,4223,-0.10767027314854183,0.02785550565061984,-3.8653138987676554,0.0001126227626470161,0.08024167638063474,0.03631530948992379,2.209582611512617,0.02718791237988589,0.06968029748405159,0.07778248578826213,0.8958353127686591,0.37039207834147414,0.15581006529517522,0.08097327427451012,1.924215942743756,0.054395028405792016,-0.026858133362761705,0.034458330051813535,-0.7794380436421691,0.43576564764380765,-0.040282435786399784,0.03462768738438233,-1.1633013588013343,0.24477335612200832,-0.022807887078303765,0.031768184351813014,-0.7179474541484809,0.47282962767997094,-0.019965075897329522,0.02798137808220134,-0.713512959893462,0.47556805024122795,0.04061542770215493,0.016738927513492714,2.4264056146617596,0.015291049823205607,-0.008416558456781863,0.015349896944147404,-0.5483136784179468,0.583505685663515,-0.04153405933289124,0.038584766842142744,-1.0764367062995246,0.2817938349451663,-0.05683752315818045,0.025074371433615922,-2.2667576456964063,0.023455683859148358,-0.011241230274684802,0.020741214168551486,-0.5419755171193944,0.5878641300394076,0.07264868048973122,0.035782893811105186,2.030262864519492,0.0423927348641619,0.015252684373753676,0.016656038026573443,0.9157450498983718,0.35985321678996574,0.0152123237186917,0.015355875341810796,0.990651680876294,0.3219127739671831,0.1261198280256243,0.060639895590258966,2.0798160484610704,0.03760292886768207,-0.010863085359935304,0.02557583623418919,-0.42474018290020876,0.6710478496465784,0.03088432482030367,0.01996191922626794,1.5471620975032756,0.12189952282423239,0.06463481487273987,0.03512264485626591,1.8402604683459356,0.06580053580240998,-0.032749960251670124,0.017822390578524933,-1.8375739274355343,0.06619582960676995,-0.029923509105315067,0.025370679811089397,-1.1794523965509056,0.23828490219843945,-0.040603801241705775,0.015569068822275418,-2.6079787882761463,0.00914011522501026,0.03624720984801483,0.028891488654496086,1.2545982064643126,0.2096944828165336
-1.08,0.024355872113692834,0.019011786631105254,4223,-0.10259113610134307,0.028113338061737596,-3.649197967030822,0.0002662580178823401,0.03957594701521239,0.03665144640747661,1.0797922290766457,0.28029672971520464,0.06252484764087134,0.07850244564485422,0.7964700606110326,0.4258038983957094,0.07821505194998356,0.08172276828133788,0.9570778571856657,0.33858305815550704,-0.02920399040224607,0.034777278644303106,-0.8397434054843735,0.4011000793403141,-0.08000242447787792,0.03494820355959484,-2.289171297215753,0.022118815091302462,-0.03147244936845169,0.032062232776960846,-0.9816050425242699,0.32635101525644994,-0.031014019812597517,0.028240375576909213,-1.0982155576555497,0.27217334219503553,0.055951508646196524,0.01689386413874953,3.311942619324155,0.0009343414614006321,-0.0004732744228680922,0.01549197661016239,-0.030549647393453637,0.9756301508216079,-0.020562588802961766,0.038941910007738265,-0.5280323640744821,0.5975047756853719,-0.04947893534362183,0.025306461481632965,-1.9551897992349845,0.05062691737199769,0.0074164653923652415,0.020933196225013218,0.3542920685711271,0.7231378012481581,0.10297690140704134,0.036114102653759333,2.851431818597931,0.004373527556843651,0.017887212265595816,0.016810207421231873,1.0640685041758406,0.28735885328360206,-0.0007886268933962803,0.015498010344271779,-0.05088568634797465,0.9594190317201117,0.08676442391629355,0.06120118249296567,1.417691952704771,0.15635492044623361,-0.018008788743400984,0.025812567873719387,-0.6976752112189627,0.48541896264300544,0.03467328580893769,0.02014668807696486,1.7210414772134246,0.0853169607836346,0.07158240665869331,0.03544774239072485,2.0193784379741864,0.043511315108172896,-0.03351528648160124,0.0179873558099007,-1.8632692228811962,0.06249416075736854,-0.03592927771456804,0.025605512509136084,-1.403185259492401,0.16063554155587345,-0.036494569879686155,0.01571317715775689,-2.322545562446639,0.020251145092727657,0.024680761805620868,0.029158910193132,0.8464226420723399,0.39736524589938116
-1.026,0.02990168379024316,0.024587975461397016,4223,-0.09510892691789816,0.028192410469967445,-3.373564918090808,0.0007487365523754752,0.008351653864509957,0.03675453335240582,0.22722785743009,0.8202576291082775,0.0854182667311657,0.07872324395117558,1.085045057138936,0.27796399079844586,-0.0018215171533453207,0.08195262416259341,-0.022226465253039902,0.9822683626687428,-0.01642634304690313,0.03487509424941007,-0.4710049793537401,0.63766164644778,-0.10154615678513453,0.0350464999131867,-2.8974692775790274,0.0037813287965683703,-0.03661438759757635,0.03215241196355665,-1.1387757670894847,0.25486165533655575,-0.03776540700285622,0.028319805294621064,-1.3335334268710248,0.18242914658059045,0.07056003692601054,0.01694138032195144,4.164952063237955,3.176733147670978e-05,0.00786655310059679,0.015535549802933592,0.5063582042723291,0.6126317943283466,-0.0017406440860339946,0.039051439178504815,-0.044573109791869125,0.9644496960853515,-0.023537229239210547,0.025377639185566035,-0.927479071914528,0.3537311597580478,0.01839300939049717,0.020992073553412458,0.8761883071578327,0.3809777923043799,0.11946698984640418,0.03621567824971388,3.298764392113739,0.0009792063773343752,0.03089151831499477,0.016857488309069562,1.8325101431851332,0.06694622878406178,-0.020693299943768666,0.015541600507702445,-1.3314780503792405,0.18310403951231563,0.03085374574175516,0.061373318753540844,0.5027224593419123,0.6151857816541814,-0.012735622457179022,0.02588516906749756,-0.4920046078883979,0.6227418059450918,0.024011546647985174,0.0202033532492259,1.1884931353613384,0.2347063951156686,0.07074465683326134,0.03554744376204514,1.9901475140329812,0.04663942552944328,-0.03615870582458133,0.018037947580200355,-2.0045909138948557,0.045070889197821824,-0.059180919450587094,0.025677531332856364,-2.3047745004544336,0.021227756854039177,-0.016867532096971886,0.015757372505747144,-1.0704533443516575,0.2844768245092761,0.017860784487960135,0.029240923408541192,0.6108146530948148,0.5413553520897343
-0.972,0.04259163283704648,0.03734743363610615,4223,-0.0785173305739079,0.02830470101212122,-2.7740031784926327,0.0055615817052693545,-0.019289370877692964,0.036900926882010084,-0.5227340478294843,0.6011869199218292,0.03861838187262859,0.07903679911002935,0.48861267545598414,0.6251414539852277,-0.04975036100393643,0.0822790419624458,-0.6046541113913763,0.5454415152564789,-0.01854427886278141,0.035014001961650644,-0.5296246593888975,0.5964001934878375,-0.1210572409347963,0.03518609033522729,-3.4404857084561433,0.000586330565844358,-0.05014865646377316,0.03228047521571401,-1.5535290645089692,0.12037215375622351,-0.06476182469661762,0.028432603251135283,-2.277731100617097,0.02279264832987051,0.07872852394635718,0.017008857942682445,4.628677846076537,3.7911584943991048e-06,0.02507505852965504,0.015597427992167776,1.6076406021714889,0.10798909758929631,-0.007478669933838243,0.03920698129796675,-0.19074842505730177,0.8487319189799636,-0.011041554887660633,0.025478718476596003,-0.43336382470739565,0.6647727375629588,0.006201450024389231,0.021075685109889893,0.29424666349181516,0.7685839700402641,0.14125831476224443,0.036359925516170906,3.8850001136394092,0.00010390610153266191,0.03855528033161162,0.016924631787403666,2.2780572609152294,0.02277319299473732,-0.030261438803799404,0.015603502796930476,-1.9394003511668187,0.052519505275547655,0.036993421333585796,0.0616177690549421,0.6003693723575133,0.5482924949609334,-0.008998383405248118,0.025988269853130196,-0.3462478824524094,0.7291737805520879,0.008204360527117607,0.020283823327940757,0.40447801158947116,0.6858818452488133,0.05528187444246183,0.03568902944647865,1.5489878906728398,0.12145999214224056,-0.03322001780099011,0.018109792834981948,-1.8343676321255513,0.06667015905342957,-0.0402468288889329,0.02577980509613065,-1.5611766163031866,0.11855744391782648,-0.007334967259336604,0.01582013421615407,-0.46364759989500015,0.642924277324437,0.029801199005228093,0.029357390184098393,1.0151174480547012,0.3101083320847668
-0.918,0.048727047585735206,0.04351645508620472,4223,-0.04143192262475169,0.02907970482230261,-1.4247710861554406,0.15429770035158927,-0.0705073148550726,0.03791130176357253,-1.8597967248600331,0.06298417254159541,-0.038802759391842995,0.08120088557851324,-0.47786128335170136,0.632773814069179,-0.11692894851575904,0.08453190345678423,-1.3832522838615287,0.1666610629842379,-0.0064932660946637145,0.035972711432503454,-0.18050532851400986,0.8567645824037305,-0.1419492683694322,0.036149511714012025,-3.926727129606312,8.749094512966418e-05,-0.030722773815191375,0.03316433868687135,-0.9263798113168313,0.35430187175747574,-0.07323802822187896,0.029211109119950823,-2.5071977897565794,0.01220672868612407,0.07490809403134797,0.01747457315044132,4.28669091865378,1.8542316301448717e-05,0.0434294279192826,0.016024497195894154,2.7101897418915724,0.006751799678811292,-0.010564664395263029,0.04028049766821996,-0.2622774048692605,0.7931204465247688,0.007626650766172806,0.026176344778652494,0.29135659812948916,0.7707929961436897,-0.005814961914712556,0.0216527530766334,-0.26855531461206106,0.7882850958758829,0.14824409249884604,0.03735548737710971,3.96846896955989,7.354393271298664e-05,0.03576836494675091,0.017388040820254348,2.057066998893076,0.039741414277757424,-0.032138378487259575,0.016030738333339022,-2.0047971477659017,0.045048818661671236,0.005352580360014264,0.06330490949751406,0.08455237362316198,0.9326212945255119,-0.025790440670930895,0.026699848051662402,-0.9659396046385034,0.33413003099959504,0.00048026717562672403,0.020839209528892615,0.023046324044146468,0.9816144165658045,0.06088410642131873,0.03666622167298731,1.660495781766715,0.09688941872555336,-0.010916940338564055,0.018605652460656714,-0.5867539642401084,0.5574005019994999,-0.029469622504241375,0.026485675374240243,-1.1126626785172824,0.2659170245970566,-0.005552577721304684,0.016253301282283823,-0.34162768688457285,0.7326481934258113,0.011387191113677607,0.03016121740841405,0.37754414748858683,0.7057883438294195
-0.864,0.054039463740547466,0.04885796997203884,4223,-0.018265160882755913,0.02993015392869749,-0.6102595037188564,0.5417229436571036,-0.09319595302154873,0.039020034912829585,-2.3884128558507873,0.016965242824519153,-0.12125526461358965,0.08357564216564876,-1.450844545989357,0.14689784924700336,-0.178529604527719,0.08700407716679881,-2.0519682564468,0.04023462582306262,-0.008479032135315902,0.03702474963162955,-0.22900984394699117,0.8188724179256985,-0.16948747583348095,0.03720672051725319,-4.555291986964765,5.379694806969072e-06,-0.023819736158612596,0.03413424475616528,-0.6978251995544829,0.4853251560535241,-0.07959444716794256,0.03006540120440185,-2.6473768511124742,0.008142197937266614,0.07867168115722876,0.01798562493763233,4.374142206903225,1.2486726666121661e-05,0.04699357824209779,0.016493140856617405,2.8492801129048106,0.004403159723549055,-0.01986258101092748,0.041458519022164575,-0.479095285586746,0.6318957915850845,0.016047886960880282,0.026941883808767265,0.5956482878030257,0.5514423134115831,0.0022415719688346873,0.022285997623561846,0.10058207878765937,0.9198870255437628,0.16881066761847213,0.03844796548350518,4.3906267989887455,1.1580531215180216e-05,0.02927545677684487,0.017896561930351784,1.6358145710207603,0.10195334919131828,-0.03265593219469223,0.016499564518946734,-1.9791996423416427,0.04785875194661122,-0.0003279086867623293,0.06515629017835506,-0.005032648204259804,0.9959847837171878,-0.030735952180770996,0.02748069717152694,-1.1184560562246892,0.26343624561704104,0.004894360518974789,0.02144866162719005,0.22818955345774597,0.8195099933893297,0.07420242352560333,0.03773854189243993,1.9662239133957669,0.04933852989113919,-0.005267048664930662,0.019149783173322124,-0.2750448199470098,0.7832953365257118,-0.019585058966966176,0.027260260917385516,-0.7184472307994528,0.47252154717880224,0.001703011638110606,0.016728636421892387,0.10180217892008898,0.9189185568851819,0.008882794870360743,0.031043295839041547,0.28614213247258724,0.7747833785963356
-0.8099999999999999,0.05821677025025418,0.05305815765576871,4223,-0.016073592348225144,0.030951556409180982,-0.5193145099306646,0.6035688070698424,-0.11407862328721068,0.04035164050842603,-2.8271124011275166,0.004719211592835125,-0.11599414325824786,0.08642776141700168,-1.342093574523961,0.17963821883328857,-0.19720473670333158,0.0899731958837306,-2.1918165156450904,0.028447483470488786,-0.013439944710258334,0.03828826371856403,-0.351019957683325,0.7255909858230974,-0.18196681215995636,0.038476444579398444,-4.729304231435858,2.3268422432096363e-06,-0.019379679890969115,0.03529911688968106,-0.5490131651603541,0.5830256071253848,-0.08890089601651066,0.03109141916074331,-2.8593386347818703,0.004266185714781955,0.09608556880623498,0.0185994060083247,5.166055774212849,2.5017753521685006e-07,0.05522137385325532,0.017055989113998412,3.2376529724642777,0.0012145435321402282,-0.003456033081037202,0.04287334081918211,-0.08061030502878204,0.9357557122641601,-0.0009188608081105096,0.027861307979345547,-0.032979815907842144,0.9736922509491281,0.02187744394875184,0.023046534081442534,0.949272626913907,0.3425366021031213,0.17628031383273,0.03976004852216748,4.433604092169258,9.503823871633445e-06,0.03170703766251549,0.018507303618862145,1.7132175661829274,0.08674633700043267,-0.03475951730081106,0.017062631991526318,-2.0371720680650798,0.041695385038044847,-0.01192172880206329,0.0673798269020825,-0.17693320612693392,0.8595693887253709,-0.02190642740909038,0.028418508995792246,-0.7708506949584839,0.44083880549923304,0.010956134722544562,0.022180622987671313,0.49395072125045025,0.6213668188915715,0.06312754415128269,0.039026414998291535,1.6175593928893093,0.10583269750604847,-0.00865411202068641,0.019803292543188685,-0.4370036953104033,0.6621311398551426,-0.01776580778291932,0.02819055008950193,-0.630204367297368,0.528595174929946,0.002966386021964562,0.01729952124851683,0.17147214534731034,0.8638607934125015,0.017514212694474382,0.032102685625272416,0.5455684580073434,0.5853915904494952
-0.756,0.058520745761320714,0.05336379819106829,4223,-0.034749435482569355,0.031949977695830155,-1.087620023193461,0.27682531191699145,-0.10196012921332892,0.041653285450031524,-2.4478292195136255,0.014412640219876314,-0.09795019244065825,0.08921570899596654,-1.0979029763142565,0.27230981013934785,-0.20488889569036486,0.09287551048176246,-2.206059429741686,0.027433798257272633,-0.01203422863308729,0.03952334918632139,-0.3044840298415856,0.7607742467830508,-0.18566094186894463,0.03971760030012509,-4.674525662829632,3.0387447446570904e-06,-0.00179684535173405,0.036437779813013764,-0.049312701293954965,0.9606724430095963,-0.10084240914332125,0.03209435207667933,-3.1420609116018334,0.0016893084388239041,0.10974886669635014,0.01919937722244541,5.716272221999268,1.1643964851960118e-08,0.06492436252551961,0.017606173485057094,3.687590752222391,0.00022924998160428492,0.014515139320426258,0.04425632962716783,0.32797883246774684,0.7429440197140447,0.0012647721635710533,0.028760045431922107,0.043976709514068575,0.9649250600615373,0.030465103792885553,0.023789958738548708,1.280586659594352,0.2004096181544819,0.16503938755719047,0.04104261015745122,4.021171824210304,5.8926343958182985e-05,0.02926904009194987,0.019104303835822806,1.5320652531220214,0.12558166596502868,-0.03939785973603321,0.0176130306455193,-2.2368586377300095,0.02534786834507235,-0.051598407039087024,0.06955333483752901,-0.7418538185065712,0.45821739990572175,-0.017494250974100695,0.02933522038636431,-0.5963565551473555,0.550969204085118,-0.009118634958262473,0.022896115476942775,-0.39826122328240665,0.6904578887487278,0.027920728387989813,0.040285311415673014,0.6930746569114827,0.4883010322425243,-0.005272938681471505,0.020442098183831543,-0.2579450814712395,0.7964619326192985,-0.0059416284348937564,0.029099908084932482,-0.20418031622478722,0.8382224878205446,-0.007494800358077909,0.017857561368859066,-0.4196989837116129,0.6747268394474766,0.006154729258366709,0.03313823951675204,0.1857289146351716,0.8526663231684947
-0.702,0.05525897455444195,0.05008416064988175,4223,-0.013283350208549122,0.0335348538723746,-0.3961058026106893,0.6920471037490887,-0.11582701341186406,0.04371949345847017,-2.6493219442693214,0.008095559312921252,-0.14714972708883947,0.09364124735180969,-1.5714199805134879,0.11616047128192458,-0.19910928493995106,0.09748259300771239,-2.0425111683703205,0.04116318294581727,-0.008209785934727792,0.04148390187086436,-0.19790293498148062,0.8431305875403527,-0.17338814665339514,0.04168778879616896,-4.15920708822362,3.257351641547311e-05,0.017693660649936875,0.03824527306704989,0.46263653599536725,0.6436488879249608,-0.10804572475193855,0.03368638993323775,-3.2073999311315875,0.0013494651708543485,0.11721333829755472,0.020151760847061054,5.81653083257234,6.455060335336073e-09,0.06942959393150396,0.018479526361300798,3.757108952581224,0.00017421997316082306,-0.01005078814310785,0.046451661441016034,-0.2163709075480597,0.8287091520837786,0.011705108321560985,0.030186685264829975,0.3877573247566343,0.6982152837514882,0.03344496941440389,0.024970057804803207,1.3394029631749775,0.18051201613929346,0.15307570526806563,0.043078525665155465,3.5534109606699604,0.00038445250367516817,0.029491018492868955,0.02005197135243625,1.4707291355313996,0.1414393127345571,-0.03570842843802492,0.018486723670678246,-1.9315714928255237,0.05347963111395841,-0.051999411594320276,0.07300352264149751,-0.7122863351358633,0.4763270584290331,-0.01818287807588752,0.030790391728474434,-0.5905374064816559,0.554862195874004,-0.00475682394090941,0.024031875517224528,-0.1979381067241306,0.8431030706155015,0.028117116088346807,0.04228366117776712,0.6649640855397563,0.5061099830696594,-0.0023225867519984433,0.021456126885778505,-0.10824818311164511,0.9138039968559284,0.005822939022502511,0.03054340677850001,0.19064471310388895,0.848813172946953,-0.0033372650126388074,0.01874338432166754,-0.17805028992447727,0.8586920698511005,0.004323066542846381,0.034782059329170195,0.12429012618067768,0.9010915140812316
-0.648,0.056467968337182595,0.05129977668958907,4223,0.05122023185802946,0.03540151408652231,1.4468373226310531,0.1480171349940108,-0.17282797586646265,0.04615306419452297,-3.744669587658111,0.00018305174193679465,-0.14496456954708414,0.09885362702998035,-1.4664567593773696,0.14259877648794575,-0.1797228177864515,0.10290879461371824,-1.74642816934223,0.0808096995309218,-0.02805309126941011,0.04379303222952506,-0.640583440817255,0.5218283162280362,-0.1755246634631826,0.0440082681713812,-3.9884474158273555,6.763930756755066e-05,0.002243050697134737,0.04037413069932625,0.055556631394472804,0.9556976574161626,-0.09455023207423005,0.03556148514271595,-2.658781872994884,0.00787212695327702,0.15402587193751222,0.02127347410579144,7.240278253168841,5.29897513263037e-13,0.0766617304477002,0.019508157550994172,3.9297268461825277,8.641063075672381e-05,-0.02504592962576082,0.049037313629124536,-0.510752481573244,0.609551237058976,0.0028335007779414813,0.031866975406999815,0.088916526960983,0.9291524893630796,0.04597440664463528,0.02635997331260841,1.7440991346772328,0.08121497850869104,0.16747841073929937,0.04547641802661674,3.6827529081396975,0.00023363188203402266,0.029233101602427865,0.021168129999832558,1.3809959407212211,0.1673537001239281,-0.03358329794114366,0.019515755486273104,-1.7208300219156423,0.08535534023686787,-0.015568325572438077,0.07706713871467726,-0.20200990762192558,0.8399187646427704,0.011832874340129522,0.03250428615712776,0.3640404309428198,0.7158461472813311,0.006792439163450938,0.025369568714579054,0.26773963877231965,0.788912886252647,0.021747702996601115,0.04463730876870118,0.48720909921545685,0.626135590239276,0.0006282362199566075,0.022650445446396456,0.027736152979567823,0.9778739069369826,-0.0041314244917119,0.03224355321286163,-0.12813179938443994,0.8980508071829969,-0.0065588421408969005,0.01978670271288197,-0.3314772671359145,0.7403005515591135,0.017553942521743172,0.03671814309929727,0.47807271937123447,0.6326233354167067
-0.594,0.060433769474059984,0.055287300480943324,4223,0.1476127235084288,0.037382358161796164,3.9487269066745316,7.985538225558538e-05,-0.23402715240543956,0.0487354967860222,-4.801985571891426,1.6257168876592207e-06,-0.1992191154788854,0.10438484868742397,-1.908506052209154,0.05639395976335294,-0.23961914280747176,0.10866691771562714,-2.2050790419448205,0.027502560756678878,-0.0068724968114429515,0.04624341240869251,-0.14861569364096297,0.8818640251729368,-0.16229976192233658,0.04647069158799803,-3.4925187548586796,0.0004834207782568782,0.03130209719017581,0.042633210844729964,0.7342186190052153,0.462856503464835,-0.07075363865560447,0.03755128018314067,-1.8841871251934201,0.059608692610144905,0.18563989611644682,0.022463802718289728,8.263956839564893,1.8696537726628827e-16,0.09373360808189932,0.020599710251535508,4.550239150810987,5.509862911356409e-06,0.010433577564681336,0.05178113051594456,0.2014938156181933,0.8403222247012303,0.01717319553329348,0.033650049127450794,0.5103468190566193,0.609835333344225,0.03709041455645921,0.027834910142514675,1.3325142551765525,0.18276356560439128,0.170500599067486,0.048020989792460944,3.550543206301294,0.00038865267405089395,0.029824506557754534,0.022352564224660202,1.33427674149577,0.18218553044801522,-0.03893657295858226,0.020607733319057225,-1.8894156070321058,0.05890499483283604,-0.08312181054859505,0.08137932673997403,-1.0214118729955664,0.30711818502277644,0.019948510609367573,0.0343230197428719,0.5811991706676806,0.5611374211881761,0.0064208881893630144,0.026789088788147283,0.23968296346846665,0.8105877420292023,0.03274086770635018,0.04713492930534126,0.6946200660290379,0.4873318647888032,0.007078779132661611,0.023917820637049374,0.29596254776224823,0.7672733186314546,-0.004838745273607987,0.03404769783761907,-0.1421166651761603,0.8869946729953017,-0.01181451282070332,0.020893841033074297,-0.5654543270431376,0.571794993046177,-0.005724714792563035,0.03877265737898426,-0.14764824439570065,0.8826274677492606
-0.54,0.06405296562790896,0.05892632076233184,4223,0.21968341108755093,0.03953045382566644,5.557320744567681,2.909242274007438e-08,-0.29307550750345807,0.05153597579458317,-5.686813977708026,1.3822595468319427e-08,-0.24940909645547021,0.1103830963064938,-2.2594863235485954,0.023904198831773565,-0.3349883166024934,0.11491122509026577,-2.915192282906664,0.0035734982274216683,0.031007656264440107,0.048900689224877836,0.6340944627967576,0.5260537169562287,-0.14740266867086127,0.04914102850642305,-2.9995845254153517,0.0027193510950342817,0.052856960128343566,0.04508303530353107,1.172435701644153,0.24108868408392262,-0.058663275918017566,0.03970908258247187,-1.4773263974603215,0.13966316055059919,0.20010370499153035,0.023754636137742386,8.423774787844339,4.944431356967946e-17,0.1038301991109795,0.021783427663818234,4.766476640562819,1.9381871439164197e-06,0.005421515388730147,0.05475662022288542,0.0990111399619262,0.921134151369951,0.025186981274227565,0.035583675794523144,0.7078240432401932,0.4790938188855969,0.04742380375889059,0.029434382533276272,1.6111703279413743,0.10721776213667865,0.16390966773452587,0.0507804112153011,3.227812926515585,0.0012569953755708402,0.03389058469032199,0.023637005566738103,1.4337934893924416,0.15170566182760123,-0.04646240074407797,0.021791911759413137,-2.1320938363293562,0.033057006765545655,-0.1280342067681068,0.08605561222582313,-1.4878077496227138,0.13687669043447948,0.004329781085705316,0.03629531719830493,0.11929310500439781,0.9050488525771251,-0.012695770852398012,0.028328465336191405,-0.4481630297204403,0.6540586643019175,0.00875141685985368,0.049843435195189335,0.17557812429225036,0.8606338557322071,0.004588758384684629,0.025292206024330247,0.1814297408565468,0.8560390332329191,0.012551773319280465,0.03600417452036884,0.34861994439504457,0.727392130678971,-0.003471785933318379,0.02209446002908536,-0.15713377601209022,0.8751469735933541,-0.02883689460906469,0.04100064355449636,-0.7033278531527409,0.4818904509137141
-0.486,0.06556202985454251,0.060443650880180555,4223,0.18724064648963099,0.042444898679175606,4.411381633984093,1.0528673633551978e-05,-0.2991954259285048,0.055335546628945166,-5.406929978206817,6.767651059310814e-08,-0.23934751094001652,0.11852126361323972,-2.0194478496369963,0.0435041034895111,-0.34943229290216327,0.12338323581019615,-2.832088902577532,0.004646523453962909,0.02899133614363464,0.05250596941399526,0.5521531450080629,0.5808728192785277,-0.15033174367048557,0.05276402808690605,-2.8491331901893213,0.004405189690316122,0.035525557315096795,0.04840685295562283,0.7338952058640331,0.46305358411552366,-0.060090534410184165,0.04263669712189601,-1.409361851796085,0.15880225174296658,0.22148091933657926,0.02550598403129162,8.683488512533327,5.410481399902104e-18,0.12130476674626699,0.023389445113721215,5.1863037432685655,2.2461546705256936e-07,0.00496976944463411,0.05879363813084904,0.08452903413756377,0.9326398491913142,0.017530958148938444,0.038207138233017884,0.4588398650016798,0.6463729136337137,0.0631980365248632,0.03160447865887725,1.9996544542623476,0.04560190255820541,0.18241114017872592,0.05452427686324421,3.3455031533245796,0.0008285460334567779,0.022719217515814693,0.025379680961514856,0.8951734874156052,0.3707456653348128,-0.055657839666920436,0.023398554712601563,-2.378687074930541,0.01741887728214642,-0.10901665968728991,0.09240019752386208,-1.1798314571690895,0.23813409272109126,0.005382834459411966,0.03897124651805387,0.13812323033902205,0.8901496495505785,-0.03411446859756072,0.03041702597784207,-1.121558321395791,0.2621144144479981,-0.004427110720648532,0.05351822081304427,-0.08272156012274402,0.9340768840256795,-0.0004952567847953436,0.02715691367495789,-0.018236858235184252,0.9854507653503843,0.021613120464701152,0.03865863888848607,0.5590760845731254,0.5761396107118057,0.0052678594486028525,0.023723408829086804,0.2220532254261889,0.8242832482871026,-0.009141191402867378,0.044023480457025935,-0.20764354176382455,0.8355173733777914
-0.432,0.06361672818039033,0.05848769382653196,4223,0.1007404984764546,0.045466379772249654,2.2157140942622715,0.026764526485736462,-0.29107193980845725,0.059274660942258514,-4.910562712319863,9.426735687694485e-07,-0.251762794649367,0.12695831419596018,-1.9830351107275346,0.04742855886078041,-0.28031560664215094,0.13216639057799653,-2.1209295753350075,0.033986177746142376,0.000511891395934487,0.05624365754130245,0.009101317700730617,0.9927387317343855,-0.16772850546122475,0.056520086370000326,-2.9675911031560545,0.0030183753752292667,0.023109115999832872,0.05185274152013927,0.44566816184362096,0.6558599424438413,-0.03741194855566887,0.04567183157229673,-0.8191471037557847,0.41274897845936187,0.2400961226130472,0.027321652130615097,8.78776003241799,2.1864754078367417e-18,0.1344986409293924,0.025054445346676762,5.368254577913951,8.379551343429976e-08,-0.010917607126720335,0.06297892002651662,-0.17335335572797358,0.8623820424456714,0.0070811525098376585,0.040926950257169775,0.17301930550266567,0.8626445920915263,0.05352976249471744,0.03385427398636877,1.5811818181737083,0.11391178750032487,0.22545853858741016,0.05840564015500427,3.860218601988777,0.00011498877518440926,0.022935306587817485,0.02718635805487052,0.8436329184485435,0.3989226196458594,-0.06478926151296023,0.025064203421148734,-2.5849320014013366,0.009773240383293663,-0.06338096351034068,0.0989777947970918,-0.6403553811263833,0.5219765242953139,-0.010829357152259574,0.041745452328223444,-0.25941405705976783,0.7953285019276551,-0.03629099518953963,0.03258229133974721,-1.1138257531098852,0.2654176987189209,-0.013429872819596646,0.05732796703352261,-0.23426389447481208,0.8147915353129722,0.008564050766009692,0.029090104794940157,0.29439738448447583,0.7684688175893706,0.046097505629811665,0.04141059142272185,1.1131815326964425,0.26569419261599236,0.004629373969835657,0.025412182591562985,0.1821714428957645,0.8554569769860648,0.01017557482420886,0.04715733441807873,0.21577926211851037,0.8291702945181477
-0.378,0.06119943148653362,0.056057156402987474,4223,-0.018877987702147173,0.04769633596331371,-0.39579534404209654,0.6922761202210779,-0.2657860253587914,0.06218186177512729,-4.2743336685539015,1.9596342458846562e-05,-0.2008807827026848,0.133185145541814,-1.5082821878181416,0.13155755248142642,-0.16448128318279337,0.13864865862740647,-1.1863171617462775,0.23556419054875125,-0.012454877204939799,0.05900219897280794,-0.21109174610051093,0.8328259243016395,-0.19700020417509764,0.059292185603579156,-3.322532339964978,0.00089967784216347,0.03369807780729816,0.05439592491313624,0.6194963659706116,0.5356230264487399,-0.02304640396221344,0.04791186440715286,-0.4810166385170517,0.630529736019543,0.25420219569646707,0.028661677169422996,8.869062134565398,1.0712047517863323e-18,0.14666479884087588,0.026283272356752416,5.580157480017755,2.554386202796204e-08,-0.018082388366801844,0.06606780093859169,-0.2736944186111016,0.7843329287943757,-0.009380856344974951,0.04293426437728474,-0.21849346858585256,0.8270552647908525,0.03862297899451815,0.03551469973937669,1.0875209217014772,0.27686907678064093,0.257030238236143,0.061270218762518654,4.1950272649161535,2.7847243989577412e-05,0.023477960781259744,0.02851974742434798,0.8232176965640325,0.41043095691465603,-0.056461906445884946,0.02629350902834804,-2.14737053106952,0.0318208741416395,-0.06464005559103,0.10383228612433744,-0.6225429296011513,0.5336187294385062,-0.024816751588836006,0.0437929109192615,-0.566684220525766,0.570959031463184,-0.017387091613709892,0.03418033109255084,-0.5086870447986732,0.6109983299752795,-0.019162594530118964,0.060139689797637334,-0.31863474179196366,0.7500193529724835,0.014120116642576487,0.030516865834880533,0.4626987816827935,0.6436042678030238,0.055317094382356984,0.043441626336460114,1.2733661017642406,0.20295864713117792,0.000488104707930051,0.026658555277982443,0.01830949587628934,0.9853928220255441,0.008097267420044449,0.04947022562178649,0.16367961371250436,0.869991244336662
-0.324,0.06447244859190981,0.059348101442020185,4223,-0.08146949391231326,0.04985153981279666,-1.6342422765324576,0.10228295212083995,-0.26051046487694585,0.06499160774741433,-4.008370832883576,6.219980585530762e-05,-0.16547104017212436,0.1392032417449782,-1.1887010539256624,0.23462454704957214,-0.10484377899726041,0.1449136288135707,-0.7234915021839694,0.46941827343519127,-0.05805152781939997,0.06166826888752764,-0.9413516686397669,0.3465788244928558,-0.2418786137530727,0.061971358837250176,-3.903071003950338,9.646888818127648e-05,0.02507251945739372,0.05685385599738449,0.44099945408359215,0.6592360963571686,-0.01761984849663365,0.050076807112303716,-0.35185646834709056,0.72496356333092,0.27001890699550357,0.02995678203902326,9.013615235567121,2.966958229728575e-19,0.15931262354593678,0.0274709067654804,5.799321620723748,7.14778867169594e-09,-0.013105415618233626,0.06905313673082628,-0.18978740486937484,0.8494848994684603,-0.031919072433261045,0.04487428953837499,-0.7112997834977404,0.4769379961560871,0.043753370842032485,0.0371194648863349,1.178717715247554,0.23857738757445782,0.3027131877351129,0.06403877128691403,4.727029917217832,2.352906269972021e-06,0.017436966822293558,0.0298084390647816,0.5849674578530741,0.5586010291518059,-0.06626393020749047,0.027481605990720515,-2.4112102556839385,0.015942346330243645,-0.039876004112261984,0.10852404573723326,-0.3674393434318955,0.7133098467859995,-0.04695851844556077,0.04577173483281854,-1.0259283074385745,0.30498447476481416,0.008999052502018871,0.03572480153581357,0.25189930007021755,0.8011312284588072,-0.013541470932833175,0.06285715830629326,-0.2154324391638526,0.8294406439161601,0.023059921757790768,0.031895799151101654,0.7229767672083645,0.4697344249140999,0.07042684667007143,0.045404577125387625,1.551095751328841,0.12095410131142939,0.004983622521463163,0.02786314719885774,0.17886071827763478,0.8580556967001625,0.023980137844623106,0.05170558434571176,0.4637823582901238,0.6428277241414471
-0.27,0.06938578079171165,0.06428834639261871,4223,0.04274871161946024,0.052047774909312665,0.8213360070424723,0.4115015322669161,-0.3105550517914138,0.0678548462842756,-4.576755660021008,4.8588618074784315e-06,-0.20239403132108214,0.14533591179322908,-1.3925947745731986,0.1638160971968668,-0.1387213439263213,0.1512978728862515,-0.9168757053882346,0.3592604319099806,-0.09103456318745652,0.06438509603029542,-1.4139073916209055,0.15746322984249514,-0.2426647500917015,0.06470153876285038,-3.750525176551629,0.00017884316550921732,0.019081111911196408,0.05935858171664243,0.32145498358237584,0.7478816208626062,0.009795763567353835,0.05228296647497344,0.18736051582005822,0.851387030503177,0.2887110002867689,0.03127654340125695,9.23091137606869,4.1520306388812255e-20,0.17617917566899452,0.0286811516204644,6.142681367901846,8.866469241188641e-10,-0.028658491390091467,0.07209530800542008,-0.39750841189189373,0.6910127900629874,-0.037848253896064894,0.04685124932708952,-0.8078387330043071,0.41922918541458043,0.03316781900739749,0.03875478190669975,0.855838102437201,0.39213616941139184,0.3097247968928131,0.06686003212592184,4.632435657665978,3.723314277439077e-06,0.012487791488402573,0.031121665101374905,0.40125717720196413,0.6882512062353954,-0.07357174748987247,0.028692322205547485,-2.5641614841355653,0.010377025732901172,-0.0013636742325892869,0.11330512810618425,-0.012035414948838991,0.9903979318157126,-0.058825310895743985,0.04778823203322108,-1.2309580914156906,0.21840748319431758,0.029184465574453963,0.037298675948593145,0.782453125539293,0.43399244471013687,0.020193186124288175,0.06562636258078405,0.3076993045200544,0.7583264096754668,0.019175902433753535,0.03330098490444309,0.5758358946072807,0.5647569681001328,0.06195233053024829,0.047404899005107116,1.3068761210433952,0.1913263532056667,0.02062461749891497,0.029090672406851717,0.708976994772292,0.47837811310809797,0.03154409378504109,0.05398350032287825,0.584328426211234,0.5590307615635655
-0.216,0.08306744022860935,0.07804494704577003,4223,0.13662024960869984,0.05375259145373077,2.5416495449582186,0.01106872686625969,-0.39405738821803354,0.07007742092393963,-5.623171957851218,1.9966088506096912e-08,-0.11155747465606378,0.15009636634397405,-0.7432390095334409,0.45737857057382647,-0.16059327888729624,0.1562536105192468,-1.0277732357903813,0.30411570840458146,-0.13536317268864828,0.06649401955522322,-2.035719506717883,0.04184118085099021,-0.22240147404789595,0.06682082731888202,-3.3283256579053226,0.0008812227999801294,-0.02085562201806019,0.061302862568994865,-0.34020633203853573,0.7337181674051969,0.06623475462547015,0.05399548668151629,1.2266720553172383,0.22001465264099387,0.328861862427406,0.03230100157906722,10.181166104785001,4.570978789376696e-24,0.18814795052735567,0.02962059815551278,6.351929476222913,2.352369972041605e-10,-0.04049386215709625,0.07445677829068616,-0.5438572966319395,0.5865685508490018,-0.017267775518392457,0.048385854507016025,-0.3568765229905902,0.7212021785240239,0.032966589543920545,0.04002418859094276,0.8236666552031161,0.41017576955979096,0.2983476920683858,0.06905002178690547,4.3207472546368395,1.590983699984839e-05,0.013293501426276281,0.03214105026523847,0.4135988499620876,0.6791890375314269,-0.10885672909872002,0.02963213463132402,-3.6736040266112986,0.0002421342675495591,-0.01099632274868343,0.1170164194591653,-0.09397247667897383,0.9251355039475422,-0.03538477730626824,0.049353527931858036,-0.7169655096414521,0.4734352560025853,0.00583317003946077,0.03852038811501803,0.15143071824830806,0.8796432336846939,-0.01449514059055568,0.06777594359308749,-0.21386851767909654,0.8306599753183276,0.007641790121336745,0.034391753339970466,0.22219832893647137,0.8241703010479375,0.045167778877164555,0.04895763889170534,0.9225889952960358,0.3562744399512683,0.01174672046414072,0.0300435327297735,0.39098998675676977,0.6958244740877546,0.052985718065408055,0.055751721243684146,0.9503871249788645,0.34197028104343263
-0.162,0.08842754038715794,0.08343440712421535,4223,0.01996234922829687,0.05512200803100477,0.36214844018506254,0.7172593310026132,-0.4476351068457852,0.07186273358162715,-6.229029770170478,5.154022537949208e-10,-0.1537947042285466,0.15392026481474747,-0.9991842491542489,0.31776301987238204,-0.16947315428048568,0.16023437272469615,-1.0576579256915304,0.2902722651638649,-0.17521268141816035,0.0681880404425117,-2.5695514973168865,0.010217232475089827,-0.21011273035747297,0.06852317405534414,-3.066301776794098,0.0021810346374187485,-0.06919770632666178,0.06286463203844628,-1.1007414516375817,0.2710722960273665,0.07251040111373298,0.055371091327913555,1.3095353437106485,0.1904247198874094,0.3418807428462302,0.033123911244045956,10.321267326414645,1.111268451951005e-24,0.1828822485066916,0.03037522108709454,6.020770942944425,1.884293892994108e-09,-0.07809039292806466,0.07635366072414888,-1.0227458930907092,0.3064869240476954,-0.01091801367099524,0.04961854654056219,-0.2200389659150934,0.8258515043654573,0.018815614200370846,0.04104385640352734,0.45842705459699,0.6466693826709187,0.28244655957274434,0.07080916012682184,3.9888421083779564,6.752730646998554e-05,0.021325555744515917,0.03295988496425203,0.6470154785930051,0.5176572924804164,-0.12570082939536187,0.0303870514695025,-4.136657665569151,3.592973600144199e-05,0.06554205223918907,0.11999756362890386,0.5461948581046185,0.5849610183405698,-0.021283309557721362,0.05061087269364535,-0.42052840476694,0.6741210029763126,0.007580421193109815,0.03950174467143896,0.1919009212418586,0.8478290949370768,-0.026650219823658446,0.06950262314818678,-0.3834419280382759,0.7014115322695078,0.018977515429382398,0.035267927601927936,0.5380955650012444,0.5905395935033622,0.04969432105323318,0.05020489786972513,0.9898301393259115,0.3223141840611258,-0.00399905562669799,0.0308089304649774,-0.1298018323370228,0.8967294304540613,0.10704606384179517,0.057172068230087185,1.8723489836154197,0.06122778502993923
-0.108,0.0805131464766562,0.07547666216347748,4223,-0.1505781243519648,0.05621191227307815,-2.6787582607126836,0.007418371013787507,-0.4503382034818909,0.07328364513719945,-6.145139241351616,8.731459938958769e-10,-0.1664916269635293,0.1569636653648198,-1.0607017017381972,0.2888864917108098,-0.20113332448278565,0.16340261947035867,-1.2309063657285577,0.21842682875181083,-0.13885352782600732,0.06953629383878061,-1.9968497048165696,0.04590595108836199,-0.18855988031720336,0.06987805390734889,-2.6984134470489742,0.0069949588733088245,-0.08278558978343785,0.06410762792307635,-1.2913531894016332,0.1966523164160613,0.035638799146427105,0.056465920589078726,0.6311559038553979,0.5279729444720032,0.33856848970468345,0.03377885638607782,10.023089172557858,2.2059254575157982e-23,0.17961069910672064,0.030975817536667276,5.798416745388835,7.186147862701092e-09,-0.0833148240467225,0.0778633694900972,-1.0700130830752017,0.2846749220680809,-0.006606760638897695,0.050599633157175576,-0.13056933868226642,0.8961222538541049,0.022144379978003996,0.04185539928455035,0.5290686591581011,0.5967857875548352,0.25622616618127597,0.07220923981833939,3.548384761089823,0.00039184222765513427,0.02506156238966447,0.03361158688375727,0.7456227067272274,0.45593709776309543,-0.11745728554453597,0.030987881836242487,-3.790426404916824,0.00015249878495933054,0.101484268783667,0.12237022489995279,0.8293215842876672,0.4069696016166846,-0.02119856529560727,0.051611580157219845,-0.41073273151164785,0.681289481327098,0.016715488166183037,0.04028279602687007,0.4149535239568079,0.6781971258284485,-0.043714518113016715,0.07087686923446557,-0.6167670579298032,0.537421821130368,0.040382687125581254,0.03596526547613704,1.1228246640463468,0.26157616347450663,0.07295524065103634,0.05119757816414214,1.4249744473681545,0.15423890837937454,-0.014538389490740437,0.03141810246735865,-0.4627392601397513,0.6435752519654694,0.12181652928467268,0.0583025074487933,2.0893874828910803,0.0367329018060668
-0.054,0.07224915464838377,0.06716740436424762,4223,-0.35542767428283994,0.0576978925301889,-6.160150027955905,7.949414722019004e-10,-0.4259218477989461,0.07522092222739984,-5.6622789934872735,1.5935136760642707e-08,-0.1289350463375181,0.16111305111570395,-0.8002768580487182,0.4235956814858107,-0.19067423105302833,0.16772222107568288,-1.136845373440342,0.2556678035116275,-0.06090564815458641,0.07137450847369828,-0.8533249399122703,0.3935278067240843,-0.15259186913174363,0.07172530308128194,-2.127448230630974,0.03344097171055521,-0.08325285355189171,0.0658023340017649,-1.265196057478125,0.2058712600877631,0.012889054923006047,0.057958615638970146,0.22238376091128925,0.8240259678043744,0.33751258096613623,0.03467181148523268,9.734495156386295,3.679349309460018e-22,0.17553703621911498,0.031794673388497056,5.52095736522402,3.575122778378368e-08,-0.04293918235989582,0.07992171308908944,-0.537265540242251,0.5911126733086529,0.013069807834898514,0.05193725098315052,0.2516461227248747,0.8013269195326226,0.03360281876613809,0.042961860432646125,0.7821546466503525,0.43416779717926335,0.21723100647622684,0.07411811465308538,2.930876041477722,0.003398308957118206,0.027838573511706613,0.034500120158995916,0.8069123638819472,0.419762676262608,-0.11318002017778384,0.031807056611771176,-3.5583305163766115,0.00037734591582985267,0.05568124496919426,0.12560512175555436,0.4433039369012195,0.6575687470162839,-0.019581260082894025,0.05297594913259535,-0.3696254697369066,0.7116802103197661,0.020038961118972333,0.04134768489431066,0.4846452992518003,0.6279532539495198,-0.07370314934248642,0.07275052241773715,-1.0130944341441186,0.31107342840739877,0.06576723581763469,0.0369160190135662,1.7815365138225228,0.07489710187859161,0.09266154913941062,0.05255100286163702,1.7632689024676038,0.07792787013221664,-0.010709172123542693,0.03224865026576076,-0.33208125100705077,0.7398444819426109,0.11180352043875398,0.05984375327206432,1.8682571584450571,0.061795825247468676
0.0,0.06541169406227954,0.06029249162442096,4223,-0.6120834817699559,0.058742224541077956,-10.419821287869867,4.065173914150946e-25,-0.38796141245456195,0.07658242112321426,-5.065932974753655,4.2386096451033204e-07,-0.1268919272176598,0.1640291977767644,-0.7735935366236042,0.43921474395326265,-0.16982183027123937,0.17075799373089903,-0.994517600967279,0.3200282464105755,0.006016035426399974,0.0726663872701648,0.08278979666393878,0.9340226285315627,-0.15299139732186473,0.07302353126109476,-2.0950972197557225,0.036222110045302694,-0.0831686742772168,0.06699335642521478,-1.2414465958286276,0.21451015855832814,-0.0009397134964079096,0.05900766673883349,-0.015925277990859372,0.9872947602324244,0.32360302252433326,0.035299371366914564,9.167387689732069,7.411491717541641e-20,0.17016337281442662,0.03237015706284438,5.2567978735495915,1.538699449882118e-07,-0.018628451378758265,0.08136829631221768,-0.22893992160385385,0.8189267608014359,0.011566485986888003,0.05287731536645367,0.21874192944042678,0.8268617155395123,0.0357066707653843,0.04373947022270362,0.8163489540129414,0.414346891574064,0.21126835736341434,0.0754596527288212,2.7997525793373033,0.005137544586347118,0.0222670445227997,0.03512457242720843,0.633944927555931,0.5261512949961786,-0.11397615837591395,0.03238276442249326,-3.5196549895766602,0.0004366941593408334,0.027831695262024343,0.12787857479913495,0.2176415815216969,0.8277189585216386,-0.033930164117825685,0.05393481395521349,-0.6290957848858196,0.5293205718578181,0.0321918301985646,0.042096078102757395,0.7647227877139452,0.4444796076242573,-0.07102105209824824,0.07406730707031337,-0.9588718006289434,0.33767853889528465,0.09367654033085485,0.03758419905758227,2.492444768806546,0.012724962082679822,0.1076587751302781,0.053502176155601176,2.0122317046912723,0.04425926055565219,-0.008958648186521896,0.03283235092281472,-0.2728603933231191,0.784973950920804,0.10394733489371073,0.06092692536818662,1.7060984821661047,0.088063693998041
0.054,0.06403842765717405,0.0589117031599401,4223,-0.6124985840369743,0.05927156114717949,-10.333768373605945,9.786674894511703e-25,-0.3844928346411613,0.07727251890553526,-4.975803042103484,6.757864202019352e-07,-0.10115997237863243,0.16550729397640682,-0.6112115662591454,0.5410926128735689,-0.18015614530688312,0.1722967243045601,-1.0456156147718183,0.2957987242322558,0.04465785550757933,0.07332119697673882,0.609071555688692,0.5425099605900827,-0.24572057984636658,0.07368155925552773,-3.3348992927010044,0.0008607075007277015,-0.08117144298539666,0.0675970454444598,-1.200813474193781,0.22989129737500236,0.0399980445605559,0.05953939529166795,0.6717912461928094,0.5017535603543911,0.31972230823048486,0.03561746026434496,8.976561098337056,4.1308650411029103e-19,0.16387588034163528,0.0326618502905436,5.017348340154548,5.455615918518377e-07,-0.0048031772103907175,0.0821015204648722,-0.05850290205582485,0.9533508347579044,0.010510517047733092,0.053353802235558634,0.19699658894653552,0.8438397413845236,0.04622440220655387,0.04413361434818145,1.0473740455943095,0.2949873807248419,0.2834882030833171,0.0761396330459633,3.7232672622966736,0.00019923990360071385,0.017315239838712602,0.03544108618038413,0.48856402850023856,0.6251758986466822,-0.1394776562293483,0.0326745712573468,-4.268691244050741,2.0096379662311093e-05,0.018754380220235303,0.12903091132207237,0.14534796374043069,0.8844431234275144,-0.03325707730995219,0.054420830131700064,-0.6111093349636353,0.5411602794421688,0.03523070116267225,0.04247541333030766,0.8294375122074195,0.4069040309281936,-0.08775727171574323,0.07473474071372711,-1.1742500325504464,0.24036148275840813,0.11723042364023463,0.03792287694265748,3.091285078858777,0.0020059864461050548,0.11466647890844525,0.0539842937561263,2.1240711127286453,0.03372248473673194,-0.017271932794158788,0.03312820906137847,-0.5213663304936925,0.6021390972382528,0.10015147013697191,0.06147594870100311,1.6291163008166432,0.1033634134279022
0.108,0.06526295892299405,0.060142941789207094,4223,-0.3963953220310123,0.06007064872171886,-6.598818732045647,4.6599219681899884e-11,-0.37241632631796034,0.07831429186571501,-4.7554069307878075,2.0468756416553294e-06,-0.02033785557316705,0.16773863088659507,-0.12124729685505238,0.903500964432926,-0.12490842916462944,0.17461959498420582,-0.7153173684541376,0.47445272937346894,0.06724265393514348,0.07430969898884171,0.904897407069844,0.36557165610570497,-0.3849572970091284,0.07467491960126886,-5.155108288895798,2.6514652131024254e-07,-0.06772896062666746,0.06850837556711528,-0.9886230707706058,0.3229045573215745,0.10825230943466577,0.060342093753667614,1.793976686930691,0.07288880936008496,0.33409982174999353,0.03609764788523813,9.255445751262403,3.316139948868555e-20,0.1700871569888492,0.03310219095685117,5.1382446923395015,2.899114977450077e-07,0.0252609827363656,0.08320839707794739,0.3035869410235339,0.7614576429059577,0.01673192529583087,0.054073107743895066,0.30943154543803575,0.757008630619202,0.047103741944650446,0.04472861508989588,1.0531008360080234,0.2923553748526536,0.35070632874352337,0.07716613266094623,4.5448218881781,5.652767863109596e-06,0.013843907942792714,0.03591889596043362,0.38542131022185205,0.6999448196172722,-0.16706723766348533,0.03311508342523644,-5.045049578107547,4.7256485279118374e-07,-0.009946021638555812,0.13077048078799094,-0.07605708550296303,0.9393773053541712,-0.018469266814150218,0.05515452110107364,-0.33486405910957484,0.7377443612030115,0.023064466873473844,0.04304805853078401,0.5357841366290714,0.5921361243353358,-0.14530231134557747,0.07574229984554193,-1.9183773352787852,0.0551309190938904,0.12877423932909338,0.03843414573951631,3.3505164964989276,0.0008137321093242866,0.12269359156320048,0.05471209942761327,2.242531228865198,0.0249790371574381,-0.022091451566282703,0.033574837085262564,-0.6579764336661394,0.51058934399578,0.10201526451069703,0.06230475539664604,1.6373592009349045,0.10163036974518828
0.162,0.062478543205488624,0.057343274449529025,4223,-0.05511321270432744,0.061747181614705084,-0.8925624014425013,0.372142708794987,-0.3454214308724209,0.08049999302090034,-4.290949823843321,1.8191734308937856e-05,0.02739486449743489,0.17242010741614974,0.15888439525974304,0.8737675962531752,-0.07419203385527562,0.1794931147643427,-0.41334194881337183,0.6793772069990951,0.04080578530697883,0.07638363455094684,0.5342215717656369,0.5932165276597172,-0.43031557442255236,0.07675904823408257,-5.606056671133704,2.202707354546818e-08,-0.10991384967212585,0.07042039995052758,-1.5608239906240746,0.11864064484937738,0.10261640567716795,0.06202620250165763,1.6544041314543732,0.0981201675390021,0.3372187934120983,0.03710510985421725,9.088203612305735,1.5181155595085444e-19,0.16097105747232887,0.03402605166336967,4.730817993955505,2.309648226235383e-06,-0.0055190657315601285,0.08553068953928049,-0.06452731483037401,0.9485534299422183,0.0296241274981937,0.055582253153304485,0.5329781687058593,0.5940768979602016,0.04718704751159235,0.045976961762549964,1.0263193935104264,0.3048001770743268,0.34358703497923115,0.07931978943648625,4.331668520809068,1.5143982837835421e-05,0.031886502772314584,0.03692136907898418,0.8636327299808753,0.3878390057381349,-0.1562688562965444,0.03403930395219603,-4.590835832483666,4.543821528372799e-06,0.04646414980587643,0.13442020019568934,0.3456634474449062,0.7296129734056573,-0.000777754017791718,0.05669384805675907,-0.013718490532042724,0.989055223255245,0.019453680684939304,0.04424950195851182,0.43963615010128265,0.6602232786802047,-0.17433109409973185,0.07785621836954089,-2.2391415579970437,0.02519887005331935,0.14198927378234874,0.039506817850061174,3.5940448132581975,0.0003293211276843147,0.12689560935856756,0.056239078680986335,2.2563600317561607,0.024099312954080167,-0.031021848655500586,0.034511889039052175,-0.8988742580969008,0.36877118170190215,0.15209568335109983,0.06404364075970972,2.3748756558322373,0.017599532442388887
0.216,0.06038756973082604,0.05524084767886339,4223,0.20427205209154312,0.06414296582365721,3.1846368416005406,0.001459959389178317,-0.33780698137265985,0.0836233843572638,-4.0396234135830795,5.449387593516542e-05,0.04447681741990332,0.17910998960755112,0.24832125509781292,0.8038979978979252,-0.07233123488601965,0.18645742890342942,-0.3879235883032671,0.6980922453401126,0.019938077985474895,0.07934731160784343,0.251276036723392,0.8016129964997377,-0.43394714273199747,0.07973729130274458,-5.442210735305738,5.562377262560986e-08,-0.12336579302723247,0.0731527041266487,-1.686414665049842,0.09179024533502235,0.10728127954098918,0.06443281269193309,1.6650100322940065,0.0959853573602281,0.3300905064980456,0.03854478424801982,8.56381772366526,1.5114624283794817e-17,0.1521279108731509,0.035346258920386835,4.303932453383555,1.716159812762834e-05,0.004118306187989536,0.08884927137606179,0.04635160338635158,0.9630322141255181,0.04297880887457641,0.057738838780703454,0.7443656606571745,0.4566969416694807,0.047954346486102965,0.047760863085425584,1.004051086772266,0.3154118454196549,0.3264272140270597,0.08239738899682125,3.961620847471911,7.567778207510954e-05,0.07187749624200482,0.038353914349864335,1.8740589444492792,0.060991687824590766,-0.14205388029215216,0.03536002539663799,-4.017357982600843,5.988414340446459e-05,0.043687101368253586,0.13963568994876857,0.3128648655961961,0.7543988690562443,-0.003778428925578659,0.05889356345051832,-0.06415690788948865,0.94884834309026,0.01682510155677807,0.04596637802109396,0.3660306137032819,0.7143606714228103,-0.1921375652239395,0.08087703152506885,-2.3756752887794113,0.01756149551850599,0.17486042433783155,0.041039678263702854,4.260764989780272,2.0819379741454544e-05,0.1518527237057622,0.058421149070379395,2.599276565457942,0.00937474034252629,-0.03903890723981763,0.035850946735592915,-1.088922630906695,0.2762504971534342,0.17716425399124147,0.06652852734406155,2.662981747288826,0.007774714274526095
0.27,0.05922065635031093,0.05406754253655932,4223,0.3478443766866269,0.06609137507512028,5.263082759153711,1.4873301437076756e-07,-0.3401883059890251,0.08616353156792259,-3.9481704126861974,8.004050514672644e-05,0.005767477371776082,0.184550641693085,0.03125146203158494,0.9750704844316511,-0.12353603410872936,0.19212126709385915,-0.6430107191015814,0.5202522549753984,0.007310048805611008,0.08175756866456384,0.08941127928599228,0.9287593239823881,-0.4157562574518514,0.08215939439800828,-5.060361757753295,4.3635809723675836e-07,-0.13273258366607432,0.07537479354299643,-1.7609677907821928,0.07831663348537468,0.1240439227038348,0.06639002634326144,1.8684120121067733,0.061774248803171075,0.31691064980102324,0.039715622129619474,7.979496047341904,1.879932361722853e-15,0.13707807454712778,0.03641993827089312,3.763819519064941,0.00016962361275024693,-0.021823370085762277,0.09154816033624491,-0.2383813066871882,0.8115969967447055,0.06189996193058041,0.05949271601734918,1.0404628679673866,0.2981848108779208,0.0490326304545589,0.04921164894009498,0.9963622741893083,0.31913156854753655,0.3062270764483966,0.08490029532421461,3.6069023703508467,0.0003134792549917123,0.12335848389359058,0.0395189543599341,3.1215017171268165,0.0018115369148152811,-0.12279314559990492,0.03643412291816806,-3.3702786224798484,0.0007576992618318893,0.04604029205363006,0.1438772691560441,0.31999698300984863,0.7489865385701002,-0.011559815998293454,0.06068251664912916,-0.1904966477434213,0.8489291787332197,0.021639498355467482,0.04736265452690399,0.456889474874668,0.6477741234639242,-0.1655575149703195,0.0833337554141316,-1.986680117169477,0.04702274731421476,0.20256091062737547,0.042286301144002766,4.7902253246877695,1.7234121458950925e-06,0.15646105569322394,0.06019575219120747,2.599204262723334,0.009376712043312889,-0.04474239984997745,0.0369399565030143,-1.2112196138164504,0.22587940938641354,0.19431064705026527,0.06854940050605018,2.83460753290053,0.004610123499177005
0.324,0.06232685415452788,0.05719075452260447,4223,0.3807618451059481,0.06774207237458758,5.620758736173315,2.0244908993856428e-08,-0.34488095985210904,0.08831555077935639,-3.905098896045433,9.566640905449574e-05,-0.04636794400661859,0.18915997605042706,-0.2451255544368309,0.806371195343033,-0.15181937737151052,0.19691968528990383,-0.770971054254952,0.44076746751015194,-0.019264361773438543,0.08379954460548222,-0.229886234634481,0.8181913706289722,-0.4292199478746189,0.08421140633306809,-5.096933617008995,3.603866219098358e-07,-0.12442773442405997,0.07725735337789034,-1.6105617003917316,0.10735045044313754,0.15294787701065773,0.0680481827528054,2.247640874794003,0.024650797250573495,0.30513515683159254,0.04070755897646995,7.495786151362423,7.992303513456078e-14,0.1316479648508076,0.037329562161789585,3.526641011224129,0.00042536667469713046,-0.026244911313913537,0.09383466596374133,-0.2796931288065206,0.7797267265297474,0.07807660108614112,0.06097860529649027,1.2803933561044394,0.20047755292852656,0.04399720988052723,0.050440758425491776,0.8722551217289369,0.383119086838536,0.276577258819342,0.0870207639641297,3.1782904012811035,0.0014922199141476644,0.18859345423412072,0.04050597923520064,4.655941117706114,3.3246341802907434e-06,-0.10214193300029266,0.03734410108462506,-2.7351557550904744,0.006261263812033925,0.052014036657385854,0.1474707459051762,0.352707490140661,0.7243254463235682,-0.012129423583651967,0.062198122372928134,-0.19501269686126932,0.8453924426558016,0.02029851240464041,0.04854558355257945,0.418133039489683,0.6758712316044191,-0.1559893716551339,0.08541509817421528,-1.8262505691555042,0.06788349957004775,0.22145648788922784,0.04334244323551666,5.10946018169453,3.3743276823114344e-07,0.13726856248689598,0.06169920049241909,2.2248029373372837,0.02614741444192883,-0.03449145546503657,0.03786256836231755,-0.9109644949327829,0.3623663725185885,0.19812153498995988,0.07026148941578805,2.819774198316968,0.0048282748902805555
0.378,0.06876338004121485,0.06366253644534625,4223,0.29397623453794386,0.06916618426669198,4.250288456052831,2.1813083699339525e-05,-0.3157123982011721,0.09017216988937067,-3.5012177103923467,0.0004679565401246632,-0.057592611370247224,0.19313660330673535,-0.29819625272574507,0.7655681356680573,-0.15080634906388674,0.20105944151200614,-0.7500585296059396,0.4532614777781444,-0.06962059967199391,0.0855612256973404,-0.8136933418680328,0.4158667871658982,-0.4489298548551928,0.08598174581348153,-5.221222837566561,1.8634482864258588e-07,-0.13496615378757626,0.07888150085140695,-1.7109988061943546,0.08715519113813502,0.16421472298691658,0.06947872986920446,2.3635251147517393,0.01814729699258065,0.29592819911758633,0.04156333614425968,7.119933734156156,1.2642726643618811e-12,0.12598671539198106,0.03811432518332356,3.3054951067874327,0.0009560482935888265,-0.023059885503855283,0.09580731101291665,-0.24069024858391413,0.8098069478488934,0.09916434607144867,0.06226053178504641,1.5927320764591626,0.11129557713547783,0.04258477373903789,0.0515011523786513,0.826870308181502,0.4083575583321416,0.22170416127651488,0.08885016333851044,2.4952589049481393,0.01262463119818822,0.2356960308340535,0.041357518680454196,5.698988680997557,1.2877982608365075e-08,-0.08821893563284776,0.03812916975156053,-2.3136862461904824,0.02073299654975445,0.060866636026658004,0.150570958751039,0.4042388819964792,0.6860576517540395,-0.011343720818614643,0.06350568623439452,-0.17862527737667233,0.8582405626125825,0.021974917304397427,0.04956613607515493,0.4433453773979444,0.657538779373809,-0.1518210042598726,0.08721074234055459,-1.7408521035977131,0.08178275218951445,0.24134573953315883,0.04425361242005601,5.453695785155371,5.217007910483115e-08,0.13529086457143802,0.06299627573789901,2.147600996832358,0.03180253348349274,-0.03423135024697706,0.03865853653955654,-0.8854797235262785,0.3759486548803498,0.22334175193208133,0.07173856590793752,3.113273162146801,0.0018626962728270245
0.432,0.0795588419240747,0.07451713041282282,4223,0.1965276005009517,0.06997207394158805,2.8086576462634345,0.004997843398366862,-0.3324591728215866,0.0912228107689748,-3.644474118031201,0.00027118024235536824,-0.11211281684175259,0.195386934102045,-0.5737989459581738,0.5661345938479593,-0.2757882422523505,0.2034020852427942,-1.355877162828254,0.1752111666900716,-0.08638826699229618,0.08655814216876333,-0.998037444286455,0.3183187110719641,-0.5297125657044124,0.08698356197430149,-6.089800804672856,1.2317369430687697e-09,-0.14272036145978556,0.0798005885204815,-1.7884625177063096,0.07377348851024065,0.17077344410387446,0.07028826116864104,2.429615433139562,0.015156508812080981,0.28441927492125485,0.04204761128258076,6.764219565525768,1.5250137059532445e-11,0.11505787835947505,0.038558414176471385,2.983988859938233,0.0028615579069588186,0.005275815627916479,0.09692360972945649,0.054432719155249144,0.9565930009117196,0.11702058997752901,0.06298596026214212,1.8578837171093276,0.06325547578733687,0.04005965190888655,0.05210121796542954,0.7688812943963639,0.4420070261434227,0.1787037726530194,0.08988540086110162,1.9881290058345213,0.04686225096801412,0.25492369383695146,0.04183939573695607,6.092910505678777,1.2082430746157226e-09,-0.08488964690038954,0.03857343170616917,-2.200728406718681,0.02780950323770458,0.03298479488558903,0.1523253360133264,0.21654175036714385,0.8285760041311372,-0.029648666625567012,0.06424562262637695,-0.4614892877292208,0.6444715099517309,0.012710579535324156,0.05014365582286055,0.25348330365512334,0.7999071714479398,-0.13801417426455803,0.08822687815225817,-1.5643098470103303,0.1178201765095766,0.26120255023598893,0.04476923330769474,5.834420894384505,5.804272272507604e-09,0.1326714660420658,0.06373027673437334,2.081765101931663,0.03742435468404502,-0.02920400813234909,0.039108966410368776,-0.746734337745279,0.4552657457191672,0.214574157356972,0.07257442768302316,2.9566083289578025,0.0031277509301303624
0.486,0.09432611720313455,0.08936529336309451,4223,0.0740568470668571,0.07016820011434113,1.0554189354462462,0.2912944871323157,-0.3466616358012,0.09147850107134935,-3.7895421518857053,0.0001530407526264877,-0.18139719772053448,0.19593458817934706,-0.9258048790981922,0.35460059556256474,-0.34335847863758684,0.20397220515294534,-1.6833591536656913,0.09237992049238711,-0.1017413457557913,0.08680075777507434,-1.1721250869656266,0.2412133366530643,-0.6011243189898119,0.08722736999858118,-6.891464445157405,6.344664721064441e-12,-0.1409591069388442,0.08002426323995646,-1.7614546042888493,0.07823425690803262,0.1785296988848239,0.07048527358911014,2.5328652326094745,0.011349557206001509,0.27510297320691457,0.042165467401596844,6.524366742736407,7.639415868934244e-11,0.11166784622070339,0.03866649035277813,2.887974708898818,0.0038971328505936,0.00839126920774393,0.0971952789191038,0.08633412343749775,0.9312049294825904,0.12158667787332483,0.06316250491242224,1.924981886673279,0.054299100860161875,0.036083805456744875,0.05224725354647955,0.6906354498546885,0.4898328374723656,0.13943082058007103,0.09013734250959386,1.5468707718472015,0.12196976977567352,0.27200668818896784,0.04195666824431438,6.483038324327098,1.0028685600387536e-10,-0.09031572968678116,0.0386815499754204,-2.3348529142232124,0.01959799105327952,0.03142541835257519,0.15275229184702888,0.2057279663210921,0.8370133848590651,-0.05109326513819121,0.06442569801034183,-0.7930572227558876,0.4277892916589382,0.01006831512481718,0.05028420451250773,0.20022818740848888,0.8413118195874036,-0.10004681815136908,0.08847417109315915,-1.130802548531644,0.2582027894254023,0.2736299845582566,0.044894717917355706,6.094926023635285,1.1932498127713276e-09,0.1186737245344536,0.06390890764468252,1.8569199335130202,0.063392525375882,-0.0216530765169407,0.03921858574091481,-0.5521126299654175,0.5809005728992693,0.21707442170383945,0.07277784804688288,2.9826990977254773,0.0028736172916879904
0.54,0.11199079174841942,0.10712672606854645,4223,-0.06531625596569209,0.07066347916933921,-0.9243283338648959,0.3553685090073305,-0.3857312916100455,0.09212419791820345,-4.1870789686824095,2.883598083179158e-05,-0.24844970351420229,0.1973175835749361,-1.2591361550900382,0.208051148025292,-0.37487191896173566,0.20541193370304928,-1.8249763400001078,0.06807561146831968,-0.0902083606134471,0.08741343698323276,-1.0319736155752628,0.3021439117202144,-0.6790934246825646,0.08784306042975179,-7.730757801017606,1.3290660397705897e-14,-0.12784822222240458,0.0805891108690793,-1.5864205578604766,0.11271923668438427,0.1768102109233932,0.07098279069283531,2.4908884139045218,0.01278075260812427,0.2629377111671845,0.042463090439015284,6.192147308373865,6.503657995044236e-10,0.11944114041944554,0.03893941601954469,3.0673582870245144,0.002173357144052195,0.006246629598416112,0.09788132738286492,0.06381839892691979,0.9491178656179338,0.11301079227264453,0.06360833458588341,1.776666422857815,0.07569552409396675,0.01751464614998796,0.05261603841370684,0.33287656535968463,0.739244077807427,0.09719312164063762,0.09077357284962599,1.0707204595950646,0.28435668028630373,0.2772123992601393,0.04225281748236024,6.560802705662653,6.00181903668044e-11,-0.10466086090505347,0.0389545819398497,-2.6867407039988707,0.007243715218086626,0.04062355652043144,0.15383048696435417,0.26408000989975927,0.7917312266293483,-0.06371264235737303,0.064880443874938,-0.9820007162741364,0.32615607147553183,0.0026137872768189317,0.0506391332872476,0.05161595602342505,0.9588371603929965,-0.0830754229783279,0.08909866201325332,-0.9323980978072435,0.3511844348998502,0.2750471202313278,0.0452116052456366,6.0835513080543135,1.2803070699509468e-09,0.11873613014254596,0.06436000576794404,1.8448744484371251,0.06512618414648584,-0.017633726187501236,0.0394954083479144,-0.44647534802440914,0.6552769395818898,0.2124497075417193,0.07329154718333952,2.898693174129266,0.0037666309308635845
0.594,0.13176337387127257,0.1270076124040277,4223,-0.193425310232375,0.0716566708633402,-2.699334310426806,0.006975664963566166,-0.413497604771309,0.0934190250235827,-4.426267611623282,9.831138178301105e-06,-0.3094349249413584,0.20009092826997066,-1.5464715348007003,0.12206608866423763,-0.3730540458430116,0.20829904637851843,-1.7909541705971253,0.07337265243929862,-0.09476491690137298,0.08864205324408474,-1.0690740278818716,0.28509776608729975,-0.7367942628865612,0.08907771514842734,-8.271364635463142,1.7588003719909776e-16,-0.11824238435640542,0.08172180963346201,-1.446888962527203,0.1480026697500201,0.16180392112915273,0.07198047038483277,2.2478864095231996,0.024635118847271084,0.25831485461649817,0.04305991908687419,5.998962842808486,2.153123007614731e-09,0.11087148332395365,0.03948671860094153,2.807817090207896,0.005010881479380603,0.0025699878162938963,0.0992570722866997,0.02589223878043269,0.9793445209006234,0.10722625992554258,0.06450236457595143,1.6623616921715145,0.0965149134555828,0.013762947368758379,0.053355569115252105,0.2579477193660771,0.79645989688932,0.03253791287116537,0.09204941660440337,0.35348309713903014,0.7237440440082398,0.28478513407451767,0.042846690694731425,6.646607461554454,3.383581419594197e-11,-0.09865158845598523,0.03950209768179645,-2.4973759431881093,0.012549615954778425,0.05747260977615097,0.15599261036576484,0.36843161763491,0.7125699984086851,-0.06742627084412499,0.06579235365799954,-1.0248344540859389,0.30550034134939597,0.00863028551183034,0.051350878125791095,0.16806500349788098,0.866540234826374,-0.05306395628354252,0.09035096450526763,-0.5873092398526503,0.5570276145325144,0.26677633637937126,0.04584706491066116,5.818831301397787,6.367559206770604e-09,0.1079545262178698,0.06526460067193106,1.6541053665605094,0.09818084950806506,-0.0057433839939281355,0.04005052553126626,-0.14340346144632848,0.8859784304567733,0.2242647356836451,0.07432167698672117,3.017487559164116,0.002564086423006885
0.648,0.15370651212691389,0.14907094408188382,4223,-0.2958918439054615,0.07326427375777672,-4.038692103653777,5.4709808653835226e-05,-0.44022954943573334,0.09551486192493368,-4.609016236465014,4.165905146236523e-06,-0.3661242220731921,0.20457992771080097,-1.7896390235837505,0.07358399955190321,-0.35525220415732567,0.2129721932862935,-1.6680684866674989,0.09537669319712663,-0.0699209619114387,0.09063071975129322,-0.771492956288047,0.44045820828657267,-0.8226664304695938,0.09107615564220231,-9.032731176110289,2.5000294813550234e-19,-0.07187218417473437,0.08355522187718595,-0.8601758520894847,0.3897412221109998,0.1524063985188072,0.07359533765593787,2.070870293867191,0.03843187978622364,0.2710032808107533,0.044025959648405166,6.155533757242481,8.182338427168443e-10,0.11980183034989189,0.04037259513343824,2.9674047445780145,0.00302020180448645,0.02605531205288541,0.1014838845957129,0.25674334557337286,0.7973894864008977,0.10199282927922891,0.06594946205816714,1.5465301170959012,0.12205195153025353,0.0037933658578027333,0.05455259049945193,0.06953594362931022,0.9445663341275728,-0.012470958737151046,0.09411452661832866,-0.1325083298535377,0.8945885839345884,0.2784230412951457,0.043807947520481005,6.355537226777811,2.298327458513312e-10,-0.10218409096276508,0.04038831924085661,-2.5300406870953966,0.011441191593258446,0.020796694104264882,0.1594922729779587,0.130393113822755,0.8962616605057303,-0.0821485038693524,0.06726839178394188,-1.2212051112088969,0.22207693214836902,0.018032502075132007,0.05250292467375754,0.34345709666999114,0.7312718069316566,-0.030543509817530956,0.09237797009042537,-0.33063629551107315,0.7409357232687902,0.25514026622882535,0.046875634524122016,5.442918668066907,5.5404627203703704e-08,0.10653859172620825,0.06672879876654443,1.596590882730278,0.11043218174279341,0.013020488722296799,0.04094905095802742,0.3179680216677729,0.7505250056921435,0.20276043535206056,0.07598906875365233,2.6682842503227167,0.007653270896739491
0.702,0.17169610918075273,0.1671590790571893,4223,-0.3478395892640542,0.07435565340947131,-4.6780516788484965,2.9872347275969543e-06,-0.47536772230378865,0.09693769697662524,-4.903847905716337,9.753031652657995e-07,-0.48668695236292625,0.20762744812964656,-2.3440395609882447,0.0191225241413303,-0.3549103900897939,0.21614472890574005,-1.6420034478128267,0.1006641726532487,-0.06506975658262878,0.09198079828591457,-0.7074276131020838,0.47934004175132705,-0.8829301463108031,0.09243286960283062,-9.552123071636897,2.0934838618793925e-21,-0.03191711565848922,0.08479990041247147,-0.3763815228938074,0.7066522966514599,0.15513206676526226,0.07469164899375084,2.076966687109044,0.03786529504609339,0.2773637794833477,0.04468179139343077,6.207534900315712,5.903143683716844e-10,0.12858415895408193,0.040974004613868145,3.138188716622565,0.001711732766073973,0.00255689567677295,0.10299563706307326,0.024825281436019846,0.9801955052396949,0.08439370572671863,0.06693187677735826,1.2608895759407028,0.20741868742677852,-0.0033872114810096655,0.05536523197072578,-0.06117939653536798,0.9512192498037265,-0.04697291313359957,0.09551650160575163,-0.49177798960311836,0.6229020042249721,0.2700352285406346,0.04446053165261106,6.073594230733318,1.361574885269781e-09,-0.10603390196430373,0.04098996295510878,-2.5868260012927924,0.009719772842185828,0.04208390959366095,0.16186814613417336,0.25998882793639566,0.7948851382381827,-0.10967886758229134,0.06827045391094715,-1.6065349107735223,0.10823162126028725,0.036942345133364723,0.05328503334288648,0.6932968380753862,0.48816163252071365,0.035056565518458156,0.09375407650151008,0.3739204397996871,0.7084823877007009,0.22693494458973257,0.04757391638860947,4.770154778429534,1.9033170601583963e-06,0.11091749037044873,0.0677228228579673,1.6378155205235922,0.10153511020972701,0.02065554995056354,0.04155904760004085,0.49701692274928927,0.6192031387110783,0.18078378999385275,0.07712103825440991,2.3441565892496943,0.0191165328387014
0.756,0.186051264176046,0.18159286433704835,4223,-0.37451544765138556,0.07603621445885447,-4.925487812837491,8.738699726322631e-07,-0.5047464292362882,0.09912864965185346,-5.091831988118389,3.701607059514238e-07,-0.5340769874467212,0.21232017270551667,-2.515432144959085,0.011925688326417504,-0.3890333084950762,0.2210299581488765,-1.760093119291276,0.07846481923588576,-0.05742681590948137,0.09405971683215099,-0.6105357090534217,0.5415400390134797,-0.9265937228887834,0.09452200571036755,-9.802941822119534,1.9007460257985867e-22,-0.018737802026575927,0.08671651876077607,-0.2160811145828824,0.8289350162038602,0.15995296116808988,0.07637980410042235,2.0941787302542374,0.03630386682412261,0.2835976998944831,0.04569167396172649,6.206769752669555,5.93168128558398e-10,0.13946005111138457,0.041900085053402564,3.328395418139121,0.0008810027283730936,-0.01988547124443352,0.10532350922837329,-0.18880372853240004,0.8502557738194877,0.0649491403260292,0.06844464816616853,0.9489294205786112,0.34271111970584567,0.00758010651960714,0.05661657800930706,0.13388492886943934,0.8934999841784098,-0.0961074562585656,0.09767533290924364,-0.9839480797865837,0.3251977320736633,0.2587291692641749,0.04546541338391365,5.690681113563067,1.351548109089537e-08,-0.10246107914563267,0.04191640407961431,-2.444414815522397,0.014549584056352462,0.07501691823831466,0.16552663461561948,0.45320149480786875,0.6504270735499855,-0.11597874957980019,0.06981347936234922,-1.661265856380568,0.0967347170630861,0.056661794558639705,0.05448936344349092,1.0398689024400467,0.2984606833567022,0.08749328905743664,0.09587307407552986,0.9125950106544874,0.3615079711983479,0.21039261084581962,0.04864916577696497,4.324691029860146,1.562911468752864e-05,0.09401394512396953,0.06925347093959491,1.3575340535057296,0.1746845332656412,0.032236655387875957,0.04249835098106921,0.7585389701881774,0.44817096561536984,0.1686485575917791,0.07886410158632114,2.1384705360167438,0.032536116051859576
0.8099999999999999,0.19497261712351754,0.19056308394748533,4223,-0.36102582880812273,0.07781479967655966,-4.6395522485278,3.598007214877702e-06,-0.5337149932451246,0.10144739674068005,-5.261002355825921,1.5041477498314727e-07,-0.5680547654123453,0.21728661564697838,-2.6143108894256684,0.008972702694943923,-0.43435611303683075,0.22620013421604931,-1.9202292454078145,0.05489661289147019,-0.04290326016303165,0.09625989503841516,-0.4457023368445387,0.655835254758627,-0.9539240051841229,0.09673299745030062,-9.86141265470688,1.0774451890995983e-22,0.01212101859942561,0.08874493008420185,0.13658265985364007,0.8913672312331976,0.15388201822213649,0.07816642632341245,1.9686459450692024,0.04905943759996827,0.2856454247721138,0.04676046120289705,6.108695624978494,1.0955649346907834e-09,0.1498430110815222,0.042880182135127995,3.4944583632906,0.0004799319675234883,-0.00013769715423374296,0.10778716208015736,-0.0012774912297193856,0.998980770433237,0.06458275061495214,0.07004565684769956,0.9220093510633296,0.3565766697173808,0.011995654529413629,0.05794091286002345,0.2070325429354786,0.8359944821959769,-0.1487508456677879,0.0999600850432524,-1.4881024321200196,0.1367989736996821,0.2292801059258224,0.046528908098070455,4.9276915212057295,8.641301765203833e-07,-0.10223581037262965,0.04289688288443043,-2.383292293010327,0.017202768963842444,0.036119409762229764,0.1693985162914641,0.2132215237356822,0.8311645318972493,-0.12311192171254537,0.07144650677269765,-1.723134233899186,0.08493787443645447,0.07137853954763812,0.05576393999931357,1.280012487433936,0.20061145500157235,0.1321984314048721,0.09811566904873129,1.3473732859041392,0.17793273842547866,0.20925360378633046,0.049787132569767654,4.202965565311467,2.689198861468456e-05,0.09225989725699339,0.07087339902997337,1.3017563503335767,0.19307109895526575,0.026838607616729477,0.04349244227519432,0.617086698578818,0.5372109999223498,0.14558456482831847,0.08070883473469392,1.8038243930405393,0.0713304819360358
0.864,0.2061965596593588,0.20184850556842404,4223,-0.3513597776432562,0.07917849070743434,-4.4375659917733925,9.331422527493167e-06,-0.5520930528661231,0.10322524498569101,-5.348430540829947,9.344144981583552e-08,-0.5411004537882728,0.22109452635443413,-2.4473715505776057,0.014430930015576252,-0.4307420081548523,0.2301642528091091,-1.8714548540780398,0.06135154017732408,-0.010454053136664754,0.09794683320496507,-0.10673191561781727,0.9150067609385442,-0.9489064875325464,0.09842822665555338,-9.64059314868301,9.041392757501947e-22,0.04745853060937744,0.09030016977760791,0.5255641348876613,0.5992188329575676,0.1336373794204344,0.07953627955102248,1.6802065695656043,0.09299151543974822,0.2957185095680176,0.04757993027313823,6.215194260908127,5.624759049391313e-10,0.16857599176151145,0.043631649979586906,3.863617164154457,0.00011340549596251462,0.03138577732076575,0.10967611362643272,0.28616784715465665,0.7747636856693585,0.0633553851713659,0.07127319498173021,0.8889090097280763,0.3741029017725098,0.018467219364145068,0.05895631742980102,0.31323563223116657,0.7541172062519844,-0.2338824986902192,0.1017118684056147,-2.2994612364952722,0.021527606931247965,0.2101709219641298,0.04734431923982584,4.439200422325111,9.261174969987424e-06,-0.11195877301836472,0.04364864340665922,-2.5650000614058905,0.010352019903439695,-0.030971345179160004,0.1723671962632733,-0.17968236329524345,0.8574106100663225,-0.10579227195183416,0.07269859456163022,-1.4552175676814327,0.1456837911265737,0.07974707599734074,0.05674119349272845,1.405452918567188,0.15996062213465573,0.13208520324294637,0.09983512933682771,1.32303332624844,0.18589633612173934,0.2144970811585954,0.050659643537097336,4.234081927590395,2.3439736270635735e-05,0.07764590859298515,0.07211544320391591,1.0766890577574504,0.28168105708420044,0.03115324316890549,0.044254639873697973,0.7039542804509616,0.48150028108979337,0.13190590422472376,0.08212324323407355,1.60619453190318,0.10830636711318777
0.918,0.2121957860159681,0.20788059265525527,4223,-0.2914320879257163,0.08076909027279534,-3.6082130793031415,0.0003119050454263665,-0.6003917600308206,0.10529891459395883,-5.701784888723497,1.26700585470798e-08,-0.6141816898704721,0.22553604644885594,-2.7232085493249434,0.00649185249292059,-0.4793411689214504,0.23478797267556314,-2.041591668683208,0.041254426306636505,0.016486364472637578,0.09991446594123389,0.16500478001187804,0.8689481624879613,-0.9757316206830634,0.1004055300006761,-9.717907177786852,4.315239764527708e-22,0.09240144696880151,0.09211419034704524,1.003118483923856,0.31586149915403394,0.13536545790247861,0.08113406665903576,1.6684170223014847,0.09530752768899889,0.3029897568474219,0.04853575319595702,6.242609558857338,4.729480841453681e-10,0.16944132782584553,0.04450815675400814,3.8069724783780594,0.0001426848768657055,0.06760838325106501,0.11187937333883727,0.6042971213854285,0.5456787679874943,0.058206164110368386,0.07270498677198703,0.8005800797806487,0.42342007972305795,0.004111195793714561,0.060140678132326035,0.06835965142708898,0.9455025950086484,-0.2618119435495404,0.10375513611926457,-2.5233636940015436,0.01166042451169065,0.19511690642301865,0.048295409023583355,4.040071517517125,5.439026699924384e-05,-0.11031193689378298,0.04452549155835947,-2.4775007087613474,0.013269672811881393,-0.09195756261448836,0.17582984356823278,-0.5229917785759911,0.6010075691310335,-0.08935906887766627,0.07415902089558694,-1.2049655968824131,0.22828448895389947,0.08116392043601979,0.057881055049841014,1.4022536452752985,0.16091343929524216,0.13462189373090666,0.10184069564545663,1.3218870204851403,0.18627778323512417,0.20462436722337624,0.0516773341532167,3.959654083871492,7.630136176127304e-05,0.08883940388023732,0.0735641547364432,1.2076452750462565,0.22725175217992422,0.008365335299150779,0.04514366175728513,0.18530475760090084,0.8529989564334847,0.1152962052514223,0.08377299929568902,1.3762931519792856,0.16880428084577004
0.972,0.2132068161481867,0.20889716069960562,4223,-0.23104925731018652,0.08278875348809099,-2.7908290386739854,0.005281067586604231,-0.6352811034167352,0.10793195581923072,-5.885940809603529,4.2667704713334825e-09,-0.6490509735693465,0.231175664961303,-2.807609415454661,0.005014107511753866,-0.5212662974031171,0.24065893928178714,-2.165995989838413,0.03036759361030576,0.04140647688690706,0.10241286688713866,0.40430932309060297,0.6860058621580414,-0.9888805426559529,0.10291621019862963,-9.60859849723771,1.2259320635764436e-21,0.1163722696326459,0.09441754230040171,1.2325280535516627,0.21782089863590648,0.13531001339525411,0.0831628562539805,1.6270486547746206,0.10380179591763253,0.3142800163494003,0.049749409001977156,6.317261303283223,2.939179910500902e-10,0.1754353753397454,0.04562110090966318,3.8454875450536474,0.00012209572187568574,0.09549781730548938,0.11467696155135285,0.8327550365268881,0.4050302590666963,0.04954130354468771,0.07452300387303387,0.6647786719533217,0.5062285728203848,0.021031926155724762,0.06164451970038819,0.3411807936528106,0.7329845518450213,-0.2901068186731911,0.10634957454998503,-2.7278606416694116,0.006401170782663648,0.17070003396783762,0.04950305492801472,3.4482727220787184,0.0005697294738468112,-0.11799471878236467,0.04563886917768948,-2.5853997022355295,0.009760012883650382,-0.17067949452116757,0.18022653871493494,-0.9470275340033691,0.34367924370979896,-0.0827802568741898,0.0760133966980046,-1.08902194179099,0.276206706671454,0.0811193765178792,0.05932839384432092,1.3672943301101044,0.17160625286899828,0.13637007023491002,0.10438726273096616,1.3063861113627637,0.1914928376815495,0.20106316106126138,0.05296954644013591,3.7958256125242644,0.00014922856648371354,0.10201395622730418,0.07540365567403831,1.3529046478634836,0.17615893267269175,-0.004922193259709435,0.046272496968217884,-0.10637405764141553,0.9152906567143153,0.10075504420270404,0.08586777645042785,1.1733743246614836,0.24071228166555772
1.026,0.21588429442505308,0.21158930484938643,4223,-0.16110976046951506,0.0844036224057608,-1.9088014930804538,0.056355810963184934,-0.681029056346592,0.11003726545770545,-6.18907652342884,6.63044166253487e-10,-0.6398428938249601,0.2356849537250402,-2.714822833244702,0.0066582368468000265,-0.5126846097021605,0.24535320781986153,-2.089577773438258,0.03671578010253098,0.05031161887489845,0.10441052174407868,0.4818634945452872,0.6299280335306718,-1.0397019387320148,0.10492368321847702,-9.909125440889246,6.764090945035213e-23,0.1216659877554189,0.09625924117760036,1.2639408566595964,0.20632141651677133,0.17023900237440995,0.0847850223817567,2.0078900446341157,0.044718918039513646,0.3325107564094434,0.050719815861422046,6.555835244314325,6.202971945888118e-11,0.1880794969601332,0.0465109814157091,4.043765391211661,5.3543267852804294e-05,0.10027298296733596,0.11691383857848109,0.8576656466550401,0.3911260637191837,0.051141750149523574,0.07597664192815039,0.6731246453072685,0.5009050398575261,0.011994672713512324,0.06284695136670336,0.19085528339354202,0.8486482016356578,-0.26585967711407144,0.10842401842203685,-2.4520367441024145,0.014245451133210083,0.14139413559715572,0.050468656430209716,2.8016227416848665,0.005107916274758665,-0.14114452810277114,0.046529096269745544,-3.033468075212694,0.00243239051445477,-0.1869951627256478,0.1837420190579483,-1.0177049522171275,0.30887682640081787,-0.09426524438912394,0.07749610620240327,-1.21638684842982,0.22390596201171692,0.09283963308758003,0.06048564739770662,1.5349035197910463,0.12488286890085526,0.15004686475995466,0.10642342995033512,1.4099044245235979,0.1586419693977987,0.18781776157938368,0.05400276496952889,3.47792861505073,0.0005104327434773665,0.12447692817991295,0.07687447163268415,1.619223202920721,0.10547434540146662,-0.015022769151026322,0.0471750835388406,-0.3184471128420503,0.7501616433411429,0.10964176224409453,0.08754270447358213,1.252437457848715,0.21048025401803158
1.08,0.22227924347804917,0.21801928220155353,4223,-0.09071110073286844,0.08547596275189241,-1.0612469027833222,0.288638743760636,-0.7043672283428393,0.11143527890742487,-6.320863870480317,2.872092806652955e-10,-0.6292565803083744,0.23867930962650294,-2.636410258153779,0.008409680374252658,-0.5047963423236279,0.24847039801026852,-2.031615622488624,0.04225542854598093,0.06915929512110472,0.10573704792667042,0.6540687155278564,0.5131033545997461,-1.083898252515687,0.1062567290709288,-10.200749279531841,3.755168216204935e-24,0.1550604194561437,0.09748220608195628,1.590653573491963,0.11176283905442502,0.20340379980036036,0.0858622083798949,2.3689560708758624,0.017883368940725838,0.3572257747501006,0.05136420650895967,6.954760893420756,4.078211290662868e-12,0.2015383428079023,0.04710189920440863,4.278773175011142,1.921126434094749e-05,0.12456420341276953,0.11839921826427367,1.0520694751103445,0.2928282148165467,0.045180386100331066,0.07694191825375024,0.5872011918305523,0.5571001631235815,0.019895641266696015,0.06364541616786915,0.3126013225244674,0.754599096482373,-0.25613338676194564,0.10980153571489337,-2.332694029225713,0.019711214619704494,0.1354532015825571,0.05110985612001681,2.6502364096757423,0.008073715436202798,-0.1602051572809613,0.04712024420601806,-3.3999220500750367,0.0006803357930022079,-0.2394422073058385,0.1860764446986904,-1.286794831519713,0.19823674329713653,-0.0876476674536479,0.07848068718341181,-1.116805555598826,0.26414137261044907,0.08453438531406898,0.061254112046707575,1.3800605786205782,0.16764146479620823,0.15320268221381694,0.10777552994861277,1.4214978324566234,0.1552463471424741,0.1859388344143153,0.054688865186899846,3.3999395266087005,0.0006802924317932326,0.11598539828184667,0.07785115480302225,1.4898352962818737,0.13634265355281008,-0.019890188789294216,0.04777443868461424,-0.4163353738303544,0.6771858899903431,0.08887807084818296,0.088654926571885,1.0025169980386484,0.3161517283484574
1.134,0.2294641232806831,0.22524351714480684,4223,-0.018921341482057208,0.08622700901170428,-0.21943636569243474,0.8263208104367239,-0.7486599052393405,0.11241442025593996,-6.659820897842342,3.0958288358347317e-11,-0.6196580710290713,0.2407764980876589,-2.5735820395704647,0.010099178092347325,-0.46129281967138713,0.2506536172112181,-1.8403597155458955,0.06578597007082684,0.0937250079164767,0.10666612098782312,0.8786764442964626,0.379627010991584,-1.1009177550556837,0.10719036838166938,-10.270677969271272,1.855671722535207e-24,0.18728537839180648,0.09833874684404839,1.9044922210450281,0.05691437986002113,0.22508135878364943,0.08661664843984591,2.5985923357443848,0.009393414161918178,0.36685860345186017,0.05181552514808087,7.080090424702524,1.6809700288811208e-12,0.21212739246651596,0.04751576649631841,4.464358003841776,8.241643286602905e-06,0.1398630455048545,0.1194395492202425,1.1709944186657284,0.241667467734788,0.007476614500882356,0.07761797896212701,0.09632580751078951,0.9232664118049383,0.03757777376350641,0.06420464533859865,0.5852812295018682,0.5583900845479207,-0.2761799827007181,0.11076632195496933,-2.4933569863680733,0.012692362219617996,0.13343950984185987,0.051558939874590974,2.58809646137858,0.009684054108785072,-0.17225892973431042,0.04753427268879836,-3.6238890381697986,0.00029364259727528564,-0.2771451086234571,0.18771143087878986,-1.4764423632912205,0.13990016398331878,-0.0857226992774761,0.07917026849585232,-1.0827637812288973,0.2789754579832607,0.06544648139766537,0.06179232969608711,1.0591360079730034,0.2895987643877413,0.1328782481096058,0.10872251441139211,1.2221778426390277,0.2217089821616534,0.17250771005721227,0.055169396395085245,3.1268732545455236,0.0017788407518322265,0.11410193020794865,0.07853520464293529,1.4528762066224883,0.14633285117257805,-0.013651739608585817,0.04819421533682747,-0.283265107921653,0.7769875861852074,0.05976759106862557,0.0894339052329266,0.6682878368440197,0.5039866083602097
1.188,0.231895706445705,0.22768841929358563,4223,0.06133938127624043,0.08718153273955351,0.7035822765296633,0.4817319627412838,-0.790870370287013,0.11365883581339187,-6.9582832221287685,3.978691410275386e-12,-0.6642251513882143,0.24344186805893925,-2.7284754125670774,0.006389272937244059,-0.46508983081170163,0.25342832583026426,-1.8351927681643585,0.06654782420743247,0.0961938815064791,0.10784690348981961,0.8919484787577557,0.3724716572811997,-1.1237458235278404,0.10837695424600473,-10.36886330074428,6.845127059697133e-25,0.20269685048092778,0.09942734620874237,2.0386428704973842,0.04154819694460014,0.24624321684678588,0.08757548543431229,2.8117824939889764,0.004949641739783929,0.37132182409721093,0.05238911744580394,7.087766356845769,1.5913871681821895e-12,0.21313912974210608,0.04804176092761688,4.436538661920336,9.375837329571308e-06,0.16960781542509673,0.12076173220073835,1.4044831283403845,0.1602489961437936,-0.016035341066977127,0.07847720165205002,-0.20433120357774942,0.8381045900865034,0.0371352571788197,0.06491538386607695,0.5720563442316112,0.5673144264345764,-0.27335770987862884,0.11199249324125682,-2.4408574357725508,0.014693481830264588,0.12137761928892478,0.05212969180089714,2.328377841797175,0.019939293139075782,-0.18946971488459557,0.04806047198165978,-3.9423190633021368,8.20117355424246e-05,-0.32207452319774443,0.18978937625595138,-1.6970102834596617,0.08976882666045069,-0.11171357207815703,0.08004667486417745,-1.3956054048180229,0.16290714718212776,0.057126167236780614,0.062476364148517115,0.9143644643113649,0.36057786880528375,0.14948692584416173,0.10992606096770392,1.3598861318980648,0.17393896965436992,0.16105566178757028,0.05578011568726295,2.887331082110795,0.0039050985200678096,0.13545505080002027,0.0794045809226228,1.7058845878428204,0.08810352259907536,-0.019607950783301287,0.048727720123916074,-0.40239828035125946,0.6874114183216957,0.04544434971471642,0.09042392895748211,0.5025699528725923,0.6152930145684568
1.242,0.23004776022486195,0.22583035095722004,4223,0.08670852343193611,0.08857936456155557,0.9788794925445714,0.32769591899265205,-0.8121192246880485,0.1154811935141482,-7.032480354375204,2.3579798941372738e-12,-0.6223262059280552,0.24734511200622103,-2.5160238699699993,0.0119057154167257,-0.44939611176534,0.25749168841762016,-1.745283952763843,0.08100860069704345,0.10217992947877147,0.10957607512589088,0.9325021850014061,0.35113067177015744,-1.124428702551532,0.11011462449171257,-10.211438378343274,3.372576998943689e-24,0.22307832670337402,0.1010215222244703,2.208225750228678,0.027282382695658133,0.24911733210488407,0.08897963372719749,2.7997118179723293,0.005138192080638815,0.3821108956324212,0.05322910239664347,7.178608663829665,8.288167608703672e-13,0.21188748601579213,0.048812042202783894,4.340885495745711,1.452512613765149e-05,0.17409540864040396,0.12269797473795745,1.4188939060503203,0.15600416949950566,-0.03284984459853267,0.07973547191094327,-0.4119853286279253,0.680371206379712,0.061438612963541424,0.0659562096746408,0.9315061199940916,0.35164537333742485,-0.28680680526875924,0.11378813351000099,-2.5205335250845944,0.011754470079455162,0.11737392972311761,0.05296551723067183,2.2160442465224803,0.02674189158976009,-0.1997437427675521,0.04883105326195337,-4.090506540910149,4.385012653861788e-05,-0.3572738894230663,0.19283237884230223,-1.852769185175296,0.06398556751081043,-0.11728148392555843,0.081330109392736,-1.4420426186717195,0.149364929304424,0.06288339240116834,0.0634780837465274,0.9906315485556606,0.3219226068357355,0.15721187732187158,0.11168856893538365,1.4075914735090305,0.15932609503409625,0.15521050998897495,0.0566744704696633,2.7386318513916423,0.006195572334264831,0.13518447770251424,0.08067772038849987,1.6756110243514515,0.0938888609741656,-0.03750495763269224,0.049508999778706056,-0.757538180943482,0.44877000856697347,0.02924893274645011,0.0918737479890518,0.3183600689713407,0.7502276568551252
1.296,0.22674406112930867,0.22250855586757345,4223,0.12100443276823611,0.08990884444843787,1.3458568343365969,0.178421351715159,-0.8558227926670499,0.11721444058416451,-7.301342636639859,3.390722964340039e-13,-0.6263824040920176,0.2510574930236125,-2.494975937774958,0.012634687898255012,-0.4487511223977199,0.26135635850737565,-1.7170086274562777,0.08605133836896996,0.06729730587433749,0.11122069279372412,0.6050790026919783,0.5451592026171304,-1.150167625448236,0.11176732519957998,-10.290732317288724,1.5147774656559427e-24,0.20610112089785926,0.10253774536068772,2.0100024646814307,0.04449477252493553,0.25854540272781124,0.09031512121875944,2.862703379443713,0.004221235773283237,0.388408181077701,0.054028013309850104,7.18901468484847,7.687549026394932e-13,0.21452869412194786,0.049544657848283984,4.330006572633506,1.5258214641267086e-05,0.1732614412249262,0.12453953784221689,1.3912163496578624,0.1642335360863367,-0.041002723130334116,0.08093221459137875,-0.5066304355732025,0.612440749843381,0.062275894404140435,0.06694614062087707,0.9302387535200165,0.3523009565661436,-0.27127886904884657,0.11549596959142035,-2.348816759654257,0.018879284177822732,0.09262965907348464,0.05376047201732039,1.7230068040258555,0.08496091832197071,-0.20762500369194153,0.04956395424276737,-4.189032268793188,2.858994943865801e-05,-0.3381128643139012,0.1957265830452727,-1.7274754356473576,0.0841558455086641,-0.11118347056947729,0.08255078584679251,-1.346849329524551,0.17810144873300005,0.07908095860580672,0.06443082071880712,1.2273777940985202,0.2197494339091087,0.1653625172036281,0.11336489283688414,1.4586748424978542,0.14472941776601753,0.14392109073095433,0.057525092609052905,2.5018836859430804,0.012391202357304567,0.13343645092159598,0.08188860519340822,1.6294874067819292,0.10328488757686162,-0.051205890867002224,0.0502520759991243,-1.01898060625186,0.30827087914437046,0.03317357443850394,0.0932526729868605,0.3557385903906279,0.7220542119457932
1.35,0.22042496037277493,0.2161548422705062,4223,0.12226140774491673,0.09147246885523826,1.3365924116293852,0.1814281331704027,-0.8625856327462773,0.11925294259418603,-7.233244010436109,5.577371122823185e-13,-0.5923029604527658,0.2554236888746444,-2.318903791039731,0.020448022279019692,-0.42275229926028207,0.2659016641838263,-1.5898821113357902,0.11193666255879346,0.02227506731855487,0.11315495622309396,0.19685454408764747,0.8439508932758661,-1.1777850172446496,0.11371109523285056,-10.357696536409698,7.670691318364652e-25,0.17918906924848743,0.10432100174939819,1.7176701358652466,0.08593052932771864,0.2802986334199873,0.09188581127386049,3.0505105144533466,0.002298790380047474,0.3998022228671923,0.05496762632323575,7.273412544979937,4.160730798133594e-13,0.21557855482681565,0.050406299844835044,4.276817689265585,1.9379984211646927e-05,0.1806204695481331,0.12670543222309072,1.4255148053172177,0.1540827729831279,-0.04771304237891802,0.08233972446215748,-0.5794656551327964,0.5623061004445931,0.07255556534695497,0.06811041561582405,1.0652638761772315,0.2868177845548175,-0.23737258817184645,0.11750458529600533,-2.0201134072673175,0.04343500573851931,0.08232691224551866,0.0546954321614873,1.5051880749831157,0.1323509443257858,-0.22389235394359952,0.050425931827141446,-4.440024127091903,9.225964101531802e-06,-0.31645913848468527,0.19913050692157994,-1.5892047048788502,0.1120894695531545,-0.11828109520381855,0.08398644464479456,-1.4083355439567302,0.15910577038651214,0.08030316997895592,0.06555135123439931,1.2250421763512833,0.22062804382366127,0.17943557020665826,0.11533644651885498,1.5557577472037383,0.11984107132022284,0.12774842388969754,0.05852552409450651,2.18278137387391,0.02910712259251084,0.1259675344858351,0.08331274786262789,1.511983912636509,0.13061320789256284,-0.06553257073613138,0.0511260208596845,-1.2817850799690766,0.1999888192321728,0.058673759268223186,0.09487445064818115,0.6184358261614664,0.5363216318040342
1.404,0.21185274320875502,0.20753567083290392,4223,0.14404925295772159,0.09279458786756754,1.552345414403936,0.12065495927817828,-0.8994564608200835,0.12097659326911758,-7.434962718938566,1.2608517184866622e-13,-0.6182128342340314,0.2591155157104859,-2.385858031461037,0.017083390440090964,-0.4283797647767476,0.2697449369196239,-1.588091957049011,0.11234083650526504,0.00020535899816766234,0.11479046820647117,0.0017889899865055651,0.9985726782543067,-1.1640498994816093,0.11535464550323914,-10.091053502036232,1.1243790720183767e-23,0.1565705897000863,0.10582883007768341,1.4794700988866267,0.13908973275471395,0.27714467081473776,0.09321390462882097,2.9732116889463174,0.002963761534335133,0.4029732066234656,0.055762113940483436,7.226648671418212,5.851419247525169e-13,0.21793012918929838,0.05113485924855568,4.261870129141968,2.071710768246149e-05,0.17717148949803735,0.12853679922350109,1.3783717236491144,0.16816198337500457,-0.05758206240357097,0.08352984118846621,-0.6893591749282758,0.4906353589631546,0.05648790771007524,0.06909486565363641,0.8175413205554488,0.4136655309169257,-0.23052400285682276,0.11920296567427605,-1.9338780839289953,0.053195240462701354,0.07368655883189143,0.055485985555893985,1.3280210866519266,0.184243322145709,-0.22646694227810082,0.05115477498637215,-4.427092922184343,9.793786480164742e-06,-0.28723252335757204,0.20200868690765247,-1.421882037621874,0.15513476877339563,-0.12851796099029547,0.08520036263162131,-1.5084203519880002,0.13152221065391795,0.09236659905913959,0.0664988132285435,1.3889962027095664,0.16490756461927988,0.2027706821538483,0.11700348918934857,1.7330310707717558,0.08316356230998513,0.11245020027079887,0.05937143663059798,1.8940117782638584,0.05829211063472391,0.10882422652549774,0.08451692841331243,1.2876027154384448,0.1979552543120634,-0.06408649203090261,0.05186498292170456,-1.2356408586434446,0.21666121397813382,0.06800292712618382,0.09624574101080126,0.7065551827228608,0.4798821517281099
1.458,0.2057180639489572,0.20136738890033268,4223,0.1431144556688007,0.09422991144646758,1.5187794774709582,0.12889329883782144,-0.9308112940224958,0.12284782909013309,-7.576945404054006,4.326333219284083e-14,-0.6381719959000862,0.2631234499866625,-2.425371041358855,0.01533463801781729,-0.4170932139169538,0.27391728443629365,-1.5226976814380595,0.12790966009451088,-0.024413903949278296,0.11656601858538834,-0.2094427196326889,0.8341128070148196,-1.1683898574005989,0.11713892243610025,-9.974394787846544,3.5657375336261843e-23,0.16337912982683522,0.1074657640695094,1.5202900313551093,0.1285133903476431,0.2921242712437831,0.09465571409497246,3.0861768255287925,0.0020406926252140188,0.4156478533349799,0.05662462843391824,7.340407607619835,2.5435774211259784e-13,0.22927177337348648,0.051925800518621265,4.415372918348493,1.0337144516445565e-05,0.15087710448517522,0.1305249744276965,1.1559251794280385,0.24777752745862924,-0.0643458036833392,0.08482185997269408,-0.7585993009827119,0.44813486790632007,0.055843681615934754,0.07016360783066004,0.795906643665097,0.42613129082335255,-0.2045889989819027,0.12104676746529514,-1.6901649111824455,0.09107063494594478,0.0692361528813528,0.056344228964233065,1.2288064661476412,0.21921323751193547,-0.231291565667299,0.051946024308111176,-4.452536430804074,8.706583355830717e-06,-0.25383632182821503,0.20513330697574295,-1.2374212923805261,0.2159999097170278,-0.11228329852996276,0.08651822062556516,-1.2977994429162394,0.1944275473230767,0.08926810135036096,0.06752740031308355,1.3219537689364464,0.18625555602632776,0.21066631314556158,0.11881327002577753,1.773087409342877,0.0762867003931007,0.09901281391636854,0.06028977922866722,1.6422819121767307,0.10060647395101531,0.07813927808949189,0.08582421521694543,0.910457239742564,0.3626336823427099,-0.05514002318812016,0.0526672175629426,-1.046951514425882,0.29518220118226773,0.06292754609656837,0.09773444616716945,0.6438625128026431,0.5196997574121194
1.512,0.20377964361860024,0.19941835088300308,4223,0.1319532743013121,0.09475875680988584,1.3925179977408262,0.16383932705324744,-0.9353294767823974,0.12353728643783762,-7.571232166031453,4.518271898133756e-14,-0.6187764708283784,0.26460017446189577,-2.338533873179613,0.019406251890123013,-0.334511310708028,0.2754545870147488,-1.2143973143933053,0.22466433094710347,-0.05505607955090269,0.11722022060590101,-0.4696807365343851,0.6386075215570275,-1.1598310357455246,0.11779633975778939,-9.846070244035998,1.2508799872900123e-22,0.15796125312476,0.10806889284445946,1.4616717999703137,0.14390599802106355,0.2936017202853381,0.09518694918531433,3.0844745293153664,0.0020523801371189108,0.43778041063003226,0.05694242213384728,7.688124147599443,1.847533414840782e-14,0.23562791951815584,0.05221722304491383,4.512455963341524,6.583385650499039e-06,0.1495858914663547,0.13125751812297087,1.1396367507590124,0.2545026723662794,-0.06512401591195355,0.08529790464550008,-0.7634890468014467,0.4452146860218986,0.03663596066542576,0.0705573861767537,0.5192363641936624,0.6036232892319449,-0.20176607252798073,0.12172611673717848,-1.6575413554317047,0.09748477583787413,0.06212595693233427,0.056660448981695775,1.0964607243476685,0.27294008064202735,-0.2465198906196081,0.05223756033612669,-4.719207578481011,2.4447093972226157e-06,-0.24234939445355774,0.20628457409052112,-1.1748304279272515,0.24012918143544887,-0.08972596424758825,0.08700378576222584,-1.031288046393773,0.30246515803112267,0.08671976615987226,0.06790638350441924,1.27704880873576,0.20165562757031677,0.20210858409010402,0.1194800842676798,1.6915671371414978,0.09080273926650496,0.08919445995556576,0.06062814280894825,1.4711725582067694,0.14131939026871826,0.05005653069782487,0.08630588539565803,0.5799897708985576,0.561952634803328,-0.0541667353691197,0.052962801134918316,-1.0227316948575749,0.30649363814849223,0.061186449523257094,0.0982829599873392,0.6225539964520719,0.5336114556094449
1.566,0.20259665758262502,0.1982288850473547,4223,0.13678174471282262,0.09477437214681916,1.4432355668991188,0.1490287184653659,-0.9511902914628665,0.12355764420124125,-7.698352437940954,1.7074260328350866e-14,-0.5667512765658408,0.264643778040245,-2.1415628236672677,0.032286060262803354,-0.3553957017361792,0.2754999792964848,-1.2900026440790147,0.1971207784234979,-0.08922337736221012,0.11723953737726635,-0.7610348808789416,0.44667896832357945,-1.1301468817973055,0.11781575146808147,-9.592493938329492,1.4284642595611037e-21,0.13697494584130718,0.10808670156452492,1.2672691816720556,0.20512933309355214,0.28302969095539915,0.09520263508425628,2.972918666641024,0.0029665863224517296,0.44971018391466705,0.05695180570046798,7.896328806146557,3.638834080062174e-15,0.24208182003445033,0.0522258279439123,4.635289272856202,3.67257397589191e-06,0.15273754095950032,0.13127914810672675,1.1634562164840407,0.2447105609350678,-0.07046571688987503,0.08531196092447195,-0.8259769922796578,0.4088640702206169,0.034723688428893326,0.0705690133592472,0.4920529107035222,0.6227076626078182,-0.22324333070107166,0.12174617603713585,-1.833678378801618,0.06677248985575844,0.052451563059269374,0.056669786081837537,0.9255648677325766,0.35472534794490307,-0.2526191687975019,0.05224616858651626,-4.835171183494173,1.3779078324560783e-06,-0.2242335050143119,0.206318567815608,-1.0868314344577796,0.2771736963624825,-0.07182352955839161,0.08701812315409221,-0.8253858731382435,0.409199441520662,0.07713524430381741,0.0679175738270242,1.135718488712056,0.25613921838902454,0.1892554430006055,0.11949977344296527,1.5837305590452284,0.1133303546022579,0.08957641282672758,0.060638133747089235,1.4772290519417157,0.13968924305424815,0.026842221675434694,0.08632010778021808,0.31096140129688427,0.7558454005127566,-0.05805711397762557,0.05297152889805597,-1.096006008989411,0.27313900006636105,0.06168470440719723,0.09829915607925381,0.6275201829552215,0.5303524321018276
1.6199999999999999,0.2001450428542887,0.19576384161248073,4223,0.09438428999390408,0.0951643435094144,0.9918030904565306,0.32135073795806424,-0.9058817141640878,0.12406605108146379,-7.3016083470672495,3.384116012968242e-13,-0.37031608701333646,0.2657327168787406,-1.3935660289143825,0.16352244556348114,-0.28232799112348944,0.2766335885189735,-1.0205846391792202,0.3075100660722342,-0.10346860295691244,0.11772194692644511,-0.8789236472750623,0.37949296838932844,-1.1057765453302,0.11830053198516065,-9.34718151114406,1.423781346161945e-20,0.1313280097231262,0.10853144962597601,1.210045661195094,0.22632948628725139,0.2904442776900143,0.09559436863506209,3.03829903201521,0.0023938150575652964,0.46447891353924475,0.05718614725049022,8.122227774931334,5.960928386279383e-16,0.252548451625414,0.05244072335102089,4.815884211492241,1.5171161593073748e-06,0.14963584532544233,0.13181932692414178,1.1351586206440991,0.25637365503056825,-0.06480528942465777,0.08566299697877414,-0.7565143843930121,0.4493832931747713,0.03723634342859587,0.07085938610109005,0.5254962747697733,0.599265989759645,-0.2384005331269171,0.12224712920711742,-1.9501524058123818,0.05122441191692491,0.04790915956924138,0.05690296719605351,0.8419448392589993,0.3998667786399984,-0.25981899552614507,0.05246114768996525,-4.952598388842399,7.610700866891196e-07,-0.22582753031272967,0.20716751390933796,-1.0900721162853644,0.2757439289206913,-0.06107646538686277,0.0873761796126917,-0.6990059036409414,0.48458705610561614,0.07576673630340501,0.06819703659960216,1.110997487299133,0.26663304244802055,0.1580522223239669,0.11999148326307552,1.317195337751139,0.18784502901861969,0.08715388931982508,0.06088764355767338,1.4313887716359406,0.15239324642914714,0.015137978900316124,0.08667529209099643,0.1746516052628176,0.861361816718014,-0.06577738308164105,0.05318949266647984,-1.2366612235633172,0.21628204304854592,0.061098327698401955,0.09870363099129864,0.6190079036078031,0.5359447324266604
1.674,0.19979609417063549,0.19541298156428266,4223,0.06231718317905116,0.09572516339692302,0.6510010635411908,0.5150814224415436,-0.8784753062486024,0.1247971937158294,-7.039223239658279,2.2479174653575666e-12,-0.25135471103357027,0.26729872560523965,-0.940351325897392,0.3470914715181437,-0.2309398984046384,0.2782638379619171,-0.8299314064526221,0.40662474708654206,-0.137180523868431,0.11841570266097665,-1.1584656492828311,0.24673994344761974,-1.139838061354993,0.11899769742122089,-9.578656445092907,1.6287010330587855e-21,0.10927089034326887,0.10917104417500335,1.000914584714473,0.3169257798519372,0.3177710779256979,0.0961577227347945,3.304685977247182,0.0009588051463220247,0.47439031809093746,0.057523155078058524,8.246945381337186,2.1509698427195767e-16,0.2800102843209682,0.05274976557719545,5.308275425626176,1.1638323709129675e-07,0.16912957351745853,0.1325961609501102,1.275523908879188,0.20219442720259234,-0.07994044205735454,0.08616782379265885,-0.9277296157520593,0.3536011642715059,0.03347278025714117,0.07127697268317174,0.4696156275593897,0.6386540425391327,-0.20261404380194642,0.12296755262120218,-1.6477033126461649,0.0994883875180954,0.01677322433283808,0.05723830619472627,0.2930419407551145,0.7695045744916236,-0.2809733043736739,0.052770310280291416,-5.324458068964803,1.0654762520934963e-07,-0.2114423426398949,0.2083883877950973,-1.0146551104747759,0.31032871969631404,-0.057777360683377695,0.08789110250727854,-0.6573743989454788,0.510976239785417,0.07409304345880167,0.06859893349694614,1.0800903116387388,0.28016399863197566,0.11217726796541308,0.12069861376662314,0.9293998038976113,0.35273535379021603,0.08468316762801771,0.061246464941307484,1.3826621293028036,0.16684201616023328,0.03974949525774484,0.087186084534549,0.4559155910022937,0.6484742543453442,-0.07289752650563804,0.053502947519356595,-1.3624955238076326,0.17311462776381453,0.07106660311461759,0.09928530851029246,0.715781661767717,0.4741659782462617
1.728,0.20164665138182636,0.19727367519268169,4223,0.06521454800405257,0.0962071996053143,0.677855173745752,0.4979008730060064,-0.8809717847828122,0.1254256258223092,-7.023857995581279,2.506449969921946e-12,-0.2311838719117564,0.2686447422598607,-0.8605561008453748,0.3895317052026952,-0.21694737583501028,0.27966507083134967,-0.7757399777887853,0.43794621753662155,-0.153990923534112,0.11901199995939966,-1.2939108962679833,0.1957673637757915,-1.162376796645514,0.1195969254281178,-9.71911938776508,4.265296481676254e-22,0.09490547676929414,0.10972078882241681,0.8649726071774669,0.38710323611343833,0.3284397225991618,0.09664193715062605,3.3985217213439745,0.0006838185283088218,0.47756962967672273,0.057812820225492716,8.26061810882108,1.9218419945656465e-16,0.28587464479248104,0.05301539371602585,5.392295044034822,7.338714181441498e-08,0.16527813863709762,0.13326386574583465,1.2402322093246316,0.21495881616416843,-0.09605638404500069,0.08660173280458827,-1.1091739268283036,0.26741867866201624,0.03825031577462247,0.07163589692459967,0.5339545872495018,0.5934012189283033,-0.20151074850339767,0.12358677133775739,-1.6305203730314903,0.10306656220602953,0.009846278052581899,0.05752653694945938,0.17116062559497477,0.8641057139341753,-0.28043622799759643,0.053036041874581503,-5.287653793259422,1.3019646167734873e-07,-0.1812544040638464,0.20943775396759476,-0.8654332880779985,0.3868504583038045,-0.05114006809315931,0.08833368930786999,-0.5789418340144324,0.5626594746673281,0.07578313477975605,0.06894437213219236,1.0991924712063692,0.27174713949845486,0.10378128643905861,0.12130640695363396,0.8555301327054073,0.3923065436965756,0.0845237313213975,0.061554879288068756,1.3731442949605592,0.16978081145994228,0.031860705647638266,0.08762512112766771,0.36360241489672784,0.7161732279765844,-0.07484710576094898,0.05377236840144012,-1.3919250348464183,0.16401881955502634,0.07945517189549939,0.09978527228120622,0.7962615131377875,0.42592506482053094
1.782,0.2037802427417229,0.19941895328781944,4223,0.08201992070226494,0.09689645656279389,0.8464697638257991,0.3973389715402569,-0.9076404826289158,0.12632421226489265,-7.185008054716066,7.913567982087279e-13,-0.26177817880196075,0.2705693929975658,-0.9675084676126535,0.33334563141945417,-0.2769124289965157,0.2816686744766623,-0.9831140417407663,0.32560795551279964,-0.19945842288612198,0.11986463728105645,-1.6640305882579485,0.0961809330330468,-1.192469915223473,0.12045375332959164,-9.899815342080514,7.408549399537177e-23,0.04331437473936414,0.1105068611474221,0.391960954185283,0.6951069556622453,0.34930054395225013,0.09733430869702427,3.58866825714589,0.0003361652929191851,0.47840912323976503,0.058227008443582536,8.216275162123544,2.7674848472520024e-16,0.28098133170637907,0.05339521174546854,5.262294548915707,1.4936803767885537e-07,0.1308168767059877,0.1342186076676738,0.9746552954109851,0.32978741920218957,-0.09304228411346288,0.08722217334448788,-1.0667274220052763,0.2861562681699054,0.04261395518273682,0.07214911777047327,0.5906372316055736,0.554795299950955,-0.19725828327625222,0.12447218368055965,-1.5847579550985291,0.113096641771389,0.005914434914968677,0.057938674149115806,0.10208095027764691,0.9186972957142425,-0.28067664750431326,0.05341600783356587,-5.254541829087048,1.5575544888375322e-07,-0.09557731047639681,0.21093822825302533,-0.4531056853371765,0.6504960534128273,-0.07311476569156616,0.08896653809865764,-0.8218232074005962,0.4112241837812002,0.09598120987076085,0.06943831009490331,1.3822515228204806,0.16696800342765464,0.12897553907973297,0.12217548208857867,1.0556581146634982,0.29118517332664395,0.08604592555740126,0.06199587672890658,1.3879298123915547,0.16523205658688156,0.03609567182130681,0.08825289352552367,0.4090027009807623,0.6825585381510909,-0.07401037663193048,0.054157609622397566,-1.366573915428545,0.1718320658260211,0.1191617166978163,0.10050016361424546,1.1856867930603612,0.23581310367417085
1.836,0.20413830348219397,0.19977897530407773,4223,0.09732801836335839,0.09700393906336538,1.0033408880414776,0.31575422896810484,-0.9253122166782182,0.1264643375357085,-7.316783804105619,3.0270453380679195e-13,-0.27382427875078835,0.2708695223930989,-1.0109084120338994,0.31211851493102943,-0.2951296538968513,0.2819811157623329,-1.0466291442920617,0.29533089741150487,-0.22067464081217555,0.11999759726124638,-1.8389921619159215,0.06598690940082194,-1.2096778125521033,0.12058736678740366,-10.031546792830905,2.0289438807843538e-23,0.004317608925714707,0.11062944100418637,0.039027666473984285,0.9688701860983118,0.35897851122286917,0.09744227688555523,3.684011937082351,0.00023248400325437377,0.4764631045409474,0.05829159681647374,8.173787141928056,3.918101774614111e-16,0.28350794565752246,0.053454440442580166,5.303730491053625,1.1930008278280188e-07,0.09007517196824606,0.13436748980523677,0.6703643277016516,0.5026624351200819,-0.10243516524325486,0.08731892463580337,-1.1731152859531824,0.24081611881813084,0.04479170187512434,0.072229149258384,0.6201333164660684,0.5352036710108398,-0.18945258945916507,0.12461025458663981,-1.5203611459395685,0.12849552631369685,-0.003042849784805752,0.058002942686875066,-0.052460265701213975,0.9581644505349686,-0.2842495554113852,0.053475259598760996,-5.315533903793731,1.1186751470675897e-07,-0.014906647833954179,0.21117221171375244,-0.0705900066726601,0.943727425653929,-0.10163036562823206,0.08906522432848726,-1.1410779728505762,0.25390254961191044,0.11067039449120264,0.06951533461643081,1.5920285085565038,0.11145357110165399,0.12613942855059337,0.12231100537590238,1.0313007252530138,0.3024592148665893,0.09886511852281378,0.06206464572307126,1.5929377727207858,0.11124941918326946,0.05603423430709359,0.08835078814432891,0.6342244985472757,0.5259688706764898,-0.06968230418269213,0.05421768401018921,-1.2852320318513906,0.19878209666385455,0.15044587108928975,0.10061164353081087,1.4953127273307871,0.13490799276581886
1.89,0.20449585858984054,0.20013848891791053,4223,0.13831526928493043,0.09749165683483202,1.4187395493673964,0.15604918001983392,-0.9742564337344939,0.12710017671366836,-7.665264194945233,2.2028560524852314e-14,-0.30964947960089717,0.27223140399394297,-1.1374495192618803,0.2554153169232799,-0.38626694012939905,0.28339886438886497,-1.3629798445465326,0.17296194632153808,-0.23835438733252334,0.1206009228713474,-1.9763894144225662,0.048176030531186326,-1.2382388751226387,0.12119365764903728,-10.21702702222615,3.188190496145908e-24,-0.016079104259901708,0.11118566526627449,-0.14461490356148382,0.8850218699523676,0.3716117635576388,0.09793219853809983,3.7945820588625496,0.00014997586083307553,0.4842620223829251,0.058584676128191085,8.266018597137846,1.8381267759366346e-16,0.28254234374905973,0.05372319943133238,5.259224073394924,1.5186687745685328e-07,0.08673749345875428,0.13504306456352128,0.6422950614983629,0.5207166848380338,-0.09567041205398433,0.08775794795528341,-1.0901623645841476,0.27570418413575465,0.060566815087566464,0.07259230399262855,0.8343420962877384,0.4041356991727132,-0.15790778810041733,0.12523677178022705,-1.2608739897697405,0.20742430322025063,-0.018598604026050496,0.0582945706992929,-0.31904521815572945,0.7497080936201306,-0.2955302448791205,0.053744123262359965,-5.498838327614825,4.05015412384437e-08,0.000288791194273455,0.21223394633491494,0.0013607210310160713,0.9989143666712565,-0.10685105602415906,0.089513027718165,-1.1936927925238265,0.23266559498552616,0.1017445718448464,0.06986484479518486,1.456305702003917,0.14538289560715129,0.13009801290587675,0.1229259623719148,1.05834447333642,0.2899593028491916,0.09499786369962884,0.062376695223237945,1.5229704516990528,0.12784140096243998,0.06893199161812588,0.08879499948169456,0.77630488226239,0.4376127150812107,-0.06394758870660208,0.05449028044570364,-1.1735595446296536,0.24063805452567955,0.16956004502078992,0.10111750016962621,1.6768615198788563,0.09364399873882442
1.944,0.2042431423106058,0.1998843883866105,4223,0.1523055969892276,0.09813826364069823,1.551949171903486,0.12074974829500688,-0.9941748350397405,0.1279431600207332,-7.770441459149785,9.766297546017415e-15,-0.30112137842557557,0.27403696032879143,-1.0988349092191363,0.27190308168516075,-0.4237374270773354,0.28527848814784007,-1.4853465812597186,0.13752710673936389,-0.26068053322916906,0.12140080031782956,-2.147271949992937,0.03182872207589672,-1.2448563164205466,0.12199746636875626,-10.203952208792398,3.636223070750988e-24,-0.03316953625703414,0.11192309665486744,-0.2963600655128195,0.7669697757330917,0.38928607037304136,0.09858172720695256,3.9488664015372072,7.980904150249578e-05,0.4940325098567594,0.05897323502167808,8.377232649271438,7.301495040241724e-17,0.2755622153193146,0.05407951491014366,5.095500870841346,3.631061301683059e-07,0.07294676840115132,0.13593872853587263,0.5366150558183389,0.5915619705280986,-0.08789366125568081,0.08833999659676742,-0.994947528206007,0.319819115770841,0.07820474677495153,0.07307376752847412,1.0702164322440066,0.28458341258767655,-0.14488846338407194,0.12606739618037446,-1.149293693484148,0.25050035601163406,-0.027779236174304757,0.058681205488186394,-0.4733923910253893,0.6359578664134162,-0.29604618577813796,0.05410057751706229,-5.472144649191049,4.705315780713111e-08,0.03609590649982266,0.21364157359853297,0.16895544201360685,0.8658398275759912,-0.13888082431449417,0.09010671680721509,-1.5412926942131533,0.12332091885408919,0.1141300158598296,0.07032821864277355,1.622819659908403,0.10470303001889769,0.15174399007705736,0.12374126048529076,1.2263006654526145,0.22015431428610133,0.10196124469445739,0.06279040442634566,1.6238348140289471,0.10448612732744261,0.1040392391284579,0.08938392629713501,1.1639591528190973,0.24450669698666305,-0.059095911103112755,0.05485168353734914,-1.0773764320811352,0.28137401944383145,0.18823286069278827,0.10178815513564683,1.8492609522389112,0.06449037666489972
1.998,0.2033519171828463,0.1989882815779892,4223,0.17822480863575552,0.09894141674517633,1.801316521419676,0.0717247183579017,-1.0357508753043914,0.12899023322495864,-8.029684491678099,1.2580239051069585e-15,-0.33491446594195495,0.27627964964552526,-1.2122299502394036,0.22549257261669892,-0.520647476255744,0.28761317693177463,-1.8102351283413138,0.07033078738179145,-0.282719306859103,0.12239433154656991,-2.3099052324292564,0.020941668311532945,-1.230348204302477,0.1229958806489524,-10.003165941907147,2.685572907146931e-23,-0.05732339615440088,0.11283906336557127,-0.5080102089175177,0.6114728680991135,0.3671781462289769,0.09938850957005767,3.6943721947068515,0.00022323740901801644,0.49349328909836243,0.059455865700392616,8.300161527966846,1.3861653018016573e-16,0.27417296523650725,0.05452209590431908,5.028657843925403,5.145331274550222e-07,0.06292605437308281,0.13705123662183302,0.4591425508017513,0.6461555687315059,-0.08721926004664901,0.08906296172661768,-0.9792988954754505,0.3274887336102693,0.09730829574477726,0.07367179546446122,1.320835132784542,0.18662832043122468,-0.1587432634192615,0.12709911833297372,-1.248972184082242,0.21174487084522955,-0.02840986710216162,0.05916144622828043,-0.4802091381021903,0.6311037041972553,-0.3013663981786576,0.05454333088537098,-5.525265752691442,3.489105189961242e-08,0.08991012120317735,0.21538999349833324,0.4174294253083447,0.6763856771508612,-0.10480291422481111,0.0908441405872302,-1.1536562902940057,0.248706771197389,0.133528142245882,0.07090377729889728,1.8832303063769025,0.05973822239563965,0.19792761865670674,0.12475394579093924,1.5865439557991283,0.11269126541350734,0.08232330409775174,0.0633042744131949,1.3004383173309475,0.19352215284238808,0.06572361355410569,0.09011543483654443,0.729326931322234,0.46584238084599694,-0.057588414790664046,0.05530058387738534,-1.0413708274464404,0.29776343055607984,0.2116418128178132,0.1026211785636504,2.062359990209459,0.03923485172451674
2.052,0.20295911521133292,0.19859332803578167,4223,0.18742040816617334,0.10000167046243331,1.874172774309603,0.06097599796092608,-1.0506482473666408,0.13037248929896292,-8.058818643535698,9.95285113736797e-16,-0.39315926461100653,0.2792402553774359,-1.407960553823415,0.15921677883676727,-0.5589365787809922,0.2906952324551899,-1.9227579828546078,0.05457801554035436,-0.3014800613803914,0.12370590610515599,-2.437070879413945,0.01484802727590392,-1.2202706167558115,0.1243139013924921,-9.816043122185443,1.67418968658911e-22,-0.061987263801692435,0.11404824391221002,-0.5435179155358838,0.5868021121695628,0.34225428872555275,0.10045355432270847,3.4070898838089487,0.0006627656506307942,0.4933954923396733,0.06009299325218348,8.210532803202407,2.9009150866097643e-16,0.2736058425078416,0.05510635330386774,4.9650507809711675,7.140914194893844e-07,0.039422746918666395,0.13851987420418352,0.28459993300712777,0.7759646969040217,-0.09510478593066186,0.09001735816995715,-1.0565160749452278,0.2907932805779606,0.08733571746037078,0.07446126055974449,1.1729014094556778,0.24090187622255896,-0.1819232410748771,0.12846110926766682,-1.4161736739779693,0.15679883556221158,-0.025813706117812165,0.05979541878846102,-0.43170039847255903,0.6659813419334356,-0.3059170951995995,0.05512781583843905,-5.549233006004425,3.046040293373554e-08,0.17211940503550793,0.21769810721631982,0.7906334475590008,0.42920257353570923,-0.09746097599596733,0.09181762409815156,-1.0614626217269914,0.2885407572388449,0.14713706491212702,0.07166358038158746,2.0531637427081577,0.040118520393459714,0.22178967298114233,0.12609080591603714,1.7589678436097103,0.07865579769932993,0.07798569020327165,0.06398264141533426,1.2188569974321406,0.2229669429863273,0.06248847540005723,0.09108110955508776,0.6860750347168629,0.4927036720743553,-0.05679378083928854,0.05589318353434688,-1.016112828935361,0.30963420374683887,0.22984714815704885,0.10372086451540535,2.2160165096089255,0.026743792567231677
2.106,0.20257417847141912,0.19820628280693764,4223,0.17316394023184567,0.10106111480864556,1.7134576494601648,0.08670218953680635,-1.041670742176494,0.13175369019341487,-7.906197850301708,3.365693925359545e-15,-0.41829759169361114,0.2821986010573275,-1.4822808834854417,0.1383406140174077,-0.533604254750615,0.2937749352148673,-1.816370938386341,0.06938476321794779,-0.28259916607061275,0.12501647944068245,-2.260495314977253,0.023841520195673264,-1.1972056375454578,0.1256309159921166,-9.529546354820681,2.5906962123945177e-21,-0.048989681699827675,0.11525650140080483,-0.4250491825139296,0.6708226016886358,0.32334822275637265,0.1015177860469585,3.1851386377437674,0.0014574362650507228,0.4910608109371505,0.06072963443681162,8.086016250403956,7.992009663930514e-16,0.27295126252558766,0.05569016469599932,4.9012471774068205,9.882309752044875e-07,0.038378628140986915,0.13998739066550886,0.2741577506269136,0.7839768804054981,-0.0994924508412956,0.09097102605103469,-1.093671855316663,0.274161658147589,0.08739991522352789,0.0752501229972124,1.161458769001156,0.24552139923857746,-0.21247483248837956,0.1298220604927057,-1.636661994748711,0.10177605330397133,-0.02490338058112733,0.0604289073899202,-0.4121103898244786,0.6802795504126604,-0.326945041358145,0.05571185461038141,-5.8685004052480725,4.73657424647462e-09,0.16910063662576486,0.2200044589782944,0.7686236788612011,0.4421599710303987,-0.1033898083454942,0.09279036447622324,-1.1142300057673227,0.26524429820110484,0.18111391519408873,0.07242280344969731,2.5007857548608285,0.01242962236777811,0.255220138910519,0.12742664551570937,2.0028788945798235,0.04525445676419555,0.07316252680993161,0.06466049056915081,1.1314873451460803,0.25791464216606985,0.07393027825430323,0.0920460471018173,0.8031879758239352,0.4219115554859654,-0.053563148788826,0.05648533081562166,-0.9482665324855016,0.3430483537890665,0.22606844073247778,0.10481971099453866,2.1567359668093005,0.031082831323713207
2.16,0.20018495775761924,0.19580397514948034,4223,0.16759155152933897,0.10267881633200636,1.6321920870945845,0.10271401053322199,-1.0501542833230744,0.13386269270875287,-7.8450108993990675,5.451700482059643e-15,-0.46679350893408006,0.2867157994643025,-1.6280704091167397,0.10358497910622003,-0.5377727590187995,0.29847743786509195,-1.8017199653860136,0.07166117685830871,-0.2378279974999738,0.1270176383396252,-1.8724013499925034,0.06122054349262198,-1.194442220021566,0.12764191027578814,-9.357758885312881,1.2908835414567019e-20,-0.016759634768704186,0.11710143076108702,-0.14312066607365004,0.8862017510214923,0.31330517039556416,0.10314279758029982,3.0375865086619016,0.002399469151524349,0.4959521070138932,0.06170174346536916,8.037894541703707,1.1777499534198066e-15,0.27602436127659374,0.056581606121670444,4.878340863690646,1.1094494727009829e-06,0.0647327942104286,0.14222819134893377,0.45513335715292336,0.6490368321294567,-0.08233351958457656,0.09242721390036825,-0.8907930479580163,0.3730912421570983,0.08764272875008061,0.07645466382219906,1.146335937777455,0.25172149868676696,-0.2232905080724148,0.1319001431006656,-1.6928754042518397,0.09055336653605986,-0.01784772845109174,0.06139620263225746,-0.29069759506127135,0.7712969674021264,-0.33946275365356704,0.0566036432300015,-5.997189125692927,2.1765619374237155e-09,0.09777461891055442,0.22352610574727416,0.4374192382750208,0.661829830468972,-0.09157709577729478,0.09427567476842229,-0.9713756597578722,0.33141719506230716,0.19823728671274057,0.07358208691583035,2.6940970964781386,0.007086035509366154,0.2772825161311905,0.12946638433076038,2.141733682951938,0.032272291994223316,0.066930345338522,0.0656955214442112,1.0187961655096902,0.30835844149537633,0.06363722428511863,0.09351944298605913,0.680470523061231,0.4962440974406098,-0.059877566793673266,0.05738950059329517,-1.0433540312192362,0.29684441853581595,0.20219803385020865,0.10649757697172653,1.8986162840483134,0.057683438341019556
2.214,0.2000173222223014,0.1956354213914161,4223,0.164165901048215,0.10391241979998775,1.5798486972414278,0.11421684095730807,-1.055662660670058,0.13547094539278162,-7.792539260793463,8.221193793693148e-15,-0.5114385179836458,0.2901604593968885,-1.7626058321202471,0.07803973157928237,-0.5366212629084622,0.3020634044316914,-1.7765186217048472,0.0757198634238678,-0.20759243114936685,0.12854365319593133,-1.6149566780473108,0.10639520814806033,-1.2031020540165813,0.12917542525775721,-9.31370693470454,1.940104182508885e-20,0.00894823575098929,0.11850831035176487,0.07550724269402284,0.9398147321562274,0.3190141846285973,0.10438197541013519,3.0562190778162064,0.002255565201278241,0.49675166013496996,0.06244304033105626,7.955276640940701,2.2801312325114523e-15,0.29098811823855486,0.05726138865159325,5.081750985975405,3.9023260818287235e-07,0.07802103468660149,0.14393694877680913,0.5420500806056554,0.5878127689301536,-0.09229266060870407,0.0935376526030767,-0.9866899375842186,0.32385151490460595,0.10373864349511588,0.07737320517087856,1.340756703383417,0.18007198437523544,-0.2160903468968826,0.13348481732821127,-1.6188383909277233,0.10555714063782443,-0.02212975762427251,0.06213382867036005,-0.35616278761249354,0.7217365515042913,-0.3400841109522795,0.0572836905180724,-5.936840100150086,3.14039827671585e-09,0.07117069556921993,0.2262115922875807,0.3146200194671778,0.7530658088339311,-0.08840756648256258,0.09540832124308134,-0.9266232266818506,0.3541754457087698,0.20927139447845688,0.07446611656131412,2.810290158023031,0.00497260872921588,0.29642494451650386,0.1310218189023961,2.2624090170609206,0.023723032511273685,0.06184407546516719,0.06648480034300937,0.9301987092703944,0.35232168325725044,0.06763247731412052,0.09464300394354291,0.7146061990431443,0.4748921377780393,-0.05173870584923118,0.05807898932608981,-0.8908334399336647,0.37306957171670396,0.2009400044027485,0.10777705978012919,1.8644042137786703,0.0623346852881627
2.268,0.19932399302683623,0.1949382944889979,4223,0.20754781993192933,0.10518055934088925,1.9732526736168867,0.0485322587545884,-1.0789918012545416,0.13712422286266032,-7.868717712516984,4.5243863833526076e-15,-0.5930275254147488,0.29370155633675,-2.01915009512173,0.04353504622612952,-0.6340250251632035,0.3057497640387188,-2.0736729827301303,0.038170515290525876,-0.19319382400430277,0.13011239050051393,-1.4848226464914551,0.1376658749657156,-1.2067995542578913,0.13075187266219104,-9.229692314814978,4.1986060248950356e-20,0.03899050252612088,0.1199545770691772,0.32504389143596624,0.7451640465804972,0.31544842534710743,0.10565584537322324,2.985622084919238,0.0028463534410377435,0.49699405887702014,0.06320509061003483,7.863196683687916,4.7253903264781754e-15,0.292493552669313,0.05796020243396676,5.046454987843543,4.6912442170686223e-07,0.07812044566848302,0.1456935447303239,0.5361970278990915,0.5918507901288131,-0.0874921236079482,0.0946791792469311,-0.9240904315378731,0.35549233404083047,0.11439544686000633,0.07831746208523335,1.460663354176481,0.14418266832378657,-0.2132137201382805,0.13511385623703223,-1.5780300116979602,0.11463404148518891,-0.031247327724005004,0.06289210535293704,-0.4968402242006637,0.6193277375760836,-0.3266495173396228,0.0579827764707868,-5.6335611576689,1.8807736121698766e-08,0.06269504714928377,0.22897226194903542,0.273810664294518,0.7842435953259037,-0.11103270936063195,0.09657267738965429,-1.149732122602689,0.2503196983412022,0.2180834378170678,0.07537489557974666,2.8933166160918318,0.003831587838353601,0.35166973387350137,0.13262079955928754,2.651693663755126,0.008039015007808783,0.06244597969424616,0.0672961759643855,0.9279276095464003,0.3534984559183161,0.08535034318399803,0.0957980202139899,0.8909405746939837,0.37301209730906015,-0.050362926637045655,0.05878778104705809,-0.8566903825938156,0.3916649070948952,0.18905428902148727,0.10909236310356603,1.7329745515000896,0.08317360917534616
2.322,0.19955276873747418,0.195168323317365,4223,0.21561130515138366,0.10648691785792216,2.024768013654582,0.04295435545860971,-1.0816074550289103,0.13882732653077814,-7.791027040984737,8.318781365810874e-15,-0.6225035820641526,0.2973493742604295,-2.093508969415019,0.036363582862835434,-0.6246029113443243,0.3095472225313882,-2.0177952373033787,0.04367607838407209,-0.16741689244098584,0.1317284061460571,-1.2709247560116856,0.2038258216051268,-1.2610671184149362,0.13237583077327755,-9.526415139745476,2.6683071654506045e-21,0.08190890418702497,0.12144443112959842,0.6744558266291895,0.500058690115605,0.34800876609577136,0.10696810701494247,3.2533880967638114,0.0011494035750557155,0.5205987314112306,0.06399010743211364,8.135612711129259,5.346981706184732e-16,0.2976980669071603,0.05868007694854475,5.0732392046487105,4.079945359720286e-07,0.09735527811135258,0.1475030806771553,0.6600219986214199,0.5092759133090762,-0.09966638726123675,0.09585510902872711,-1.039760825178003,0.2985108991133005,0.11790757811685854,0.07929017685561082,1.4870389093919019,0.13707961741107788,-0.1603875107681094,0.1367919908464171,-1.172491969564096,0.24106610809790507,-0.061133534620240126,0.0636732348506008,-0.9601135353603493,0.337053357703878,-0.3339696322564264,0.058702931358329595,-5.689147450198637,1.3636477438644059e-08,0.01178623071296734,0.2318161322082909,0.05084301338604512,0.9594530337668221,-0.13276013309455106,0.09777212470588093,-1.3578525934045251,0.17458342275680205,0.21820634807306316,0.07631106322734338,2.8594326804619414,0.004264923473677272,0.3711410331210835,0.13426797002620325,2.764181457786641,0.005731475828680184,0.06217859422451756,0.0681320046877325,0.9126194731756236,0.36149510237686067,0.11136924963342362,0.09698784617047523,1.1482804705000897,0.2509182097221295,-0.040508531543718036,0.05951793421366551,-0.6806105097380404,0.49615550147794085,0.15706843535235332,0.11044730681727745,1.4221119543657614,0.1550680269842199
2.376,0.20016547475764113,0.19578438543147425,4223,0.22962121722028656,0.10803554500780842,2.1254228615562627,0.0336095619528826,-1.0869645563733348,0.14084627657024246,-7.717382261299942,1.474024534361296e-14,-0.6072086475297227,0.30167369243250564,-2.0127994676419303,0.04419944668123297,-0.5959157016042329,0.31404893262523825,-1.8975250023070536,0.05782721553792999,-0.1510835570696834,0.13364411739277765,-1.1304916371713658,0.2583336877169662,-1.289016545364891,0.1343009574428067,-9.597969887249914,1.3561334446443965e-21,0.11255233363953385,0.12321058369587627,0.913495661357709,0.36103436184609305,0.3718441018458366,0.10852373204407796,3.4263851310864295,0.0006175433063630675,0.5367126217176541,0.06492070829545844,8.2672021887845,1.8202655868408446e-16,0.30903117335223473,0.0595334546417669,5.190882592179149,2.1919516093750747e-07,0.13039801808235535,0.1496482012236367,0.8713637518935923,0.3836053872524937,-0.1250295615007657,0.09724911899054468,-1.2856626651077634,0.19863171382777747,0.12828647980837424,0.08044328489055003,1.5947444212766668,0.11084465888403061,-0.13014199204386398,0.13878134123023042,-0.9377484818219601,0.34842761536040523,-0.0767733255347101,0.06459922747198821,-1.1884557840571837,0.234721100765465,-0.3314814120812018,0.05955664142063708,-5.5658177522136025,2.7719488536896752e-08,-0.03203356797338652,0.2351874078855376,-0.136204434843624,0.8916661986495877,-0.1531012767152652,0.09919401360892544,-1.5434527865650272,0.12279631027637118,0.2470988394125715,0.07742084635120303,3.1916318544447413,0.001425147732267872,0.41522133231569597,0.13622061386194767,3.048153436868965,0.0023168585208110178,0.043794275946434084,0.0691228406923615,0.6335717037635233,0.5263948795932949,0.12414596878807357,0.0983983293998705,1.2616674444092437,0.2071385567846498,-0.0362960821740482,0.06038349676991682,-0.6010927507618437,0.5478106572101926,0.1404318617233574,0.11205352945391402,1.2532569246836172,0.2101819987304969
2.43,0.19752716572499962,0.19313162507524362,4223,0.21791928112984493,0.10940320140813108,1.991891263920991,0.04644764976937864,-1.0779765221637194,0.14262929447975536,-7.557890025998314,4.9997271261287305e-14,-0.5694821236222656,0.30549267586276896,-1.86414329578914,0.06237131655049237,-0.5969118078417956,0.31802457816567925,-1.8769360886655317,0.06059613847267506,-0.14622782617888785,0.13533596087359215,-1.0804802007906016,0.27999045212887985,-1.3314751078844433,0.13600111607118073,-9.790177804037809,2.1505932860805617e-22,0.10916635757526112,0.12477034574795808,0.874938327058757,0.3816575049654677,0.40648127490715386,0.10989756855970119,3.698728554547914,0.0002194534261945198,0.5397694055833187,0.06574256023508948,8.210349637330092,2.905273936638997e-16,0.3097906366674614,0.06028710762022178,5.1385884792978525,2.893850152111338e-07,0.1458486134542811,0.1515426455029291,0.9624262066314664,0.3358909734683905,-0.12029192698544945,0.09848022658576758,-1.221483044422992,0.22197175520192325,0.12777699675871318,0.0814616420750821,1.568554150196762,0.11682721216076537,-0.08190875667240939,0.14053821846508094,-0.5828219367442813,0.5600444721965927,-0.09859958394256972,0.06541700968340369,-1.507246883031776,0.13182261356990027,-0.32804278446923313,0.06031058792791641,-5.4392237870622635,5.6557690865779503e-08,-0.05163933032941938,0.23816472024737836,-0.216821913320253,0.8283576671732275,-0.16897764001362667,0.10044974224505288,-1.6822107875737111,0.09260232595752639,0.2470744822169778,0.07840094152287053,3.1514223862337563,0.0016362072730557193,0.42878479267696834,0.13794507403281744,3.108373355723884,0.0018937871413391518,0.037755103008598155,0.06999788876542448,0.5393748822214095,0.5896568069085635,0.15086622572702962,0.09964398521597309,1.5140525080368377,0.13008778587999573,-0.03147073894493972,0.06114791070262082,-0.5146658092373854,0.6068136573954279,0.14031387114289032,0.11347205080006274,1.236550059275149,0.21632332885076175
2.484,0.19379216680908662,0.18937616772278243,4223,0.21452285656831824,0.11074653626261172,1.9370615443865729,0.052804813166328936,-1.0606220520197205,0.1443806043141895,-7.346014771566407,2.4404710551226273e-13,-0.5753592330146026,0.30924374488079603,-1.8605363650488254,0.06287953485081714,-0.6157534704582873,0.32192952331292163,-1.9126964936973587,0.055854875316688576,-0.15436317523901294,0.13699771766833083,-1.1267572764440033,0.25990950533748347,-1.3766036638034822,0.1376710401420965,-9.999224690847308,2.7920374358313975e-23,0.10479383620244158,0.12630236996746483,0.8297060160425827,0.4067521850716953,0.43734036120416936,0.11124697362617808,3.9312562575747823,8.586469531447584e-05,0.5500471561148631,0.06654979687396197,8.26519661895576,1.8506325631642177e-16,0.3067460364328496,0.06102735810557962,5.026369253969137,5.206713728951083e-07,0.1447700285582258,0.15340340017028894,0.9437211195939629,0.34536647388273933,-0.12207182991784711,0.09968944093367588,-1.2245211606619641,0.22082438219484057,0.125293343788556,0.08246188943251045,1.5194090827993971,0.1287348453967236,-0.03213161636252807,0.1422638524942578,-0.22585931562499337,0.8213218339361732,-0.1225320584005089,0.06622024896756128,-1.8503714545158625,0.06433022898536002,-0.33802074338928495,0.0610511267221657,-5.5366831299865344,3.2707537782913875e-08,-0.042485925938622715,0.24108908594872938,-0.176225007330518,0.8601256734088836,-0.16078757452054465,0.10168313978867674,-1.5812609136057547,0.11389370855282399,0.2455133403176804,0.07936360729513506,3.093525466964633,0.001990936578507371,0.43187660533786754,0.13963886748279983,3.0928108564835246,0.0019957256960338333,0.041414643624976516,0.0708573755309705,0.584478938355188,0.5589295315462568,0.15844081347078862,0.10086748906830206,1.5707817745269834,0.11630869163214337,-0.03218694354806619,0.06189873077614927,-0.5199935950943346,0.6030954511114613,0.1402963612119441,0.11486534604999311,1.221398498646255,0.2220037456808152
2.538,0.1917395513340856,0.18731230905751584,4223,0.2137047720565453,0.11206637370772203,1.9069482217199627,0.056595470436930466,-1.0489545566191305,0.1461012805028303,-7.179639719850436,8.22665754822274e-13,-0.5502052046188067,0.312929200768933,-1.7582418108212228,0.07877921853196997,-0.6148089073842005,0.32576616375237843,-1.8872706124615488,0.059192849071180074,-0.13757748416328475,0.1386304072654533,-0.9924048185175393,0.321057272459768,-1.4123713570680385,0.13931175415464092,-10.138206683552752,7.026993174134168e-24,0.1254343794652255,0.1278075962518693,0.9814313322819489,0.3264366241622009,0.46680832272895917,0.11257277510405779,4.146724839087072,3.439266031555628e-05,0.5642118037913677,0.06734291345207741,8.37819118403412,7.243259653594668e-17,0.3097941887554706,0.06175466024180988,5.016531344232544,5.478716584339209e-07,0.154916682671783,0.1552316067994505,0.9979712628493604,0.31835079910793207,-0.11121451686790065,0.10087750388775671,-1.1024709432902466,0.2703201676592827,0.11426784520175423,0.0834446406149898,1.3693850720621048,0.1709521709901886,0.00700574966995857,0.14395930199492954,0.04866479326362198,0.9611887479783395,-0.14263557241995126,0.06700943811208372,-2.1285892918751395,0.03334630972238977,-0.34110419101671346,0.061778712124232055,-5.521387210707472,3.566449294104479e-08,-0.07265994540090412,0.24396229908912062,-0.29783268018129755,0.7658456053121783,-0.1588929765408279,0.10289496292968445,-1.5442250234290957,0.12260918551871591,0.23965957461652568,0.08030943426383379,2.98420200333117,0.002859569454406593,0.4165685860625637,0.14130303335485533,2.9480512638142167,0.0032154612638928904,0.04457224933527636,0.07170182828447473,0.6216333725611204,0.5342167187037983,0.17202087078163075,0.10206959157696124,1.6853292750948818,0.09199936445942028,-0.012539221806133715,0.06263641761891822,-0.20019059650605664,0.8413412157633549,0.11828370437371963,0.11623426999089938,1.0176319288879323,0.30891153696529566
2.592,0.19175793318148093,0.18733079159138177,4223,0.2328220403900258,0.11329172082425261,2.05506667827209,0.03993429406710163,-1.0828170558583698,0.14769876935575313,-7.331253067181986,2.7211850574357064e-13,-0.549904922256713,0.3163508060297625,-1.738275710936477,0.08223554679629462,-0.6305255179249214,0.3293281298998536,-1.9145814179816945,0.05561379081501983,-0.1130172759895508,0.14014620869799738,-0.8064240698304795,0.4200440426860369,-1.44721238293243,0.14083500551545874,-10.27594224628746,1.7594488572320094e-24,0.12949553618935747,0.12920505977599814,1.0022481814091717,0.3162814944513919,0.4851199529384457,0.11380365927394591,4.262779914402177,2.063327340629908e-05,0.581459669016795,0.06807924891192271,8.540923678066079,1.8369126735304077e-17,0.3025930947666115,0.062429893073533194,4.846926366031118,1.2991796358529348e-06,0.14986783633465525,0.15692892773072473,0.9550045265829787,0.33963038276509183,-0.1006284036878402,0.1019805105651571,-0.9867415168856896,0.32382622497917535,0.11454997368677823,0.08435703428299748,1.3579184552943235,0.17456252241780335,0.03787758974995063,0.14553337019898607,0.26026738539869615,0.7946702899008333,-0.15653477543597222,0.06774212731272766,-2.3107449034385703,0.020895169904222587,-0.3526152781551523,0.06245420794211078,-5.645981107982247,1.750845927938072e-08,-0.08139068895856733,0.2466298120088362,-0.33001155981763985,0.7414076900159807,-0.16267002185652946,0.10402002874523623,-1.563833656063849,0.11793199453484575,0.2560844620581145,0.08118754721109524,3.1542332642747652,0.0016205656734911958,0.43950999805326063,0.14284805760030805,3.0767656588164405,0.002106080100886809,0.038714573714149006,0.07248582463977303,0.5340985483236993,0.5933016280327083,0.16793325554842625,0.10318563268355115,1.627486803937546,0.1037087762934563,0.009901021855406672,0.0633212916911294,0.15636165326036286,0.875755478401844,0.10237682890897506,0.11750518938324848,0.8712536820401048,0.3836654637545307
2.646,0.1914603504806638,0.18703157888291555,4223,0.24110688280134868,0.11427563795438515,2.109871247427121,0.0349284603616968,-1.0955691762963,0.14898150518332573,-7.353726054439931,2.3053530871518933e-13,-0.5531788878497798,0.3190982528415801,-1.733569152835229,0.08306796209245829,-0.5703098531003409,0.3321882823106873,-1.7168271232606107,0.08608450985373235,-0.0871813442604738,0.14136335196723063,-0.6167181454545819,0.5374540853606317,-1.4626499817819103,0.14205813085454624,-10.296137031955757,1.4340491969302332e-24,0.13924006084887422,0.1303271812398482,1.068388493668279,0.2854067211804015,0.5156308885276506,0.11479202249251777,4.4918704046813,7.249742293752492e-06,0.584241024216746,0.06867050428984137,8.507888943858745,2.431739537608771e-17,0.31282102936117895,0.0629720848663711,4.9676143012415075,7.047732374293007e-07,0.13721641284343555,0.1582918257349586,0.8668572252946821,0.38606977429637745,-0.08691173901519471,0.10286619197730881,-0.8449009081075589,0.39821430448541784,0.10800829737678193,0.08508965914273438,1.269346927287633,0.20438770505857565,0.06437431632132638,0.14679729994515733,0.4385252068353864,0.6610281618416518,-0.1665602454215351,0.06833045485343127,-2.4375696865886023,0.01482758723201666,-0.3669202413262362,0.06299661090497538,-5.82444414160155,6.158883078857054e-09,-0.09002686037205887,0.24877174519752263,-0.36188539136781117,0.7174558867381051,-0.17913913430621606,0.10492342298635723,-1.7073321590881456,0.0878342582102599,0.2631656142068766,0.081892645676131,3.2135439273465884,0.0013209932515032257,0.4559985992425967,0.1440886659153423,3.164708315854029,0.0015634801868283374,0.03250702227211945,0.07311535029298025,0.44459914562209824,0.656632379029437,0.18590046310811303,0.10408178035296828,1.7860999540714657,0.07415521031991239,0.02005807626801733,0.06387122511206907,0.3140393226029912,0.7535067737047333,0.09413532179783883,0.11852569968949583,0.7942186550633916,0.42711303248770516
2.7,0.18787812218999267,0.1834297289559773,4223,0.2509200614068476,0.11545795621636623,2.173259164025281,0.029816532538173915,-1.1051708183228433,0.15052289718453235,-7.342210646981953,2.509964151751206e-13,-0.4872323233738554,0.32239970622617153,-1.5112678887866282,0.13079546072588782,-0.5369166031604844,0.3356251677188337,-1.599750718367701,0.10972912732433686,-0.09486786007551176,0.14282592505452704,-0.6642201689874846,0.5065858773071267,-1.4462762627063566,0.14352789226107865,-10.076621623311835,1.2978244253454273e-23,0.1300434463267071,0.13167557193073104,0.9876049476748616,0.3234030660355981,0.5267157231826554,0.11597968337065544,4.541448190536466,5.74355064874318e-06,0.5833553628004988,0.06938098285495546,8.408000849743415,5.644069196885978e-17,0.3181810813102358,0.06362360646157103,5.0009909686967955,5.93651432809789e-07,0.12294406986822035,0.15992954414667704,0.7687389501683566,0.44209153136220547,-0.08000104473885811,0.10393046586360967,-0.7697554713537541,0.44148825806752356,0.10604930063688611,0.08597001351844442,1.2335615210079476,0.21743538333472245,0.062159597053193724,0.14831609372869284,0.4191021721951439,0.6751629007858815,-0.16684663574345993,0.0690374152000883,-2.416756700115368,0.01570184250023685,-0.3644640253821241,0.06364838625140222,-5.7262099928589265,1.0987305976646375e-08,-0.07950497446278987,0.2513455866800733,-0.31631736810238187,0.7517773524510889,-0.17286757190203023,0.1060089813899415,-1.6306879816735274,0.10303117146991918,0.2788301036382037,0.08273992312072058,3.369958456830814,0.0007585777560079311,0.45746241737819904,0.14557943563761852,3.1423560297137754,0.0016876105112139848,0.02207786416303264,0.0738718161104543,0.29886721791192283,0.7650561505252217,0.1718233673735102,0.10515863095606828,1.6339445066120364,0.10234546959468213,0.029306505823961614,0.06453204938937694,0.45413877447360224,0.6497524191858898,0.09484263699570993,0.11975198992742837,0.7919921585702758,0.42840998704739375
2.754,0.1818773197422474,0.1773960571449793,4223,0.2614076400833977,0.11726232501191032,2.22925513422019,0.02584963612861506,-1.0963052396475974,0.15287525840410643,-7.171240468157725,8.741072450730731e-13,-0.4840525478720617,0.3274381460935544,-1.4783022492857627,0.1394019005162335,-0.48817142867355723,0.34087029416552267,-1.4321325062033914,0.152180336299504,-0.08644379339183089,0.14505799853658455,-0.5959257280806147,0.5512569647038398,-1.4187488764435523,0.1457709360371246,-9.732728039025753,3.74241347305212e-22,0.1316620384663564,0.13373338848069657,0.9845113472568658,0.32492087810859316,0.5389485854642462,0.11779220568136502,4.57541806222845,4.889855540635751e-06,0.5774016976031194,0.07046526396099773,8.194132330543873,3.3179247463342956e-16,0.335236602262385,0.0646179116954529,5.187982611421583,2.2261319739240287e-07,0.07680227699656245,0.16242891178144683,0.4728362466646474,0.636354588004276,-0.06849615963532074,0.10555468385305018,-0.6489163449220205,0.5164279378295246,0.09466829736698429,0.08731354682553405,1.0842337851209523,0.2783234042874072,0.05763604447565875,0.15063396717952315,0.38262315966868904,0.7020185616272926,-0.15158739783039332,0.07011632705505497,-2.1619415077371023,0.030678999382550663,-0.36594836193334934,0.06464307874209164,-5.661060225695377,1.6047874988608283e-08,-0.047689715014799156,0.25527359777922487,-0.18681804710585045,0.8518123217483653,-0.15990744871917015,0.10766568227341261,-1.4852220813786485,0.1375600717307772,0.2956647936482513,0.0840329768029196,3.518437700257441,0.0004386965227036921,0.47779849355487003,0.1478545407888407,3.231544266450637,0.0012407388898896812,0.019611858852881317,0.07502627964183786,0.261399858109783,0.793796986611695,0.1400485886147963,0.10680204262294109,1.3112912934561596,0.18983106752279913,0.04097282473511096,0.06554055170525455,0.6251522709081203,0.5319050950037312,0.09470697296559293,0.1216234655789152,0.7786899716662198,0.43620624330973046
2.808,0.1796316806493563,0.17513811757598996,4223,0.2768575652377702,0.11900477651899986,2.3264407810855237,0.020042399452204287,-1.0810869926207793,0.1551468978618426,-6.968150878424143,3.712401375607451e-12,-0.5080139779344456,0.33230369085468187,-1.5287641754078583,0.12639823957817375,-0.491382608957012,0.34593543301323393,-1.4204460198739282,0.15555211954924048,-0.08544403535194164,0.14721347795539869,-0.5804090531563194,0.5616699466301993,-1.3879798153157425,0.14793700930201972,-9.382235194995205,1.0285795003500141e-20,0.13223660357605854,0.13572059063008865,0.9743297090157392,0.3299489829451515,0.5426765022366928,0.1195425309140606,4.539610280016777,5.793592677788953e-06,0.5807067935713498,0.07151233773660154,8.120372119706719,6.051353838796118e-16,0.3465008225474594,0.0655780971395611,5.283788912173648,1.3295619816348558e-07,0.05813429916512459,0.16484251309883288,0.35266569328671676,0.7243567821599618,-0.05549197003873374,0.10712316646621198,-0.5180202552753761,0.604471428888659,0.0973927903053886,0.08861097650927974,1.0991052592134474,0.271785169292089,0.03505429517436863,0.15287230232343388,0.22930442363721198,0.8186434833922352,-0.13463720185100805,0.0711582158265445,-1.8920823166674126,0.05854874948846176,-0.35691268014786787,0.06560363815420996,-5.440440350410107,5.617549201982269e-08,-0.04669092691637178,0.2590668183649962,-0.1802273529703425,0.8569827824803331,-0.15825161209584995,0.10926553312337724,-1.4483214200507315,0.14760184371621396,0.295089800894807,0.08528165908054454,3.460178942064301,0.0005451912299395774,0.489164790003778,0.15005157523619095,3.259977705890796,0.0011230962181902407,0.016760665044819954,0.0761411275183401,0.22012630481184844,0.8257834898452837,0.14404466703461988,0.10838906027852385,1.3289594601565229,0.18393355239450673,0.044966977442587985,0.06651444705555314,0.6760482787300537,0.4990472253933129,0.09848874600235069,0.1234307211563047,0.797927331864414,0.4249577831857356
2.862,0.1782319224951633,0.17373069225400783,4223,0.28855874914216667,0.11998373454218603,2.4049822273260717,0.01621626148971419,-1.0779595250255858,0.156423168486241,-6.891303477978093,6.351768908441165e-12,-0.5596410670805168,0.3350372900749167,-1.6703844128973733,0.0949178601679526,-0.500892682341634,0.3487811697774101,-1.4361230643881964,0.1510418192303985,-0.07091575099841282,0.14842448661892543,-0.477790104677852,0.6328244752310199,-1.3428736668917982,0.1491539698847679,-9.003271370713525,3.2545448197787153e-19,0.14040428425922857,0.13683705641402866,1.0260691653173724,0.3049180875514552,0.5146353824651558,0.1205259126166565,4.269914836504909,1.9986922338770312e-05,0.5864193783925149,0.07210061308849776,8.1333480156782,5.446290879100432e-16,0.34740921460987684,0.06611755619505376,5.254417050518065,1.558603830881336e-07,0.034644421637353096,0.1661985418691109,0.20845201917979037,0.8348861531303549,-0.04421164661887392,0.10800438389587086,-0.40935048212023717,0.6823033524629517,0.09735494513413051,0.08933990881715453,1.089713952287323,0.27590170065066744,-0.010739015045230067,0.15412986165222745,-0.06967510987235659,0.9444555708510541,-0.12931302144700133,0.07174357809801506,-1.8024334006638993,0.07154892537761154,-0.3558242162940884,0.06614330731539704,-5.379595165953526,7.871880959456681e-08,-0.04721602740777413,0.26119795585206357,-0.18076721639627297,0.8565590205386935,-0.16774880389990943,0.11016437410638404,-1.5227137199356027,0.12790564577174476,0.28697460161375044,0.08598320373135271,3.337565817044669,0.0008525127091683584,0.4747165851593631,0.15128593067776214,3.1378766223179455,0.0017135520138724372,0.03630156716374288,0.07676748025693474,0.4728768880031542,0.6363255932613929,0.17378672286200106,0.10928069121376054,1.5902784008024098,0.1118473451958881,0.04398642499215823,0.06706160872004674,0.6559106742545137,0.5119175367748177,0.09764149973282903,0.12444608791987596,0.7846088323458995,0.43272721128467573
2.916,0.17794937792835253,0.17344660005084644,4223,0.3044147216842674,0.12058942669671813,2.5243898244069864,0.011626491851676411,-1.080252708205031,0.15721281123490755,-6.871276581848767,7.29926563937735e-12,-0.5527426096965646,0.3367285981413674,-1.6415077684150514,0.10076694427250905,-0.5243955191125814,0.350541858582345,-1.4959569200475293,0.13474003428382497,-0.06631506215512901,0.14917375107071604,-0.44454913601852286,0.6566685233517013,-1.312431265343961,0.1499069168547987,-8.754974706171794,2.9103339942285925e-18,0.13571457680805196,0.13752782614073777,0.9868154003188399,0.3237900013234847,0.5028616869966692,0.12113434175055768,4.151272708710238,3.371895947926309e-05,0.5958274467093536,0.07246458555402643,8.222326011443627,2.633433365929847e-16,0.34227345131720394,0.06645132547817355,5.1507392644805305,2.71358979009865e-07,0.01782935737322925,0.1670375318646207,0.10673863037966493,0.9150014340893655,-0.043040316661128036,0.10854960286434531,-0.39650367689429156,0.6917536443686209,0.09714682225145743,0.08979090729677043,1.0819227155192315,0.2793489989445104,-0.03665790318029701,0.15490792751538868,-0.2366431710001116,0.8129451686432995,-0.12195710717945281,0.07210574820847074,-1.6913645612115804,0.09084140222900335,-0.35527484662461295,0.06647720659323336,-5.3443107018395075,9.557691816543609e-08,-0.031529141008479644,0.26251651418201616,-0.12010345751665312,0.9044069394987535,-0.16540268294613925,0.11072049696220093,-1.4938759081130784,0.1352831935333095,0.2816729592744045,0.08641725716468125,3.2594526662381074,0.0011251717111366408,0.47676110197191346,0.1520496400393039,3.1355621877741613,0.0017270988344150124,0.0465050367918749,0.07715501162268394,0.6027481016956026,0.5467088269804836,0.1832387833008236,0.10983235313329137,1.668349790142864,0.09532086651392427,0.0463268513699404,0.06740014369253297,0.687340543089566,0.4919061164615518,0.10059818140321336,0.12507430656470217,0.8043073287092176,0.4212650395231943
2.9699999999999998,0.17958714528683017,0.17509333827125428,4223,0.31806138193524447,0.12077959478608309,2.6334032871908035,0.008484382881256072,-1.0830806898926413,0.15746073396540886,-6.878417638587749,6.9465091505942335e-12,-0.5677737374447827,0.33725961512931724,-1.6834916247742209,0.0923542922806444,-0.5184959515366953,0.3510946589174581,-1.4767981749861736,0.1398047361357084,-0.08612264916064738,0.14940899629910467,-0.5764221117464495,0.5643607978324428,-1.2944671696187378,0.15014331827689492,-8.621543632274571,9.223757183371648e-18,0.12673975713832447,0.13774470588424528,0.9201061944611585,0.3575701223345972,0.5033677147471616,0.12132536916447119,4.148907340762227,3.4067773866966904e-05,0.6128202973147023,0.07257886134220222,8.443509390775844,4.188573439379902e-17,0.3429575238225844,0.06655611842684338,5.152907530200303,2.6825847514909106e-07,0.0029521210527460456,0.1673009480625169,0.017645572765331245,0.9859224388660625,-0.05114123230411263,0.10872078429495245,-0.470390575599324,0.6381004271425352,0.10197592098931553,0.08993250648793268,1.133916144136368,0.25689445645074505,-0.04150507215791149,0.1551522154717215,-0.267511952901996,0.7890881507100068,-0.11266375630616189,0.07221945811442727,-1.5600194081718686,0.11883065503046822,-0.3590682743271659,0.06658204035611334,-5.392869795018192,7.315431609235632e-08,-0.007012892024719858,0.26293049959762227,-0.026672037041925875,0.97872258385577,-0.17088398275120298,0.11089510186693936,-1.54095158284126,0.12340392232371537,0.29678075235554124,0.0865535361497742,3.428869178053975,0.000611934780162303,0.4909029571627978,0.15228942051033661,3.223486933745853,0.001276088764542034,0.052007008303521396,0.07727668415689476,0.6729974101623153,0.5009859742391245,0.1987714229046501,0.11000555744579173,1.806921645777762,0.07084604893420476,0.042894325547783295,0.06750643291622394,0.6354109333700911,0.525195063950636,0.1228535242028812,0.1252715472561923,0.9806977473634455,0.3267983147823432
3.024,0.18046493234807415,0.1759759334064227,4223,0.34321028831051187,0.12119669893773936,2.8318451848826705,0.004650059508669673,-1.082402008821435,0.15800451394725215,-6.850449912986546,8.431405735686488e-12,-0.6198533556978069,0.3384243183716619,-1.831586331266762,0.06708388070369567,-0.5827328126961409,0.3523071405466454,-1.6540476919995526,0.0981925672080344,-0.08639376706800317,0.14992497015016393,-0.5762466851350493,0.5644793385184603,-1.2886335244229228,0.15066182805917774,-8.553152055985718,1.655308751792846e-17,0.13160095313556422,0.13822039789823778,0.9521094942329206,0.3410962555665007,0.5087791522200789,0.12174435811098454,4.179077865409302,2.9864947289602202e-05,0.6051767928136738,0.07282950752496127,8.309500000480686,1.282952631179722e-16,0.3573036620614675,0.06678596547479158,5.349981235149353,9.264969638685883e-08,0.0014058080579357132,0.16787871055738618,0.008373950772365291,0.9933190298541514,-0.04919903550969816,0.10909624416117461,-0.4509691042801931,0.6520351030760491,0.11477501911930986,0.09024308230905054,1.2718428513583584,0.20349939501867187,-0.05290630903886556,0.1556880231412748,-0.3398226014525034,0.7340071226813114,-0.10591500640412556,0.07246886312247723,-1.4615243270081677,0.1439464322556457,-0.35268013224238126,0.06681197692368891,-5.278696252996739,1.3667919659390493e-07,-0.030166658295239096,0.26383851227288807,-0.11433758489373884,0.9089756559461345,-0.17676558869093273,0.11127807059165622,-1.588503356960494,0.11224785053700592,0.29388980706900725,0.08685244292564591,3.3837828524939173,0.0007214944853776498,0.5049474332747512,0.15281534171135316,3.3042980346078497,0.0009601295487319866,0.06119720721769281,0.07754355395261778,0.7891978649197168,0.43004092771146085,0.2063813627577751,0.11038545418908821,1.8696427375680107,0.06160298809152235,0.03227581465541454,0.06773956181090796,0.4764691975054559,0.6337649386106463,0.12084077753900721,0.1257041640615186,0.9613108558589094,0.336451243349573
3.078,0.18068279929399467,0.17619499371737202,4223,0.3832318702253547,0.12174759979568348,3.1477570881766335,0.0016568122169131891,-1.0830211404345171,0.15872272511187552,-6.823352734595194,1.0165001397183473e-11,-0.6916072414370138,0.3399626296373498,-2.034362547950567,0.04197777064204121,-0.64164761655002,0.35390855632519475,-1.8130322228220768,0.06989822421409533,-0.060590874594343175,0.15060645566426528,-0.4023125989327674,0.6874744616615731,-1.2874067825843731,0.1513466629685829,-8.506344027232485,2.4637899357154725e-17,0.14608330919143853,0.13884868015720123,1.0521044134236381,0.29281218852146007,0.5149649634870747,0.12229774835940749,4.210747707093514,2.5985839194635636e-05,0.5909594791402368,0.0731605548103313,8.077569677708144,8.556228295304448e-16,0.36679737073415597,0.06708954177679623,5.467280905785192,4.8352822629234226e-08,0.00916639279960043,0.1686418049855944,0.05435421424944684,0.9566555424250699,-0.05119603687497884,0.10959214227583983,-0.46715061693127685,0.6404163612636663,0.1112597544810508,0.09065328318005873,1.2273108107961492,0.21977459657010903,-0.05856019342353491,0.15639570467280078,-0.374436072563822,0.7080988170896926,-0.10116152482095155,0.0727982710949577,-1.3896143864322952,0.16471967734413853,-0.3451845420319246,0.06711567146100557,-5.14312878822166,2.825179503939764e-07,-0.07581137347559681,0.2650377929797372,-0.2860398610449974,0.7748617019695009,-0.15695031971339796,0.11178388622109676,-1.4040513800259793,0.160377505968798,0.30514546247527674,0.08724723161000489,3.497480170365484,0.0004745433653972736,0.506784189162939,0.15350996543950485,3.301311336446443,0.0009703827749340874,0.06825171801660254,0.07789602898514715,0.8761899535291646,0.38097689753317887,0.21246778809315875,0.11088721242136942,1.9160711452082044,0.05542386673222666,0.024952759219607292,0.0680474726949953,0.3666963405305499,0.7138640130048322,0.10669832839594835,0.12627555364915263,0.8449642493146523,0.39817894116929475
3.132,0.18068530363163338,0.17619751177250675,4223,0.40650391203736863,0.12246196593615596,3.319429905684304,0.0009097075898515204,-1.0879391314642595,0.15965404647454493,-6.814353632043516,1.0814587528924801e-11,-0.7188213258744869,0.34195739415054327,-2.1020786161390417,0.0356057973492355,-0.6563505089828188,0.355985149949106,-1.8437581148445517,0.06528881559675244,-0.03080637474409808,0.1514901540093963,-0.2033556236413047,0.838866935886455,-1.2585694918701895,0.15223470455363014,-8.267296839839915,1.8188446529274043e-16,0.16424209676697354,0.13966338858611527,1.175985334665593,0.23966740480337154,0.5139739194510682,0.12301534255124864,4.178128587797451,2.9989318481523492e-05,0.5925748615186519,0.07358983163601321,8.052401375907744,1.0480631817349885e-15,0.35528400957006334,0.06748319633019677,5.264777439285046,1.4737652434024377e-07,0.01067276733359028,0.1696313275351317,0.06291743092902391,0.9498352491363008,-0.04962206863448923,0.11023518506136568,-0.45014727926356396,0.6526274861579622,0.11227225007883981,0.0911852003277904,1.2312551782004775,0.21829639572200513,-0.09517669292781078,0.15731337201179618,-0.6050133673358291,0.5452028083038718,-0.09688940028188228,0.0732254221849377,-1.3231661544699458,0.18585217329672774,-0.33661165908837287,0.06750947933292484,-4.986139167632493,6.408359580411795e-07,-0.12077467983006103,0.2665929285681843,-0.4530303203416421,0.6505503159890327,-0.14108919024241567,0.11243978928202603,-1.2547977112312978,0.2096220388163651,0.3105051010048647,0.0877591634116728,3.538150193482412,0.0004073017692241742,0.5035843700626441,0.15441070041677846,3.2613307802075355,0.0011177637959964572,0.07507221254257276,0.07835309167613767,0.9581269983943199,0.3380538848491407,0.20328032695788553,0.1115378541596718,1.822523200660468,0.06844672362717054,0.031268611513739775,0.06844674800325279,0.45683122172953783,0.6478159932405703,0.09579988912391757,0.12701648800882587,0.7542319160742409,0.45075226999578877
3.186,0.17832034507201155,0.17381959916504697,4223,0.451876610515244,0.12348488236901464,3.6593678663019147,0.0002559439910960906,-1.1282718899198885,0.16098762581456905,-7.008438594028773,2.7951604526415337e-12,-0.7769327072481613,0.3448137408957562,-2.2531953199714363,0.02429823032754166,-0.6871915843333706,0.35895866957989847,-1.9144030847273148,0.055636562684206615,0.006653114018800213,0.15275554091354981,0.04355399469643765,0.9652619946906814,-1.2066028194324103,0.15350631063759976,-7.8602815377471895,4.8350435348564336e-15,0.18124366547864806,0.1408299873268863,1.2869678462581686,0.19817643557312867,0.5023967361297648,0.12404288130115744,4.0501859587574485,5.210071600484588e-05,0.5748894766861997,0.07420452247080699,7.747364413164557,1.1684930288947157e-14,0.34969497702535085,0.06804687885758633,5.139030369889838,2.887096511522591e-07,0.039149838559339636,0.17104824642204375,0.22888184695411307,0.8189718964416992,-0.07979775536547182,0.11115597202911104,-0.7178899514690339,0.47286508151643536,0.12266068235146116,0.091946864074863,1.3340387797412103,0.18226349445615844,-0.1395257793173328,0.15862739985798616,-0.8795818341739547,0.37913621709735656,-0.09266338893093445,0.07383706913248905,-1.2549711143689157,0.209559087545355,-0.3241248978677321,0.0680733814004401,-4.761404402127093,1.9872823412894085e-06,-0.1694866580025139,0.2688197610825217,-0.6304843710893905,0.5284120355815424,-0.1445754354241629,0.11337899115817192,-1.275151894961472,0.20232603165147214,0.31877766003261093,0.08849220970650797,3.6023245559113564,0.00031903594915505496,0.5265189754038725,0.15570048244549328,3.3816142836178633,0.0007271979271080319,0.07484273927826866,0.0790075696965427,0.9472856786473678,0.343547737055805,0.19816164691767366,0.11246952223337564,1.7619141877964575,0.07815655284122297,0.0374505217238363,0.06901847901192176,0.5426158654896953,0.5874231104576558,0.07586248362668326,0.12807744805331808,0.5923172641221117,0.5536700500513396
3.2399999999999998,0.17548696002917663,0.17097069427082245,4223,0.4798018958421451,0.12430859162243552,3.859764555127896,0.00011520187323853045,-1.1747638093695372,0.1620614981342061,-7.248876648028354,4.977162119332984e-13,-0.8146093897275846,0.34711383029644693,-2.346807642414826,0.018981250342001026,-0.673370868832744,0.3613531131106056,-1.8634705068297939,0.062465854123706366,0.007872638242427978,0.15377450088782255,0.05119599281399076,0.9591717800757473,-1.1869788237524896,0.1545302786416574,-7.681205484039752,1.9486588297969948e-14,0.18200113537141316,0.14176939757285995,1.2837829495457707,0.19928874683700218,0.4951213493027269,0.12487031270157306,3.965084563262166,7.45912852770596e-05,0.5754421103544971,0.0746995057483731,7.703425940900952,1.6418629156219544e-14,0.3348864035793019,0.0685007874066013,4.888796410346511,1.0524422017303164e-06,0.04672712571186616,0.1721892283840155,0.2713707828904115,0.7861192109576378,-0.11067330565282185,0.11189744095208218,-0.9890602029068338,0.3226906760116788,0.1481879708599891,0.09256019812279258,1.6009902081605247,0.10945431263208225,-0.146307614696419,0.15968552822643414,-0.9162233818017295,0.3596023599481222,-0.09443055416737349,0.0743296013026065,-1.2704299836472028,0.20400189472521532,-0.31746640844129603,0.06852746673538522,-4.632688519877349,3.718791111681585e-06,-0.18217902231924893,0.2706129305819618,-0.6732088593381961,0.5008514750549078,-0.12662379372078691,0.11413528879047177,-1.1094184372130638,0.2673132450471511,0.30614415671467254,0.08908249938887643,3.4366363630890695,0.0005947023331780958,0.4904119865506358,0.1567390867320422,3.128842950252949,0.001766987964704115,0.07699349561750428,0.07953459183075715,0.9680504274333852,0.3330749390109452,0.20128367597064853,0.11321975322857238,1.7778141201587794,0.07550674295952539,0.04679977544831748,0.0694788686460898,0.6735828657013015,0.5006136229264572,0.07977114091794135,0.12893179214056258,0.6187080749717195,0.5361422506262881
3.294,0.17299603508285888,0.16846612529645866,4223,0.50085209585608,0.12533280848288633,3.99617707381439,6.54775537904579e-05,-1.1823073614862205,0.16339677284573306,-7.235806074349254,5.474347114242207e-13,-0.847109035985965,0.3499738082983304,-2.420492665164984,0.015541649381020364,-0.652039192338151,0.3643304129592628,-1.7896919091710801,0.07357549111761218,-0.004570824875337734,0.15504149647083976,-0.02948130003503556,0.9764821339283698,-1.1643393168645049,0.1558035013108971,-7.473126772299754,9.475671647325342e-14,0.1813667942832,0.1429374794036887,1.268854012536334,0.20456346867665057,0.49785913376542135,0.12589915775539823,3.9544278344790946,7.79820921676156e-05,0.5838634050330542,0.07531497803597818,7.752288060870721,1.1246690205842287e-14,0.3302135287055981,0.0690651865402436,4.781186372575508,1.8023123687654957e-06,0.03925534783510271,0.17360794859150191,0.22611492246515869,0.8211230440188503,-0.11503442037009516,0.1128193985108366,-1.0196333422132702,0.30796112806228015,0.13420719785902768,0.09332283016846786,1.4380960973510417,0.15048131178492738,-0.15188920549352947,0.16100122658842886,-0.9434040268637663,0.3455285602594038,-0.09927326762227451,0.07494202583329337,-1.3246675215733474,0.18535353705832944,-0.3128296877878631,0.06909208568825329,-4.527721006995869,6.127538276012178e-06,-0.16433008715527,0.2728425940552629,-0.6022889780984334,0.5470143175401687,-0.1259090558638275,0.11507568466839051,-1.0941412708223734,0.27395578413118954,0.30412972348773604,0.08981647760111705,3.386123923033401,0.0007153840377036927,0.4755631297593093,0.15803050845299785,3.0093121538032226,0.0026339531764719183,0.08262595857317664,0.0801899018851865,1.030378596690117,0.3028916616443077,0.2164089150548486,0.11415260572637072,1.8957860285168713,0.05805694230980134,0.04905900605591288,0.07005132649299803,0.7003294371708517,0.48376039238919666,0.08996191620227478,0.12999410097726466,0.6920461430631278,0.4889466166029882
3.348,0.17096610338203644,0.16642507465562217,4223,0.5122797768843863,0.12619701016774618,4.059365401790766,5.010216997758592e-05,-1.1909951849447558,0.1645234352743758,-7.239061006467149,5.346154084062883e-13,-0.85304623715612,0.3523869669791999,-2.4207655704998654,0.015530004153643017,-0.6467570587887053,0.36684256409140686,-1.7630371229974053,0.07796695698876704,-0.02480828986316968,0.15611054713758188,-0.1589148863933317,0.8737435745545289,-1.155637885141616,0.1568778061953865,-7.3664842285103385,2.0977718303935298e-13,0.16534622332331467,0.143923069785214,1.1488514215967731,0.25068268936783955,0.504461412539147,0.12676726456295856,3.9794296601596844,7.02466751009308e-05,0.581213846192514,0.07583429402116781,7.664261317317445,2.219896121306692e-14,0.3374470040517704,0.06954140861884953,4.85246144353055,1.2636258209246346e-06,0.05049733966366827,0.17480501968161732,0.288878086885846,0.7726889334047531,-0.13699564739825698,0.11359731704197087,-1.2059760825833687,0.22789465993436758,0.14589134053580152,0.09396631488762255,1.5525919124345553,0.12059602149012667,-0.14555454882374252,0.16211137111456242,-0.8978676068372813,0.3693076144139924,-0.11755573028551045,0.07545877021791142,-1.5578802827826446,0.11933699160445792,-0.3127631853319464,0.06956849324334625,-4.495759082174172,7.119113563794449e-06,-0.1570990134961681,0.2747239133390024,-0.5718432428643802,0.5674587880253876,-0.12373314997490428,0.11586916086812318,-1.067869561217687,0.2856407430735488,0.31644833126994243,0.09043578512490609,3.4991494885888077,0.0004715908353790827,0.48273444548080796,0.1591201691198055,3.0337728281154934,0.0024299403274793225,0.0880412031453726,0.08074283171383058,1.0903903328212339,0.2756038057657373,0.2202968455559716,0.11493971706133567,1.916629440095227,0.055352829608866456,0.0579571363209195,0.07053434825812652,0.8216867065790467,0.4113018783908524,0.09511916693830189,0.1308904434628935,0.72670826396327,0.46744519884054836
3.402,0.16932540792619566,0.16477539229921356,4223,0.5206622363821729,0.12726675792848582,4.091109452750774,4.373672201177718e-05,-1.1696639549379295,0.16591806876244347,-7.0496478392152655,2.0876068082458343e-12,-0.8353482933699278,0.35537408345952504,-2.3506168070499402,0.018788336003554458,-0.5724514942931617,0.3699522178855747,-1.547366028956257,0.12185036794529332,-0.04930502510961767,0.15743386619249677,-0.31317928157421776,0.7541600124302584,-1.1752434180130185,0.15820762915762776,-7.428487641655274,1.3232815537903543e-13,0.13497570713541815,0.14514307794084982,0.9299493234560233,0.3524507814081381,0.5287378868179269,0.12784184626042555,4.135874928940242,3.6051940830485605e-05,0.5972506552896637,0.07647712673256551,7.809533135027446,7.199117885981045e-15,0.35046337262122784,0.0701308977521484,4.997274865349798,6.051331445869697e-07,0.0052562821728555364,0.17628680818137574,0.029816650644939463,0.9762146963865787,-0.15363991988878592,0.11456025962967678,-1.3411275461965309,0.17995158156296684,0.15631310638975726,0.09476284924927164,1.6495188528848366,0.0991161826077659,-0.12272444908693918,0.16348555799909892,-0.7506745585907691,0.4528906009621656,-0.13707062062099168,0.0760984196863218,-1.8012282145410863,0.07173863264683351,-0.31779665578176725,0.07015821196779289,-4.529714296704943,6.0702936645761705e-06,-0.08273685913805805,0.2770526950646977,-0.29863221189289363,0.7652354620015009,-0.12240557279951808,0.11685136143858595,-1.0475322776949525,0.29491444533185524,0.31212119974445546,0.09120239186542636,3.422291821085194,0.0006268897486340494,0.4831427272886434,0.16046900016087506,3.01081658640783,0.002620967069591575,0.0917641044807802,0.08142727315429606,1.1269455665904093,0.25982989205446866,0.20092321024060456,0.11591403891557749,1.7333811514146353,0.08310135388850698,0.07257132253671833,0.07113225434959465,1.0202308811984373,0.30767775098316436,0.1217821840408144,0.13199997655413337,0.9225924672105632,0.35627263016230304
3.456,0.1676755119232649,0.16311645899976757,4223,0.5357139606595108,0.1278247686760531,4.191002778320477,2.8343773913178347e-05,-1.1446495302776731,0.16664554911231674,-6.8687674910909,7.427332477745452e-12,-0.8307961418440708,0.35693224806751106,-2.3276017965373974,0.01998054491039159,-0.5762395019658888,0.3715743014290442,-1.5508055851809963,0.12102364372447533,-0.022454632373390793,0.15812414691305893,-0.1420063463535204,0.8870818055481826,-1.1844749211528536,0.15890130250056547,-7.454154890572017,1.0923295079057481e-13,0.15084303947562466,0.14577946876862202,1.0347344571205663,0.30085252692102,0.5362443819699266,0.1284023785263787,4.176280752149476,3.023282934259105e-05,0.5916024048122861,0.07681244649205698,7.701908112944462,1.6612130961695804e-14,0.3526944400902913,0.07043839198960067,5.00713361177186,5.751315641916397e-07,-0.014418149484655748,0.17705975105523142,-0.08143098247188996,0.9351030914490236,-0.1399577919843782,0.11506255777223952,-1.2163626004335617,0.223915193806817,0.1537743571414513,0.09517834414528296,1.6156443834190441,0.10624634814147314,-0.11846227993715033,0.16420237282113434,-0.7214407313479648,0.47067856134055874,-0.16232936821034694,0.0764320789760612,-2.123838189213577,0.03374197551545302,-0.3229384992618531,0.07046582596649419,-4.582909443442942,4.718680024539772e-06,-0.11066690901262205,0.2782674536081302,-0.39769979412852424,0.6908717054323575,-0.11058983638137419,0.11736370509070633,-0.9422831044393423,0.3461019241218922,0.3228192453099945,0.09160227566613849,3.524140016854704,0.00042938999409255986,0.46780527037345787,0.16117258865639927,2.902511365445416,0.0037211111493322697,0.12052955486957752,0.0817842972060184,1.4737493502690135,0.14062405022713392,0.19931083939135402,0.11642227280604221,1.7119648550703261,0.08697698507946021,0.1007728959795417,0.07144413911095605,1.4105131258287924,0.15846229774175552,0.09671595604792486,0.13257874045756546,0.7294982265944877,0.4657376420009608
3.51,0.16572236676534513,0.16115261549971105,4223,0.5490895478873332,0.12833609276600386,4.278527856450268,1.9232353467094537e-05,-1.142839347703625,0.16731216392122084,-6.83058135714348,9.671048667071336e-12,-0.8460748261464014,0.3583600469112525,-2.3609630410499722,0.018272986209753782,-0.4975231794316301,0.37306067135167464,-1.3336253795636042,0.18239899664272555,-0.011892765120881221,0.1587566744455316,-0.07491190630200277,0.9402883718029175,-1.175451685225649,0.15953693880747716,-7.367896701616779,2.0759518845083711e-13,0.1787241033256545,0.14636261517266932,1.2211048778734046,0.2221148717324012,0.5209062919152478,0.1289160131687687,4.040663988214639,5.425356470667413e-05,0.5857395221932533,0.0771197113101845,7.595198584669754,3.7652943549733615e-14,0.35439642412796746,0.07072015934231893,5.0112503623262725,5.630328829169557e-07,-0.023617360430196046,0.17776802470996156,-0.1328549409756287,0.8943144687816365,-0.13738022676514203,0.11552283052101639,-1.1892041265397255,0.2344265939457261,0.12967177013942796,0.09555907614822083,1.3569801568434507,0.17486045452599708,-0.1318542610044152,0.16485921444674526,-0.7997991586148695,0.42387241323227887,-0.18021667844582545,0.076737822249687,-2.348472671786832,0.018896713148385237,-0.3141151272283888,0.07074770306048885,-4.4399339291598245,9.229813540902394e-06,-0.11577344212622342,0.27938057787937126,-0.4143933089586892,0.6786072557526728,-0.10500574657123164,0.1178331828790905,-0.8911390153907564,0.37290565464830583,0.33801433387636404,0.09196870269532488,3.675319146298522,0.0002405185487611857,0.45280000902542505,0.16181731055242393,2.798217369202484,0.005161982397433144,0.12513599621122887,0.08211145039999058,1.523977418516568,0.12758965889983107,0.19242193587226958,0.11688798468104987,1.6462080033061381,0.09979577870307794,0.12152712791991842,0.07172992964898396,1.694231801350161,0.09029540183518502,0.07051529153863025,0.13310908136499225,0.5297556771898495,0.5963093473076052
3.564,0.16478484410536554,0.16020995756438505,4223,0.5335417609855369,0.12887952035491346,4.139849058378311,3.543554019340112e-05,-1.1029594394221467,0.1680206321617238,-6.564428577798245,5.859036500412589e-11,-0.7553568711911283,0.35987749014999587,-2.098927807005372,0.03588283164600416,-0.44283430361098824,0.3746403630563246,-1.1820250759911077,0.2372626840829827,-0.020935608231884673,0.15942891523888772,-0.13131625590323331,0.895531423800942,-1.1747438523283567,0.16021248355977255,-7.332411471482368,2.698054594310366e-13,0.17154817605836414,0.14698237444190942,1.1671343364109528,0.24322239775508034,0.5170983516990721,0.12946189637822467,3.9942127078716845,6.602064306476025e-05,0.5855896645148009,0.07744626775951564,7.561238022898151,4.8743712421362053e-14,0.37186035709567855,0.07101961746707867,5.236023092746949,1.7210057211621527e-07,-0.035854695523714744,0.17852076734822697,-0.200843274742236,0.8408308512813985,-0.130325501529321,0.11601200150870193,-1.1233794765582543,0.2613405848416056,0.13197822820791322,0.0959637124218554,1.375293065234267,0.16911397206517942,-0.1350836392843107,0.16555729589433674,-0.8159328681626017,0.4145848140353038,-0.18897404385139926,0.07706276162429736,-2.4522095999193603,0.014238619334622511,-0.30000393984661594,0.07104727781663445,-4.2225958413339155,2.4661824726196657e-05,-0.10378420987055256,0.28056358969275086,-0.36991332333681687,0.7114657292991577,-0.12300984514809432,0.11833213684508262,-1.0395303290190359,0.2986180130075819,0.3476049152018313,0.09235813585698417,3.763663178954745,0.0001697293862897493,0.43480758648120554,0.1625025113328285,2.6756976425469334,0.007486333195980624,0.1214543998493269,0.08245914391746503,1.4729039628508998,0.14085188494879625,0.2140603783166108,0.1173829362906765,1.8236072897898123,0.06828251743699956,0.1318380290277157,0.07203366355486869,1.8302280145350858,0.06728669889182898,0.06223744886783038,0.13367271974285716,0.46559574001004084,0.6415290399839667
3.618,0.163801504330498,0.15922123155116985,4223,0.5276279267071071,0.1299225925603682,4.0610945048833305,4.97339391294935e-05,-1.0780949977364296,0.16938048864526906,-6.364930260617369,2.1632514588019635e-10,-0.7373593256041503,0.3627901189859083,-2.0324680497508014,0.04216909975991236,-0.3994299114012734,0.3776724735783796,-1.0576092761454017,0.2902944506539539,-0.038012711579825345,0.16071923560765955,-0.23651625417520178,0.8130436325055683,-1.189400689623191,0.1615091456524609,-7.364293116766098,2.1320669755703096e-13,0.17718857419653927,0.14817196010338535,1.1958306691286793,0.23183016953979987,0.5398565563926667,0.13050968197989135,4.136524955105221,3.595042769670984e-05,0.5924462768925134,0.07807307059904901,7.588356296821888,3.9666743515003685e-14,0.38363433443969186,0.07159440692018913,5.358440008691651,8.844388981721274e-08,-0.06130854092740373,0.1799656055196028,-0.3406681001649823,0.7333704986317648,-0.13405127079195162,0.11695093186737848,-1.146218064717644,0.25177024981021573,0.14200698766106207,0.09674038416057573,1.4679183765215362,0.14220129522283073,-0.11654627832504028,0.1668972156370707,-0.6983116996899341,0.4850209538514415,-0.18057762021077112,0.07768646059915799,-2.324441335312016,0.020149314348493087,-0.30719255420867597,0.071622291135738,-4.289063493186599,1.8346225643110743e-05,-0.07725840686700404,0.2828343002095592,-0.27315784121572706,0.7847453191706519,-0.14782493179402478,0.11928984496360502,-1.2392080133822434,0.21533773306309012,0.3554230929414013,0.09310562625883188,3.8174179931224757,0.00013679909198327015,0.4493607075322219,0.16381770751311447,2.7430533264924866,0.006112912301303892,0.11420160856730734,0.08312651791815219,1.373828850617227,0.1695681559291068,0.22659621323836748,0.11833296215904017,1.914903583110012,0.05557267234690177,0.12340181021530115,0.07261666007832136,1.6993594869580204,0.08932553991301251,0.0636691731550573,0.13475458517971903,0.472482424773474,0.6366070386344496
3.672,0.1634985529818468,0.15891662078812974,4223,0.5449345185017626,0.13077987086378726,4.166807283892601,3.151106724098988e-05,-1.086260835636305,0.17049812503996029,-6.371101355992707,2.078764240105326e-10,-0.7631803310559799,0.3651839451217047,-2.0898518164637143,0.036691134582238945,-0.41328903444505155,0.3801644991069412,-1.0871321110096404,0.2770408275911347,-0.03438689963635275,0.16177972178572378,-0.21255383095477182,0.831685303412218,-1.2100234584682803,0.1625748439551427,-7.442870182315213,1.1885282773441112e-13,0.18224639815556024,0.14914965462185553,1.2219029176944196,0.22181293224878829,0.5456248228067824,0.1313708341208902,4.153317792781059,3.342011442368247e-05,0.5989037250367861,0.0785882261865945,7.620781815520179,3.097594514779719e-14,0.3829953254747569,0.07206681383948853,5.314447872328403,1.1253221080494179e-07,-0.05753428108465765,0.18115308651065481,-0.3176003356767188,0.75080391135067,-0.14219491760376152,0.1177226182575493,-1.2078810317714188,0.22716105224584004,0.15849024667465472,0.0973787137287511,1.6275656209233786,0.1036920503819508,-0.10097728431572686,0.16799846645917257,-0.6010607503983771,0.5478319680209677,-0.19486035915255867,0.07819906518800294,-2.4918502373920135,0.012746248698312854,-0.30583644862291826,0.07209488204561613,-4.242138137203807,2.2617210973354313e-05,-0.08259633645582842,0.28470054767471586,-0.2901165351820775,0.7717414118896666,-0.15274532003222796,0.1200769643851791,-1.2720618048125896,0.20342160290140296,0.36078300913803596,0.09371997232247631,3.84958510120592,0.00012007835316648573,0.4500402583641206,0.1648986385782915,2.729193292584086,0.006375404787124458,0.11739031497729494,0.08367501805847148,1.4029314567373437,0.1607112141788678,0.240178038574977,0.11911376770670594,2.016375127738112,0.04382431697204226,0.12316183356378776,0.07309581220979516,1.6849369319585115,0.09207505029254094,0.06855275456730225,0.13564374679421753,0.5053882407959601,0.6133127022363752
3.726,0.1646608648475676,0.1600852992108669,4223,0.5510669302939118,0.13126349744040847,4.19817345293643,2.7464849389715897e-05,-1.0876018305665536,0.17112863051445565,-6.35546388291047,2.2994139390864436e-10,-0.7549351319044175,0.36653440265044923,-2.059656955651097,0.03949285453059602,-0.3749926498870976,0.3815703550237704,-0.982761488018997,0.32578146101851,-0.017959730637437457,0.16237798643071227,-0.11060446697373594,0.9119352909797943,-1.2159555503313022,0.16317604897780746,-7.451801645820439,1.1117367622028531e-13,0.18723029563725793,0.1497012130260088,1.2506932432453228,0.2111161026144461,0.5515069851347358,0.13185664609144898,4.1826256126084,2.94044606303407e-05,0.6228617813453801,0.07887884701793745,7.896436178938292,3.635748039654143e-15,0.3830138534552861,0.07233331835761495,5.295123494288909,1.2501895227026272e-07,-0.06720370274198131,0.18182299424565146,-0.36961058209824627,0.7116913037876809,-0.1397805708200085,0.11815795885303042,-1.1829975075472754,0.23687711042270573,0.15763357660109567,0.09773882215862917,1.6128041357533232,0.10686221456955737,-0.09487706787643313,0.16861972814627033,-0.5626688461633111,0.573690440285265,-0.20335376018436374,0.07848824689419413,-2.5908816699460013,0.009606157803532044,-0.3098491204917813,0.07236149036052988,-4.281961564749513,1.89391666019705e-05,-0.09255484469035641,0.2857533759909138,-0.32389764204675364,0.7460316606847616,-0.14518935731847132,0.12052101139970137,-1.2046808737520358,0.22839441627582907,0.34816744524972865,0.09406655065349914,3.7012885327562217,0.00021725798780599368,0.4304553268890512,0.16550843703992313,2.6008059443230613,0.00933312066660454,0.1200648575264106,0.08398444994783683,1.429608190575559,0.15290389771714477,0.2530440132560234,0.1195542528006578,2.1165622077697526,0.03435569233125921,0.11424728211840124,0.0733661219844637,1.5572212218412567,0.11949333337403101,0.07195511926452575,0.1361453600812538,0.5285168677183103,0.5971685749439193
3.78,0.16571294195142738,0.16114313906142563,4223,0.564549271596545,0.1315077715584856,4.292896647142046,1.8033589102311568e-05,-1.1090150205665517,0.17144709144313566,-6.468555466479767,1.1027903886147904e-10,-0.7904625387099475,0.36721650292735986,-2.1525790164891125,0.031408585828730136,-0.38516226276617366,0.38228043637750025,-1.007538513913978,0.3137341144692329,-0.011388362335631029,0.1626801628941156,-0.07000461600867357,0.9441933191590482,-1.1926134488546718,0.16347971059152802,-7.295177147912546,3.5476378237007193e-13,0.196607012319081,0.14997979871433853,1.3108899598775416,0.1899666301840503,0.5445303670117269,0.1321020240264017,4.122044086946752,3.827750590403438e-05,0.6251874433863422,0.07902563619517229,7.911197852837219,3.2351227130944886e-15,0.3737119485460456,0.07246792666757118,5.156928944032819,2.625984393137103e-07,-0.057830655988371955,0.18216135679450599,-0.3174693963967891,0.7509032423018452,-0.14210736872454557,0.11837784428771281,-1.2004557911965272,0.23003009077998235,0.15373371911005207,0.09792070870782411,1.5699816835350207,0.11649471896287797,-0.12203201721069987,0.16893352014622853,-0.722367101005586,0.4701090356286166,-0.20255694958632955,0.07863430918617444,-2.5759360218547367,0.010030793521602202,-0.3086537944763141,0.0724961510970274,-4.257519741471765,2.1122488798879497e-05,-0.0988233004808334,0.2862851472393481,-0.34519185306603556,0.7299674331769568,-0.1560042842495931,0.12074529434464414,-1.2920112961446677,0.1964243355248348,0.34881027094360506,0.09424160330826992,3.701234472875274,0.00021730413559840816,0.4456968748632343,0.16581643909899216,2.6878931744346164,0.0072188064786727285,0.12797017711351433,0.08414074037010379,1.5209062405514995,0.12835866227045822,0.26070027955097785,0.11977673666124904,2.176551864894156,0.029569560418620053,0.11151053979583045,0.07350265228492006,1.5170954561419026,0.1293178632493063,0.08446416285083451,0.13639871907604395,0.619244545865161,0.5357888654217993
3.834,0.16548199073029113,0.1609109228062131,4223,0.6037351337031069,0.13189110618463784,4.5775272584181845,4.841068649847613e-06,-1.1511809052065267,0.17194684598938328,-6.6949812227297585,2.4418255890529702e-11,-0.8433685610662123,0.3682869096356356,-2.2899770233500787,0.0220720176216629,-0.44686360441744244,0.38339475324583006,-1.1655443916075623,0.24386490504739283,-0.022392876523212132,0.16315436254548504,-0.13724963386724842,0.890840060246256,-1.179163149940179,0.1639562408604271,-7.191938188824289,7.526642553397916e-13,0.16312978285530227,0.15041697782085986,1.0845170885535462,0.27819785795198854,0.5410951136932802,0.13248709085092464,4.084134614308379,4.506583310762544e-05,0.6243817871437485,0.07925598959823217,7.878039127501797,4.203961849105863e-15,0.36929119821822687,0.07267916487233984,5.081115046752158,3.915334285417649e-07,-0.044158274282943506,0.18269234256651531,-0.24170840256682458,0.8090179210930815,-0.14392434431095466,0.11872290622699569,-1.2122710678575739,0.22547683956432574,0.15748446990514842,0.09820613973460098,1.6036112439685062,0.10887497972942733,-0.12427110030692255,0.16942594783337123,-0.7334832822015077,0.4633046688214313,-0.2099600912163475,0.07886352190233105,-2.662322023563362,0.007789944143921512,-0.308614437636836,0.07270747157374839,-4.2446041783175374,2.2370975645873625e-05,-0.0865947407800671,0.28711964552480596,-0.3015981042390416,0.762973388374028,-0.18443210679957123,0.1210972572113152,-1.5230081262512531,0.12783197535801666,0.34872203470395446,0.09451631003734028,3.6895434720863087,0.00022750325104419687,0.4662388727556294,0.16629978074442214,2.8036048554517863,0.005076683078515796,0.1335932013412172,0.08438600389234058,1.583120365690678,0.11346934190408434,0.29022346715639685,0.12012587625981151,2.415994589947412,0.015734698614282797,0.1061299615739828,0.07371690663202767,1.439696352205217,0.15002787090913475,0.11513344555961524,0.13679631042266185,0.8416414536611807,0.4000366075256043
3.888,0.1641188218687375,0.15954028719452473,4223,0.6252902677150494,0.13305636908198096,4.699438832047076,2.6923028457551575e-06,-1.1921054390788228,0.1734660028585819,-6.872271335211928,7.249093737944528e-12,-0.8796850312457749,0.3715407383720083,-2.3676677693550334,0.017945670264683442,-0.5064750350689,0.386782060350283,-1.3094584444020463,0.1904507492651223,-0.04600107068660203,0.16459583749185305,-0.2794789430132395,0.7798910603451799,-1.158541484159759,0.16540480043195002,-7.004279689188344,2.8784624605976523e-12,0.13213008268880422,0.15174591749280222,0.8707323720591795,0.3839500747878176,0.5440165413410253,0.13365761929527162,4.070224684604051,4.7831741668027743e-05,0.6097964414825093,0.0799562192554294,7.626629262377252,2.9621728899288655e-14,0.3697436620231511,0.07332128803504241,5.042787325918765,4.781540169127194e-07,-0.04096520481830783,0.18430643630323348,-0.2222668162869206,0.8241169923887826,-0.16089939734922878,0.11977182758108147,-1.3433826685186492,0.17922069146599348,0.14681954441205533,0.09907379468294769,1.4819210759202455,0.1384363345176716,-0.14145207327268441,0.17092283247228718,-0.8275785699702757,0.4079562383179022,-0.21182685345163937,0.07956028409263327,-2.6624697971792823,0.007786530434964961,-0.29853771278642954,0.07334984482722548,-4.070052411012333,4.786698590383114e-05,-0.043297487687658946,0.28965635842157994,-0.14947880973025862,0.881183007592223,-0.1898811264075443,0.12216715604589481,-1.5542731168777573,0.1201946457316393,0.367360280672029,0.09535136520115176,3.8527007966488105,0.00011856547478330237,0.49572049326776274,0.16776904557920552,2.954779241643405,0.0031463137036589245,0.13900671396661304,0.08513155741930196,1.6328458938200503,0.10257638902089648,0.28695406760976944,0.12118719290704949,2.3678580279507178,0.01793645754372585,0.11331921661234555,0.07436819828231495,1.5237590694636112,0.1276442134620939,0.13759080037174615,0.13800491098444503,0.9969993052439593,0.3188222963812942
3.942,0.1642337505524354,0.15965584539947175,4223,0.6434170568661032,0.13353506979868343,4.818337668420097,1.498684505619334e-06,-1.2061236315812116,0.17409008647415655,-6.92815803592733,4.91292996003108e-12,-0.9199229702998262,0.37287744114670424,-2.467092048987467,0.013661153317788319,-0.5580217578196678,0.3881735972663645,-1.4375572211748178,0.15063424027903913,-0.07563189844382182,0.16518800865898484,-0.4578534426185667,0.6470814281202257,-1.1553997827080966,0.16599988202826219,-6.960244601326794,3.92431111372877e-12,0.11102549518134613,0.15229185813406323,0.7290310627348828,0.46602332112351674,0.5439058194683282,0.13413848314711754,4.054808185595738,5.1085102747059345e-05,0.6028926233759718,0.08024388003955023,7.513253634779636,7.006989431867765e-14,0.3614618479511006,0.07358507813674207,4.912162317466067,9.350570165220433e-07,-0.05170610189674626,0.1849695208572459,-0.27953849724599505,0.7798453664374081,-0.17417395173873673,0.12020273412166581,-1.449001580633289,0.1474118140348211,0.14633195967766272,0.099430235316706,1.4717048512614392,0.14117553630533072,-0.1502291489032355,0.17153776645079435,-0.8757788562341388,0.38120036109617383,-0.2085058157770802,0.07984652040945873,-2.611332525297875,0.009051102516612971,-0.2912622491242057,0.07361373766851573,-3.9566289981873486,7.726998697136615e-05,-0.004852381910758739,0.2906984634130998,-0.01669214846816447,0.9866830039425637,-0.18275300733902047,0.12260668032842383,-1.4905632127832187,0.13615132010260586,0.3881912630335176,0.09569441354355938,4.056571837987343,5.0702556530027625e-05,0.5304858519295897,0.16837263308811892,3.150665533940759,0.0016404425889078795,0.13756385108905939,0.08543783766602589,1.610104549073358,0.1074502006068789,0.2735619390090044,0.12162319154807676,2.2492580200123045,0.024547694754960398,0.11447339258947993,0.07463575488304919,1.5337607661214723,0.12516385560343868,0.1507799642770247,0.13850141521233367,1.0886528779931024,0.27636946683001345
3.996,0.16582710974924897,0.16125793221274798,4223,0.6456785039588634,0.13402921632235984,4.8174459395920985,1.5053585862858462e-06,-1.2038460734396317,0.17473430683639862,-6.889580502166507,6.4283015743616735e-12,-0.8877778345402342,0.3742572741117656,-2.37210575705501,0.017731850032357915,-0.6058126436770356,0.3896100336569046,-1.5549205393681458,0.12004035750047144,-0.06305055018256248,0.1657992868824128,-0.38028239667447317,0.7037550357305895,-1.159168198627667,0.1666141645890803,-6.957200796742089,4.009018003759712e-12,0.09970298183866323,0.15285541415267784,0.6522698747136041,0.5142627938352522,0.5486692556019669,0.1346348626018803,4.075239094827912,4.6816597613936304e-05,0.6032198013539074,0.08054082251636648,7.489615607430987,8.37196588473885e-14,0.3760953430408343,0.07385737971722237,5.092183671838751,3.69478791003382e-07,-0.03661420940694014,0.18565400056625042,-0.19721745448665623,0.8436669174973676,-0.17080370176065268,0.12064754433738044,-1.4157246440343194,0.15693030616184603,0.15508533029133215,0.09979817690092167,1.5539896129094506,0.12026225687145978,-0.15615795691862855,0.17217254195283038,-0.9069852552993654,0.364466639249607,-0.20980785517933045,0.08014199245697011,-2.6179515725414566,0.0088776929759536,-0.29411580494861733,0.0738861453035929,-3.980662460331588,6.988469649484289e-05,-0.03828509788853136,0.29177419307235875,-0.13121481884807001,0.8956116596342277,-0.1875995793401828,0.12306038634703852,-1.5244514088484935,0.1274712947457058,0.4201845580210845,0.09604853071936266,4.37471093908549,1.2454365082122063e-05,0.583759854360962,0.16899569601419648,3.45428829330614,0.0005572058288166658,0.13677773004305233,0.08575400038295669,1.5950011595055154,0.11078723394029268,0.24886720399008783,0.12207325816647534,2.0386709401226875,0.041545392209053796,0.12467377553374336,0.07491194449281256,1.664270983457187,0.0961329013336583,0.1405090598645884,0.1390139396971347,1.010755181607766,0.31219185755830525
4.05,0.16845069440186766,0.16389588753624318,4223,0.6577409073723315,0.13451903227730502,4.889575075268366,1.0483114032442607e-06,-1.2004282014173193,0.17537288142269558,-6.845004721818797,8.75473358017062e-12,-0.9121467439092736,0.37562501458764314,-2.428343982656794,0.015209677005924944,-0.590832916136558,0.3910338815008918,-1.5109506978494662,0.13087625983032444,-0.06312129758145668,0.16640520802604028,-0.37932284890734314,0.7044673151093781,-1.1668735571886204,0.16722306374088394,-6.977946289733803,3.4653750075188778e-12,0.10555099781449459,0.1534140313162048,0.6880139770067137,0.49148198393425235,0.5538486016180053,0.13512689191909752,4.09872967365817,4.232717537428704e-05,0.6184968019035495,0.08083516266827813,7.651333670740099,2.451514302359548e-14,0.3863242775354593,0.07412729491906113,5.21163328511155,1.9617579837709145e-07,-0.06549637280668602,0.18633248167710043,-0.35150271287743645,0.7252288741211453,-0.16565408716905322,0.12108845635464742,-1.3680419435183868,0.1713721495290694,0.15893780941617802,0.10016289394293543,1.5867933039826876,0.11263476103116711,-0.1555187044968168,0.17280175445116458,-0.8999833652775086,0.368180713211264,-0.21263916093596774,0.08043487506602832,-2.643618962066069,0.008232984930323173,-0.2892770475328044,0.07415616563059424,-3.9009170049841253,9.732823179073015e-05,-0.024315674178886776,0.29284049532293943,-0.08303385142164806,0.933828580886344,-0.17548199002329473,0.12351011620675449,-1.4207904211630724,0.1554519483487062,0.4563358668720777,0.09639954450640319,4.733796919981986,2.2761679060564795e-06,0.6424166262541655,0.1696132985824733,3.7875368949433814,0.00015427652265558552,0.12845660031465012,0.08606739233390955,1.4925118192995341,0.13564014779124212,0.21330734077698196,0.12251938052071092,1.7410089723798765,0.08175524836418138,0.1272697379416068,0.07518571365027965,1.692738311078509,0.09057947239967999,0.13286407107327744,0.1395219725536402,0.9522806239153256,0.34100949310778117
4.104,0.1689703593913503,0.1644183989879211,4223,0.6665044898600586,0.1351936461437402,4.9299986269430125,8.540454692344819e-07,-1.187179417906724,0.1762523776218695,-6.735678882322313,1.852615841269797e-11,-0.8802380930675899,0.3775087766035515,-2.3317023275249302,0.019763416060496787,-0.5799458604376074,0.3929949190897042,-1.4757082910408574,0.1400971988243484,-0.03130719782788975,0.16723973128182743,-0.1871995224336482,0.851513243557752,-1.1893467870897743,0.16806168854867187,-7.076846587467975,1.720298537441689e-12,0.13289178854342765,0.15418340373198516,0.8619072178120517,0.3887877949094606,0.5772914933380013,0.13580455420579157,4.250899365739989,2.1753919744614715e-05,0.631930247643576,0.08124055156164414,7.7785075986845875,9.17173334412263e-15,0.3905877989957217,0.0744990438098102,5.242856539110213,1.658848014285565e-07,-0.05573490963657593,0.18726694034646937,-0.2976227920072745,0.7660058005010737,-0.1717062221410548,0.12169571579101982,-1.410947139962715,0.15833428301896801,0.1626826555093551,0.10066521154076713,1.6160762295072744,0.10615295564393067,-0.14196147731777747,0.17366835643100018,-0.8174285761389116,0.41372992867127434,-0.2188466958713842,0.08083825651433271,-2.707216920649228,0.006812455142353872,-0.3021208107081984,0.07452805930815902,-4.053786097649311,5.130805022132125e-05,-0.06394011611396855,0.294309092408825,-0.21725498043787678,0.8280201948494771,-0.1642401286329913,0.12412952028383953,-1.3231351273849545,0.18586248851020798,0.4792459456520751,0.09688298888108463,4.946646993315901,7.84561248596545e-07,0.663402969931947,0.17046391043433132,3.891750272779957,0.00010106683192456957,0.1149906117127773,0.08649902089481593,1.3293862811766108,0.18379278074420874,0.1780513770871206,0.12313381605155783,1.4459990179510722,0.1482521100690291,0.13222362754595246,0.0755627705182011,1.749851502786061,0.08021698332303633,0.09734666971152336,0.14022167619976103,0.6942341038117562,0.487573814651465
4.158,0.17016188583962255,0.165616452015929,4223,0.6644971425040116,0.13566831570481563,4.897953800427588,1.0048387608897303e-06,-1.1938032686325144,0.17687120580729562,-6.749562559850384,1.685452091004255e-11,-0.8720820416194128,0.3788342229570141,-2.302014941554969,0.021383033163354777,-0.5201009369245978,0.39437473782431287,-1.3187988150404648,0.18730829980900252,0.004178344540577819,0.16782691575466513,0.024896748663878563,0.9801385036593074,-1.2108040672971714,0.1686517589418631,-7.179314789800411,8.245993483222194e-13,0.15479530808589007,0.15472474698784178,1.000456042743142,0.31714750883868886,0.6129030594881909,0.13628136868617308,4.497335662217892,7.066797144446056e-06,0.644865308813642,0.08152578994415134,7.909954742608472,3.2671118126777537e-15,0.3946166169663662,0.07476061252575522,5.278402672669646,1.3689686675815076e-07,-0.06590835636800238,0.18792444104205452,-0.3507173202300659,0.7258180236208558,-0.18127450600035905,0.12212299365242069,-1.4843601567473192,0.13778845871029952,0.16528275504637896,0.101018650575371,1.6361607891709053,0.10188088459939608,-0.12047776339711935,0.17427811202877544,-0.6912960095483879,0.4894177553030167,-0.21805016879921907,0.0811220824250339,-2.6879261759672213,0.007218094339150238,-0.3262559367314585,0.07478972989852091,-4.362309332767235,1.3178523979986682e-05,-0.09177275023916978,0.29534242179743897,-0.31073338425494546,0.7560187388650943,-0.16165764358906018,0.12456534331687608,-1.2977738372849557,0.19443634778894578,0.47195949417473126,0.09722314840129585,4.8543942665452775,1.2514326045746709e-06,0.6640583580912709,0.17106241511153364,3.8819652911967903,0.00010520700717557525,0.11130059129905853,0.08680272194477462,1.2822246676765492,0.1998346295971954,0.1635290410455096,0.12356614313264412,1.3234130069914594,0.18577012019857056,0.1382201194348335,0.0758280740153594,1.8228093121135616,0.06840335502528892,0.07557168954626535,0.1407139993480267,0.5370587851700139,0.5912554644453072
4.212,0.17166064121446423,0.16712341681530551,4223,0.6771200880140563,0.13638271089495912,4.964852829003882,7.148158762015924e-07,-1.2129317069314283,0.17780256504211162,-6.821789700526264,1.0275015213934551e-11,-0.8931408335973949,0.380829068587228,-2.345253835036028,0.019060438759920802,-0.49386097245952837,0.3964514158928222,-1.2457036415101117,0.21294271867079023,-0.017694965607437968,0.16871065003535463,-0.10488351271084458,0.9164732512157341,-1.2006727499468302,0.16953983663908648,-7.081950612603231,1.6588164874122942e-12,0.14728607633660434,0.15553948854684205,0.9469368692970074,0.34372543867074024,0.6182699295804587,0.13699899205895383,4.512952396864372,6.568063535317271e-06,0.6529691383802285,0.08195508422635849,7.967402444206383,2.0702618695546745e-15,0.3988324020614109,0.07515428308710269,5.306848601019454,1.1729142831247402e-07,-0.07620295844152315,0.18891400383048737,-0.4033737938766049,0.6866938007748243,-0.17185411407695297,0.12276606258725613,-1.3998503369349933,0.1616320165307694,0.15377820074116696,0.10155058935349257,1.5143014109536348,0.1300246754513058,-0.12466852179674853,0.1751958166846771,-0.7115953117826486,0.4767549405735031,-0.21489848382822305,0.08154925088509617,-2.63519874794457,0.008439706976431571,-0.33695176486272593,0.07518355378462181,-4.48172170509512,7.601547607356729e-06,-0.06985960334277488,0.29689762062541364,-0.23529862986310202,0.8139884326352572,-0.16684237690364667,0.12522127305007752,-1.3323804561300407,0.18280750258752426,0.4800729586963763,0.09773510102065035,4.911980994371123,9.359174024579467e-07,0.6819731259666875,0.17196318671715968,3.965808839588313,7.436596785252036e-05,0.10348137603802937,0.08725980322220149,1.1858997180468158,0.23572900536195718,0.17834705849583318,0.12421681132926721,1.4357723128400104,0.15114162858851685,0.13073283819038045,0.0762273655601316,1.7150381261340124,0.08641201799180863,0.09029121490783697,0.14145496383776657,0.6383036159225289,0.523310868150662
4.266,0.1741681171894155,0.16964462747647346,4223,0.6773757455535085,0.13677240871024146,4.952575975967197,7.611572692228792e-07,-1.238905854248646,0.17831061529785022,-6.948020745591486,4.275499401270778e-12,-0.8816430049297008,0.3819172435842682,-2.308466087196114,0.02102157358215433,-0.4712904493827966,0.3975842299395969,-1.1853851684570023,0.2359322717373538,-0.037576136934378265,0.169192721196004,-0.22209074166286144,0.8242540456441847,-1.1979616969858293,0.1700242771045093,-7.045827321762261,2.145012572643391e-12,0.12610792221286427,0.1559839246375979,0.8084674270496436,0.4188673513372,0.6245043991734809,0.13739045082635123,4.545471649720375,5.635441961696168e-06,0.6539971396037347,0.08218926139635836,7.957209110930299,2.245333339773711e-15,0.41138650451382336,0.07536902775478063,5.4582965545516045,5.084570598089651e-08,-0.10800563724393442,0.18945380373683826,-0.5700895686104047,0.5686474501088914,-0.13603073003950517,0.1231168524056072,-1.1048912263558635,0.2692700302777344,0.14200620435582023,0.10184075841196047,1.3943946075242761,0.16327224478792815,-0.14157604119257716,0.17569641845861608,-0.805799244142955,0.420404243459218,-0.20598621002885736,0.08178226843328312,-2.5187148018142604,0.01181526028650639,-0.3543152944100162,0.07539838208993094,-4.6992426705842165,2.69487631002823e-06,-0.029805734282115012,0.2977459712217686,-0.10010457625945494,0.9202660811717249,-0.18094421754835166,0.1255790783482291,-1.4408786871854224,0.14969352007933265,0.4942273247608391,0.09801436776270449,5.042396702056755,4.791255349786284e-07,0.686077565393556,0.1724545516250202,3.9783094092253455,7.057714479753205e-05,0.11050185963260163,0.08750913801291298,1.2627465215837894,0.2067504079738595,0.1861967859428811,0.12457174649427971,1.4946951550641638,0.1350691625019104,0.1270948646040077,0.07644517643680783,1.6625622508578892,0.09647472853956883,0.1178577874272499,0.14185915502891305,0.830808469169499,0.40612907395989983
4.32,0.17404187731691867,0.1695176961257514,4223,0.6737269414733091,0.13739529541831286,4.903566307871636,9.766950421921921e-07,-1.2518112873013403,0.17912267463952902,-6.988569648262102,3.2156833011236426e-12,-0.9135565126704808,0.38365656496388867,-2.381183058229353,0.01730145493143157,-0.440243816239131,0.3993949016569667,-1.1022770055719155,0.2704044367560939,-0.03618186051872994,0.16996325597073836,-0.2128804859149037,0.8314305174088608,-1.1694988497855598,0.17079859893781277,-6.847239128766921,8.620613320439656e-12,0.12977368612180845,0.15669430412309346,0.8281965757980767,0.4076062518699527,0.6190396041831802,0.13801615221190608,4.48526925480957,7.476754835322452e-06,0.6461588732668084,0.0825635664111838,7.82619866550825,6.318629490078496e-15,0.4257669379965617,0.07571227217104426,5.623486467751181,1.9930026294570238e-08,-0.13011773719387665,0.1903166112084187,-0.6836909104659429,0.4942080895359805,-0.14243344339286873,0.1236775491983756,-1.1516515674514956,0.24952984972772485,0.14999050056459295,0.10230455995901894,1.4661174499423681,0.14269117231623304,-0.15807776224375625,0.1764965722670167,-0.8956421091544194,0.3704952776972915,-0.20151686014197598,0.08215471992728979,-2.4528944937104824,0.014211578623952444,-0.361919276652985,0.07574176019123648,-4.778332002572869,1.827941237872187e-06,-0.006788969393514005,0.29910196114403986,-0.022697843128633353,0.981892374821441,-0.19110929784296482,0.12615098857085802,-1.5149250910199585,0.12986664304325096,0.5093824500745712,0.09846074322289508,5.17345729273476,2.4052338847306006e-07,0.6984808348192982,0.17323994137553056,4.031869494259456,5.6316602786412006e-05,0.10523698527994549,0.08790767072442285,1.1971308580095064,0.23132313333591303,0.19263476732530238,0.1251390691423506,1.5393655126695307,0.12379043792246082,0.12848643309864288,0.07679332183212319,1.6731459198955514,0.09437306260935566,0.12889849267354947,0.1425052077154088,0.9045177698415574,0.36577280788823474
4.374,0.17400769728947074,0.16948332887738626,4223,0.676094782405279,0.1383894157389654,4.885451526730562,1.0703656659840632e-06,-1.257496325573132,0.1804187123983667,-6.969877508030125,3.667638431014181e-12,-0.93899873561025,0.38643250271504054,-2.4299165546710695,0.015143940831023418,-0.41033759623900434,0.40228471376074637,-1.0200178684468915,0.3077787504092838,-0.06562160976953343,0.17119302097841463,-0.38331942151898546,0.7015023456620624,-1.1368416600336686,0.17203440804922457,-6.6082225813128135,4.3762311074201043e-11,0.12065616529896961,0.1578280619521735,0.7644785331998307,0.4446250825199626,0.6127652789912177,0.13901476472679897,4.407915088699137,1.0697768590564124e-05,0.6446510314485298,0.08316095308927209,7.751847561878063,1.1285229533848194e-14,0.43956942004711397,0.07626008647617644,5.764082370722658,8.799228350102363e-09,-0.15608936395667639,0.1916936424232357,-0.8142646880904402,0.41553950889151703,-0.15477803465560505,0.12457241509965902,-1.2424743835284984,0.21413096829521194,0.16434955621720257,0.10304478211612433,1.5949333177490927,0.1108024059014497,-0.18079803161878658,0.1777736089259646,-1.0170127765931867,0.3092059455482859,-0.17646709424208656,0.08274914840658074,-2.1325548073924683,0.0330191136385235,-0.3561342667341054,0.07628978785622205,-4.668177442114355,3.1336394020301734e-06,0.053601140560388914,0.30126610611432453,0.17791958495340443,0.8587947120077049,-0.19027256424164118,0.12706375098260492,-1.4974574791805852,0.1343494248891245,0.5220717719131281,0.09917315353742895,5.264244942217079,1.4780146153393237e-07,0.7107814684805988,0.17449341476081445,4.073399958702724,4.718652567971486e-05,0.09163417515320299,0.08854372453938292,1.034903101602028,0.30077376278543744,0.1821780555197537,0.1260445098356669,1.445347010808103,0.14843506330603173,0.13791251764027973,0.07734895804580355,1.7829912790630276,0.07465994089734958,0.16069270523274584,0.1435363006822923,1.119526589921166,0.26297958742766303
4.428,0.17432236878486995,0.1697997239842154,4223,0.7073023506957047,0.13907421775582152,5.085790609568952,3.820664135808161e-07,-1.278352356176941,0.18131149092098167,-7.050586533062411,2.07373464317056e-12,-1.0386933532837186,0.38834471367297363,-2.6746684497382027,0.0075093119890441646,-0.4038207902548335,0.4042753673223841,-0.9988755756489409,0.3179125268843535,-0.06262614717870923,0.17204014736746476,-0.3640205390253736,0.715861000086819,-1.1378161554478792,0.17288569793271516,-6.5813203119364,5.236492941837197e-11,0.13828765257511152,0.15860905358050154,0.8718774209501481,0.3833251011191936,0.6095052320345937,0.13970266120175232,4.362874885785988,1.3144643339951861e-05,0.6479806376091546,0.08357246424491298,7.753518380291113,1.1139734294274243e-14,0.4386331605106885,0.0766374495913081,5.723483268947881,1.116380654456436e-08,-0.194839248514561,0.19264221347000948,-1.0114047435656857,0.3118810274505781,-0.1652387449944597,0.12518884548668943,-1.3199158787036545,0.1869350570053705,0.16322245693434898,0.10355468581246426,1.5761957622076321,0.11505602640223679,-0.18262448533719122,0.17865329849822145,-1.0222284551830387,0.3067316745226233,-0.16297091016535564,0.08315862180033246,-1.9597596333024379,0.05008994445428821,-0.35932963731124207,0.07666729794476818,-4.6868697207785575,2.8620581084599594e-06,0.0946408330325515,0.3027568822403443,0.31259680153999153,0.7546025314542205,-0.1674786042785378,0.1276925094210849,-1.3115773590622484,0.1897344836672362,0.5269338058716446,0.09966389898351503,5.287108082725144,1.3058274039898765e-07,0.7134303379216312,0.17535687271905678,4.068448113035377,4.8196382675169165e-05,0.08475661413954916,0.08898187163915022,0.9525155245471142,0.3408904219087464,0.1603312265326824,0.12666822469195269,1.2657572719803685,0.20567022113024597,0.13832816226080738,0.07773170930021592,1.779558992155382,0.07522047108400108,0.17895552763188116,0.14424657138958905,1.2406224002964221,0.21481458559549282
4.482,0.1734594963219399,0.1689321251419933,4223,0.7371673609690356,0.1396799695530002,5.2775452581218145,1.3753450441245964e-07,-1.29016043430452,0.18210121142595234,-7.084853660235736,1.624814501882128e-12,-1.0692553344790259,0.3900361882829208,-2.741425966616768,0.006143219737378483,-0.4808245881151213,0.40603622950275287,-1.1841913434768052,0.23640435501048224,-0.059818150494325775,0.17278948559949922,-0.34619091715438927,0.7292165850860594,-1.1487234774691066,0.1736387190456083,-6.615595207007837,4.1657046901784907e-11,0.14147743396022922,0.1592998913274654,0.8881200908630918,0.3745270261006991,0.6197490965703722,0.14031115024781105,4.416962554122036,1.026179359095089e-05,0.6403271270629503,0.08393647255089452,7.628711424282104,2.9153722435955857e-14,0.4362237334748355,0.07697125174076638,5.667359223207199,1.5473439051389125e-08,-0.1819165428636149,0.1934812860810582,-0.9402281044762215,0.34715465234672394,-0.14992122595412724,0.1257341181430018,-1.1923671010569827,0.23318471209917127,0.17078723647593613,0.10400572870200477,1.6420945135173513,0.10064530064729281,-0.17290972660730647,0.1794314409777082,-0.9636534470499406,0.33527519307453846,-0.16306544685692284,0.0835208275737627,-1.9523926138412493,0.05095797142640991,-0.37025286241289274,0.07700123010174363,-4.808401916744297,1.5746831580657355e-06,0.07087769724491388,0.30407557040904065,0.23309237617993983,0.8157010361057757,-0.14981128591780601,0.12824868703844805,-1.1681311472053795,0.24282018736218108,0.5277844654567032,0.10009799515818556,5.272677685728288,1.4120922642719543e-07,0.7273228493441168,0.176120657283236,4.12968507251504,3.7032333995138635e-05,0.07488942400762459,0.08936944116520265,0.837975744630525,0.4020920211747002,0.1417053949325903,0.12721994093376035,1.1138615054566963,0.26540235992576405,0.13859138881668553,0.0780702776083192,1.7752132189410479,0.07593510968022871,0.167957341049713,0.14487485189525054,1.1593270940573723,0.2463888026973972
4.536,0.1727339996553432,0.1682026545712928,4223,0.7466942408889645,0.14054166008887914,5.312974390773184,1.1344015789704373e-07,-1.2737057401667569,0.18322460006184618,-6.951608789086325,4.169338056700261e-12,-1.1092098207355474,0.3924423349420964,-2.826427533357755,0.004729295158228881,-0.46561673470005654,0.4085410809664679,-1.1397060329858806,0.25447380078229914,-0.07271434882642322,0.17385542987853192,-0.41824606155371025,0.675788609941229,-1.157137192411801,0.17470990227497585,-6.623191801633449,3.9591579100147276e-11,0.1486950771442272,0.16028261783551592,0.9277055687773954,0.35361363981193117,0.645746985270359,0.14117673455910312,4.574032593167958,4.92215817273488e-06,0.6326925500939045,0.0844542795367038,7.4915392513524015,8.251743684432716e-14,0.4488389699902257,0.07744609003985843,5.795502003512715,7.311075088472907e-09,-0.1966187643650431,0.1946748787888693,-1.0099852923410935,0.3125605313757746,-0.1470580745487753,0.12650977624192344,-1.1624245881801067,0.24512910220771977,0.16004096043094249,0.10464734361920809,1.5293361006209703,0.12625646941073312,-0.15456043056190943,0.18053835970789128,-0.8561085345628829,0.3919865986183455,-0.15582862769443417,0.08403607043141367,-1.8543064531035425,0.06376539671101422,-0.38229072119186724,0.07747625333837553,-4.93429540948789,8.355649880207383e-07,0.09621361693144813,0.30595142306029743,0.3144735068366921,0.7531770588112014,-0.13452406339362752,0.12903985759936373,-1.0425000918033471,0.29723989918496196,0.5317888693858412,0.10071550313276696,5.280109346073734,1.3563615964991912e-07,0.7477075097411677,0.17720715167494736,4.21939804727912,2.5012706627590507e-05,0.051679316005376855,0.08992076432123774,0.5747206042505922,0.5655110596025443,0.1207737041841663,0.1280047651245768,0.9435094394074073,0.3454746717845679,0.1404216736800371,0.07855189583578456,1.7876293396354614,0.07390792207653953,0.16221582890620245,0.14576858983895502,1.112831159891293,0.2658446528995642
4.59,0.17238707729688363,0.16785383194747372,4223,0.7662955626157056,0.14102979732462448,5.4335720333755795,5.8366568534047236e-08,-1.2898998864956681,0.18386098609669288,-7.015625847983362,2.6567415935006052e-12,-1.1504357213173448,0.3938053878364975,-2.9213305781255325,0.003503976626266104,-0.5119143596871089,0.40996004893529125,-1.248693283690944,0.2118468910943311,-0.0588195005308091,0.17445927438205175,-0.33715318798127714,0.736018274761957,-1.151090461072192,0.17531671458030873,-6.56577704999658,5.806787686563305e-11,0.16039557054972045,0.16083932048125651,0.997241035772793,0.31870499003593056,0.6472136069028698,0.1416670775713861,4.5685533858545115,5.051921928308115e-06,0.6312472043552054,0.08474761091285118,7.4485545675657825,1.1390730948120883e-13,0.44073235040380687,0.07771508017621681,5.6711303572544525,1.5139145720035703e-08,-0.17747967725254654,0.19535103457883904,-0.9085166998740412,0.36365743430213004,-0.1455139588093992,0.12694917714575824,-1.1462379046563302,0.2517620437481817,0.15698277584029052,0.10501081068662474,1.494920140258335,0.13501043019716155,-0.15885786324992593,0.18116541574094278,-0.8768663853430199,0.38060937905380476,-0.14285744390791713,0.08432794926006382,-1.694069939580184,0.09032615419739812,-0.38930704130937377,0.07774534823960683,-5.007464113602671,5.741510717178586e-07,0.06497013210279821,0.3070140708320013,0.21161939557600928,0.8324142467092416,-0.11675560852960132,0.12948804612474255,-0.9016709420198108,0.3672834082464389,0.5291479033141409,0.10106531390962016,5.235702367553548,1.7239777436279272e-07,0.7513356182077024,0.17782263756801428,4.2251966818360165,2.437990358306111e-05,0.036697367387870564,0.09023308220124655,0.4066952662220331,0.6842525452412163,0.10169897694643928,0.12844935850827974,0.7917437512144824,0.42855482859764227,0.14884332275585788,0.07882472671932177,1.8882821285997928,0.05905696031952893,0.1474391670723293,0.14627488154247897,1.0079595725361241,0.3135319497933216
4.644,0.1726060178711003,0.1680739717675125,4223,0.7761072358300377,0.14126798546257915,5.4938649637332215,4.1651053875214435e-08,-1.2829579006763527,0.18417151271412877,-6.966103941752173,3.766162796088643e-12,-1.1391110609533275,0.39447049389085415,-2.8876964908521336,0.003900574326136922,-0.576844962048286,0.4106524389304846,-1.4047036066573428,0.16018340084694851,-0.05289400283384542,0.1747539222543616,-0.30267705669493356,0.7621509767459128,-1.153527006168421,0.17561281060108155,-6.568581199857619,5.699591812742197e-11,0.16872078248791045,0.16111096533207586,1.0472333906022444,0.29505222428632466,0.6686553961748866,0.14190634202511385,4.711948646076378,2.532970145252261e-06,0.6349425979241914,0.08489074290355367,7.479526933172965,9.031242083796423e-14,0.4368953763686253,0.07784633478048716,5.612279339812114,2.12549140425612e-08,-0.1893398153238604,0.19568096697650642,-0.9675944382807178,0.33330268221693027,-0.12019410168170173,0.12716358423342938,-0.9451927798847347,0.34461484906438355,0.14492490555824356,0.10518816561400215,1.3777681615825406,0.1683483001272858,-0.15014680559913932,0.18147138975392244,-0.8273855498805643,0.40806558533715076,-0.13165799654688026,0.08447037247553196,-1.558629288452787,0.11915950794342571,-0.38588469400325354,0.0778766539642347,-4.955075421967581,7.514938924126256e-07,0.06341290817975537,0.3075325932382204,0.20619898369807768,0.8366454784189615,-0.10027270662296904,0.12970674116067776,-0.7730724380682226,0.4395230264082477,0.5331748556427008,0.10123600520598874,5.266652457866445,1.458896320076481e-07,0.7540166039297245,0.17812296589388588,4.233124011526502,2.353941084683169e-05,0.02961143381685022,0.09038547871772142,0.3276127342239153,0.7432208248234959,0.08797643960368723,0.12866629928324333,0.6837566642840773,0.4941665649747806,0.1549847207431177,0.07895785542856075,1.9628790561990923,0.04972614985958924,0.12912737301508595,0.14652192821151694,0.8812836043809056,0.3782147786690301
4.6979999999999995,0.17280843988484118,0.168277502546749,4223,0.7891625805063001,0.1418900732402597,5.561788520399355,2.8362498296422945e-08,-1.2913909764765492,0.18498253048776825,-6.98115099340119,3.3881134128417723e-12,-1.1458911055874013,0.39620758437247716,-2.8921483353285384,0.0038458363927162246,-0.6346087354385161,0.41246078823409255,-1.5385916759639786,0.12397935994942173,-0.05784466232797592,0.17552346872152608,-0.32955514581214457,0.7417525569451822,-1.1598002552878381,0.1763861392694372,-6.57534804090357,5.448823141315806e-11,0.16845632664319374,0.161820433666711,1.0410077567221836,0.29793188242663393,0.6829103384275574,0.14253124087010063,4.791302834793564,1.7142312319692729e-06,0.630314534178148,0.08526456782521301,7.392455626705961,1.7303413612985997e-13,0.44416576675776154,0.07818913894270123,5.680658116509715,1.4325512793895351e-08,-0.217854067842333,0.19654266778920074,-1.1084314174263143,0.26773902623285345,-0.09661241705387255,0.12772356186217967,-0.7564181239959652,0.4494409804640783,0.14629741583175113,0.10565137227735788,1.3847185576320629,0.1662121130752668,-0.13617470653775848,0.18227051726462457,-0.7471022114896227,0.45504369683690626,-0.12366488088781658,0.08484234625374563,-1.4575844062346048,0.1450299116022923,-0.38260093899166137,0.07821959164002282,-4.891369680788451,1.0388504267690924e-06,0.07392384215705633,0.3088868439332059,0.23932337556287026,0.8108665212805453,-0.08137830965758046,0.1302779178366572,-0.6246515987430256,0.5322336854055822,0.542019711120945,0.10168180813362045,5.330547529295259,1.0305904224815023e-07,0.7545029279948982,0.1789073482834553,4.217283053122485,2.5247381483827286e-05,0.021614877217342662,0.090783500261003,0.23809257359762276,0.8118209118118848,0.08736670833177815,0.12923289426880497,0.6760407930666246,0.4990519774554929,0.15430536565857242,0.07930555428370571,1.945706918667566,0.0517565942873164,0.12258758908883452,0.14716715225434662,0.8329820018326397,0.4049022556004107
4.752,0.1741983967154308,0.1696750728584302,4223,0.7893785815216628,0.14197021602202356,5.560170320507282,2.8624795228525443e-08,-1.2892467647984038,0.18508701288200807,-6.96562521985425,3.778845861655252e-12,-1.1080381424834407,0.39643137154266056,-2.7950314279408714,0.005213032522424408,-0.6344570260723559,0.412693755588205,-1.5373555269041463,0.12428161628001577,-0.07468335102968764,0.17562260841979352,-0.4252490707299531,0.6706769071934164,-1.158750670022298,0.17648576622390147,-6.565689091052423,5.810181858699924e-11,0.15564570223841095,0.16191183357513395,0.9612991144725982,0.33645714455224884,0.7035335332103956,0.14261174579811095,4.933208897157436,8.402013525828185e-07,0.6359419538862096,0.08531272721716593,7.454244807663944,1.091594604407896e-13,0.45905137056171796,0.07823330196944081,5.867723322492905,4.758638723042489e-09,-0.23742780663400667,0.1966536796152729,-1.2073397614451098,0.22736932727926784,-0.07306702830651228,0.12779570307199561,-0.5717487094644245,0.5675228335680453,0.14920854819222898,0.10571104660606966,1.411475460537743,0.15817855785581308,-0.12660162511369888,0.18237346785132552,-0.6941888346220791,0.48760219700032403,-0.12140741635554908,0.08489026716522924,-1.430168856922589,0.15274296442976457,-0.3900849743069711,0.0782637718671473,-4.984234275970498,6.47143349859268e-07,0.08526006276804332,0.3090613103377806,0.2758677968292457,0.7826631841835361,-0.06793652275993034,0.1303515018055664,-0.5211794403509453,0.6022692591838995,0.5567345708941083,0.10173924036106605,5.4721714936959716,4.7046079431078074e-08,0.7572469018170489,0.17900839927484602,4.230231122587643,2.3842881057121794e-05,0.02072756744988967,0.09083477687312272,0.22818977668477974,0.8195098198685862,0.07636047653800165,0.1293058879843312,0.5905413723097801,0.5548595381738847,0.14439205542564382,0.07935034788754619,1.8196776607743863,0.06887928072460109,0.13616726142549648,0.14725027565189366,0.9247334908044728,0.3551576928157083
4.806,0.1745450071856811,0.170023581885674,4223,0.8034009831214922,0.14212045738444992,5.6529580463438345,1.6817285588941094e-08,-1.2852536072841891,0.18528288301422302,-6.936709891250603,4.6278074697549814e-12,-1.065671817828334,0.3968508988987356,-2.685320408207671,0.00727451868336584,-0.7362637631946963,0.4131304927704236,-1.7821578800861784,0.07479572935526009,-0.10415539957360485,0.17580846275390097,-0.5924367800166876,0.5535900434810357,-1.130143273126747,0.17667253400315333,-6.396824947937723,1.7600109594540934e-10,0.12795213807698422,0.16208317834836092,0.7894226864306684,0.4299095732499042,0.7005817973964575,0.14276266606566473,4.907317975374737,9.583073963919782e-07,0.6289879926205006,0.0854030102408068,7.3649393721248595,2.121894939269205e-13,0.47245640569857783,0.07831609312243291,6.032686091222382,1.7515407090991885e-09,-0.24523737238583748,0.196861790285098,-1.2457337304038598,0.21293166948984665,-0.04291579897615107,0.1279309441181795,-0.33546066021764437,0.737294374381352,0.1640768269287513,0.10582291634967242,1.5504848343679125,0.12110055259559858,-0.14066371542907136,0.18256646634810988,-0.7704794765587446,0.44105887152544365,-0.12432097420446929,0.08498010311640976,-1.4629421434587877,0.1435580550683111,-0.3731620280344541,0.07834659526520513,-4.762964194822909,1.972058950764374e-06,0.08371373669692588,0.3093883774765051,0.2705781561018176,0.7867287966659808,-0.08368545487875648,0.13048944755062714,-0.6413197116670166,0.5213499872093197,0.5739775725847986,0.10184690690206573,5.635689782280044,1.8578594158778172e-08,0.78683137938572,0.17919783665506842,4.390853115600184,1.1568538361114279e-05,0.027673935059072993,0.09093090365953964,0.3043402621697106,0.7608837554630119,0.08926210237585422,0.12944272719839214,0.6895876215513094,0.49049165982987264,0.13820929465006532,0.07943432116524962,1.739919125922211,0.08194648646391778,0.1507536537900936,0.14740610468879647,1.0227097046514082,0.30650403713205465
4.86,0.1721880997161025,0.16765376446806013,4223,0.8098230305178343,0.14268795942514217,5.6754825969929765,1.4762059274878433e-08,-1.2674882053285779,0.1860227371925098,-6.813619799696256,1.0869317050944209e-11,-1.059452921085287,0.3984355665751585,-2.659031999055833,0.007866294997202303,-0.7803333274624464,0.41478016658962036,-1.8813178409142715,0.0599978232792969,-0.14570438392964902,0.1765104845684939,-0.8254715536351568,0.4091508205678305,-1.1259356148827628,0.17737800614577273,-6.3476619190174395,2.4179004534075746e-10,0.09494864239121004,0.16273039364844794,0.5834720869435789,0.5596068794461433,0.7010169811191267,0.14333273251364814,4.890836648581829,1.0416519012027653e-06,0.6246451941339943,0.08574403350716044,7.284998950764669,3.8224252372575537e-13,0.48092530254760135,0.07862881757803888,6.116400034507505,1.04435813807348e-09,-0.2642656769375088,0.19764788026663324,-1.3370529275649505,0.18127778909705888,-0.02154232251569836,0.1284417859293507,-0.16772051524998022,0.8668112329189586,0.1655864200658254,0.10624547846413276,1.5585267482392247,0.11918379354038289,-0.13018035618141577,0.18329547358690773,-0.7102213362606145,0.4776063323845329,-0.13104618233370544,0.0853194376698185,-1.5359475626274859,0.1246265841043535,-0.36350850514128386,0.07865944151909818,-4.62129527137598,3.927912902843981e-06,0.12100520602246914,0.31062379804026974,0.3895554905512483,0.6968850261515267,-0.10782789155293931,0.13101050573701803,-0.8230476704622911,0.410527624102197,0.5899544637831732,0.10225359238963608,5.769523104236366,8.521978833158696e-09,0.8079220185961268,0.17991339259867398,4.490616328926262,7.292356071601433e-06,0.04047817945348928,0.09129400038986599,0.4433826897784022,0.657511797444486,0.11131746839435692,0.12995960571954088,0.8565543714758985,0.3917400904208761,0.13217155903903977,0.07975151082388081,1.6572922277412492,0.09753511189044994,0.16623120017046344,0.14799471287906635,1.123223910750778,0.26140662474458604
4.914,0.17138688888655718,0.16684816501048916,4223,0.8393065528808888,0.14276714307190913,5.8788495365361895,4.452048409484189e-09,-1.2941356248682945,0.1861259691594664,-6.9530094629595895,4.128600919713107e-12,-1.090403618888545,0.39865667549906625,-2.7351946823002566,0.006260524703795933,-0.8740697754941138,0.41501034583059837,-2.1061397246489304,0.03525141930154175,-0.1736667942322595,0.17660843777994245,-0.9833436975907782,0.3254949652075405,-1.1251944586170384,0.17747644078202,-6.339965201347621,2.5406258404056343e-10,0.06914947080196185,0.16282069969852267,0.424697049760862,0.6710792942762809,0.686931921203005,0.1434122739725577,4.789910250878883,1.7261056492456924e-06,0.6213095702366809,0.08579161653581233,7.242077901368431,5.22997133590272e-13,0.4782817944127046,0.0786724520692874,6.079406219491904,1.3135469856785294e-09,-0.2422800667495746,0.19775756352230756,-1.2251367908982393,0.2205924029319421,-0.01780494224844964,0.1285130637656035,-0.1385457768007483,0.8898157373662998,0.17024210605216106,0.10630443862076536,1.6014581165278474,0.10935071150473742,-0.1302853939575402,0.18339719207873398,-0.7104001565171597,0.4774954783138088,-0.13712217375182817,0.08536678507209422,-1.6062707953219197,0.10828961641684687,-0.3554063900585952,0.07870309300488036,-4.515786819668657,6.481232421592419e-06,0.11685813231659128,0.3107961764609895,0.37599604231701056,0.7069388329579982,-0.11687357577353652,0.13108320906567192,-0.8915983718020173,0.3726593302358251,0.5879830501397159,0.10231033727808395,5.747054166594646,9.724835337186475e-09,0.8231730546020041,0.18001323422921922,4.5728474249499875,4.949952881113014e-06,0.049115691750265825,0.09134466333233106,0.5376963465459677,0.5908151967671698,0.11942286500737587,0.13003172585886258,0.9184132888999593,0.3584552866982068,0.12293815291290786,0.07979576834559218,1.5406600558123307,0.12347489488788417,0.17648571370290017,0.14807684147012062,1.1918522299012704,0.233386547818411
4.968,0.17065209183529528,0.1661093431123164,4223,0.857005532611729,0.14315309113576682,5.9866365847381,2.3212363048700025e-09,-1.3136119146387613,0.18662913085259175,-7.038622044895618,2.2575223375031867e-12,-1.0957484750781596,0.3997343798555603,-2.741191476885467,0.006147597940310046,-0.8894438424310229,0.4161322597108359,-2.137406609737693,0.032622532582270276,-0.17172146053512471,0.17708587035410112,-0.9697072961933682,0.33224826413658504,-1.1247593228646937,0.17795621986302096,-6.320427146241136,2.880145120735976e-10,0.0723424402593831,0.16326085933506415,0.44310951537326526,0.6577093500478651,0.6872663471066165,0.14379996604429202,4.77932204027733,1.8190124415244673e-06,0.6252610592311623,0.08602354040558215,7.268487861382981,4.3132774822477277e-13,0.4754393569100219,0.07888513042021429,6.026983214420733,1.813900770879e-09,-0.2049572753720336,0.19829216936446695,-1.0336125527746685,0.3013768537857437,-0.0043935185744435196,0.12886047821316846,-0.034095159628194975,0.9728028888635567,0.16868889390626418,0.106591815613695,1.582568914274042,0.1135950647214544,-0.1325798882639434,0.18389297696086243,-0.7209622164752931,0.4709728981696213,-0.14926810644595104,0.08559756047816743,-1.7438359879896748,0.0812608726632902,-0.36042860175631525,0.0789158541886602,-4.567252112543273,5.083218048135938e-06,0.06482778710525045,0.31163636405582756,0.208023820652833,0.835220456699876,-0.12607926586438703,0.13143757148866772,-0.9592330749602851,0.3374965698194121,0.5722813077489564,0.10258691685889978,5.578501872086517,2.5786323563873212e-08,0.8006232480321267,0.1804998711242682,4.435589028653234,9.417072693883004e-06,0.06395860749395538,0.09159159897311143,0.6983021173451914,0.48502694456931517,0.13220926597677946,0.13038324576572255,1.0140050218901435,0.3106387796017949,0.12951999067469414,0.08001148340183244,1.6187675214596489,0.10557239436766822,0.17189239296167508,0.14847714345164006,1.1577027208747555,0.2470512198339245
5.022,0.1714134645613048,0.16687488625335278,4223,0.8877351627154193,0.14355135757668536,6.1840945129424485,6.841282691289842e-10,-1.335997795144122,0.18714835205226452,-7.138709908442158,1.10487152284047e-12,-1.143066841505844,0.4008464815050235,-2.8516324684055356,0.004370773550852097,-0.8867802614504867,0.41728998192774025,-2.1250935796585826,0.033637039749860785,-0.15199851761420424,0.17757854123367017,-0.8559509305473686,0.39207376215021406,-1.1164481810427282,0.17845131214333323,-6.256318138731252,4.3356018656274104e-10,0.08307851536811012,0.16371506762964444,0.5074579668870186,0.6118601728370294,0.6730192696508874,0.1442000321569151,4.667261578128662,3.147562481674471e-06,0.6312082654459416,0.0862628666331943,7.317265123241918,3.0163479894081693e-13,0.4711846133054629,0.07910459686613305,5.956475754535961,2.788345915465749e-09,-0.18002783883879558,0.19884383832200206,-0.9053729819239539,0.3653197690110449,0.0109394981302975,0.12921898115310387,0.08465860071544706,0.9325368454751761,0.152920340638462,0.1068883648722454,1.4306546911933278,0.15260361518299687,-0.15419908568262986,0.18440458590247205,-0.836199842471286,0.4030900685177845,-0.1600132613781488,0.0858357015863508,-1.8641807362310112,0.062366059051033054,-0.3518328667040129,0.07913540611122367,-4.445960209132141,8.975971959932958e-06,0.024481281619970208,0.31250336807640855,0.07833925685557545,0.9375619236613768,-0.11539151319265789,0.1318032441638747,-0.8754831030500915,0.3813611758776193,0.5636373989084444,0.10287232408229986,5.478999370691028,4.527883722435916e-08,0.7911988991531625,0.1810020401007714,4.371215367034919,1.2654541019625185e-05,0.07679473020652856,0.09184641610525747,0.8361211407369512,0.4031343327951584,0.14264804085212293,0.13074598519967073,1.0910319015476904,0.2753214458195457,0.11532867358965143,0.08023408347616011,1.4374025176459946,0.15067816571814602,0.17236182004679393,0.1488902219469144,1.1576436504221757,0.24707533217303576
5.076,0.17185316405686413,0.16731699420054302,4223,0.8965554648958612,0.14398106766928354,6.226898295789826,5.223951578041473e-10,-1.3250777408492134,0.18770856643858275,-7.059228920608542,1.950193047424517e-12,-1.1487966317823393,0.40204638502103984,-2.857373364325165,0.004292640395651632,-0.8687158596204634,0.4185391078141233,-2.0755906518687075,0.03799255566269835,-0.14080400579786942,0.17811010911770225,-0.7905447169470909,0.42925436303147635,-1.1158038148088376,0.17898549260083546,-6.234046115107484,4.993033759099328e-10,0.08250269050024059,0.16420513625775388,0.5024367226292823,0.6153867003862259,0.6703933984467741,0.14463168400763135,4.6351766077162,3.6745646453910886e-06,0.644955561222631,0.08652108797665273,7.454316355761372,1.09101018027363e-13,0.4709631161925807,0.07934139047239436,5.935907013835927,3.1581635057325313e-09,-0.15388903256936898,0.19943906225871946,-0.771609286699005,0.4403892922934519,0.028841809785643227,0.1296057883647813,0.22253488944850722,0.8239083394634892,0.13654074030792127,0.10720832707909798,1.2736020048814112,0.20287499616566276,-0.16084362845985117,0.18495658703308726,-0.8696290899392382,0.3845528417041515,-0.16538871291578944,0.0860926442436656,-1.921055095574651,0.05479239331208966,-0.35543987479847367,0.07937229194262156,-4.4781354563305555,7.729725340306857e-06,-0.022136117468936692,0.3134388231880861,-0.07062340664689586,0.9437008442733552,-0.10163410265692285,0.13219778717071562,-0.7688033576967224,0.4420532935254553,0.5781189905827411,0.10318026457588649,5.602999691453099,2.24163191475167e-08,0.8135140668575206,0.18154385596880043,4.481088398812729,7.624034093278505e-06,0.08258496648029359,0.09212135138023958,0.896480188826327,0.3700477482852861,0.13844413554311377,0.13113736338205384,1.0557184617153883,0.2911575968373807,0.08209292167477947,0.08047425811485452,1.020114053833398,0.30773314164806304,0.16855029081594602,0.1493359135247568,1.1286654819840365,0.2591034550704744
5.13,0.17305729016250349,0.16852771590047377,4223,0.8993701618171311,0.14448572958243844,6.224629687764302,5.299397164740646e-10,-1.3095699189642416,0.18836649574684466,-6.952244419964362,4.1508027737256536e-12,-1.0820179291949379,0.4034555806960419,-2.6818762237177127,0.007349705221760147,-0.7989376253196147,0.42000611142993743,-1.9022047622106757,0.057212748117445,-0.14426530386536313,0.1787343952816723,-0.8071490864307992,0.41962631110185433,-1.0994459976099231,0.17961284703420016,-6.121199099976279,1.0136495750864292e-09,0.08084194676263133,0.1647806846930804,0.49060329439222256,0.6237326917301973,0.6901312862954436,0.14513862636842675,4.7549801425265095,2.051181201560375e-06,0.6631124567696127,0.08682434936020376,7.637401969101914,2.7277662693496564e-14,0.4733273480523365,0.07961948660375615,5.944868125160791,2.991519009869806e-09,-0.12968782450351568,0.2001381076286878,-0.6479916595600218,0.5170257740161823,0.017030241611283872,0.13006006409818782,0.13094135951237904,0.8958279689227606,0.13543999836599468,0.1075840984240789,1.2589220930412262,0.20812845612320965,-0.16141666402029733,0.1856048704954458,-0.8696790315330547,0.3845255441196722,-0.1614285835785201,0.08639440390732062,-1.8685074064715144,0.06176096019037937,-0.3514726466039625,0.07965049638541165,-4.412686204782226,1.0465701526415882e-05,-0.035936083459538797,0.3145374442688135,-0.1142505737053891,0.9090446246412413,-0.0823350533051315,0.132661148008834,-0.6206417970968316,0.5348690164435735,0.59709455121196,0.10354191733040212,5.766693978696879,8.665068191576197e-09,0.8242384763939976,0.18218017761273475,4.524303835876718,6.226879172992116e-06,0.07137503214748377,0.0924442420087266,0.7720873750119134,0.4401061301021255,0.13176580310439348,0.13159700737387706,1.0012826714975125,0.31674786428785484,0.06822753978552654,0.08075632501238057,0.8448569170906022,0.39823886572849165,0.17597206622366313,0.14985934448024357,1.1742482047681857,0.24036221457231383
5.184,0.1728449563418577,0.16831421902246313,4223,0.8956604394420308,0.14505939323241518,6.174439445000279,7.268678413125614e-10,-1.2967709266986436,0.18911438283434978,-6.8570719332041445,8.053942329268125e-12,-0.992857125109723,0.4050574537785564,-2.451151351117994,0.014280489992188065,-0.7109666605913195,0.42167369645436686,-1.6860588330964572,0.0918587603683675,-0.1712916153102188,0.17944403924353614,-0.9545684327677605,0.339850935940081,-1.0941550211088422,0.18032597878575882,-6.067650531977884,1.412460998376142e-09,0.06890933729552952,0.16543492708296823,0.41653439518832924,0.6770402943215597,0.7001863383352774,0.14571488226854742,4.805180688715505,1.6001082130965471e-06,0.6827076098737032,0.08716907526015785,7.831993259491954,6.0380523229316966e-15,0.475169162390819,0.07993560644082508,5.944399292730435,3.000021149199182e-09,-0.1213026276723076,0.20093273252108038,-0.6036976959917739,0.5460772564991792,0.014869318398928869,0.13057645233460674,0.11387442477626608,0.9093427838467787,0.13458326853067262,0.10801124847384351,1.246011600016492,0.2128296503580938,-0.15394704333588444,0.18634179287365982,-0.8261541383808672,0.40876359830475495,-0.17168957845346097,0.08673742275926032,-1.979417568469671,0.04783422135626393,-0.34862357219773776,0.07996673934318307,-4.359607194956323,1.3341554829738405e-05,-0.013027329730192484,0.3157862783152973,-0.041253628244053486,0.967095662211545,-0.053941300082662735,0.13318786354397222,-0.40500161686919706,0.6854969534893911,0.610938100013928,0.10395301837403464,5.877059748430816,4.500035332103399e-09,0.8086158397683694,0.18290350264936475,4.420997017856606,1.0072903126903028e-05,0.06776223423849341,0.09281128103357232,0.7301077356531906,0.4653650625938367,0.12367848182354327,0.13211949786338273,0.9361107468893968,0.34927000387552476,0.05975140230601426,0.0810769585330694,0.7369714329089325,0.4611808963228651,0.19313292901456156,0.150454343438176,1.2836646958877782,0.1993301340967906
5.2379999999999995,0.17140773974757662,0.16686913008198812,4223,0.8971603308228907,0.14551743713731777,6.165311515047395,7.696639059719135e-10,-1.3046927607579817,0.1897115361000325,-6.877245251285266,7.003254182128659e-12,-0.9356580434268305,0.4063364753827718,-2.3026681090971075,0.021346191280691196,-0.6835566318062767,0.4230051860064376,-1.6159533131489168,0.10617953131983497,-0.13111535116986278,0.1800106571413162,-0.7283754931627827,0.4664243778424342,-1.0728658091285193,0.18089538152237497,-5.930863464282621,3.255896305327302e-09,0.09211211181795417,0.16595730938665643,0.5550349795280564,0.5789002993947772,0.702530935338131,0.14617499596535416,4.806095123851703,1.5928507563344985e-06,0.7065518490807177,0.08744432295511367,8.080019665123373,8.388649131004433e-16,0.47750362846856764,0.08018801351698215,5.954800568384729,2.816814741021868e-09,-0.09156993321228998,0.20156720376334764,-0.45428984230886466,0.6496437073435035,0.009326696261880707,0.13098876446953925,0.07120226150426498,0.9432401724308188,0.13741579416428856,0.10835230804207911,1.268231352403887,0.20478565409301477,-0.15039624741277546,0.18693019132585553,-0.8045583559619092,0.4211201310391165,-0.15479250567063707,0.0870113074552909,-1.778992986057292,0.07531323540113113,-0.3533456251664935,0.08021924472552944,-4.4047488401999715,1.0854479477672096e-05,-0.08679466540679323,0.3167834145697035,-0.27398740405866595,0.7841077783028211,-0.03959440111235594,0.1336084215495167,-0.2963465974162552,0.7669800593304198,0.6118851910334173,0.10428126355279509,5.867642663570476,4.7609346745925936e-09,0.7876124512640835,0.18348104425289022,4.292609378102975,1.8056841981280617e-05,0.06541512542442957,0.09310434472725204,0.7026001376848988,0.48234392391712566,0.10884643361405463,0.1325366823653071,0.8212551549618866,0.4115475696612151,0.05632705014217627,0.08133296957693618,0.6925487958348084,0.4886310507342403,0.15043970474737323,0.1509294226001822,0.9967553188478946,0.31894072611979496
5.292,0.16972995821743886,0.16518215851250928,4223,0.8815122363449017,0.1459288074493353,6.040700611158986,1.667422684636772e-09,-1.2984845091885746,0.19024784085727717,-6.825225996455277,1.0034672339445393e-11,-0.8608148111307399,0.4074851677041228,-2.1125058759335804,0.03470196137116059,-0.6045589982917384,0.42420099991558646,-1.425171082604808,0.15418207708976703,-0.11770861851918758,0.18051953801258133,-0.65205472944975,0.5144015564751641,-1.0542856293092222,0.1814067634639712,-5.811721730643255,6.641776022833473e-09,0.11249590471572964,0.16642646216646764,0.6759496251455847,0.4991098547675521,0.6987984675300419,0.1465882251623657,4.7670845782874505,1.932381624903716e-06,0.7229608426145817,0.08769152355956263,8.244364030504336,2.197156612312128e-16,0.482206931131005,0.08041470090778205,5.996502202799835,2.185705971923976e-09,-0.057161280121480515,0.20213702388343666,-0.28278481113110115,0.7773557369741846,-0.008282993084108944,0.13135906297101557,-0.06305612187517347,0.9497248156927386,0.1526869419299524,0.10865861444524251,1.405198683137061,0.16003618285474527,-0.15144544675063187,0.18745863336444538,-0.807887287091233,0.4192012343913605,-0.14407163028347297,0.08725728394718828,-1.651112935977598,0.09879029608135127,-0.3495640405061101,0.08044602040534993,-4.345324215476829,1.4235775446675157e-05,-0.1417937580297289,0.3176789449931162,-0.4463429517899004,0.6553725504390647,-0.006716182006681629,0.13398612568685062,-0.050125951267361364,0.960024403727631,0.6161677574854807,0.10457606132252775,5.892053589445579,4.1131004819107776e-09,0.7536161654739043,0.18399973573006617,4.095745912263073,4.2873881046083706e-05,0.06894055426577259,0.09336754592220227,0.738378133267171,0.46032596432226736,0.09367063841066675,0.13291135675107804,0.7047602304300982,0.4809985487524999,0.04287979633457753,0.08156289369964187,0.5257267660522669,0.599105825475793,0.11807560017054998,0.15135609231680916,0.7801179216717717,0.4353654392979974
5.346,0.16850370311552532,0.1639491866048458,4223,0.8600661405558396,0.14657718062210284,5.86766737431807,4.760231170046883e-09,-1.2764174509619024,0.1910931269823737,-6.6795570888305065,2.7101212575459307e-11,-0.7468756369621617,0.4092956563640247,-1.8247827098802527,0.06810484363672743,-0.4766036440965817,0.42608575833315876,-1.1185627183622568,0.2633907221501331,-0.10770784379505614,0.1813216005227432,-0.5940155143377213,0.5525337359720397,-1.0434226867962022,0.18221276798661803,-5.726397213135101,1.0975287263960617e-08,0.1173348589513923,0.1671659080318415,0.7019066287669286,0.48277629709368963,0.6994069575544261,0.14723952817991334,4.750130390935607,2.1007221988217104e-06,0.7463448595078308,0.0880811438980614,8.473378369967527,3.25622338180239e-17,0.49134741766963386,0.08077198975071892,6.083141187756373,1.2835589560217015e-09,-0.019875702244810035,0.20303513458412603,-0.09789292028456628,0.9220219941109602,-0.03180717087844892,0.13194270162275923,-0.24106805823477542,0.8095141385583737,0.17620918962080376,0.10914139321817838,1.6145037590692464,0.10649333683499439,-0.15247711599061253,0.1882915268212042,-0.8097927642564611,0.41810517869495023,-0.146283036521334,0.08764497492492451,-1.6690407709813149,0.09518384756346286,-0.357164702580181,0.08080344840327862,-4.420166584941057,1.0111509771248802e-05,-0.1711185876582575,0.3190904175398109,-0.5362699042408822,0.591800434485996,0.015309437684318708,0.13458143658493066,0.11375593895267526,0.9094367057809563,0.6266836626804115,0.10504070099073556,5.96610320351617,2.6300870436640276e-09,0.7269208460045066,0.18481726103249907,3.9331869866672338,8.518016144843524e-05,0.07404772263316131,0.0937823852746318,0.7895696235100055,0.4298237362286347,0.08356723175071533,0.13350189236621662,0.6259629003720585,0.5313732981673853,0.02498203318968236,0.08192528405348956,0.30493679061730716,0.7604294075769844,0.1085030598231796,0.15202857934324646,0.7137017282665256,0.4754513035078922
5.4,0.16733859696083975,0.16277769858744107,4223,0.8574907000338847,0.14697407259114748,5.834299104028046,5.808478902998302e-09,-1.2582356819885496,0.19161055627878285,-6.566630286057339,5.773963423891117e-11,-0.7062224572136855,0.4104039199988298,-1.7207985177522163,0.0853610594846254,-0.4495489690360238,0.42723948509259696,-1.0522177484101023,0.29276020552347054,-0.09991007309243655,0.18181257112782898,-0.5495223596073104,0.5826762477849795,-1.0397950011392498,0.1827061516358624,-5.6910782249498935,1.3484321965842578e-08,0.11053181398849031,0.16761854879157165,0.6594247163297727,0.5096592374502587,0.7059250038931666,0.14763821360974974,4.781451811379467,1.7999466747265182e-06,0.7535237477986864,0.08831964417818026,8.531779705526118,1.9854315786762133e-17,0.49680413441184035,0.08099069878796303,6.134088751505824,9.354651867383397e-10,-0.0022264211577610812,0.20358489965675416,-0.01093608200566371,0.9912749624667561,-0.04443011606877094,0.13229996732009267,-0.3358286246683241,0.7370168818234446,0.20396125878248483,0.1094369190447415,1.863733560509855,0.062428876782557076,-0.1421377826337135,0.18880137013049228,-0.7528429615498727,0.451586490638181,-0.1537890937244052,0.0878822941756236,-1.749944003704247,0.08020101686558719,-0.35224530395734355,0.08102224262217587,-4.347513627831052,1.4095085598855293e-05,-0.19452733785211687,0.3199544294111209,-0.6079845127012189,0.543230627032624,0.039272481115948325,0.13494584727380016,0.29102400636505626,0.7710473329368037,0.6413669475968566,0.10532512323483319,6.089401349826699,1.2347869365098825e-09,0.7508103814232412,0.1853176969552894,4.051476970407123,5.181513986473804e-05,0.07548431917930651,0.09403632299805761,0.8027144913021077,0.42218520577329866,0.05993701694342844,0.13386337993684344,0.4477476735736588,0.6543584092517697,0.003764580372163713,0.08214711590456303,0.04582729814321578,0.9634500801085301,0.09983301703336805,0.15244023224822464,0.654899402611811,0.5125683969997304
