peth_time,r_squared,r_squared_adj,n_trials,Intercept_beta,Intercept_se,Intercept_tstat,Intercept_pvalue,C(Behavioral_State)[T.Exploration]_beta,C(Behavioral_State)[T.Exploration]_se,C(Behavioral_State)[T.Exploration]_tstat,C(Behavioral_State)[T.Exploration]_pvalue,C(Behavioral_State)[T.Left Bias]_beta,C(Behavioral_State)[T.Left Bias]_se,C(Behavioral_State)[T.Left Bias]_tstat,C(Behavioral_State)[T.Left Bias]_pvalue,C(Behavioral_State)[T.Right Bias]_beta,C(Behavioral_State)[T.Right Bias]_se,C(Behavioral_State)[T.Right Bias]_tstat,C(Behavioral_State)[T.Right Bias]_pvalue,Choice_beta,Choice_se,Choice_tstat,Choice_pvalue,Reward_beta,Reward_se,Reward_tstat,Reward_pvalue,Choice:Reward_beta,Choice:Reward_se,Choice:Reward_tstat,Choice:Reward_pvalue,Reward_lag1_beta,Reward_lag1_se,Reward_lag1_tstat,Reward_lag1_pvalue,Reward_lag2_beta,Reward_lag2_se,Reward_lag2_tstat,Reward_lag2_pvalue,Reward_lag3_beta,Reward_lag3_se,Reward_lag3_tstat,Reward_lag3_pvalue,Choice_lag1_beta,Choice_lag1_se,Choice_lag1_tstat,Choice_lag1_pvalue,Choice_lag2_beta,Choice_lag2_se,Choice_lag2_tstat,Choice_lag2_pvalue,Choice_lag3_beta,Choice_lag3_se,Choice_lag3_tstat,Choice_lag3_pvalue,RPE_beta,RPE_se,RPE_tstat,RPE_pvalue,RPE_abs_beta,RPE_abs_se,RPE_abs_tstat,RPE_abs_pvalue,Q_unchosen_beta,Q_unchosen_se,Q_unchosen_tstat,Q_unchosen_pvalue,belief_p_right_beta,belief_p_right_se,belief_p_right_tstat,belief_p_right_pvalue,true_switch_beta,true_switch_se,true_switch_tstat,true_switch_pvalue,trials_since_switch_beta,trials_since_switch_se,trials_since_switch_tstat,trials_since_switch_pvalue,trials_since_switch_expdecay_beta,trials_since_switch_expdecay_se,trials_since_switch_expdecay_tstat,trials_since_switch_expdecay_pvalue,first_win_after_switch_beta,first_win_after_switch_se,first_win_after_switch_tstat,first_win_after_switch_pvalue,first_loss_after_switch_beta,first_loss_after_switch_se,first_loss_after_switch_tstat,first_loss_after_switch_pvalue,detected_switch_beta,detected_switch_se,detected_switch_tstat,detected_switch_pvalue,Choice:RPE_beta,Choice:RPE_se,Choice:RPE_tstat,Choice:RPE_pvalue
-2.16,0.061339195638017596,0.05991904049393615,15226,0.34335037453691875,0.028661837282157574,11.97935677175376,6.412310735041529e-33,0.021692487138218634,0.034661531243563894,0.6258375311173419,0.5314309075147842,-0.24737930131143776,0.07676674307312478,-3.2224800923987957,0.0012735379409132125,-0.2095473703077476,0.0733251415478544,-2.8577833725829236,0.004271908917418945,-0.059359066181952094,0.028439567364990915,-2.08720004141213,0.036886669042309556,0.2286235729971815,0.030767400122993692,7.430708219844747,1.1376217873002843e-13,0.037023704600438787,0.029077029915881986,1.273297331520655,0.20293202293694265,0.11762532471962397,0.025057054389640513,4.694299772452683,2.698565013795627e-06,-0.20475828170770344,0.016043491461066792,-12.762700825103833,4.10646305242668e-37,-0.12129160274360716,0.014843493152437284,-8.171365156300235,3.287602107020577e-16,0.03182543674886803,0.03927518496673142,0.8103192073016638,0.41776942333304723,0.00027513151928052187,0.023411008796355638,0.011752228264650912,0.9906234485716182,-0.013593108914751403,0.01913397575800571,-0.7104173793605861,0.4774562469025021,-0.279495123525008,0.03113047104212719,-8.978184851324038,3.0700415625056635e-19,-0.04692713397870707,0.01533827401512361,-3.0594794389796856,0.002221080376405526,0.00912638006929261,0.01518989648785319,0.6008191087141802,0.5479694327834583,-0.016315532870860436,0.05726551496250274,-0.28491026198828023,0.7757167748357057,0.06005334376016473,0.02695066715410392,2.2282692824181196,0.025877132380990733,-0.021875718581770273,0.0181615369738564,-1.2045081103686572,0.2284120013545858,-0.05396060395986274,0.03144756625826479,-1.715891255835458,0.08620232225801247,0.029043197949249436,0.016503504744759447,1.7598200138956464,0.07845843859936806,0.03246982500975286,0.026716615387552663,1.2153420086617945,0.22425455017029183,0.007211839375646217,0.014171237766948593,0.5089068078771709,0.6108249335978058,-0.02739119652247716,0.025033184338044072,-1.0941954548247188,0.2738866011811613
-2.106,0.06182337026767326,0.060403947659868784,15226,0.33712008532729454,0.026789890155859867,12.583854706606731,3.9221513112720416e-36,-0.0037571524556340857,0.03239773520126136,-0.11596960195809633,0.9076781651304475,-0.23172302633820163,0.07175299316322534,-3.229454495522895,0.0012429006211792974,-0.23052719633289884,0.06853616774081497,-3.3635845704809406,0.00077127261941742,-0.06823077478709368,0.026582137016825977,-2.566790425611941,0.010273945881247852,0.2031893164648414,0.028757935562962033,7.065504268203915,1.6698503312761654e-12,0.02922260666013347,0.027177965942540974,1.0752315578699019,0.2822881345598425,0.11466827608804317,0.023420540983454502,4.89605582420367,9.878327948749777e-07,-0.17946562793260407,0.01499566722563226,-11.967832123257676,7.358546920231953e-33,-0.11770903017898968,0.013874042587304741,-8.484119133863533,2.3718361318265307e-17,0.015190494381628207,0.03671006435323008,0.4137964519882846,0.6790290200302431,0.0051922316739382735,0.021882001070554703,0.23728321999422386,0.8124402763914285,-0.010674508725063626,0.01788430740694205,-0.5968645294544737,0.5506067193051996,-0.24961169903926228,0.02909729378157939,-8.578519394724049,1.0527604730042118e-17,-0.0494934270103358,0.014336508577607454,-3.45226501574036,0.000557413830264795,0.005079241456213698,0.014197821806831348,0.35774793664263327,0.7205369224284865,-0.0019180880663079124,0.053525419199808986,-0.03583508723486573,0.971414325960686,0.06291559542021444,0.025190479088200105,2.4975942378835416,0.012514408987013477,-0.019196866393878756,0.016975380042858684,-1.1308651909654666,0.2581296763944849,-0.04405386521014957,0.029393679038590224,-1.498753019392787,0.13395848091874352,0.018616358081420804,0.015425636359119534,1.2068453869920859,0.22751047188819015,0.024094373249521264,0.02497171358984887,0.9648666345154523,0.33462696338025544,0.00195997291033271,0.013245693198651329,0.1479705803945598,0.8823679485330131,-0.01862651139773521,0.023398229920350344,-0.7960649784680941,0.4260066991010839
-2.052,0.06301208435300087,0.06159446022065773,15226,0.32028889480198736,0.02485721052948787,12.88515034388238,8.604933257342086e-38,-0.000295201391810114,0.030060493712035743,-0.009820244292658443,0.9921648334916922,-0.20028164148455815,0.06657657970236455,-3.0082897376214253,0.0026315256771344466,-0.2391432135335072,0.06359182290432398,-3.760596922867051,0.00017014379500000822,-0.05962425332818275,0.024664445143550005,-2.417417176067108,0.015642777857569005,0.19408491294524194,0.02668327695720817,7.273653579224729,3.669675450297176e-13,0.019336539731334514,0.025217289703937898,0.76679690634299,0.4432141835274461,0.10155869237162163,0.02173093336901522,4.67346204818003,2.9870554421449037e-06,-0.16349679601143294,0.013913847913861233,-11.75065280457424,9.613247733014422e-32,-0.11049388148556477,0.01287313966131659,-8.583289266844176,1.0101958093606857e-17,0.0037557916915833024,0.0340617222717388,0.11026429202904703,0.9122012308969342,0.008557687827446562,0.020303386996093454,0.4214906522292628,0.6734027950964858,-0.0039758898338965705,0.016594095451757523,-0.23959665927289056,0.8106461850897659,-0.24414574095628117,0.026998153152519425,-9.043053410988517,1.7045425912862646e-19,-0.041857147518174334,0.013302242371958657,-3.146623429927114,0.0016548632600991082,0.004549840630433724,0.013173560759649677,0.3453766763174452,0.7298159879019539,0.003576470542982685,0.049663981673240265,0.07201336708187744,0.9425922174256693,0.0673487071643294,0.023373184376311747,2.881451927131759,0.003964015152532188,-0.016571473335200006,0.01575074003993659,-1.0521076021305928,0.2927669077367147,-0.05230533802611526,0.027273156547027305,-1.9178322075013496,0.055151005089307724,0.0236309132108521,0.014312798160021048,1.6510337773684742,0.09875233375582625,0.014639496269090679,0.023170201086068,0.6318243080718559,0.5275111887848094,0.002085533497253866,0.012290120733319365,0.1696918641002314,0.8652547307254362,-0.009515047029966781,0.021710231873432732,-0.4382747768627264,0.66119333559618
-1.998,0.06472572290588385,0.06331069143810564,15226,0.29246704697019366,0.022788269828294305,12.834104966014646,1.6536605636285574e-37,-0.007520429355964394,0.027558468037633354,-0.2728899641915737,0.7849415079459756,-0.18575953184336153,0.06103520991233617,-3.0434814938813965,0.0023425724367610043,-0.20051022923291525,0.05829888343656787,-3.4393493908177595,0.0005846785629543253,-0.03671685807533369,0.02261154888757989,-1.623809950299406,0.10443710872045883,0.1837153274992244,0.02446234723251127,7.510126716501704,6.234910478573615e-14,0.02760768900846157,0.023118378525615046,1.1941879478213573,0.23242308936039482,0.09844888404638133,0.019922202157250914,4.941666752967354,7.828189906536259e-07,-0.14808998790000716,0.01275575633214272,-11.609659517157844,4.975499565584361e-31,-0.09809336988413803,0.01180166937039832,-8.311821557226633,1.0214517461384199e-16,0.006217189384147989,0.03122666226059427,0.1990987487636045,0.84218816266158,-0.0018815558832609596,0.01861347478014026,-0.10108568687392508,0.9194837731593237,-0.010071833131704051,0.01521291877310711,-0.6620579049898498,0.5079441479177542,-0.23179657592732733,0.024751015331160045,-9.365134028886052,8.640140241430682e-21,-0.02980473656666927,0.012195056566542625,-2.4440015020872594,0.014536651507464856,0.0032181761376701363,0.012077085513444842,0.26646959931578645,0.7898811835526827,-0.012372907241088305,0.04553029849325494,-0.27175106798215437,0.7858171219916381,0.0660843251163988,0.02142776365360891,3.084051429009893,0.002045683982155121,-0.008280327944886916,0.014439758379147022,-0.5734395082984793,0.5663556287734679,-0.03514015936234742,0.025003129362632246,-1.4054304504325446,0.15991375277252148,0.016499800773321992,0.013121500744484132,1.257462930088846,0.20860537095841872,0.005965346801944478,0.021241675275622082,0.2808322189535861,0.7788429122633619,-0.003921215665088523,0.011267176868496605,-0.3480211334972801,0.7278291309204676,-0.012362615469305612,0.019903223709664315,-0.6211363369896081,0.534519235707559
-1.944,0.06694675538629147,0.06553508424919663,15226,0.25733160869279903,0.021045394399907803,12.227454796186969,3.211070741131601e-34,-0.002420308365810822,0.02545076187351159,-0.09509767832647119,0.9242384955532515,-0.1795892034030705,0.05636716058589964,-3.186060847066955,0.0014451569517455588,-0.1669097690234624,0.053840111787401015,-3.100100714547932,0.001938083549853427,-0.05104576420153824,0.020882189298156734,-2.4444642021344016,0.014518026140318429,0.1522439926602445,0.02259143626676229,6.739013441311559,1.6519989177929553e-11,0.023312298001253774,0.02135025597045709,1.0918978223732592,0.2748953191337068,0.11218875095040948,0.018398527175304286,6.0977028150925365,1.1020696258305485e-09,-0.13574921336325524,0.011780180105896099,-11.523526138221893,1.3455374073307292e-30,-0.07939974801218876,0.010899062910382203,-7.2850068547227425,3.374495313374914e-13,0.015232918393131909,0.028838408006340185,0.5282163422399364,0.5973568983574762,-0.005238311196070567,0.017189892907728026,-0.30473204366012013,0.7605744138344185,-0.004280905094302744,0.014049415684743306,-0.30470342613262635,0.760596211049662,-0.2034872473058155,0.02285802666754787,-8.90222285000269,6.083053590183982e-19,-0.025905687032587957,0.011262363360882021,-2.300199896104145,0.021450374675727166,0.0006489604197233052,0.011153414881733652,0.058184908084619985,0.9536021067076393,-0.013514192761854279,0.042048084218590256,-0.3213985372460655,0.7479128100424457,0.057734767652964786,0.0197889414420701,2.917526832952476,0.003533357989749785,-0.009807067222208539,0.013335387566422746,-0.7354167378608338,0.4620970766977893,-0.02939761135533895,0.02309085870201393,-1.2731276794299107,0.20299220635542087,0.017608553763256124,0.012117951927332515,1.4530965190197975,0.14621759847507043,-0.0015456634912972547,0.019617085336385877,-0.07879169941878927,0.9371993434674352,-0.01572094657435629,0.010405449064703202,-1.5108378770200348,0.13085054659069217,-0.010124664476366885,0.01838100022316762,-0.5508222813471078,0.5817636028363196
-1.89,0.06595137796739503,0.06453820086525386,15226,0.21801329928085622,0.01977414950702425,11.025166933395173,3.6945473747625327e-28,0.006164864741457669,0.023913411209660937,0.2577994702389881,0.7965651629208916,-0.15176568991049283,0.05296230802483356,-2.8655414684596305,0.004168676833874982,-0.11750132927529312,0.05058790535014304,-2.322715844074,0.020207555110472133,-0.03120214835727522,0.01962080279272609,-1.5902584969073037,0.1117973435689754,0.15380508654791086,0.02122680287328444,7.245796150558611,4.5056508102134293e-13,0.035231468964774006,0.020060595945633843,1.7562523596135777,0.07906546161928579,0.10272498855128766,0.01728716602598378,5.942268871420859,2.8724731766853324e-09,-0.12513235999720268,0.011068599533334604,-11.305166441368614,1.6227875066305455e-29,-0.06836842521766465,0.010240706131756061,-6.676143650451664,2.5380964734377948e-11,0.0060017786521109305,0.027096426924858873,0.22149705083826987,0.8247084076950022,-0.004938486340965725,0.016151539187530692,-0.3057594872926002,0.7597919631965933,-0.008675262829926485,0.013200762169496937,-0.6571789354687758,0.5110758174163119,-0.1986089034111363,0.021477289908219493,-9.247391279806092,2.6004257236434436e-20,-0.015312737021264688,0.01058206145575912,-1.4470466917323537,0.14790446609074206,0.0019792697929114297,0.010479693998333272,0.18886713612307954,0.8501994727532578,-0.026977741805277112,0.0395081739986775,-0.6828395006608041,0.49471867180491724,0.05357923394674645,0.018593592461396517,2.8815966606768497,0.003962196027092311,-0.001754349676696602,0.012529864846520095,-0.14001345570649434,0.8886512138956133,-0.020205630055188308,0.02169605774749442,-0.9313042162012943,0.3517110109094872,0.00863575527360267,0.01138596828249774,0.7584559397444803,0.44818983843479776,-0.012259984996206667,0.0184321173061716,-0.6651425222918733,0.5059694298011039,-0.01592887008631603,0.009776908979860608,-1.6292337505777956,0.10328426422421659,-0.02110095508576275,0.01727069778759551,-1.2217777964314955,0.22181061235881075
-1.836,0.06249490346872122,0.06107649686299699,15226,0.19383125158344414,0.018835690370102177,10.290636964977498,9.36323440994656e-25,0.010001279557146608,0.022778507317247808,0.4390665032547446,0.6606195898408815,-0.14151287671260504,0.05044877580638186,-2.8050804890830157,0.005036788502504567,-0.09555416353627394,0.048187059641116387,-1.9829839016519033,0.04738719502471849,-0.01583003659849517,0.018689621320266855,-0.8469961122930416,0.3970106219214161,0.12657204161980792,0.020219402423672123,6.259929891479983,3.9548698718503094e-10,0.035432354116569385,0.01910854237940615,1.8542677621897468,0.06372021514467263,0.10923063948164194,0.016466736358310318,6.633411570138862,3.39092152344537e-11,-0.11049714633214552,0.010543296113265925,-10.480322770515222,1.3006705815517742e-25,-0.0596035283858118,0.009754693611497403,-6.110240952679426,1.0190729138924431e-09,0.007266359269446276,0.02581046064769777,0.28152768633729974,0.7783095276754833,-0.013819764318475305,0.0153850051062288,-0.8982619260152349,0.3690601520802911,-0.00493366008089926,0.012574268682740452,-0.39236159218318944,0.6947965611794524,-0.17263638883276017,0.020458001622595222,-8.438575380798127,3.498856019947645e-17,-0.011228582279400514,0.010079848591580037,-1.113963387186197,0.2653125059359588,0.0003428092782286306,0.009982339379800136,0.0343415771780236,0.9726052214851981,-0.041661030612923124,0.03763316001342391,-1.1070298268352288,0.26829854924286695,0.0476689490888288,0.01771116124849381,2.6914637848990655,0.007121706121247049,0.010204855619055063,0.011935211400340857,0.8550209356797503,0.39255303230481253,-0.012491638518939785,0.020666386983596713,-0.604442301833147,0.5455586393739407,0.01062234723199661,0.010845602894665548,0.9794150989265201,0.32739050552326765,-0.010612243184934447,0.017557349524495242,-0.6044330990921329,0.5455647560039336,-0.010301890425754247,0.009312907756457985,-1.1061948314274301,0.26865970430279074,-0.02535564241916367,0.01645104968419509,-1.5412780889916973,0.12326993328722409
-1.782,0.06120643734494258,0.05978608134303054,15226,0.16247255928310575,0.018087513005399257,8.982581476768337,2.9503993262757127e-19,0.01685426349100612,0.02187371629331295,0.770525834064999,0.44100001081473306,-0.1064326296295601,0.04844488683848827,-2.196983759801086,0.028036642657816205,-0.08856033420577178,0.0462730088902982,-1.913865908649388,0.05565604861604928,-0.016960397814044254,0.01794724600234975,-0.9450139487598103,0.3446667740898116,0.11321787855260179,0.019416262271972507,5.831085147424718,5.618545998719394e-09,0.032067521840414115,0.01834952698895192,1.7475939221605916,0.0805545581052303,0.10910682216376236,0.015812656833124772,6.8999677483168105,5.406933297084502e-12,-0.10846651059162364,0.010124503101366195,-10.713267555519563,1.0981775196476045e-26,-0.05537475045206117,0.009367224885035483,-5.9115427601748465,3.4617574740385778e-09,0.017814586971340154,0.02478523661556912,0.7187579948359147,0.47230109023952493,0.000570593511479867,0.014773893309944969,0.03862174306455665,0.9691924739090658,-0.00035133245718127915,0.012074802880252419,-0.029096330653634213,0.9767881442169153,-0.161365197980615,0.01964538400994977,-8.213898893444313,2.312206696055321e-16,-0.016681824572103716,0.00967946429943732,-1.723424360692508,0.08483214629510771,-0.004122656125508768,0.009585828276463893,-0.43007823701903103,0.6671448266779819,-0.05423801300775023,0.03613832345946467,-1.5008447491646222,0.13341648961808997,0.04465504428285627,0.017007651598018772,2.6255855504506074,0.00865866912145024,0.012806110464826702,0.011461129758669083,1.1173514945278662,0.2638617241766559,-0.006813107257850939,0.019845492041733522,-0.3433075503254596,0.7313718486415606,0.01216632007310766,0.01041480187633785,1.1681758537096334,0.24275415788383717,-0.014962773042493748,0.016859949469583763,-0.88747437051857,0.3748375990631283,-0.013045811002842826,0.00894298732104841,-1.4587755225972334,0.1446475620467548,-0.024715609988585675,0.015797593253479132,-1.5645174294598647,0.1177169178377989
-1.728,0.0555170021919591,0.05408803830894471,15226,0.12773261325478713,0.01745238526242904,7.318920097974572,2.6248129415866297e-13,0.015641664804624773,0.021105639219610468,0.7411130571250929,0.45863634084770566,-0.06192307724510379,0.0467437855523694,-1.3247338980649794,0.18527933872317037,-0.05741362609603552,0.04464817126402184,-1.2859121543081045,0.19849330736080442,-0.023763354270099374,0.017317043616725977,-1.3722523772560757,0.17000513206092352,0.09186582840489482,0.018734476620731536,4.903570580842183,9.508215948238389e-07,0.016834900618019635,0.017705198846239032,0.9508450463743723,0.3416981580347105,0.11791547483156621,0.015257408743363225,7.728407674917794,1.1568740785267534e-14,-0.09484693135380773,0.009768989725837667,-9.70898056151603,3.203164781679481e-22,-0.05363964237849815,0.009038302694497123,-5.93470302904948,3.0077925312594403e-09,0.02178983552936629,0.023914923964740337,0.9111396532764549,0.36223624265944654,0.0078026524845370565,0.014255120523988871,0.5473578754670337,0.5841409248005617,0.006374373908703391,0.011650806375157677,0.5471186889085283,0.5843052245966469,-0.13086734573291858,0.01895555294238963,-6.903905474593917,5.259532036196232e-12,-0.009685672774063278,0.009339578085571032,-1.0370567797946824,0.2997258911935967,-0.010595063070636812,0.009249230012461916,-1.14550757807532,0.25201699054108795,-0.044356322992180564,0.03486935675261636,-1.2720717306852058,0.20336709236986297,0.04864031788936925,0.016410442276347574,2.96398580064321,0.0030415318683322244,0.011940373504388806,0.011058681866947355,1.0797284566144079,0.2802802479572974,-0.006682465925356946,0.019148634349643017,-0.3489787210585869,0.7271101178892667,0.0056070807946219,0.010049094904504527,0.5579687372748878,0.576873948848434,-0.02717964097073712,0.016267926583407418,-1.6707501617605762,0.09479162096846538,-0.01323629352653263,0.008628961874270116,-1.5339381167044763,0.12506568757705475,-0.015246548879313655,0.015242874108594559,-1.0002410812221447,0.3172097733375445
-1.674,0.049732126190906945,0.04829441002871715,15226,0.0788737145395075,0.01712793851723461,4.604974174804665,4.158609502661838e-06,0.03390425524655151,0.02071327703833362,1.6368368551149888,0.10168526178473387,-0.019561606534343624,0.04587480008978157,-0.426412899806857,0.6698130410461296,0.016262613996306168,0.043818144099959606,0.3711388131639551,0.7105393153100148,-0.024892820232319673,0.016995112926258583,-1.4647046089266407,0.14302220618586742,0.09004931507880148,0.018386195290064217,4.897659013089215,9.79822307036564e-07,0.022224534276157587,0.017376052196522974,1.2790324306579153,0.20090515897680597,0.11661033830958964,0.014973767479865454,7.787641852085007,7.26601827848016e-15,-0.08145045610000753,0.009587380342780491,-8.495590368576702,2.149908283655853e-17,-0.04892937608241607,0.008870277072370585,-5.516104591007965,3.522537708941506e-08,0.023743045097873224,0.023470336068859083,1.011619306524374,0.3117362117649097,-0.007454087767767665,0.013990112194937189,-0.5328111500396107,0.59417210271234,0.011277651151094591,0.011434213276250558,0.986307573475024,0.32399790183083677,-0.11243683005324581,0.018603161715457527,-6.043963481746283,1.5388700811504587e-09,-0.007711180956768706,0.009165951634757108,-0.8412853639253407,0.4002013209061328,-0.006087349828865261,0.009077283168063624,-0.6706136314312888,0.5024768840450651,-0.03200697772293496,0.03422112161826114,-0.9352989092518621,0.349649133803384,0.04006834126986961,0.016105365663397476,2.4878877081898603,0.012861059962141975,0.012064882265677241,0.01085309659685847,1.1116534491335435,0.2663047622379154,-0.02591596721301813,0.018792653662978106,-1.3790477746138157,0.16790031295445876,0.001814255367036968,0.009862278255382339,0.18395905287369457,0.8540480313123575,-0.017875114978162486,0.015965499393560137,-1.1196088852298984,0.26289815647896364,-0.009119200847820115,0.008468546059903425,-1.0768319358853569,0.2815724430916805,-0.011558922723049073,0.014959503049706205,-0.7726809296165813,0.4397232483568613
-1.6199999999999999,0.04360475712027356,0.04215777050099756,15226,0.03758877180564878,0.016819365714880664,2.2348507335441736,0.025441619725252065,0.04702039732010775,0.02034011164337258,2.3117079269045417,0.020807085268001166,0.041814769039552946,0.045048330774347785,0.9282201653377099,0.35330811347071145,0.04240083866957427,0.04302872700196685,0.9854076944371633,0.3244395345056198,-0.024864097430671108,0.016688933077662064,-1.4898554218514666,0.13628300092739937,0.08552187209718809,0.018054954037675715,4.736753797252959,2.191311748091524e-06,0.014949898237977117,0.01706300943806524,0.8761583525017538,0.38095779788059125,0.10324413930584045,0.014704003702490307,7.021498456801583,2.2880010032799885e-12,-0.06741604605117317,0.009414656414759142,-7.160754793503306,8.391122320248379e-13,-0.03755112931996192,0.008710472303622542,-4.311032514774776,1.63516876060575e-05,0.037669946585884725,0.02304750016448744,1.6344482619389746,0.10218546720715252,0.003516084426118851,0.013738069713532083,0.25593729682820626,0.7980027176873743,0.016262447160746638,0.011228217252279835,1.448355228203714,0.14753835341577162,-0.11270319819012567,0.018268011648366486,-6.16942885517612,7.027362648880962e-10,-0.016745403155641554,0.009000820064525713,-1.8604308313682452,0.06284389167623733,-0.00853244248935454,0.008913749027506588,-0.9572226526711277,0.33847010789414056,-0.04515236856231648,0.033604602158735015,-1.3436364563708962,0.17908602916001787,0.04176808884447592,0.01581521528653286,2.6410066564217263,0.008274462058415016,0.0016165073446837244,0.010657569830590546,0.1516769179446373,0.8794437760161518,-0.049166699213596024,0.018454089754740274,-2.6642711652015594,0.0077236748774471495,0.009972244467909104,0.009684601832980685,1.0297010284871866,0.3031667548564853,-0.01844923936932774,0.015677868813622344,-1.1767695972361614,0.23930590561154855,-0.004455720687943761,0.008315978780021,-0.535802315735648,0.5921030203197316,-0.010204053424947618,0.014689996256858635,-0.6946260057883562,0.48730032596441153
-1.566,0.03633802451253876,0.03488004362606256,15226,-0.011618133366038267,0.01656752950362068,-0.7012592531372424,0.48315197181022074,0.06862373161266873,0.020035559335056928,3.4250968722692634,0.0006162037895760615,0.13018944552621836,0.04437382252367331,2.9339245104872957,0.0033520568310691622,0.08185619963373607,0.04238445826037404,1.9312786571644078,0.053467168905422635,-0.02304708617725058,0.016439049833103594,-1.4019719151188574,0.16094405110043586,0.0814803242590798,0.01778461737359458,4.581505609451929,4.653095162001636e-06,0.0003573000966295755,0.016807525151533918,0.021258340737747874,0.9830398545968839,0.09982747985043992,0.01448384078757659,6.892334796725066,5.704281368758629e-12,-0.05418805748788105,0.009273690849113001,-5.843202924223419,5.225411629093323e-09,-0.03538269370062859,0.008580050480325807,-4.123832812145065,3.745996919202885e-05,0.034303548543235626,0.022702410152246184,1.5110091093055873,0.13080691510887335,0.014600454919160835,0.013532369719529307,1.0789281716187606,0.28063686743091987,0.02078162116488182,0.011060097256558687,1.8789727325913184,0.06026733304516034,-0.09785848220333254,0.01799448487460072,-5.4382486014623375,5.4637754957525414e-08,-0.01242989737719293,0.008866050866821809,-1.4019654933074668,0.16094596881316392,-0.0028546476224450036,0.008780283543655221,-0.32512020918821233,0.7450945684803645,-0.042046054082595305,0.03310144075348252,-1.270218248073439,0.20402633980226886,0.030717568409777886,0.01557841421058636,1.971803291050232,0.048650168088121636,0.0042994006908890665,0.010497994133571243,0.4095449698471571,0.6821455423812917,-0.05514288972309207,0.018177776835164847,-3.033533210530913,0.002421160167065074,0.012242724769309939,0.009539594377020467,1.2833590491856688,0.19938587666765115,-0.013691452051331956,0.01544312422517686,-0.8865726812590705,0.3753230319721733,-0.0030964156546707906,0.008191463704697676,-0.37800517298209413,0.705432028875131,-0.009738582921971065,0.014470043075302117,-0.6730168577447538,0.5009467966632627
-1.512,0.028738614908112803,0.02726913642783957,15226,-0.035030464146878174,0.01632209722835459,-2.1461987180191273,0.031872908436905434,0.07569590895632795,0.019738751478897257,3.8348883938913065,0.00012612826977721165,0.10611378743610911,0.04371646632449717,2.427318499360198,0.015222432803204016,0.07840550981833598,0.04175657261064632,1.877680683934907,0.06044399000171357,-0.008555072413232855,0.016195520862603226,-0.5282369419181332,0.5973426028108101,0.0843545734318305,0.017521155093006266,4.814441341570078,1.4903257472727042e-06,-0.0013318747865133187,0.01655853756780084,-0.08043432465335806,0.9358928870050571,0.073173270158838,0.014269276389287164,5.1280294923556,2.963876534878135e-07,-0.05654063094278371,0.009136309892904976,-6.188563173266672,6.227233419545067e-10,-0.0373158216468254,0.008452945149936986,-4.4145349324907865,1.0192512788905261e-05,0.010998897368199204,0.02236609542430367,0.49176654036124123,0.6228914931048002,0.004302179622694514,0.01333190046493826,0.3226981505006636,0.7469282909021038,0.030677388443236066,0.010896252379520853,2.815407295529719,0.0048778127853013695,-0.09765610145839251,0.017727913605537982,-5.508606575558105,3.6755798500779123e-08,-0.008612842550811222,0.008734708711288397,-0.9860480567234394,0.3241252243873911,-0.0006350129481009596,0.008650211949871143,-0.07341010275596993,0.9414807442703585,-0.024599293353484056,0.03261107422557399,-0.7543233069640191,0.4506667947478147,0.014376158429797233,0.015347634742597111,0.9367018873531332,0.3489268052479775,-0.005334942703158412,0.010342476282501815,-0.5158283719909972,0.6059817865421444,-0.04600646995108337,0.017908490269116558,-2.5689753440814704,0.010209423389746865,0.011954523552382367,0.009398274311614456,1.2719913418156863,0.20339565289864833,-0.009329823708626043,0.01521434895032531,-0.6132253006085123,0.5397365520497948,-0.007798185426166783,0.008070114919752753,-0.9663041361504799,0.3339073888057501,-0.011045290555097597,0.014255683077066197,-0.7747991096173208,0.43847042617533893
-1.458,0.024637663998643977,0.023161980948516958,15226,-0.07790595667050232,0.01597730453829893,-4.876038788880518,1.0933122751438973e-06,0.10675056099475379,0.019321784398899342,5.524881076761978,3.351244822603526e-08,0.1769042958656132,0.042792987079589465,4.133955302923676,3.584856174382563e-05,0.14766965998584577,0.04087449472589274,3.612758053062894,0.00030393415908723764,-0.004641850822909136,0.015853402008209387,-0.292798405068227,0.7696802436555238,0.08740554494248828,0.017151033158742487,5.096226223429262,3.506462697689913e-07,-0.01475639372393573,0.016208750243812128,-0.9103967611302511,0.36262773961619965,0.06411799215497668,0.013967848078784078,4.5903987352472875,4.45942736132289e-06,-0.04685969672693306,0.008943311847305513,-5.239635777774113,1.6304303499267397e-07,-0.035106612728147586,0.008274382698288514,-4.242807470750548,2.2204820359396418e-05,0.010278622598317088,0.021893627572930344,0.469480106212538,0.6387332348239722,-0.007422102480900538,0.01305027355385266,-0.5687315633862257,0.5695467257776597,0.029751227180567857,0.010666076801168468,2.789331797921107,0.005288263422572667,-0.09679605647421471,0.01735342404481479,-5.577922617705951,2.4755817400887043e-08,0.0009551748067293622,0.008550194204893601,0.1117138141941477,0.9110518006422874,0.0036834624607949683,0.008467482377438107,0.43501271057967345,0.6635593766443744,-0.009226276718471774,0.03192218848677889,-0.28902394089593797,0.7725669978916367,0.00242594874303104,0.015023426879179964,0.16147772159712856,0.8717193025526888,-0.004136803070334549,0.010123998830162797,-0.40861354685360307,0.6828290431125745,-0.0436051117717839,0.017530186154863542,-2.487430047038387,0.012877612246135922,0.015192889345538772,0.009199742454069014,1.651447246636672,0.09866793856963929,-0.005053385326527599,0.014892956654431177,-0.3393137738720296,0.7343780545419025,-0.005301674285020374,0.0078996394843163,-0.6711286376481045,0.5021487816771597,0.0009524091834397477,0.013954541915611535,0.06825083827182082,0.9455868558117466
-1.404,0.017345563634456274,0.01585884793675807,15226,-0.07768086223104637,0.015800556354950934,-4.916337152058947,8.909847810163425e-07,0.1050469068527467,0.019108038063692368,5.497524471251122,3.913647683278348e-08,0.1492820003345739,0.04231959166372184,3.527491510806443,0.00042075416324629725,0.10133985577300317,0.040422322541858124,2.5070270434872644,0.01218548720912811,-0.012085213776262956,0.015678024490799004,-0.7708377916717397,0.440815063584694,0.070312608949748,0.016961300657488448,4.145472706935647,3.409518675323483e-05,-0.03319902533147141,0.016029441703183895,-2.0711279872509323,0.038363669855099744,0.045891789395502626,0.013813329413430483,3.322282993619392,0.0008949470425822807,-0.04970013987290957,0.008844376878748283,-5.619405476979569,1.9497899084479656e-08,-0.033258140214295434,0.00818284772712095,-4.064372370521547,4.840409063778445e-05,0.01028522369473578,0.021651430343032324,0.4750366849571988,0.6347676502639532,0.00332589943536969,0.012905905513717434,0.257703687031852,0.7966390885466067,0.01916080872163834,0.010548083825974327,1.8165203308733144,0.06931027709243379,-0.07175564349656813,0.017161452603860147,-4.181210364466936,2.915856792816983e-05,0.001715896390917832,0.008455608081848568,0.20292998141686602,0.8391924758681865,0.008959232339696086,0.008373811250111475,1.0699109488020546,0.2846763813672841,0.01045946214671856,0.031569050771339736,0.3313201344721547,0.740407251149845,-0.010135630086880421,0.014857230922772463,-0.6822018274848919,0.49512173328268483,-0.007336334405125601,0.010012002567141135,-0.7327539476670796,0.4637198116867455,-0.013667415417409547,0.017336259291343033,-0.7883716543299772,0.4304916392330089,0.01145080051667359,0.00909797073393134,1.2586103925315184,0.20819041953439882,-0.007275225871011056,0.014728204018775936,-0.49396558207208363,0.6213376236651137,-0.00857544215214873,0.0078122500924066645,-1.0976917086261577,0.2723565175260949,0.018597656840567935,0.013800170449065001,1.3476396475833368,0.17779439517771572
-1.35,0.01554003907359669,0.014050591691587289,15226,-0.09785498227779779,0.015725196944266776,-6.222814418453091,5.011155191823631e-10,0.1139591196652874,0.019016903900093175,5.992516987201531,2.112855925596823e-09,0.18564715665499465,0.04211775196792068,4.407812572627197,1.0513541812444407e-05,0.11505802161067644,0.04022953170988942,2.860038800361982,0.00424166086449234,-0.006289937670796134,0.015603249485427234,-0.40311716329798264,0.6868677040118822,0.05466502569045758,0.016880405175502166,3.2383716576774275,0.001204720551875614,-0.037228892730260976,0.01595299064328375,-2.3336622933414954,0.01962637696672369,0.037670434876399844,0.013747447912754332,2.740176585171908,0.006147784107732001,-0.04659911181603247,0.008802194374887131,-5.294033491123627,1.2131130958520742e-07,-0.02184534215322662,0.008143820330326734,-2.6824440210053324,0.007316539668551198,0.030517938468206683,0.02154816568611353,1.4162661877003118,0.15671807269011842,0.002445520571885456,0.012844351894211218,0.19039657212970165,0.8490009258956823,0.013071354414626736,0.010497775636622282,1.245154675341539,0.2130940923269343,-0.051232494556053054,0.01707960251417607,-2.9996303786068843,0.0027074522771913033,0.008710112706701441,0.008415279777723715,1.0350354280267884,0.30066883043774556,0.005074367630971701,0.00833387306902388,0.6088846793014625,0.5426099782566468,0.0055643003535131,0.03141848486666252,0.17710275900087274,0.8594300342206656,-0.02627491686104191,0.014786370622566148,-1.7769686376549072,0.07559339118682551,-0.02033441136918463,0.009964251171792855,-2.040736530884326,0.041294260233963945,-0.02017366108273218,0.0172535754760194,-1.1692452448926534,0.24232316974062598,0.011084907254021645,0.009054578735730215,1.224232245093807,0.22088360016445915,-0.005164738769530364,0.014657959101422553,-0.35235046937940545,0.7245803272166874,-0.005081927000908541,0.007774990229535028,-0.6536248729424394,0.5133634015634592,0.017591839244365203,0.013734351708951043,1.280864187633999,0.20026091365381732
-1.296,0.012383112267759677,0.010888888585491419,15226,-0.10760928672440237,0.015613558948851122,-6.892040890672173,5.716045588465895e-12,0.09858984493625926,0.018881897067559193,5.221395105772795,1.799203416276375e-07,0.15673646394616075,0.04181874513081861,3.747995389528146,0.00017891333463811778,0.11091527551976302,0.03994392992744306,2.776774236316688,0.0054968500146526135,-0.0042469927470945145,0.015492477232418441,-0.2741325795339924,0.7839864622859841,0.046164019122579454,0.01676056600259539,2.754323399068439,0.005888353699272946,-0.04014844898433009,0.015839735470543275,-2.5346666337321775,0.01126538245277437,0.010116103925000435,0.013649850564212343,0.741114628135431,0.4586353884064289,-0.0371439571076578,0.008739704897728018,-4.250024176138233,2.1502166229022597e-05,-0.010579521215015186,0.00808600485240775,-1.3083743341886505,0.19076615448863996,0.0010899314541041897,0.021395188649920727,0.05094282980805725,0.959371745845712,-0.0048627844784627835,0.012753165901249407,-0.3813001819404219,0.7029858474054296,0.005879302886766663,0.010423248708117066,0.564056663273148,0.5727238910499199,-0.029959826498120717,0.016958349178275944,-1.7666711649327271,0.07730337871902289,0.011541151601752958,0.008355537125941571,1.3812578925561778,0.16721998181975903,0.017696396133810556,0.008274708348431078,2.1386126723325387,0.032482940131416366,0.043984750485548486,0.031195435407762737,1.4099739244095701,0.15856784106246088,-0.02526731963673791,0.014681397643109887,-1.7210432038530126,0.08526333115021084,-0.031006850283781206,0.009893511897074735,-3.1340590284173167,0.0017273407584067354,-0.010588142555627109,0.01713108705271239,-0.6180660061470339,0.5365410884159478,0.004572339328816674,0.008990297504596977,0.5085859868907249,0.6110498337717553,-0.012540865132454877,0.014553897754733725,-0.8616842954236023,0.38887486127069304,-0.002804976897227071,0.007719793189607459,-0.36334871004098757,0.7163494629695868,0.021034072838514457,0.013636847334375951,1.5424439625052837,0.12298655996176094
-1.242,0.014191653395536408,0.012700165961521015,15226,-0.11273155141570484,0.015429880747325245,-7.306054613237808,2.887674239129279e-13,0.0863820799453745,0.018659770074851922,4.629321776145197,3.6990010635540504e-06,0.15239362047169833,0.041326788625523386,3.6875263125957036,0.00022723312912176295,0.08186806976156386,0.03947402878350891,2.073972996538066,0.03809861302201823,-0.021524004095770856,0.01531022343848502,-1.4058582608054153,0.15978665540841838,0.02510184084199852,0.016563394388487574,1.5155010050020672,0.12966636740942183,-0.056522941501895296,0.01565339652415661,-3.610905876859891,0.0003061113023239825,-0.017178006137256816,0.013489273465106056,-1.2734567344707441,0.20287548720574308,-0.025037666177028673,0.008636890844715478,-2.8989212237582103,0.0037498454021329107,-0.005127331951526625,0.007990880939039552,-0.6416478972270727,0.521111500409119,-0.00681582789481377,0.021143495247705504,-0.3223605092234419,0.7471840306690323,0.0010835687705283061,0.012603137417405562,0.08597611329952204,0.9314865379887676,-0.007497845330930513,0.010300629414012776,-0.7279016679049332,0.46668499298083277,-0.008215360843393162,0.016758850839164556,-0.4902102729021428,0.6239921868347235,0.00853892494771524,0.008257242429831396,1.0341133883711824,0.30109960804788144,0.025712623938134206,0.008177364523581792,3.1443656283126953,0.0016676774984753313,0.07562549761834078,0.03082845171811931,2.4531072241260876,0.014173960112392837,-0.02565027951722781,0.01450868540474023,-1.7679258183410218,0.07709336083377931,-0.031970057507096424,0.009777124436792128,-3.269883462543491,0.0010783108909778092,-0.005258351887253285,0.01692955662199294,-0.3106018665853444,0.7561075662293972,0.007860677886223784,0.008884535475437797,0.8847595811796157,0.37630030655005753,-0.005768314911354362,0.01438268542745214,-0.40105965888292433,0.6883818376522348,-0.005597235116847824,0.007628977397137341,-0.7336809149478019,0.46315454726488114,0.029659224438551436,0.013476423205510351,2.2008231699360796,0.027763524165130487
-1.188,0.01796839954435636,0.016482626171742232,15226,-0.138244272455913,0.015411641934815574,-8.970119669313958,3.30210712334072e-19,0.09639745865745634,0.018637713387995948,5.172171963946144,2.3432745098795747e-07,0.15596319187532243,0.041277938504014934,3.778366786901253,0.00015846261193499037,0.09036205785147602,0.03942736870740246,2.2918612327915917,0.021927256243294353,-0.018208517276090234,0.015292126066292168,-1.190711951834255,0.2337852763773235,-0.0043559840965267565,0.016543815711910458,-0.2632998440251444,0.7923230483723437,-0.050390995400962944,0.015634893505953235,-3.2229829631890854,0.0012713058072084218,-0.027844570830149802,0.013473328537620833,-2.0666437957332473,0.03878462424973036,-0.007185668531607036,0.008626681651568567,-0.8329585838258544,0.4048811734640212,0.0023007717665145143,0.007981435358634823,0.28826541381750254,0.7731475097201167,-0.002116361620503651,0.021118502686068963,-0.10021362082169445,0.9201760540827033,-0.005766702933427887,0.012588239942554402,-0.4581024003152032,0.6468854224288401,-0.01425903495977783,0.010288453607103423,-1.3859259616948667,0.16578984152271428,0.025907266228418633,0.016739041124278323,1.547715071375427,0.12171172796358073,0.012775505879308785,0.008247481998173446,1.5490189468904754,0.12139798186875857,0.01805688674207223,0.008167698511198987,2.21076802936762,0.027066736101534813,0.07211367531337881,0.030792011102662987,2.341960551811512,0.019195580298704763,-0.02376879193773474,0.014491535486526848,-1.6401845035561067,0.10098749982641012,-0.027341091447484978,0.009765567436293775,-2.7997442673808886,0.005120759511462345,0.0019898534142312302,0.016909545125199363,0.11767634194168011,0.9063256675513125,-0.0014225614499324352,0.00887403355520746,-0.1603060706365763,0.8726421069721523,-0.013316717714069452,0.01436568444687474,-0.9269810821277303,0.35395107291425243,-0.0018150666665706717,0.007619959602984199,-0.2381989880707292,0.8117299723629664,0.025974433581475692,0.0134604934676095,1.9296791491321597,0.05366519034020496
-1.134,0.02211974770060554,0.020640255146804343,15226,-0.13572121969149595,0.01541965348756517,-8.801833309739758,1.4888824951196145e-18,0.0631612729046445,0.018647401974362758,3.3871352691104804,0.0007080555409054126,0.10339472901784254,0.04129939633330517,2.5035409278963643,0.012306144666547721,0.07429835237722311,0.039447864540715555,1.8834568928449122,0.05965754842458707,-0.002270224945553196,0.015300075490185595,-0.14837998328893587,0.8820448642371636,-0.013909789039379583,0.016552415811290924,-0.8403479708316219,0.40072652846909396,-0.03375363717813293,0.01564302111328976,-2.157744142495405,0.03096334326596616,-0.0573908706415232,0.013480332481960336,-4.2573779777557315,2.0807968267437738e-05,0.006513326008531795,0.008631166126058553,0.7546287388522464,0.4504834646072253,0.006756876384476989,0.007985584409765368,0.8461342386180498,0.39749118066768563,0.002400086060475263,0.021129480880279387,0.11358944756259093,0.9095647527911775,-0.014966632864243648,0.01259478378445982,-1.1883199521622876,0.23472594372292008,-0.015067533341430617,0.010293801933331978,-1.4637481310613718,0.14328345559334313,0.03556327912874368,0.01674774270919134,2.1234670096302692,0.03373084318454368,0.015965734067351245,0.008251769350381548,1.9348255373392154,0.05303023637031657,0.017872860519853546,0.008171944388941412,2.187100115859793,0.028750399178931255,0.0646487540760174,0.03080801795139841,2.098439249743521,0.0358828189099676,-0.015687758250883328,0.014499068733241508,-1.0819838528606016,0.2792768653277465,-0.012651457119527547,0.009770643946569351,-1.294843736882839,0.1953938060852069,0.02244181744143037,0.016918335344522858,1.3264790527216783,0.1847009955153751,-0.014747238340369543,0.008878646612546186,-1.660978185518793,0.09673844945292964,-0.021548931602185538,0.01437315227147234,-1.4992488213567179,0.13382985915406842,0.00630366904451295,0.007623920745383387,0.8268277248724147,0.4083476906687571,0.02396939656465362,0.013467490739795519,1.7797967734127103,0.07512919657449361
-1.08,0.03159130116366826,0.03012613868022951,15226,-0.13700414695686547,0.015390278079431911,-8.901992949689612,6.095604065852515e-19,0.03478212474350197,0.01861187750268357,1.8688133283967123,0.061668005601959654,0.08320316481599473,0.04122071838999559,2.0184792518363395,0.04355889865557087,0.03755904350387382,0.039372713881733266,0.9539358555951387,0.34013128017154104,0.001187349378617965,0.015270927885645953,0.07775227461679161,0.9380261340757583,-0.04531850574262975,0.016520882419801926,-2.7431044293560856,0.006093262258659401,-0.03117329741850368,0.01561322017580367,-1.996596286191748,0.04588685722565421,-0.07466543662030413,0.013454651602117677,-5.549414345931653,2.9141839622848653e-08,0.027040876486707756,0.008614723212615435,3.1389141379619705,0.0016989948936963074,0.012782218561936266,0.007970371370029513,1.6037168117410991,0.10879726249049332,0.006995120797800796,0.021089227892428352,0.3316916500443456,0.7401266788393484,-0.005751838699740141,0.012570789930491764,-0.4575558681311232,0.6472780947437988,-0.013925287322620305,0.010274191594274852,-1.3553657428755732,0.1753211951297331,0.06877905519502375,0.01671583720769677,4.114604272608888,3.898879135373129e-05,0.016844487675735667,0.008236049211619386,2.045214549224831,0.04085088990146344,0.011981096874822003,0.008156376321743208,1.4689239929848361,0.14187409806073556,0.049355003855271654,0.030749326742686822,1.6050759181909522,0.10849786996318955,-0.014871369078130149,0.014471447096871105,-1.0276352446705563,0.30413778912658135,-0.011535727331888207,0.009752030256327435,-1.1829052031912484,0.23686521851292786,0.014610129435439531,0.01688610485334603,0.865216079275055,0.3869338547561335,-0.011783513917409102,0.008861732233236377,-1.3297077374121546,0.18363453579766317,-0.014462905970222064,0.014345770513868223,-1.0081651561511182,0.3133912285139605,0.016513942400109442,0.007609396697637966,2.1702039013468095,0.0300068342463495,0.018735471793233573,0.013441834324278049,1.3938180862261031,0.1633929188452176
-1.026,0.03933908609676451,0.037885645692885106,15226,-0.14502963021857243,0.015622334245766296,-9.283480172489329,1.8577875297613372e-20,0.02392502942898779,0.018892509270301207,1.2663764821646875,0.20539773038866962,0.06852689866688987,0.04184224854258688,1.6377441713521552,0.1014957685727877,0.05662786184581257,0.039966379635816444,1.4168874529496962,0.1565363275063048,0.02447267306369825,0.015501184477711549,1.5787614874777083,0.11441158140450527,-0.050338821355797675,0.01676998595250053,-3.0017211402787,0.0026889390299425033,-0.0032557126054246228,0.015848637885570317,-0.20542538916791367,0.8372425360873796,-0.09589572437363922,0.013657522197050258,-7.021458430750397,2.288654560924133e-12,0.04276938275191486,0.008744616878761925,4.890938430451879,1.0138263639699819e-06,0.0240685192291795,0.008090549434054375,2.974893043465179,0.002935513094900329,0.008393510036172749,0.021407213399279555,0.3920879322133177,0.6949987402407252,-0.015196337026261999,0.012760333569924983,-1.1909043711896738,0.23370972267248769,-0.0077090012918603155,0.010429106892182217,-0.7391813480825549,0.4598082981206707,0.0792513103482877,0.016967880288365458,4.670666518234971,3.027939884555335e-06,0.0161875327253412,0.008360233192956536,1.936253732608695,0.05285514463492236,0.01736558060709948,0.008279358987204841,2.097454722513753,0.03596981271353071,0.023398085012331534,0.031212968195066266,0.7496270417508706,0.45349095958769037,-0.011646699874267648,0.014689649036906144,-0.7928507920785978,0.4278771329871265,-0.011631568915951247,0.009899072352875687,-1.1750160521427313,0.2400066975477039,0.010816449752151515,0.01714071524676217,0.6310384133004432,0.5280248951409616,-0.01344353304112063,0.008995350326328207,-1.4944979965675353,0.13506626106201128,-0.004334713716090156,0.014562077489699293,-0.2976713809658259,0.7659580560786182,0.010062183658665578,0.0077241319491167075,1.302694428959909,0.19269883788984443,0.003633633548830793,0.013644511659001624,0.2663073358461748,0.7900061355837138
-0.972,0.04557903770938876,0.04413503809534558,15226,-0.13318573018240723,0.016068429776953375,-8.288658694792495,1.240255256753338e-16,-0.0002530565229923844,0.01943198460259195,-0.013022680295795945,0.9896098690233266,0.009052004698591147,0.043037053351908224,0.21033049415753716,0.8334125555160715,0.016277869235376073,0.041107619035306034,0.3959818062290479,0.6921240073218118,0.020089135116072045,0.01594382057900273,1.2599950568014109,0.20769048720080516,-0.07834030554105717,0.017248852661776577,-4.541769071670438,5.621292588911824e-06,-0.0028443474593850106,0.016301195513958734,-0.174487046483762,0.8614850335769418,-0.09919769212831858,0.014047512548258085,-7.061584162145437,1.7174937888744332e-12,0.05595701641659327,0.008994319288798118,6.221373137852062,5.057295532953796e-10,0.0259301769063566,0.008321574957551793,3.116017945956862,0.0018365244398142275,-0.0022853245334971484,0.022018496072044976,-0.103791127514773,0.9173364768052544,0.005995008402706566,0.01312470471270364,0.45677282147947207,0.647840869056391,-0.013121752914933688,0.010726909890484835,-1.223255629897028,0.22125212125664953,0.11493754963661022,0.017452397867574753,6.585774087247666,4.67370948520415e-11,0.014734470242671365,0.008598959532336357,1.7135178026204732,0.08663770848927614,0.0111720772561016,0.008515775964794895,1.3119270988678111,0.1895645434254886,0.025001392223854953,0.03210425405592774,0.7787563660660319,0.4361353670140856,-0.022867755862294944,0.015109111755279764,-1.5135076259068625,0.13017155425268473,-0.0012862977226786973,0.010181740222481162,-0.12633377935125148,0.8994693891338712,0.030368095321685402,0.017630168125739143,1.7225074148527,0.084997979456609,-0.016612600960515166,0.009252212426377355,-1.7955274041432407,0.07258956351001188,0.01323788617296986,0.014977897404365071,0.8838280711625043,0.37680300761509267,0.012853281735067279,0.007944694426566843,1.6178446954594317,0.10571681793043172,0.005325874176854836,0.014034130494481357,0.37949441748094975,0.7043260498003676
-0.918,0.05213053213259844,0.05069644465983503,15226,-0.1327817245015112,0.01650282307358667,-8.04600060907354,9.18230284909999e-16,-0.02745396127280525,0.019957308107677325,-1.375634485607007,0.16895509217525148,-0.01729092594625751,0.04420051535425846,-0.3911928584468785,0.6956601691784718,0.029748997876955702,0.04221892078646431,0.7046366255409694,0.4810471941559261,0.010269652807556293,0.0163748451954949,0.6271602989188388,0.5305635831965141,-0.11292679697336204,0.017715157464106287,-6.374586125027091,1.8874778736835647e-10,-0.013747947894550916,0.016741881390342793,-0.8211710245708188,0.4115617356929556,-0.09191586286620315,0.014427272448263223,-6.370979905995199,1.9322812997243437e-10,0.07940506810797365,0.009237471361593513,8.595974482596485,9.050881055919493e-18,0.034867099130144484,0.008546540086638436,4.07967420461238,4.532892680788171e-05,-0.009154864880434554,0.02261374322614844,-0.4048363328831255,0.6856035161142116,-0.00014395915140379958,0.013479517462090458,-0.010679844572230987,0.9914790190306388,-0.013989816847033699,0.011016900749249348,-1.2698504929334973,0.20415732779029155,0.151088258223223,0.017924205302967428,8.42928630136867,3.7866507689108053e-17,0.015249687645080572,0.008831423465073915,1.7267530772801574,0.08423233360572693,0.010476423155770747,0.008745991116249427,1.1978543102229204,0.23099241519958094,0.03935559314688142,0.03297215919344836,1.1936007258724342,0.23265281592467651,-0.024477631574202845,0.015517570886363649,-1.5774138718910582,0.11472113279076901,0.012591033601894144,0.010456992985949752,1.2040778471221827,0.22857823852873022,0.03507098941567999,0.018106781395277362,1.936898041129897,0.0527763129683005,-0.018391801637960423,0.00950233637207926,-1.9355031139500705,0.05294710751890222,0.01222437964029004,0.015382809291863205,0.7946779686566207,0.4268132568917107,0.007901705122801663,0.00815947098224812,0.9684089985726702,0.332855553491725,0.0229388843712734,0.014413528624572665,1.5914829025396615,0.11152173258208482
-0.864,0.06053367450636982,0.05911230064198658,15226,-0.12474894823177851,0.016961334425316773,-7.3549017490968245,2.0081769620971935e-13,-0.06352835662735881,0.02051179822591602,-3.0971617372431397,0.001957390289400589,-0.06603242838253548,0.04542857421133276,-1.453543931961281,0.1460934338582372,0.0017074334266306557,0.04339192339044732,0.03934910677424696,0.9686125720739749,0.04093495501451089,0.016829800833780478,2.432289925401076,0.015015154172141299,-0.13623383734380246,0.01820735208794489,-7.482353100317264,7.699574497219801e-14,0.00871917791478136,0.017207034693663203,0.5067217024902235,0.6123574499622826,-0.10160470365519123,0.014828117089360982,-6.8521649136485125,7.553582173175529e-12,0.09119999336002542,0.009494123539326146,9.605941294344946,8.702027410426437e-22,0.04902178567454581,0.00878399555896984,5.580807201625559,2.4349520511032257e-08,-0.006281129266080841,0.02324203924120384,-0.27024863011785816,0.786972651122242,-0.0003455745310909997,0.013854029855797494,-0.0249439718759078,0.9800999810464603,-0.015078415133133728,0.011322992260495058,-1.3316634672392222,0.18299076530958877,0.16866613811881986,0.018422208072887768,9.155587508918016,6.082567267296618e-20,0.015253108666333424,0.009076794083944153,1.6804511069954193,0.09289012456473951,0.0033184893153375976,0.008988988098708104,0.3691727343386438,0.7120041191445623,0.0023945058664831638,0.03388825150164533,0.07065887912118766,0.9436701781435809,-0.027054561751214144,0.015948708175477663,-1.6963481589570097,0.08984043872947484,0.00612590343740777,0.010747528124552434,0.5699825454202173,0.5686979596794497,0.03309533956780213,0.018609856825221104,1.7783769041656197,0.07536195429738926,-0.020621818247014617,0.00976634750975725,-2.111517967839257,0.034744090049251976,0.00811308709089862,0.015810202390023936,0.5131551697287499,0.6078502392159505,0.01599358493034561,0.00838617219893032,1.9071376727019318,0.056521590655584805,-0.0005041346873720445,0.014813991409841866,-0.03403098283404675,0.9728528910627967
-0.8099999999999999,0.06954375997881801,0.06813601800273017,15226,-0.10358571014483739,0.01757019812950953,-5.895534551250332,3.81382917412066e-09,-0.08878853891048569,0.021248113490642154,-4.178655152119218,2.948766922912616e-05,-0.06737777459712123,0.04705933092403704,-1.4317622727335868,0.1522324265059392,-0.04257793046774473,0.0449495701265509,-0.9472377677444064,0.34353269059868874,0.03571909778958923,0.017433942855836656,2.0488249895594297,0.04049636276710404,-0.15015206494696298,0.018860944285222777,-7.9610046388082765,1.826444247414975e-15,0.008640987084656628,0.017824718339244726,0.4847755190404185,0.6278425749273241,-0.12401191533744478,0.01536040435349018,-8.07347986964073,7.340797065921711e-16,0.10821829397674233,0.009834935593452589,11.003457312805027,4.6926886911474505e-28,0.05857470353315521,0.009099316036683208,6.4372644380100335,1.2529226824308375e-10,-0.015570007589099447,0.024076362399426014,-0.6466926909802055,0.5178406178207624,-0.004246927053462255,0.014351350156457762,-0.29592526188563795,0.7672912004642412,-0.01082647077330876,0.011729455504329255,-0.9230156309739007,0.35601370867084625,0.18189855448820152,0.019083512989435256,9.531712247577353,1.776337072487613e-21,0.011865108682437292,0.00940262519661275,1.2618931877356592,0.20700658392910087,0.004660875816003078,0.009311667226038723,0.5005414930389283,0.6167010934078814,0.002410643631301692,0.035104743425011325,0.06867002564628243,0.9452531810871218,-0.02092983643603538,0.01652122147503954,-1.266845582068882,0.20522991814192246,0.011926970213646582,0.011133333841292708,1.0712847008512703,0.2840584439002272,0.02799944342752315,0.019277897798706558,1.452411654003154,0.14640781644062845,-0.01740892143789976,0.010116931630800748,-1.7207708891595876,0.08531275518574055,0.015434778891743106,0.016377743725501576,0.942424008485968,0.3459905762008776,0.01368446712029176,0.008687211948575115,1.5752426902092909,0.11522124561810641,-0.0047113583844946745,0.015345771602219479,-0.3070134566458206,0.7588373348042702
-0.756,0.07114975754157771,0.0697444453736693,15226,-0.07633622492062198,0.018292785949399353,-4.173023460274431,3.022551946522133e-05,-0.12393064679908024,0.022121958389305408,-5.602155316366249,2.1537416873632e-08,-0.11196898544986693,0.04899468185674863,-2.2853293705884954,0.022307226000743058,-0.0773107447893904,0.046798155534826864,-1.6520040994320018,0.09855436770918706,0.018548040174140332,0.018150927073511743,1.021878392162575,0.30685472162330446,-0.1611438226396678,0.01963661502676284,-8.206293315830864,2.4627185997841644e-16,0.0037617791821179074,0.018557773497187017,0.2027063851538072,0.8393672449020673,-0.1308434979094269,0.015992112716287362,-8.181751856724205,3.0173336571925755e-16,0.11773021869291246,0.0102394048326067,11.497759939914522,1.8094138587951582e-30,0.07134577720600377,0.009473532359627938,7.53106386273069,5.315383339143292e-14,-0.041520818159600084,0.02506652119495259,-1.656425230955492,0.09765637260771233,-0.0003737678772890961,0.014941560394588965,-0.025015317504887565,0.9800430741651649,-0.005499281565271313,0.012211838322035394,-0.45032381040848296,0.6524833945943999,0.18305541273526527,0.019868337038955526,9.213423970831151,3.5645491799898385e-20,0.00784567312480509,0.0097893153404564,0.8014526912194972,0.42288214813908065,0.004443921911200809,0.009694616653860039,0.4583906790611884,0.6466783395793122,0.03222579822903195,0.036548452814757326,0.881728110143694,0.37793779660444915,-0.03013606935840773,0.017200669328704635,-1.7520288764644978,0.07978900393884701,0.009342617163706275,0.011591200700231187,0.8060094381352517,0.4202500147994206,0.029272820407399654,0.020070716071997993,1.4584841070140062,0.14472781203133095,-0.009652458515461591,0.010532998172406601,-0.9164018029309291,0.3594707268532892,0.019382544793227804,0.017051290947114762,1.1367200790452474,0.25567324039823963,0.01666260826942651,0.009044480176091507,1.8422958473028699,0.06545134940554183,0.009569377716885628,0.015976878181942746,0.5989516605128185,0.5492140450716481
-0.702,0.06844311104022271,0.0670337038276142,15226,-0.04185571395151261,0.019160437682493682,-2.184486317332663,0.028941753212380454,-0.1265160039983424,0.02317123298252568,-5.460046260540084,4.834768401490563e-08,-0.0904338643055366,0.05131856629638528,-1.7622055881928735,0.07805466231419304,-0.0765035056683102,0.04901785574165861,-1.560727300506792,0.11860892288928832,0.02868889448714889,0.019011850247060296,1.5090006556087252,0.13131939729173267,-0.17736331421347776,0.02056800640187683,-8.623262301070334,7.141983810627564e-18,0.0045896490387841975,0.019437993950306955,0.23611742294588584,0.8133447355318978,-0.11779612707808321,0.016750640386840585,-7.032335741063645,2.1176183539377657e-12,0.13311634699523991,0.010725073739105733,12.411695269737072,3.3442630639554463e-35,0.08518658365072049,0.009922874892421652,8.584869261606796,9.964745486231454e-18,-0.04807414127542483,0.02625546040943897,-1.8310149784363308,0.06711786948817887,0.015587843497283243,0.01565025893877788,0.9960118588619653,0.3192602364306238,-0.010248603383964494,0.012791062433315703,-0.8012315972495686,0.42301010472844147,0.19999112504555244,0.02081071930446922,9.610005407290426,8.367307032362042e-22,0.0016952208436495568,0.010253635889794749,0.16532875380690845,0.8686874263279658,-0.009964785074130343,0.010154445515613217,-0.9813224226580115,0.3264493855062227,0.008840576698932002,0.03828199567227279,0.23093301547325365,0.8173699489896499,-0.039776787639927945,0.018016520484166448,-2.2077952107836354,0.027273427733043528,0.015487046139541466,0.012140987124454338,1.2756002440977394,0.20211635903533762,0.03575648222089414,0.021022697450476052,1.7008512968008513,0.08899136586762973,-0.007755478719780058,0.011032592610577353,-0.702960672393957,0.4820910231359111,0.034738499337249866,0.017860056882641688,1.945038560936077,0.05178875059546124,0.010053047665738777,0.009473472179902756,1.061178781636742,0.2886255186352244,0.0004928737009721193,0.016734683257798606,0.02945222765076435,0.976504305825445
-0.648,0.06478999428106025,0.06337506005322602,15226,0.022522485717430672,0.020185290164130846,1.1157870674285877,0.2645309277234076,-0.15143048117082195,0.024410614671934134,-6.203468581433456,5.666222110868878e-10,-0.07385483892528744,0.05406349106764797,-1.3660760240746415,0.17193531043214233,-0.054917755173634036,0.051639720227941756,-1.0634789447197386,0.28758170101943076,0.038821022612051274,0.020028755091776665,1.9382643820928378,0.05260946519873828,-0.18667198123603745,0.021668146845043847,-8.61504135868153,7.670859035632006e-18,0.013166835906608077,0.020477692346978844,0.6429843599320718,0.5202439461868933,-0.10271812085697984,0.01764659775764481,-5.820845596850565,5.973051989351668e-09,0.1587934446178511,0.011298735918404842,14.054089392352981,1.382424381943691e-44,0.09395317466987631,0.010453629102058786,8.98761317745363,2.8191208136751007e-19,-0.03332467575999003,0.02765981109302095,-1.2048048935662623,0.22829738593339913,0.018072023026314887,0.016487359164641995,1.0961138679547473,0.27304631022872833,-0.00507559628668211,0.013475230107081152,-0.376661195864471,0.7064306606504052,0.2086665005097374,0.02192384196258712,9.517788937989303,2.0295321669883138e-21,-0.0017672440411560563,0.010802081826239162,-0.16360217128361984,0.8700465101251994,-0.030211446558138483,0.010697585962547473,-2.8241368346007727,0.004746982269294141,-0.023803106369255582,0.04032962104059089,-0.5902139855293526,0.5550559699259916,-0.03636981471107937,0.01898018718294625,-1.9161989479090988,0.05535850945697399,0.023951464811056214,0.01279038360433697,1.8726150483035346,0.061140740714679245,0.042681963914421486,0.022147158384503304,1.9271982063525896,0.053973546060522855,-0.012983613976725313,0.011622703343077622,-1.117090714051326,0.2639731951513419,0.02917938790463004,0.018815354664543614,1.5508284815707891,0.12096360977313725,0.0035105290617342957,0.009980188760921401,0.3517497660445245,0.725030810025464,-0.008611392678130339,0.017629787114525054,-0.48845698601972765,0.6252332317724956
-0.594,0.06062903829270927,0.0592078087098078,15226,0.11854013407100047,0.02111694562359616,5.613507567995215,2.0173169358147287e-08,-0.1938117410360296,0.02553729069408141,-7.589361900514683,3.4010255248645085e-14,-0.10461624265479588,0.056558800582714196,-1.8496899081478977,0.06437765137401315,-0.033177223961646324,0.05402316019261044,-0.6141296407570113,0.5391388528195602,0.05379827454091616,0.02095318564867329,2.5675463121915567,0.010251582959734941,-0.17288000722233723,0.022668243803796208,-7.626528491518401,2.5540421080422707e-14,0.03837106544628904,0.02142284367832882,1.791128480534305,0.07329256632102528,-0.0826101802882313,0.018461079442486424,-4.474829359008759,7.702761938167331e-06,0.1830660563748408,0.01182023097336047,15.487519388362296,1.082820551710255e-53,0.1059980135307977,0.010936118109894056,9.692471539320689,3.7620368801792733e-22,-0.034812405814053864,0.028936454321979048,-1.2030639769023692,0.22897029967105487,0.007750463890173372,0.017248335997424896,0.44934560013965885,0.6531887735633699,0.002502038196884774,0.014097181617053615,0.1774849941535841,0.8591298156970494,0.18570632660561096,0.02293574057245674,8.09680969397707,6.066847278174281e-16,-0.004532350062506799,0.011300653728113038,-0.40106972318172274,0.68837442820912,-0.046107064457574044,0.011191334840273156,-4.119889639228118,3.810610759839386e-05,-0.04741268150337078,0.042191041476716255,-1.1237618187153822,0.2611318282003921,-0.047930524297567785,0.01985622091180926,-2.4138794844421607,0.015795422703245368,0.023870868414724987,0.013380725908893545,1.7839740965666993,0.0744478144950535,0.039380699349042536,0.0231693642013526,1.6996883905318187,0.0892100117488959,-0.0039117678305092204,0.012159151168958566,-0.32171389072747786,0.7476738768586928,0.04194543971920428,0.019683780520821266,2.1309646119471255,0.03310805696212555,0.007938749536510808,0.010440826050254474,0.7603564601401741,0.44705333374243117,-0.019320646136499788,0.01844349290130861,-1.0475589542547519,0.2948585114103957
-0.54,0.057244244019320156,0.05581789338206489,15226,0.1795510728891124,0.02217870068661383,8.095653366992872,6.124511052739242e-16,-0.21724723979921193,0.026821299668366848,-8.099802861359258,5.920057084171766e-16,-0.14110185280962276,0.05940256378347756,-2.375349544237505,0.017544665747420064,-0.07142104945567461,0.05673943199048946,-1.2587551011727796,0.20813813175955426,0.053615281920435603,0.02200670689863896,2.4363155363218625,0.014849136364190553,-0.15684004934781742,0.023807997774725878,-6.587704301380432,4.6135397355039684e-11,0.033086055281872646,0.022499979223645827,1.4704927037044386,0.1414490568831615,-0.0765943992788841,0.019389298178103618,-3.9503440802917944,7.839122709731155e-05,0.19109355656272287,0.012414549408692337,15.392709817476279,4.603574180167972e-53,0.10878973309869847,0.011485983558236386,9.47152087995872,3.155846065009776e-21,-0.05104298211105028,0.030391372444598566,-1.6795221145112225,0.0930708815617821,0.007356540044570781,0.01811557827764521,0.40608916435468245,0.6846828028927199,0.004873419515814105,0.014805984595617964,0.32915200501130204,0.7420453322594617,0.1738648767005249,0.024088944218047165,7.217621292437852,5.540763926018454e-13,0.0005403683836355967,0.0118688479416657,0.045528292745130594,0.9636868219323188,-0.04755304215544788,0.011754032525837519,-4.045678965998909,5.242950872206076e-05,-0.03801107192410341,0.04431239712636269,-0.8577976906938659,0.391017708403933,-0.04487299680048189,0.020854587032615734,-2.1517087214578896,0.031436003763668806,0.028179253048505527,0.014053505662834117,2.0051404770148094,0.044965725577923416,0.05677123762291695,0.024334314388097324,2.332970500729848,0.019662669212571295,-0.008549912323121984,0.012770510432071565,-0.6695043529074556,0.5031839728739329,0.035150384454404375,0.020673476379296063,1.700264813208027,0.08910158058964077,0.004323103471010578,0.010965788330242419,0.39423553882468637,0.6934126797046962,-0.01387473016955781,0.0193708273897686,-0.7162693616735364,0.47383604390127476
-0.486,0.05269521706116076,0.05126198393344117,15226,0.1394807661258266,0.02379376979054695,5.8620709267028825,4.666004293393116e-09,-0.2092460889928939,0.028774446204487245,-7.271941482587523,3.716335933025516e-13,-0.10877789061169091,0.06372830165319036,-1.7069008241214487,0.08786090935730571,-0.055444652250607726,0.06087123866741814,-0.9108513883468081,0.3623881240308545,0.04410836828372229,0.023609251289923142,1.8682662885861419,0.061744184075408805,-0.1723699376008646,0.02554171347682181,-6.748565939293155,1.5471309717061672e-11,0.0377150441525159,0.024138444064157435,1.5624471922164203,0.11820349249414813,-0.07269185185566848,0.02080124096397215,-3.4945920765771197,0.00047613857698495577,0.2005139699136732,0.013318585919782085,15.055199637661982,7.421511807207677e-51,0.11246189374169847,0.012322401229195252,9.126621642155627,7.939411837940003e-20,-0.041194724139504243,0.03260449427508617,-1.2634676616033902,0.20644053691218706,0.021914968691999798,0.01943476785459665,1.1276166947791217,0.25949962982569724,-0.0025634315624998554,0.01588416715516371,-0.16138281204542232,0.8717940478158431,0.19067522335683396,0.025843118644343382,7.378181634381403,1.687592693416043e-13,-5.691548487422003e-05,0.012733146075299564,-0.004469868211488418,0.9964336316921901,-0.05433568665132141,0.012609969717440581,-4.308946640543543,1.6506458887053964e-05,-0.05534303613885835,0.047539258092262206,-1.1641543928062759,0.24437971862611166,-0.032574040034753865,0.022373233217871786,-1.4559379825681007,0.14543041534593157,0.028143635846518383,0.015076892159577441,1.8666735523899352,0.06196642554629063,0.048255759131022424,0.026106356848516657,1.8484294614920305,0.06455964700834767,-0.017978651151192508,0.013700468283603549,-1.3122654480875668,0.1894503989968775,0.01867786133527228,0.022178933955142446,0.8421442334897074,0.39972047237848096,0.013461937021792152,0.01176432500661022,1.1443016929766956,0.25251655825405234,-0.016749030509159997,0.020781425119405627,-0.805961593727266,0.42027760127661107
-0.432,0.05425331851714621,0.052822442732768815,15226,0.08318005558388264,0.025393706795838036,3.2756169177126844,0.0010566747348991635,-0.22982376432673202,0.03070929308644737,-7.483850692354683,7.612615061051197e-14,-0.11443194385615466,0.06801351030221246,-1.682488425427326,0.09249470380230376,-0.03338956868437577,0.06496433312698546,-0.5139676969993573,0.6072820460420665,0.040518762733321154,0.025196780930601233,1.6080928291959522,0.10783561572421158,-0.18701844632659673,0.027259185442375773,-6.860749625917551,7.1145558014432395e-12,0.043191272784905935,0.02576155760389328,1.676578468158251,0.09364550135213781,-0.06921357504471669,0.02219995480659569,-3.117734952512294,0.0018258665168426717,0.22230527393555227,0.014214152223851901,15.639713887579969,1.041917107810721e-54,0.12269662089648087,0.01315098223565966,9.329844622843591,1.2038055261493045e-20,-0.04123300678449171,0.03479688065978745,-1.1849627323676195,0.23605070601312292,0.010459912976215383,0.020741597522763156,0.504296400734611,0.6140604151166661,-0.005080232610497955,0.016952247877701096,-0.29967899520750096,0.7644261191752506,0.2012929266683346,0.027580857649771598,7.298283803368295,3.0587939280326973e-13,-0.0018674392319260593,0.013589346323473035,-0.1374193568604849,0.8907011515300434,-0.04811357617596858,0.013457887359921454,-3.5751210341716955,0.000351151179175707,-0.06523713768548048,0.05073588556640512,-1.2858184489575046,0.19852601515104173,-0.034663612559408336,0.023877650721629524,-1.4517178831168833,0.14660070096861175,0.036303788897596334,0.016090690221138685,2.2561983605838902,0.024072358306024604,0.04876788426434508,0.02786179647674532,1.7503495980615928,0.08007817945147591,-0.016751299141856163,0.014621713062792039,-1.145645456857124,0.25195991478214896,0.01727379671691836,0.023670286417787404,0.7297671186580023,0.46554379082261643,0.013161103083662987,0.012555379937629384,1.048244111213091,0.29454281688489214,-0.016006088110006,0.022178806508059402,-0.7216839239834505,0.47049992760033466
-0.378,0.05550442472699901,0.054075441814798064,15226,0.038891685217207476,0.026818730267477796,1.4501687749315322,0.14703209088613275,-0.26833927344683506,0.032432612324457336,-8.273748372852507,1.4049215781928497e-16,-0.14748059910297534,0.07183023738930124,-2.0531826771456814,0.040071937552174426,-0.093382973935005,0.06860994895887935,-1.361070447537763,0.17351160268027457,0.018514745909014984,0.02661075347602563,0.6957618064327054,0.48658864770163135,-0.20634929234865043,0.028788894333853284,-7.1676699339578755,7.979468887818254e-13,0.01816354749967925,0.027207223829257606,0.6676001790431433,0.504398977500494,-0.07491159394044128,0.023445753890718603,-3.195102801539527,0.00140066463091929,0.22494546394757237,0.015011810506327198,14.984565909139478,2.1207873910611792e-50,0.12534790348526204,0.013888978405797532,9.02499088291039,2.0088154113984513e-19,-0.05482763598308908,0.036749583826706414,-1.4919253573490838,0.1357394647823122,0.022181364615502172,0.021905557693953564,1.0125907281340176,0.31127180627999296,-0.009969658262454814,0.017903560394499106,-0.5568533879729312,0.5776358012960126,0.2101191311491827,0.029128617881661857,7.213494715156561,5.710783044446371e-13,-0.003441616729191679,0.014351942254460332,-0.23980146158420368,0.8104874069748254,-0.040331316360969975,0.0142131061832606,-2.837614511630817,0.00455122039216936,-0.060082709913217194,0.05358304090169496,-1.1213008612827091,0.2621775309061163,-0.04033638515794356,0.025217597386348628,-1.599533236254275,0.10972295059940128,0.04861963463943903,0.016993654543140117,2.861046428595636,0.0042282102242497035,0.0653169675030153,0.029425322206195714,2.21975368851738,0.026450188989687425,-0.012854803760739608,0.015442242514344002,-0.8324441057572454,0.4051713920729193,0.02144205734911938,0.02499859638044757,0.8577304510540478,0.3910548434163935,0.011031788797903107,0.013259952580383897,0.8319629147258775,0.40544294588246266,-0.00015023213115793708,0.023423418809093034,-0.006413757632153022,0.9948826810521149
-0.324,0.05947508810835933,0.05805211264634724,15226,0.034086360228542306,0.028111146215290497,1.2125567548007599,0.2253181743047094,-0.2802964843914211,0.033995565714841594,-8.245089572639493,1.7842326383622117e-16,-0.1391104093016549,0.07529179367519605,-1.8476171507052717,0.06467716126668474,-0.03745525555607657,0.07191631698334178,-0.520817209879539,0.6025016987146027,0.03153926816450038,0.0278931468567978,1.1307174599704224,0.2581918683427786,-0.21248942773453414,0.030176254055431402,-7.041610510841001,1.9817344469828955e-12,0.030366542820730643,0.028518361590886963,1.0648067114218183,0.2869803193955648,-0.09982057714369288,0.024575623423490713,-4.061771920230474,4.894597360005847e-05,0.2363201897737995,0.015735241597598773,15.018529477797303,1.2808227136850783e-50,0.14489232115427914,0.014558299324851138,9.952558188369348,2.8955189714118874e-23,-0.053737795890784396,0.038520575508244434,-1.3950413559964354,0.1630237492848681,-0.004003240131501001,0.022961203946667053,-0.17434800635016762,0.8615942949687743,-0.002697458857462233,0.018766347213476073,-0.14373915321811767,0.8857083576470088,0.2087394893801461,0.030532349151283313,6.836666525260554,8.414388554751702e-12,-0.002912564451912495,0.015043573769701933,-0.1936085465129609,0.8464849923462574,-0.024750816402479465,0.01489804707777704,-1.6613463679678862,0.09666452266764175,-0.07531223958117643,0.056165250271898816,-1.340904548926357,0.1799714799351092,-0.019833745445835,0.026432853466803703,-0.7503444707830601,0.4530588783540498,0.06562219383918727,0.017812592275244746,3.684033902824266,0.00023036817844679207,0.05167636165991401,0.030843351893266025,1.6754457115666608,0.09386738004495192,-0.013865138704986393,0.016186416466521435,-0.8565910023175192,0.39168446218338815,0.014354648559747126,0.02620329862819727,0.5478183782670837,0.5838246610971125,0.008530226168487278,0.013898960244475669,0.6137312445280022,0.5394021211826107,-0.012058775577511227,0.02455221199651245,-0.4911482345958943,0.6233286985122677
-0.27,0.06416263318153093,0.06274674978218708,15226,0.18100812416584733,0.029486280796255617,6.138723476744245,8.525383588115419e-10,-0.33336862621825303,0.03565855297462551,-9.348910665429326,1.0064740595431506e-20,-0.16580845464033794,0.07897490031029071,-2.0995082486825565,0.03578856435624972,-0.06463214410888006,0.07543430282646797,-0.856800443394597,0.39156868638075826,0.0294224566032191,0.029257617395315287,1.0056340612318693,0.31460763904791433,-0.24218465036784662,0.03165240910644962,-7.651381275698794,2.1073177002295353e-14,0.028495099781334486,0.029913416239877585,0.9525859418005109,0.3408150482068969,-0.07172287066350116,0.025777808114203767,-2.782349466864924,0.005403343130864392,0.27510326941010255,0.016504974524708282,16.667900274445582,7.933241538709073e-62,0.14980458330886556,0.01527045886072786,9.81009049401448,1.1893523870961265e-22,-0.057763684045024286,0.04040491615570094,-1.4296201933059602,0.1528466062375915,-0.012586867669507468,0.02408441483696082,-0.5226146350124813,0.6012500698715808,0.0029629231517892514,0.019684355067514148,0.15052172863306446,0.880355006091927,0.23143956657035064,0.03202592358024748,7.226632074807511,5.186599592052191e-13,-0.009114449839284966,0.015779471849189163,-0.5776143793908614,0.5635330512674399,-0.04236767419264458,0.01562682631604069,-2.7112142501484664,0.006711259443103128,-0.08337087181655495,0.058912729058638515,-1.415158882447495,0.15704240091518157,-0.03040964906373767,0.027725889709346325,-1.0967961491056013,0.27274788737340183,0.07040924558632844,0.018683944564714814,3.768435800184207,0.00016489436308207491,0.050658506474010094,0.032352139882787276,1.5658471636666789,0.11740521603455485,-0.01389057817344061,0.016978219862033985,-0.8181410234003486,0.4132894898840075,0.01819163371039242,0.02748510555997547,0.6618724338058775,0.5080630121018871,0.006659221490338007,0.014578866382961115,0.4567722424646745,0.6478412852678794,-0.005012857192095322,0.025753251452428568,-0.1946494873222155,0.8456699597462607
-0.216,0.06853818312564686,0.06712891975318869,15226,0.26303948101713714,0.030742799777101214,8.556132913211835,1.2773915253801455e-17,-0.3838996993774396,0.0371780951967085,-10.325964720522517,6.500036794110737e-25,-0.19764623008134868,0.08234031156496717,-2.4003580545770005,0.016390987895848974,-0.10061978807891914,0.078648836187364,-1.2793550795744015,0.20079157086250857,-0.02007555368820109,0.03050439218680409,-0.6581201016975379,0.510470925759168,-0.2411966057958187,0.03300123478936838,-7.308714577962464,2.831288299475596e-13,-0.00028311288617487856,0.03118813703450944,-0.00907758247508071,0.9927573556784516,-0.013320517289874219,0.02687629542102633,-0.4956232650818788,0.620167399717773,0.30552801902587545,0.01720831225359888,17.754676607636434,8.03047084338377e-70,0.15470834525570581,0.01592118933220743,9.71713494686869,2.958275142942485e-22,-0.12399757494188168,0.042126718387047804,-2.943442539307921,0.0032507477908101053,-0.009085056352754351,0.025110740421876346,-0.36179962040623453,0.7175068043822268,-0.008821917580652879,0.020523177906479194,-0.4298514402035071,0.6673098037211116,0.2311398559411301,0.03339066609001838,6.922289460114297,4.621873945689419e-12,-0.0026531385387894534,0.016451893238079374,-0.16126645732471248,0.871885683613564,-0.07479116739255201,0.01629274291678662,-4.590458940802025,4.458142955145754e-06,-0.002335200196946996,0.0614232173357831,-0.038018200580101934,0.9696736697608264,-0.02666617926179527,0.028907391944957173,-0.9224692186887903,0.3562985189065212,0.059249515391219004,0.019480136229063756,3.041534961281255,0.002357763001595362,0.043998560955555904,0.033730783670200985,1.3044037572843543,0.1921157024102596,-0.017716104464366417,0.017701724317038856,-1.0008123585629294,0.31693346326092203,0.012314150224226432,0.02865634709651539,0.4297180719772839,0.6674068262433837,0.01027853933437736,0.015200125552809645,0.6762141074865949,0.4989150042459394,0.023538985286709262,0.026850692309485558,0.8766621365063885,0.3806840310406865
-0.162,0.06656371670230965,0.065151466043459,15226,0.15005369703607205,0.03179412316836972,4.719541917902378,2.384825827377062e-06,-0.41457221576317,0.03844948886958472,-10.782255576123283,5.228362638597589e-27,-0.20142666770271717,0.08515613498444201,-2.365380576978015,0.018024030883708513,-0.09630925912259729,0.08133842079837295,-1.1840561714535256,0.23640934108072445,-0.018406474800430936,0.03154756266167746,-0.583451564795219,0.5595980094543322,-0.22945894077894738,0.0341297907545492,-6.723127675441799,1.842006217306079e-11,-0.0019241890346652392,0.032254689795877985,-0.05965610107684689,0.9524303198455258,0.004263304608154719,0.027795394470287744,0.15338169108238545,0.8780993182579084,0.30212787701601285,0.017796791550462942,16.976536257073466,4.764989539096511e-64,0.16035628049259698,0.016465652389675338,9.738835528505822,2.3932142369173657e-22,-0.12323675883720417,0.043567342037424406,-2.828649926161289,0.004680597180078072,-0.01719861405979813,0.025969462105294848,-0.6622630068372324,0.5078127198906512,-0.016928477552899578,0.021225016943674433,-0.797571921747967,0.42513140788141235,0.21471962021339056,0.03453253958771524,6.2178925377899485,5.170437945990572e-10,-0.0066495639641481145,0.01701450498187794,-0.39081736266970624,0.695937716731329,-0.0759321352688875,0.016849912135612963,-4.506381674738938,6.643431426703209e-06,0.00019467826365423407,0.06352373080951614,0.0030646541248970597,0.9975548038295308,-0.023870073459190295,0.029895949186088382,-0.7984383874420641,0.4246286069552646,0.05891460488571061,0.020146305967382983,2.9243378404504425,0.00345699521603133,0.021095160990312493,0.03488428830007904,0.6047181128893692,0.5453753365035626,-0.0035512974220694854,0.01830707701670258,-0.19398495012772582,0.8461902580069894,0.018468368406546296,0.02963631926005647,0.6231667382338458,0.5331843055249266,0.010746341079639442,0.015719930113869497,0.6836125225619216,0.4942302941895427,0.03264121546574929,0.027768915799258338,1.1754587648186494,0.2398296341869104
-0.108,0.061410708045344764,0.0599906610965909,15226,0.0009487501923123543,0.03277252503276621,0.02894956038217339,0.9769051987116195,-0.38565140629076594,0.039632696577370126,-9.73063756935906,2.5928766139152514e-22,-0.16713877873544328,0.08777664824069259,-1.9041371718493005,0.05691118190505419,-0.04101988290470531,0.08384145137841945,-0.4892554008823339,0.6246679505125964,0.01720259537383401,0.032518377109426004,0.5290114975893906,0.5968051977936896,-0.23517956023168707,0.03518006821396766,-6.6850228601408155,2.3892948996926446e-11,0.01927981865563945,0.03324726469611026,0.579891874771132,0.561996129417454,0.012516602179935684,0.028650743291431528,0.43686832319212393,0.6622130508436324,0.31249679135687775,0.01834445295131488,17.03494741359833,1.7917033821057982e-64,0.1666106548608031,0.016972350590196555,9.816592815201421,1.1155591834881696e-22,-0.11671004928164813,0.04490804165195638,-2.598867485386412,0.00936221841315766,-0.017887780666137845,0.026768621434414892,-0.6682369022986199,0.5039925285590379,-0.012494641276107232,0.021878175266033754,-0.5711007030602492,0.5679398242956015,0.21587552130735796,0.03559521085359806,6.064735005932312,1.353015828606587e-09,-0.015468215479017026,0.017538093045870024,-0.8819781853455028,0.3778025491951842,-0.07803944042895243,0.01736843517715423,-4.493176249499005,7.06862111514133e-06,-0.015433186417087248,0.06547854919932733,-0.23569835626788438,0.8136699205129421,-0.006976351116477583,0.030815938464190916,-0.2263877546544403,0.8209028948263833,0.06068508079800264,0.02076626907235073,2.922290979981659,0.0034797845340475285,-0.011703729278751128,0.03595778394360403,-0.32548527732151644,0.7448183030891196,0.015857930729637447,0.018870441453266478,0.8403582273848943,0.4007207796333435,0.025610443873077423,0.030548318935730356,0.8383585338020867,0.40184255194810414,0.008553641803161881,0.016203680172021548,0.5278826607508103,0.5975884847711408,0.02156372845118533,0.028623449791165764,0.7533588232205567,0.4512459865036065
-0.054,0.05554635278587272,0.05411743330909835,15226,-0.1792594199847429,0.03349308018142328,-5.352133008183821,8.818472437719659e-08,-0.33719263099181596,0.04050408331200335,-8.324904637253924,9.151795665324494e-17,-0.13414246908200306,0.08970655494633875,-1.4953474599737473,0.13484454252032063,0.0023835824669305433,0.08568483663485608,0.0278180196233334,0.9778076590916176,0.07447974552051898,0.03323334441904718,2.2411149651803344,0.025033004438055676,-0.22548493223342198,0.03595355695968796,-6.271561183396719,3.671093285441541e-10,0.034878398518813886,0.03397825773773873,1.0264916697031052,0.30467622085536034,0.021550304962729923,0.029280674630895075,0.7359907254319692,0.46174769781259795,0.31154016674398466,0.018747784400757726,16.617439164245628,1.8152316165303474e-61,0.17604726250408484,0.017345514226210317,10.149440380272196,3.978327956124142e-24,-0.11772850902369211,0.04589541508735909,-2.5651474945722392,0.010322701860124463,-0.008933280815793934,0.02735717138525741,-0.3265425613631977,0.7440183884771714,-0.011991171820364587,0.022359201119714577,-0.5362969703685754,0.5917611712579967,0.20608921641742417,0.036377827158641726,5.665242608325129,1.4947694167657444e-08,-0.013474724573080667,0.017923695413377374,-0.7517827246173682,0.4521933712157554,-0.08520652814188866,0.017750307351437494,-4.800284662957584,1.5994752902793655e-06,-0.02711383794408081,0.06691819737123349,-0.40517884535449833,0.6853517552358329,-0.006991324798928132,0.031493475001240535,-0.22199280322837484,0.8243224677412355,0.057302505780460276,0.021222847931731268,2.700038466316513,0.006940819093327931,-0.03302213446984874,0.03674837198431673,-0.8986012899820909,0.36887930354295884,0.03305289702600672,0.019285337581440565,1.7138873969110866,0.0865697936172702,0.028727666164954667,0.031219971439464853,0.9201695209957915,0.35749877996955426,0.006834858384201569,0.01655994338834282,0.41273440517996507,0.6798070352952548,0.016794464121513503,0.029252781040397583,0.5741151276632687,0.5658983913482377
0.0,0.05123821577151044,0.04980277826083712,15226,-0.3967775102908475,0.034093609745700394,-11.637885024506266,3.585711799480877e-31,-0.32014599899537277,0.041230319877020506,-7.764819675187735,8.695530681166006e-15,-0.0491604603832589,0.09131498982491419,-0.5383613410845068,0.5903354924144368,0.010844012975694008,0.0872211622678155,0.12432777428942192,0.9010574010006809,0.130609854492844,0.03382921693167774,3.8608595273318524,0.00011345659087542786,-0.23566495636188228,0.03659820277244271,-6.439249430557572,1.2366915347700246e-10,0.044240716315042644,0.03458748651585084,1.2790960191561735,0.20088276902289376,0.027895730134911107,0.02980567593512221,0.9359200642062785,0.3493292128227615,0.30553249671740385,0.019083931411912367,16.009934752054686,3.19716135807217e-57,0.17954360672529607,0.017656518590216407,10.16868675486131,3.270059786406305e-24,-0.10543074864513033,0.04671831801164778,-2.256732543728231,0.02403893104938162,-0.0011225456455579998,0.02784768435458876,-0.040310197116013566,0.967846353614948,-0.004069524935729011,0.022760100685633087,-0.17880083185650525,0.8580964747864794,0.21693806064365173,0.037030080118793295,5.858428065716027,4.769261380517165e-09,-0.012043958188418009,0.018245066542533814,-0.6601213626894991,0.5091859519567599,-0.07527962945654608,0.01806856963970132,-4.166330315994536,3.112526332871823e-05,-0.05795003748702904,0.0681180379261146,-0.8507296929175433,0.39493292404307545,-0.008492934138594557,0.03205815172603328,-0.2649227632077662,0.7910725539791142,0.05895626752079283,0.02160337273124585,2.7290307052621436,0.006359383704487796,-0.050359552974454734,0.037407268798109176,-1.3462504639472705,0.17824182861134294,0.05100815262759613,0.019631122899243108,2.598330869273035,0.009376856751646552,0.03368060546947062,0.031779744256528256,1.059813609499135,0.28924624213939704,-0.000598607203264559,0.016856862499203543,-0.03551118740470489,0.9716725919890599,0.0003649173649454447,0.02977728221368254,0.012254891575624274,0.9902224167706771
0.054,0.05112713719641382,0.04969153162843054,15226,-0.43914750424374427,0.034416911032416966,-12.759643183262883,4.269094902184229e-37,-0.3238668847811803,0.04162129682453067,-7.781278083346513,7.63955633610137e-15,0.006541569743650777,0.09218090733635133,0.07096447553701962,0.9434269620758524,0.023866530339038967,0.08804825902290919,0.27106192222187103,0.786347087491345,0.17518617433123454,0.03415001104659262,5.129900956465842,2.9346120898063744e-07,-0.24633607273379665,0.036945254496683705,-6.667597126876156,2.6898742953244624e-11,0.03932197669915122,0.034915471114087084,1.126204958560226,0.2600965530836649,0.023421123945836893,0.030088315803800166,0.7784125937311119,0.4363379320562071,0.31011992332601945,0.019264899623465857,16.097666190187354,7.961145189792472e-58,0.17790823841499423,0.01782395099827557,9.981414246044913,2.16973024204439e-23,-0.07182122295776239,0.04716133629099864,-1.522883544151619,0.12780864372758755,0.006387835594626643,0.028111757072352268,0.22723003682004062,0.8202479280837599,-0.000166966722191895,0.022975929103109236,-0.007267028090250335,0.9942018968725642,0.21710613924134523,0.03738122722931987,5.807892231827492,6.452797554645441e-09,-0.015653153625539533,0.018418080005567734,-0.8498797714423886,0.39540531734472883,-0.07900943191463301,0.018239909426166146,-4.3316789611515105,1.4892525345783071e-05,-0.09157155193479907,0.06876398446783856,-1.3316789689176285,0.18298566928992216,0.00454266474195654,0.032362151266712276,0.14036967766815697,0.8883697740468568,0.0595950260549825,0.021808232183017758,2.7326848666527686,0.006289299694841169,-0.06511045047550523,0.037761992695789344,-1.7242323783078688,0.0846862302443076,0.0688489608453944,0.019817279992620902,3.4741882271951936,0.0005138287838806518,0.03145188895841706,0.032081103727886515,0.9803867480743029,0.3269108502562923,-0.0028062778128898746,0.017016711965911424,-0.1649130465692506,0.8690146160235952,-0.0033097509863904175,0.03005965283170782,-0.11010609486810817,0.9123266879539633
0.108,0.05439328051385073,0.05296261648621081,15226,-0.2794841234851905,0.0349981161494146,-7.9856904952258505,1.4968594109360818e-15,-0.35783547863011655,0.042324163815345435,-8.454637879942627,3.0512561392178327e-17,0.0014936233501257092,0.09373758437174562,0.015934092606891596,0.9872871805858998,0.03305497039884,0.08953514721687429,0.3691842971874879,0.7119955012663324,0.20322798421944763,0.034726708971258506,5.852209732504421,4.9506802715626834e-09,-0.32153635742891673,0.03756915624492681,-8.55851952949664,1.2513519942784482e-17,0.04545830856365686,0.03550509551282457,1.2803319610064745,0.20044794686013578,0.05130876075508517,0.030596423085436746,1.676952910861893,0.09357224998319896,0.31879694760860267,0.01959022975634902,16.273262313591978,4.819246170758363e-59,0.18032448331433482,0.018124947549522003,9.948965800957057,3.0012586595957437e-23,-0.06811019136458914,0.047957759013274814,-1.4202121359702418,0.15556643918703741,-0.002667194857261698,0.02858648581959098,-0.09330264916416581,0.9256643570801393,0.006275437070794927,0.023363928117603135,0.26859511975928446,0.7882449128955924,0.243977301859218,0.03801249133448226,6.418345477869244,1.418449419112618e-10,-0.03274375328582876,0.018729109729717735,-1.7482813523097573,0.0804355058535946,-0.08781052284528695,0.018547930348847906,-4.734249115332766,2.2185033420791875e-06,-0.08835544070228663,0.06992521534065599,-1.2635705199024954,0.20640359696053676,0.0207269973206903,0.03290865725313123,0.6298341850066868,0.5288125428722357,0.053823237147551065,0.022176512070934018,2.4270379839440714,0.015234203353438799,-0.08434988013593739,0.038399686861955155,-2.19662937458763,0.02806196840095235,0.08030120478367667,0.02015193828097913,3.98478814613435,6.785546081951923e-05,0.026810914056636895,0.03262286360947546,0.8218442861910363,0.4111784141913083,-0.002671973188981472,0.017304076513524287,-0.15441293194081449,0.8772862075511645,-0.0019754986483227002,0.030567276076121162,-0.06462789302531079,0.9484711254718154
0.162,0.053778474776075,0.052346880572670895,15226,-0.031401213533598475,0.03604231362923321,-0.8712319041619341,0.3836413012305593,-0.2923782161510108,0.04358693993171514,-6.707931701768029,2.0437122186505064e-11,0.0705326976293246,0.09653432202892086,0.7306489147786588,0.46500488634961945,0.1704520270103367,0.09220650171721106,1.8485901084621725,0.0645364276387601,0.22440602148346195,0.035762808795471154,6.2748433090602145,3.594680510668738e-10,-0.35652738954729823,0.03869006281322278,-9.214960215196417,3.514154192551564e-20,0.047811698604648,0.036564419137471445,1.3076017541777458,0.19102819609634822,0.04157208620159122,0.031509292445058304,1.3193595595356218,0.18706880530862724,0.33690686772952194,0.02017472031730709,16.69945666808094,4.72188107247913e-62,0.18905860305845473,0.01866572021489222,10.128653000360341,4.914591059441156e-24,-0.0738782959801927,0.04938861805967658,-1.4958567152238416,0.13471175669599572,-0.027780760629777454,0.02943938705353887,-0.9436596142186991,0.34535861460683814,0.01813599074455186,0.024061010062097234,0.753750183294303,0.4510109161910093,0.24530900713995857,0.039146625168533115,6.266415203963563,3.7941025309572077e-10,-0.01389809989591572,0.019287908068906186,-0.7205602518564824,0.47119119607135485,-0.08944518353066598,0.019101323052713254,-4.682669534661407,2.8561084470903194e-06,-0.08812628448239712,0.07201149145114051,-1.223780853673756,0.2210538758295532,0.021096460039111763,0.03389051401425604,0.6224886418139761,0.5336299467636391,0.047886726352736386,0.022838166484468028,2.096785063078667,0.03602908720235158,-0.13398341789154844,0.03954537299191412,-3.3880934166165066,0.0007055885077862803,0.10248689320075716,0.020753187876146568,4.938368688819812,7.961506664140925e-07,0.044065107491153915,0.03359619348300496,1.3116101237315705,0.18967152313583818,-0.0035097950312370334,0.017820357818748557,-0.1969542400290316,0.8438659804360352,-0.0032109611594135527,0.03147927581083086,-0.1020023833683232,0.9187561286079335
0.216,0.05101917290495317,0.049583403991442676,15226,0.1663962597613593,0.03709615534964997,4.485539220789612,7.326271359669927e-06,-0.23689690861208906,0.04486137908780984,-5.280642580077546,1.30504159745781e-07,0.12149949233489657,0.099356890442612,1.222859248046556,0.2214018197264886,0.25496233905794674,0.09490252893130376,2.686570546950377,0.007226817765780552,0.21536101646940986,0.03680847807008139,5.850853601156068,4.9911280551885004e-09,-0.3055694270716224,0.03982132210965842,-7.67351285399709,1.7748217655455308e-14,0.04729371058508994,0.037633526708263434,1.2566909009541578,0.2088848933523494,0.012378347799636563,0.032430593094650406,0.3816873704255022,0.7026986038090146,0.3442982250393677,0.020764609251375785,16.581011512005976,3.2945158385423546e-61,0.18787987523044808,0.019211487473521402,9.77955900028028,1.6057964386929859e-22,-0.09148121733202585,0.050832692565004695,-1.7996531900221486,0.07193523759857275,-0.026260387000500214,0.030300165709972092,-0.866674699137294,0.3861339505139001,0.019431071866215125,0.024764530277243447,0.784633168837879,0.4326809033912852,0.18928976157028096,0.04029123389816407,4.698038338778854,2.649718582181213e-06,0.03276666192614138,0.01985186748704104,1.6505581627285641,0.09884948500049733,-0.06611084118107136,0.01965982690890801,-3.3627377030016503,0.0007736406090004217,-0.07883763443170291,0.07411703647306427,-1.063691132069942,0.2874855385562874,0.0039497507863776316,0.0348814392351504,0.11323359565959151,0.9098468566597779,0.05375842195361399,0.02350593195886963,2.287015126551024,0.022208618476388057,-0.13493934040304914,0.04070164071481967,-3.315329260275177,0.0009174949276553351,0.12955454429739297,0.021359990631389,6.065290314641317,1.3483603451974096e-09,0.06391474689407986,0.03457851306170337,1.848394891360067,0.06456464455971835,-0.011420175844524554,0.018341407514263115,-0.6226444636620011,0.5335275248466593,-0.00013040229556936667,0.03239969880362822,-0.004024799624210205,0.9967887360004444
0.27,0.05012627219881216,0.048689152363301846,15226,0.23770812797125906,0.03803128111410088,6.250331858611092,4.205070554811915e-10,-0.19328139484827098,0.04599225184317764,-4.202477310902571,2.6551745887692922e-05,0.2196318245785983,0.10186149468671435,2.1561810501023855,0.03108516674329272,0.312972665810582,0.09729484692433395,3.2167445214645367,0.0012992541460374227,0.19335944643903205,0.037736352020067004,5.1239570358101805,3.028535431366186e-07,-0.25322013823091366,0.04082514430978277,-6.202553414373003,5.699197626873542e-10,0.04555275859193621,0.03858219861510514,1.180667774959358,0.23775320022513147,-0.0022031978266984545,0.03324810862620313,-0.06626535817324944,0.9471674341429085,0.35632754701811675,0.021288046812942402,16.738386106962235,2.4863863009000828e-62,0.18350711458826696,0.01969577369511459,9.317080782350008,1.3568228021596493e-20,-0.10667507306424626,0.05211409113706445,-2.046952575334794,0.04067989744225379,-0.021460167148248638,0.031063977090301412,-0.6908377213215493,0.48967807545220654,0.013790964774900171,0.02538879848208839,0.543190918807347,0.5870063227360971,0.14675090884976022,0.041306901709142405,3.552697074282868,0.00038245788793122985,0.0872615269760982,0.020352296509526593,4.287551870878671,1.8176677401437546e-05,-0.0688865741818078,0.020155414942058157,-3.4177700821263017,0.0006330188162775733,-0.05613810280122304,0.07598539047733885,-0.7388012675668901,0.46003908811452454,0.0003930701619305303,0.035760736084715326,0.010991668655795215,0.9912302381077354,0.05341327399926005,0.024098473217794906,2.216458840214756,0.026674839943184547,-0.15409533246339058,0.041727654125889004,-3.6928827103123805,0.00022250254052902854,0.1586393955180251,0.021898436661161473,7.244325153100268,4.554648624654413e-13,0.07226371174758717,0.03545017370026888,2.0384586083717573,0.04152135800235131,-0.015877617448230796,0.018803760622320254,-0.8443852145928673,0.39846746929790977,-0.00035220297796507895,0.03321643554699556,-0.010603274317822937,0.9915401087904212
0.324,0.053442762756276574,0.05201066063441062,15226,0.22798317104211308,0.03876533501238205,5.881109268610548,4.160773560489272e-09,-0.16381766557032307,0.04687996297904301,-3.494406888579569,0.0004764687461784442,0.2640372627964679,0.10382755591497538,2.5430364845791864,0.010999198685816235,0.3611720709991776,0.0991727658262296,3.6418473155424835,0.0002715880136758184,0.1687276326355222,0.03846471339774803,4.386556345572579,1.1593404015016096e-05,-0.22697993401257968,0.04161312345354546,-5.45452768682378,4.987034091685703e-08,0.027184022199142486,0.03932688594795378,0.6912325129205127,0.4894299899374188,-0.015405894306838985,0.03388984098526614,-0.4545873884016397,0.6494126003693672,0.3616378963750134,0.02169893420069434,16.666159408116986,8.163377102092066e-62,0.18096710798960092,0.020075928111085658,9.014134090750868,2.216915559844871e-19,-0.1227860962186555,0.05311996184754017,-2.311486905262929,0.020819280014630237,-0.023277029779997162,0.03166355282930533,-0.7351363855307401,0.4622677771960495,0.006527131399110684,0.025878835786972715,0.25221889627648597,0.800875282763978,0.0887254230107753,0.04210417940627133,2.1072830360769323,0.035109387237754475,0.13613461896886453,0.020745122681933736,6.56224699444269,5.4717664169817067e-11,-0.06454724858055438,0.02054444104047709,-3.141835227027206,0.0016821473470046962,-0.020833120646126815,0.07745200875730068,-0.26898102425475273,0.7879479354159047,-0.010262796920011471,0.03645096546851214,-0.2815507569717708,0.7782918355773711,0.05755141743045777,0.02456360554281637,2.3429547966865427,0.01914452361213774,-0.14850823915326347,0.04253305289973889,-3.491596041867363,0.0004815064631000641,0.17719557542836023,0.02232110537824103,7.938476720830023,2.1890320673016922e-15,0.08802335357961494,0.03613440882033636,2.4359981649976685,0.014862165896668961,-0.009955807807991206,0.019166698009197878,-0.5194326014430617,0.603466664024338,0.020176171897798287,0.033857556573845135,0.5959134072121531,0.5512419481085934
0.378,0.06086385431289376,0.059442979996961465,15226,0.15614886620232,0.039332341641913876,3.96998652213278,7.220733713833145e-05,-0.15758167616496885,0.04756565935682057,-3.312929501993181,0.0009253976944526596,0.25279212390645533,0.10534620427730923,2.3996320099110093,0.016423518191324486,0.3588834880434068,0.10062333024607836,3.5666031641543063,0.0003627496621294229,0.1467984914546894,0.03902732294291508,3.7614286706113624,0.00016957943528385973,-0.2659393057453451,0.04222178366159345,-6.298627928105597,3.085496687503763e-10,0.02871168166674404,0.03990210618129393,0.7195530365312909,0.47181129775011954,-0.008749521955615139,0.034385535515089945,-0.25445356091009397,0.7991486182745491,0.35793178460472175,0.022016316716326895,16.257568839354775,6.199404264516195e-59,0.17633577001923265,0.020369571499678947,8.656822752604882,5.33173216228105e-18,-0.12259846103433897,0.053896928447168736,-2.274683633493389,0.022938781214948994,-0.021480293035325886,0.03212668424202272,-0.6686122001731192,0.5037530401212934,-0.0015574709312560098,0.026257356221559235,-0.05931560352512607,0.9527015128424448,0.05215713950902611,0.04272002211333752,1.2209061917302295,0.22214047542312534,0.1841719615612746,0.021048554139119657,8.749862833522753,2.357400162021234e-18,-0.05792123747597135,0.02084493719938441,-2.7786717187942345,0.005464863032876429,-0.012797531986113619,0.07858487146626268,-0.16284981762180187,0.8706388475579818,-0.018242085928263263,0.03698412064611813,-0.49324103451890405,0.6218494116415836,0.05686195621235537,0.02492288857709256,2.281515484710671,0.02253172362894145,-0.1354050857291218,0.043155168585329556,-3.137633107871864,0.0017064321542182893,0.19398595377792416,0.022647588168184636,8.565413338380813,1.1790423756393704e-17,0.0959589969118628,0.03666293383756631,2.6173300079313173,0.008870837227338606,-0.009633333613626092,0.01944704241571412,-0.49536240049756397,0.6203514906774014,0.01528795170882013,0.034352778891180644,0.4450280938624442,0.6563057879241916
0.432,0.07079163019467827,0.06938577619484121,15226,0.03608745736177291,0.0397040242659723,0.9089118301970486,0.3634110776371684,-0.16690224095385875,0.04801514515773644,-3.476033247542242,0.000510309554340085,0.271152485286502,0.1063417044689037,2.5498226367604633,0.010787499068224475,0.3616995381515875,0.10157420023922174,3.5609390701549555,0.0003706595323826545,0.12269195581756251,0.039396123202341794,3.114315466712456,0.0018471486061638852,-0.3141899616091367,0.04262077092471244,-7.37175688736692,1.7706648261340762e-13,0.023442923915948606,0.040279172964297685,0.5820110541179122,0.5605678657870197,-0.001845615167938519,0.034710471827965945,-0.053171710747288714,0.9575957939374146,0.3473713190209421,0.022224366428793173,15.630201208836217,1.2068731758861113e-54,0.17615887434791277,0.020562059804974213,8.56718033206468,1.1611822602127e-17,-0.11834218381715877,0.05440624345252264,-2.1751581492743486,0.029633626066721732,-0.01750987299675516,0.0324302748700632,-0.5399236690688289,0.58925758277635,-0.0006517382308941872,0.026505482894263254,-0.024588808039986587,0.9803832692261583,0.015733789263458364,0.04312371762842983,0.36485233947190293,0.7152267082244839,0.2195521849770003,0.021247458692179037,10.333103274031314,6.037016707318498e-25,-0.055555544254395406,0.021041917613801028,-2.640232001381732,0.008293392002292862,-0.00408639183411089,0.07932748250894589,-0.05151293983960805,0.9589174678507477,-0.011302723830147403,0.03733361305964872,-0.3027492627645976,0.7620850944964628,0.04425588946795682,0.0251584048021316,1.7590896488082244,0.07858239772694521,-0.14899163450990346,0.04356297614602628,-3.420143610263739,0.0006275253681659449,0.20191542256350492,0.022861603267401998,8.83207621975546,1.1381481506369453e-18,0.10342644773965183,0.03700939110112027,2.7946000910163886,0.005202904290541529,-0.0051892939190819245,0.019630813008908236,-0.2643443201627504,0.7915181953822286,0.017587755679453868,0.03467740566062694,0.5071819919741912,0.6120344861289596
0.486,0.08526239673129632,0.08387843640534054,15226,-0.08033587289965959,0.04020679789761304,-1.9980669215249516,0.04572718773874478,-0.185683710758539,0.048623162842367014,-3.8188324227387875,0.00013461740926078183,0.24721396309854815,0.10768831368394288,2.2956433678040735,0.021709827542713635,0.3181459191928893,0.10286043835939752,3.092986227428642,0.0019851238208413308,0.11411201125704498,0.03989499787062028,2.8603087441465953,0.0042380536346722265,-0.41845766151870356,0.04316047943480195,-9.695389555410848,3.6566747526360897e-22,0.01739078370562814,0.04078922972668239,0.42635724729687424,0.6698535860202567,0.013144447822481116,0.035150011907329304,0.3739528696927782,0.708444596101925,0.3457333297919316,0.022505794461011443,15.361969575918444,7.346675317654605e-53,0.17492384271045475,0.02082243798258431,8.400737841397794,4.8253866889397e-17,-0.09445415493327737,0.055095191867960684,-1.7143810871853042,0.08647914254235105,-0.007070875843226472,0.03284094072504816,-0.21530673869623457,0.8295310644421295,-0.012359635897867774,0.026841122873824758,-0.4604738764457872,0.6451827047399356,-0.0015064823130215704,0.04366979497254624,-0.03449712356031546,0.9724811889661131,0.22414539823680438,0.021516516103041013,10.417364835616908,2.5140714491241226e-25,-0.059360448092531326,0.021308372249847652,-2.785780509018268,0.005346514588505717,-0.01019138445254775,0.08033200956148757,-0.12686579743467116,0.899048295425313,-0.022768310200525575,0.037806370080310646,-0.6022347597021273,0.5470268631094135,0.043291103847998294,0.025476986678465385,1.6992238679698501,0.08929747064783988,-0.13390294285482157,0.04411461583814654,-3.035341922643102,0.002406694921064904,0.21047091314755928,0.023151100654943458,9.09118388298387,1.0986495066029824e-19,0.11333854419337859,0.0374780424862815,3.024131909633892,0.0024976374777244785,-0.002429041112299312,0.01987939877146047,-0.1221888619582663,0.9027510623347427,0.018333562095047166,0.0351165270218038,0.522077883261744,0.6016237115783767
0.54,0.10169948400478235,0.1003403923150119,15226,-0.23218715954242347,0.04075577368997444,-5.697037217564574,1.2416523056560519e-08,-0.1637864949917016,0.04928705404346389,-3.3231139123727322,0.0008922873713106319,0.2725867205485366,0.1091586689577762,2.4971605384266478,0.012529719375207544,0.3448658181083712,0.10426487476328095,3.307593462240679,0.0009431966702342625,0.1119762054788218,0.04043971640610406,2.768966140967296,0.0056302617406134205,-0.5062068146048093,0.04374978421994689,-11.570498543716562,7.828177863927725e-31,0.02329106507384849,0.041346157929869294,0.5633187275430629,0.5732261763180934,0.02307806288416137,0.0356299433280676,0.6477153968971249,0.5171788253612066,0.34667313027657365,0.02281308419789671,15.196241212686873,8.990217525226446e-52,0.17442741749832263,0.021106743497773424,8.264061081555438,1.5232716030237223e-16,-0.10910133804097819,0.05584745089361198,-1.9535598544831265,0.05077160775087767,-0.013715629639734403,0.03328934453731736,-0.41201260734825157,0.6803359917966614,-0.006772024091701962,0.027207606340999908,-0.24890186982369736,0.8034400513494946,-0.031527593085293355,0.044266053852906787,-0.7122295831938734,0.47633355100130625,0.2297076387015683,0.021810298425786617,10.532072244824572,7.545032749550843e-26,-0.05791865551016022,0.02159931261693633,-2.681504570879046,0.007337105029772564,0.0014635511778262125,0.08142884718365542,0.017973374650942862,0.9856603298019645,-0.0291780917371905,0.03832257089849068,-0.7613813753382519,0.4464411190325215,0.034553204533522786,0.025824844495554115,1.3379830627623452,0.18092197149361303,-0.1388568761881326,0.04471694821602295,-3.1052404452407933,0.0019047394076346976,0.21167178483745117,0.023467201276993754,9.019898978961978,2.1038945950898305e-19,0.12050372521269881,0.037989760383400635,3.172005403470565,0.0015169116212938433,0.0023779163613707535,0.020150828212820653,0.11800588721499006,0.9060645522115469,0.01916007909547306,0.03559600124643286,0.5382649293336882,0.5904020402903225
0.594,0.11996238442869822,0.11863092375522499,15226,-0.38545170002016516,0.0414850882093433,-9.291331335131485,1.726435202632651e-20,-0.1629160148015708,0.050169033720852726,-3.247342089705325,0.0011674081823733076,0.29465248330093957,0.11111203641907087,2.6518502657050256,0.0080135099052915,0.37626993304090595,0.10613066898432753,3.545345908414751,0.0003932762962609351,0.10008159731553794,0.04116337515832119,2.4313263169166146,0.015055135502380886,-0.6104797230729712,0.044532675819394324,-13.708579415906163,1.614612633988829e-42,0.03312086765853069,0.04208603722961596,0.7869799543688927,0.43130586915203617,0.05070914084473031,0.036267532377195176,1.3981966106030401,0.1620744318965363,0.34543039129856157,0.02322131871366553,14.8755716915973,1.0619510441798506e-49,0.17952718029023423,0.021484443467515553,8.356147580070159,7.035201524837254e-17,-0.11893940292085971,0.05684682725476962,-2.0922786488647938,0.036430139741265626,-0.0001715181655531986,0.03388504914830136,-0.005061765287768418,0.9959613792902955,-0.019419793302680767,0.027694479746783015,-0.701215313674075,0.48317938778846703,-0.04782476667169269,0.04505818397011838,-1.0614002265028935,0.28852491564697236,0.23111333579663565,0.022200588337461313,10.410234732682945,2.7082341140401296e-25,-0.06240480547871125,0.021985826989593026,-2.8384106501088415,0.004539888631761191,0.014894170301447109,0.08288599632277524,0.17969465244100008,0.8573946868173239,-0.045211999675759354,0.03900834385395998,-1.1590340734542515,0.24646050185399077,0.04113534098569766,0.026286973719116955,1.564856473218991,0.11763738127651052,-0.12806625914411798,0.0455171469766671,-2.813582740802428,0.00490556635277574,0.20601804626201123,0.023887141056580696,8.624642261458705,7.056806493718855e-18,0.1272815397566863,0.03866957777677706,3.291516149760626,0.0009987599376489525,0.002364223053982213,0.020511422314277567,0.11526373050866041,0.9082376079236059,0.027311724788290477,0.03623298291038007,0.7537807432483342,0.45099256328188764
0.648,0.13636009755259304,0.13505344594383828,15226,-0.49511734984423345,0.042193420906606834,-11.73446805700236,1.162119715638768e-31,-0.18988547881143547,0.0510256395160549,-3.7213738154460403,0.0001988558792021534,0.22817506910983257,0.11300920698932504,2.0190838887258646,0.04349601917408048,0.3236137182079691,0.10794278572961917,2.998011548623304,0.0027218665974372614,0.10779587682970751,0.04186621480053744,2.5747700704082694,0.010040044058230375,-0.7219337495311129,0.0452930442250329,-15.939174808923731,9.759906767206696e-57,0.04426761068561571,0.04280463076658892,1.0341780758956742,0.30106937258506,0.07899545665373872,0.03688677847599087,2.141565621003088,0.032244300045947076,0.33670162247050106,0.023617808633982544,14.256260082742692,8.089121474146049e-46,0.185369025015661,0.021851277297390927,8.483212330923754,2.3903140504153645e-17,-0.10633576826669083,0.057817452320746365,-1.8391638510252184,0.06591058033558075,0.0022071291612623806,0.03446361579227243,0.06404229824768624,0.9489373888176955,-0.02028301974737666,0.028167346176266247,-0.7200898380858859,0.47148075480172935,-0.04619628565246083,0.04582752510841594,-1.0080467043152015,0.31344808574506866,0.2287910775737914,0.022579649906248566,10.132622893788847,4.7203300903784064e-24,-0.0800596839136747,0.022361221638738313,-3.5802911489853604,0.00034428136467584935,-0.008390998386409314,0.08430122439326693,-0.09953590172386033,0.9207140964275188,-0.05537651008391149,0.03967438764488618,-1.3957747900123982,0.16280270870125718,0.0371492709246174,0.026735807837617493,1.3894949855357683,0.1647026342362973,-0.10553552913766734,0.04629432462968368,-2.279664515723349,0.022641383743171206,0.2001429649039544,0.0242949994892093,8.2380312456005,1.8921814771857483e-16,0.12360754517896437,0.03932983734258648,3.14284404744084,0.001676364717687286,0.005335483324919401,0.020861642398643,0.2557556698060581,0.7981429663014263,0.02113526947247584,0.036851639098003465,0.5735231862080431,0.5662989886428977
0.702,0.15202571001306597,0.15074275983087293,15226,-0.5693297192258486,0.04287457750526352,-13.278958122816594,5.122424738620672e-40,-0.21381135200030246,0.051849380523781435,-4.1237011867911315,3.748136881248196e-05,0.21655007447949579,0.11483359016081814,1.8857729186750087,0.05934461054213709,0.29069438705909467,0.10968537827597519,2.6502565029924923,0.008051396022415216,0.14156007370787654,0.04254208909229697,3.3275299057541727,0.0008782748425451675,-0.8044395966027552,0.04602424011491865,-17.478606807937236,9.577808948386694e-68,0.07405764710861719,0.04349565453458967,1.7026447331588783,0.08865501637533725,0.09186499133267498,0.03748226639856826,2.450892119377926,0.01426144740853345,0.33242350943882326,0.023999086706515627,13.851506663733668,2.284843883123654e-43,0.19288612857917134,0.022204037073687337,8.686984620816952,4.096073250092122e-18,-0.09183222187068456,0.05875083810269011,-1.5630793506327818,0.11805474718874427,0.01441443937113011,0.03501998497983929,0.41160609804454173,0.68063396406897,-0.02772463320806027,0.02862207047456572,-0.9686452708827289,0.3327376179273198,-0.06652304025076397,0.046567349480485624,-1.4285339619477573,0.15315877143889947,0.21692259910829553,0.022944168288463712,9.454367505548843,3.71504644702261e-21,-0.08535870574975678,0.022722213787418687,-3.756619251466597,0.0001728672489815388,-0.05093055938438233,0.08566215541133758,-0.5945514578733277,0.5521521842201143,-0.06448573795252877,0.04031487780570521,-1.5995518642847775,0.10971881507154727,0.05307250040128454,0.027167421855578258,1.9535346667570233,0.05077458943874815,-0.09204331978418545,0.04704168485846585,-1.9566331448611134,0.050408895169364566,0.19634116896268455,0.02468720990639888,7.953153463153941,1.9455369361841613e-15,0.12394135750882887,0.039964765197554555,3.1012657498714105,0.0019304787131486343,0.00967793095434824,0.021198425837229435,0.45654007654434,0.6480081812776817,0.01038532761532198,0.03744655974211245,0.2773372957848148,0.7815248954401142
0.756,0.16579368453146337,0.1645315647277681,15226,-0.6185331625370576,0.04360193930785463,-14.185909442464467,2.1816833153200303e-45,-0.25058773385237254,0.052728998728214585,-4.752370420382862,2.0288557424462457e-06,0.1931151515402599,0.11678172754192997,1.6536418462462181,0.09822095200940152,0.2890577346448726,0.11154617689144625,2.5913728529322513,0.009568521801168793,0.12791106949169864,0.04326381027087571,2.9565373158500026,0.003115925923785853,-0.8709817812589452,0.04680503554663487,-18.60871957657483,1.926586991345731e-76,0.06354810015346644,0.04423355283069009,1.436649242187382,0.1508382631800064,0.10896438463779477,0.03811814832299108,2.8585959557765968,0.004260988708425668,0.3378157314452671,0.024406228187157587,13.841373966298642,2.626277150138849e-43,0.19708713522064888,0.022580725763593015,8.728113404504171,2.8550586604541596e-18,-0.11803738333436803,0.05974753866494906,-1.9756024427432148,0.048217877972887034,0.016949073873686868,0.03561409461038952,0.47590916065973493,0.6341459344249291,-0.029602467005753707,0.029107640292057542,-1.0169998910502953,0.3091696662399367,-0.0797631271251483,0.04735735869412412,-1.6842815842059395,0.09214779123406558,0.21044691672694696,0.023333413211126842,9.01912269854256,2.1187752494080127e-19,-0.0829021004102416,0.02310769327995126,-3.5876406790533815,0.000334731814043165,-0.017081093355380002,0.08711540307928675,-0.19607431925481544,0.8445546171515597,-0.07827057474616181,0.040998814625570035,-1.9090936033391126,0.05626882580888103,0.04848917234846748,0.02762831374262252,1.7550536308577773,0.07927027625666004,-0.0918008958555192,0.04783974111199688,-1.9189254314860429,0.05501247441906293,0.18820003867241802,0.025106025310381783,7.49621002710429,6.93087074597793e-14,0.14176781045079548,0.04064276240115743,3.48814406490141,0.00048776121370395115,0.014840300532561449,0.02155805445927634,0.6883877467048392,0.4912191423255007,0.028310486612194766,0.0380818359076097,0.7434118113653662,0.4572438842061032
0.8099999999999999,0.17802669099820312,0.1767830792295515,15226,-0.6420764465743671,0.04452407514517405,-14.420882286287346,7.790750901007275e-47,-0.28543457777216796,0.05384416241508522,-5.3011239281939195,1.1670074465780603e-07,0.16250564202203988,0.11925154007366491,1.3627131517266422,0.17299311706279563,0.23917600854006987,0.1139052629518464,2.099780136069585,0.035764625524960396,0.12963378753180826,0.044178795029422346,2.9342988518694164,0.0033480186674493054,-0.9521066366675699,0.04779491355045078,-19.92066866409449,3.478936882155538e-87,0.07888422620684071,0.045169046639558195,1.7464222089149741,0.08075781055289523,0.14166317474844123,0.03892430766312289,3.639452651913286,0.0002741237362800422,0.34693473947541614,0.024922394624303172,13.920602121318685,8.816048448601222e-44,0.20276312595430518,0.0230582847160119,8.793504306654018,1.6029559265716796e-18,-0.09254505704316884,0.06101113719907784,-1.5168551397623782,0.12932405506893363,0.025570611405215157,0.0363672958091263,0.7031210552311196,0.4819910790964368,-0.028872933075443964,0.029723236723757394,-0.9713926294025107,0.3313682526570293,-0.08370794043556755,0.04835891776020849,-1.7309721621695502,0.08347702015238606,0.1965474518689932,0.02382689072314857,8.248976089777472,1.7274092248886753e-16,-0.09125014288376161,0.023596397049312948,-3.8671218615732914,0.00011058609768692137,-0.04288857154326847,0.088957803588006,-0.4821226448204602,0.629725765298925,-0.09066986296953373,0.04186589707314004,-2.165721250666928,0.03034799128651478,0.05770427280817539,0.028212623950636305,2.045335198496272,0.040839000403888895,-0.07079148084463056,0.048851502066388844,-1.4491157456821993,0.14732588837159583,0.18923759160358383,0.02563699173157445,7.381427336910177,1.6470940055674816e-13,0.14794160421169797,0.041502314713111915,3.5646591096028306,0.00036544655711350096,0.0184817983285676,0.02201398497327073,0.8395480577918131,0.40117503527836496,0.03201742698747215,0.038887227277782044,0.8233404443768375,0.4103273358018795
0.864,0.18389936158356934,0.1826646349236839,15226,-0.62338656761881,0.045601454697550815,-13.670321961292412,2.7160337922563955e-42,-0.3129686705160812,0.05514706650487751,-5.67516443487344,1.4108336034880419e-08,0.12601206656726258,0.12213715129514206,1.0317259345828105,0.30221693789170556,0.14663663651761036,0.11666150664275483,1.256941048829812,0.20879429461006951,0.1252348878224832,0.04524781960226635,2.7677551962351465,0.005651212017974738,-1.0015452880340823,0.04895143982076573,-20.45997608448722,8.40970557023477e-92,0.08281665412273165,0.046262033009092866,1.7901646066106502,0.07344734695794111,0.15428795701723463,0.03986618580500309,3.8701459370078974,0.00010922460286676982,0.3589411957023076,0.025525458882840597,14.062085909985525,1.236530883126821e-44,0.20743018652362769,0.02361624182988596,8.783369852739577,1.7534484632825274e-18,-0.07073816741356322,0.0624874654882386,-1.132037711257109,0.2576364359966323,0.03538413581742026,0.03724730018321462,0.9499785392060713,0.34213825936741615,-0.013811607672397822,0.03044247024791745,-0.45369536571502983,0.6500545792856275,-0.09673806611325722,0.049529091626819746,-1.9531564770486132,0.05081937664835706,0.18397749673125602,0.02440344632319495,7.538996512815872,5.0030119127008303e-14,-0.10283891682981304,0.024167375236008617,-4.255278689784497,2.100393329973836e-05,-0.08213565895667184,0.09111037651170106,-0.901496208240599,0.36733883089444597,-0.09106404741920832,0.04287895486943209,-2.123746898600992,0.033707415508964604,0.060341988867650104,0.02889530414251459,2.0882974122728473,0.03678761292808988,-0.04749188735315303,0.05003359533295552,-0.9491999732801863,0.3425340042258739,0.1805554013072532,0.02625734758592945,6.876376249214433,6.378684698961849e-12,0.14484635373444546,0.04250657465792649,3.4076223478391943,0.0006570137430211047,0.019606689645270688,0.022546672450757886,0.8696045808130604,0.3845302632972355,0.03952315846372096,0.03982820816017218,0.9923408631584821,0.3210470704843278
0.918,0.19074315626351446,0.18951878398316058,15226,-0.5850980478452562,0.04657542116756309,-12.562378034978265,5.1323288209871724e-36,-0.3578061276893278,0.056324910370857774,-6.352537897236582,2.1781511668893356e-10,0.09522231386830002,0.12474578496468752,0.7633309125054215,0.4452779163609163,0.09714757939012095,0.11915319022093811,0.8153166458236362,0.4149038561722995,0.1393699412078108,0.04621423305170699,3.015736322008766,0.0025677950652047326,-1.0295316601390725,0.04999695605178215,-20.591886815524937,5.996488932149701e-93,0.08605222877232167,0.047250108264242065,1.8212070180047455,0.06859503992777999,0.15483047875333847,0.04071765706877919,3.80253899412245,0.0001437805048424205,0.36606371342677746,0.026070637567346438,14.04122597620219,1.6538715287211273e-44,0.21597120482786752,0.02412064301275536,8.953791352645894,3.8262873941162415e-19,-0.0880823902887981,0.06382208730206555,-1.3801239353377803,0.16756878380016516,0.028708778793266373,0.03804283667909051,0.7546434834878016,0.45047461546703504,-0.01399132746056021,0.031092667604174375,-0.4499880048465765,0.6527255060900503,-0.12929892616968566,0.05058694547939166,-2.5559741736602786,0.010598735174334205,0.1687129568059643,0.02492466080262717,6.76891686277958,1.3449878485722785e-11,-0.1053097885407663,0.024683547654283277,-4.266395982284667,1.9985781338309756e-05,-0.07785275088684938,0.09305633311289159,-0.8366195860350748,0.40281958326040157,-0.08834654205044334,0.04379477355523904,-2.0172850520396106,0.04368331561665419,0.05524110557609806,0.02951245676543579,1.8717894621634814,0.06125492366399785,-0.03579303713473524,0.051102224492960764,-0.7004203337501611,0.48367556048881444,0.17509885711020914,0.0268181581194918,6.529115695792133,6.825691419738539e-11,0.146354521284547,0.04341443996061204,3.371102366340044,0.0007505446426278358,0.01813378903665387,0.023028229522194184,0.7874591061886392,0.43102543517086134,0.03883898759096785,0.04067886828858163,0.9547706026489869,0.3397088983936253
0.972,0.19585380769038052,0.19463716761518512,15226,-0.5316144522705952,0.047526658099546384,-11.185605584914232,6.221079592293282e-29,-0.4072544021462289,0.05747526679474607,-7.085733131097998,1.443869629645322e-12,0.014101175167344576,0.12729354072927307,0.11077683193159697,0.9117947800673059,0.042932583822169496,0.12158672516835205,0.3531025592039259,0.7240164502343003,0.13529219605733156,0.047158093228599665,2.868907260552294,0.004124598553323064,-1.074442855104135,0.051018072981935066,-21.060043868857676,4.483575552952262e-97,0.09243375862344425,0.0482151247234482,1.9171112623606144,0.0552425205327056,0.17365717178136914,0.04154925747553253,4.179549342936685,2.9372101397093476e-05,0.3723968041317711,0.026603093370702272,13.998251968016927,3.006896976138796e-44,0.22300600526480993,0.024613272942485276,9.060396225480298,1.4554198372974785e-19,-0.08120310528723959,0.06512556293354879,-1.2468699175789943,0.2124644089479931,0.023852574631280044,0.038819807672361144,0.6144434004566838,0.5389315593387611,-0.002335118318170109,0.03172769124964104,-0.07359874690524568,0.9413306365750054,-0.1363281971435969,0.05162011210698054,-2.6409899471171694,0.008274869968851262,0.14363214389489687,0.025433711655593532,5.647313527803892,1.6589107521382596e-08,-0.11668323873212103,0.025187674113100494,-4.632553137228034,3.6417941015082038e-06,-0.10033614342701822,0.094956876760011,-1.0566495745284725,0.2906883373953895,-0.08288355071031053,0.04468921970278353,-1.8546654262828406,0.06366336845011465,0.054161443990157924,0.030115206845308266,1.7984749123048407,0.0721216108703512,-0.014594273827560553,0.05214591496372047,-0.27987377031766036,0.7795781594533933,0.17329058448441045,0.027365880970118318,6.33235906688449,2.4822205898013467e-10,0.15252408757697206,0.04430111833381088,3.4428947465320476,0.0005770732544757827,0.015484141486239389,0.02349854845545495,0.6589403390422995,0.5099440610833346,0.04377406030325223,0.04150967648950311,1.0545507458802224,0.2916475999582087
1.026,0.20292582941212334,0.2017198890145756,15226,-0.48022776251918275,0.04834632965115606,-9.933075912572393,3.516726218648653e-23,-0.45724276877711795,0.05846651766313564,-7.820591802843409,5.601376977665717e-15,-0.01590532606666073,0.1294889169288979,-0.12283156307033065,0.9022421035186594,0.02843308599918512,0.12368367840805046,0.2298855141207899,0.8181838259395579,0.14634956952392963,0.047971408302566736,3.0507665858143906,0.0022865122842657824,-1.1021217244356818,0.05189795944383712,-21.236320969967515,1.1895192906449511e-98,0.09906056566278279,0.0490466699587632,2.019720518152804,0.04342989550986521,0.17836556570293202,0.04226583940460203,4.220088095151165,2.4562393429020993e-05,0.38040214936364347,0.02706190532367207,14.05673934683717,1.3322724708503617e-44,0.2300589889501764,0.025037767330049882,9.188478585870701,4.4903173229912964e-20,-0.07671774750817566,0.06624875512407451,-1.1580254959431948,0.24687182464198387,0.023890271110744092,0.03948931597065863,0.6049806263672699,0.5452008995438654,0.002989967947674428,0.032274884908010934,0.09264070053840191,0.9261902291569395,-0.16083584557325395,0.052510381675195734,-3.0629342320935327,0.0021956140766837633,0.13277218450807127,0.025872355791948923,5.131816583528428,2.904946141957768e-07,-0.13082987583260286,0.025622074947227753,-5.106138987652846,3.3278090108175666e-07,-0.124745500646179,0.0965945566142701,-1.2914340623180633,0.19657284102666397,-0.07424309627665815,0.045459955191428286,-1.6331537495808415,0.10245737368506593,0.04863069881200911,0.030634590688166256,1.5874440532608298,0.11243290590022073,0.0015728249138795905,0.05304525282456676,0.02965062527048925,0.9763460791395231,0.1567632340406674,0.027837848388255735,5.631298506058495,1.8202332752405725e-08,0.14800106132157148,0.045065160407349085,3.2841569847699006,0.0010251911809542869,0.007326221783403919,0.023903817675788405,0.3064875193900291,0.7592376784255684,0.04603589788208627,0.04222557578256305,1.0902373035513866,0.2756259055618342
1.08,0.2052390997664313,0.20403665925167191,15226,-0.427140985664191,0.049251952071432556,-8.672569668805963,4.646626544790248e-18,-0.5039197479230068,0.059561711230326345,-8.460464575544831,2.9032677063876984e-17,-0.030859179589486904,0.1319145005708058,-0.23393318745063266,0.815039998174599,0.005380185785936319,0.12600051844527385,0.04269971149581507,0.9659414703387932,0.15343264369480225,0.048870007704103796,3.1396075200929,0.0016949817824640692,-1.13175913613067,0.052870110917962836,-21.406407447996298,3.489755236188493e-100,0.11439469553269459,0.04996541113880841,2.289477719194501,0.022065251731191084,0.18983464760858018,0.04305756221071371,4.408857303150919,1.0463024266538614e-05,0.3878924140674641,0.02756882835947136,14.069963692679107,1.1078010366893744e-44,0.23329424048890515,0.02550677425594001,9.14636394818038,6.621677270429518e-20,-0.03759092189092769,0.06748972539810924,-0.556987329096183,0.5775442862163058,0.02686804580533993,0.04022902899877174,0.6678770647474553,0.5042222077267604,0.00581018864172821,0.03287945736667408,0.17671181664990898,0.8597371126538452,-0.17366519993173857,0.053494005029553024,-3.246442285183104,0.0011711021306761928,0.11460087507483865,0.02635699621118288,4.348024871901572,1.3826245586908134e-05,-0.14568325117253791,0.0261020271109937,-5.581300278060732,2.4280720980380872e-08,-0.18790046758449291,0.09840396379735414,-1.9094806787604743,0.05621891579285463,-0.08206473096934017,0.046311510106624175,-1.772015872088827,0.07641194889103525,0.04431772077491586,0.031208437190338806,1.4200557530203817,0.15561195730091765,0.005085057709092348,0.05403889537393481,0.09409995659432152,0.9250309950033141,0.15705676171824012,0.02835930637306182,5.538103071076045,3.108347904906756e-08,0.15104319748622566,0.045909320035034,3.290033426131396,0.0010040340020750545,0.012607546277043014,0.02435158348083702,0.5177300394844657,0.6046541700323362,0.03740143508730677,0.043016544371361785,0.869466286376242,0.38460586779779793
1.134,0.2071849572720943,0.20598546075961288,15226,-0.35340345246268856,0.05010183864598892,-7.0537022595074275,1.8173590125821468e-12,-0.5511702944198764,0.06058950193918678,-9.096795266168087,1.0436543340813388e-19,-0.05745981260453008,0.13419080350519172,-0.4281948621189008,0.6685153228180503,-0.04180291535015525,0.12817477031773705,-0.3261399669102468,0.7443229488403587,0.1374647926256918,0.049713303486288135,2.765151035750565,0.005696504431539613,-1.1457840607833232,0.053782432066154344,-21.304058161110436,2.926807662760436e-99,0.10856666223667759,0.050827609089002815,2.135978146179757,0.0326971227239001,0.19195739177976373,0.04380055903656412,4.382532917434233,1.1809381503139663e-05,0.3927232106026395,0.028044553201097562,14.003546706077303,2.793657537119018e-44,0.2351780703330317,0.02594691650591465,9.063815743940996,1.4107284847420652e-19,-0.0399513647039969,0.06865432109683726,-0.5819206142559519,0.5606287836198856,0.03443930166437762,0.04092321694900582,0.8415590032252898,0.40004808289688387,0.00557096245441226,0.03344682187141709,0.16656178801768548,0.8677170775424524,-0.1928533006935833,0.05441709202979881,-3.543983948792721,0.00039531177267721884,0.10711806167987017,0.026811809802998063,3.9951820659227697,6.494914377252125e-05,-0.15161355633140405,0.026552440982471642,-5.709966794822758,1.1510979494093702e-08,-0.18326814539630532,0.10010201238623455,-1.8308137971210985,0.0671479040733872,-0.09561883080199524,0.0471106567197364,-2.0296645697561875,0.04240802880089885,0.05723150375166637,0.031746966744304224,1.8027392730971494,0.07144896786001889,0.027360013973635976,0.05497138494542536,0.497713746903021,0.6186930165282101,0.14930759988674708,0.028848671621270444,5.175545059643611,2.3014025806119287e-07,0.15646579236672967,0.04670152649800216,3.350335719185177,0.000809100996803471,0.013122415288671238,0.02477179187865921,0.5297321789618353,0.5963053697610108,0.04862400453126636,0.043758833397632355,1.1111814633956225,0.2665078221476501
1.188,0.20866488652602344,0.2074676290855616,15226,-0.2964505769881828,0.05080961153240746,-5.834537365023943,5.50370639256184e-09,-0.5847381202899612,0.061445430740067086,-9.516380847968692,2.0570456977781292e-21,-0.10958164588798898,0.13608647469999122,-0.8052353926396189,0.42069645018998214,-0.053152354212152975,0.12998545490747476,-0.4089100142011079,0.6826114599461057,0.12749800803569245,0.05041558765894111,2.528940233687446,0.01145077813391521,-1.1837005355686494,0.054542199535987886,-21.702471584183606,7.043268574754998e-103,0.10769002286426685,0.05154563470576443,2.089217127289029,0.036704767860464074,0.21854100919531527,0.044419315731604826,4.919954429640638,8.747009203437391e-07,0.4039039781533947,0.02844072976674638,14.201603878169449,1.749214302737627e-45,0.24090367732393125,0.026313460418979653,9.155150006426737,6.107129345813173e-20,-0.03624040077560714,0.06962417905656514,-0.5205145865513784,0.6027125444793995,0.020496802920520307,0.04150132633908603,0.49388308106231243,0.6213958894515222,0.01941760321808976,0.03391931458420409,0.5724644927563589,0.5670158002173992,-0.1783568518290932,0.055185825140944174,-3.2319323190977243,0.00123218086874444,0.09540079991740599,0.02719057179112506,3.5085985190110858,0.0004517762039547043,-0.16692428005515564,0.026927538949003585,-6.199017309798839,5.828380247573533e-10,-0.18945268180132332,0.10151612197098493,-1.8662324576925051,0.06202809035320258,-0.09405835925458737,0.047776174121666536,-1.968729413432287,0.04900230984577584,0.046421497663804906,0.03219544613937027,1.4418653328440223,0.1493609673352524,0.03246899278027393,0.055747948377920534,0.5824248914088032,0.5602891571474438,0.14627559030939197,0.029256207714446578,4.9998137741263635,5.802476838148049e-07,0.15353008460728182,0.04736126424621531,3.241680454498226,0.0011908312577805504,0.018647258192855468,0.02512173517642123,0.7422758842851516,0.4579316682868281,0.055334508205737515,0.044377000647720495,1.2469186154558165,0.21244655109073485
1.242,0.20739338221355708,0.20619420103942943,15226,-0.22749841552213654,0.05147967448198288,-4.4191890840676855,9.97576025118382e-06,-0.6329708123876795,0.06225575589937992,-10.167265712919951,3.31778043792553e-24,-0.1725647705618382,0.1378811450760211,-1.251547268966284,0.2107541370084747,-0.07868574971259519,0.13169966674043973,-0.5974635445940268,0.5502068383127372,0.11972953221648508,0.05108045433184966,2.3439402366832782,0.019094036264977538,-1.187458057421967,0.055261486812453374,-21.487986044457443,6.362965818562435e-101,0.11118596539808295,0.05222540412314428,2.128963236663776,0.0332733299722697,0.21277874999069385,0.04500510524700502,4.7278802887557685,2.2891127024163433e-06,0.4053332112251241,0.028815798158352335,14.066353775719977,1.1650453301249923e-44,0.25211560479215644,0.026660474977251398,9.456530876035753,3.639449867697069e-21,-0.017970533223781247,0.07054236326174555,-0.254748103024307,0.7989211066487871,0.02213494900633612,0.04204863422630188,0.5264130313295756,0.5986089433528852,0.02378842249741408,0.034366633020468294,0.6921953187339016,0.4888252503791094,-0.18392140089847758,0.055913600371918115,-3.289385760800511,0.0010063458361763168,0.08906964156412876,0.027549153448915984,3.2331171892192394,0.0012270850300654394,-0.1649676512509175,0.027282651803221487,-6.046613519857274,1.5138416108354176e-09,-0.21675467482597505,0.10285488820173931,-2.1073833107555666,0.03510069998219038,-0.09848853149699628,0.04840623294687471,-2.0346249956092706,0.04190593815697001,0.03545956657582568,0.03262003068060973,1.0870488419529245,0.27703246002752857,0.031961280747168495,0.056483136732963596,0.5658552728449281,0.5715005207738767,0.13925983081297102,0.029642030401203976,4.698053032403431,2.6495282866944286e-06,0.16309836869377412,0.047985851356002564,3.3988845479423198,0.0006783497615415102,0.010302646148449845,0.025453033595422697,0.4047708541233609,0.6856516496955862,0.05610247000056261,0.044962232123626496,1.2477687906219896,0.21213496050393343
1.296,0.2069045643296209,0.20570464359416385,15226,-0.18000678319091357,0.051915067883773196,-3.467332135516234,0.0005271054435842955,-0.6540048153996565,0.06278228885854899,-10.417027274573496,2.5229444429232146e-25,-0.20398320828708696,0.139047285720877,-1.4670060420781037,0.14239509797635502,-0.10746307456298954,0.13281352704538082,-0.8091274808647365,0.4184544858241058,0.11884660443948544,0.05151247129777517,2.3071423568959784,0.021060256145942983,-1.1980738896619416,0.05572886518990767,-21.4982645991311,5.132687901901668e-101,0.1181312816729013,0.05266710459211302,2.2429803686339658,0.02491242766128826,0.21264027656572226,0.045385739469513214,4.6851781870505445,2.8213970037844936e-06,0.4059559991462893,0.02905951004098786,13.96981568421823,4.461565220659444e-44,0.2530537163116914,0.02688595804431612,9.412114528133346,5.545638723937653e-21,0.006769172430638669,0.07113898085538649,0.09515419463766639,0.9241936063760211,0.01933205206408418,0.04240426386228246,0.4558987777000313,0.6484692806309187,0.027206424538921706,0.0346572915261684,0.7850130042152651,0.43245817735410574,-0.1923842652440855,0.0563864940511661,-3.411885567304692,0.0006468318730517664,0.07961868190763921,0.027782152584152644,2.8658212018119467,0.0041649972380081715,-0.1786552259358567,0.027513396979798366,-6.493390331518634,8.652968089197462e-11,-0.2461554175153,0.10372479152019544,-2.373158951757189,0.01764903299551322,-0.0970515415969419,0.0488156324747985,-1.9881242273578166,0.04681585724077758,0.040177205069772584,0.03289591715944724,1.221343210314909,0.2219750397094773,0.051416167508120704,0.056960847310845344,0.9026580526011779,0.3667217076633825,0.13397446193680376,0.0298927302081126,4.48184093604285,7.454244971905868e-06,0.14421729036290273,0.04839169547350969,2.9802074292240777,0.002885088851552321,0.01012533415664791,0.025668304631895022,0.39446836485127,0.6932408124747571,0.05015899701723244,0.04534250374331677,1.106224687132007,0.2686467852588901
1.35,0.20580238604576395,0.20460079775994977,15226,-0.13673066931386407,0.052350039459928645,-2.6118541786109755,0.009014116559530001,-0.6703145265655204,0.06330831169262459,-10.588096707112346,4.1720150740097003e-26,-0.22100498568255553,0.14021229656446393,-1.576216858989585,0.11499664262056407,-0.1532639174850782,0.13392630820022838,-1.1443899226725407,0.252479983535096,0.10217226804804094,0.05194406970928488,1.966966943866123,0.04920518074851133,-1.1995702436139237,0.05619579075347003,-21.346265041031593,1.2190524116860303e-99,0.10905823170628254,0.053108377124921086,2.053503375743466,0.04004085213561689,0.21583275527880905,0.045766004919155535,4.716006032426733,2.4265628793593083e-06,0.41422899768873556,0.029302985806311563,14.136067922454336,4.393614473575553e-45,0.2551357412678167,0.02711122265483666,9.410705836326429,5.620037799232397e-21,0.007406888409683088,0.07173502042328295,0.10325345090832432,0.9177631808561229,0.036533599768356524,0.042759548950788595,0.8543962849187807,0.3928989172716171,0.027530065995119868,0.034947668430888354,0.7877511499676336,0.4308545621134141,-0.20092095298091292,0.05685892957308866,-3.533674560697478,0.00041104166937759937,0.065377279345083,0.028014925980993317,2.3336588284915734,0.019626558590889843,-0.18806161851162642,0.02774391860169986,-6.778480762270689,1.2591602228838564e-11,-0.2568549966975973,0.10459385204333571,-2.4557370407505044,0.014070708628960139,-0.09489801331719806,0.04922463536093794,-1.9278560952531523,0.05389163347472597,0.04869150002371472,0.033171536349004264,1.467869908448673,0.14216025228762688,0.0644825504647997,0.05743809506460765,1.122644307619678,0.26160631964666087,0.133130195118837,0.030143187127543433,4.416593194194414,1.009610662802866e-05,0.1367131428724061,0.04879714639384888,2.8016626580778805,0.005090427040082972,0.013185824719645474,0.02588336710562557,0.5094323573063887,0.6104565951585821,0.050182101278245905,0.04572240694144453,1.0975384857256705,0.2724234504326721
1.404,0.20431128707304813,0.20310744281588988,15226,-0.07310829700686478,0.052666418623070074,-1.388138759350542,0.16511513791318416,-0.7308501175207194,0.06369091752979002,-11.474950367591743,2.3506389998230463e-30,-0.2970408977435516,0.1410596741310684,-2.105781823000315,0.03523966381377867,-0.23292192736921685,0.1347356961920644,-1.7287321322568368,0.08387735115759369,0.0714204245526111,0.05225799538105755,1.3666889445686534,0.17174303616791192,-1.2064055752465292,0.056535411839415205,-21.33893671232533,1.4194382429863183e-99,0.0961017755448568,0.05342933932636209,1.7986704824822732,0.07209064934580818,0.21773423901693878,0.046042593255783866,4.728974274045414,2.2768323996708927e-06,0.4094688829444242,0.02948007935242135,13.889680487267496,1.3508468279262654e-43,0.2582205461073003,0.02727507020917984,9.467273379204437,3.2860244998193555e-21,0.014891846470649681,0.07216855334825474,0.20634813613053823,0.8365217436788335,0.04159680391153636,0.04301796767316054,0.9669634843649098,0.3335776709986811,0.02773798334505522,0.03515887579970747,0.7889326013457463,0.43016370323281505,-0.19521671117454042,0.05720255836002054,-3.4127269264057847,0.0006448398718213672,0.04850812498245317,0.028184235095728948,1.7211084429892551,0.0852514939444401,-0.20056630849499696,0.027911589874539844,-7.18577155212315,6.993464592746103e-13,-0.23847600341428843,0.10522596838404141,-2.2663227250513547,0.02344562444347019,-0.09924740055362516,0.049522126042933635,-2.004102175814943,0.04507682367466699,0.0496311661888174,0.03337200960592028,1.4872093941868187,0.13698025568513822,0.07419551088398166,0.05778522405699147,1.2839875953549185,0.19916586434552702,0.1339092111492475,0.030325358457617167,4.41575031458901,1.013548017659839e-05,0.14331338031479654,0.04909205353239254,2.919278579785498,0.0035135727302494373,0.019020435423521997,0.026039794075091913,0.7304372441914121,0.4651342159217591,0.06800347958332591,0.04599873179227904,1.4783772711477319,0.13932754379558168
1.458,0.19929364163068364,0.19808220588259162,15226,-0.050690980526359265,0.05296771060905034,-0.9570166417141303,0.3385740741330052,-0.7471866669497546,0.06405527803755103,-11.664716629779242,2.6243969352909237e-31,-0.32138680241334927,0.14186664279291816,-2.2654148719264158,0.023501239769006504,-0.24266667900345773,0.13550648688847905,-1.7908122671881443,0.07334331500008232,0.05594777315605096,0.05255695087534304,1.064517104288459,0.28711141788307953,-1.1955988958110981,0.056858837410332,-21.027494585983955,8.736311985985159e-97,0.09648872091851328,0.05373499579923647,1.7956402430738498,0.0725716033159116,0.2241317117806147,0.0463059919208991,4.840231306641295,1.3096196645191214e-06,0.4143190196632386,0.029648727836354073,13.97425960230298,4.194966880295473e-44,0.250052313583403,0.027431104363123147,9.115648800474816,8.780631846111356e-20,0.021331999297933762,0.07258141238314066,0.29390443913280473,0.7688349383250301,0.04830221823991886,0.04326406317864463,1.116451269046803,0.2642466642585948,0.022345264883475803,0.03536001132005377,0.6319360217739269,0.5274381869345364,-0.18462497280830803,0.057529800516636316,-3.2092058576653444,0.0013337839222628425,0.033451279223144066,0.028345470364565077,1.1801278579226473,0.2379678320881956,-0.20428172190888838,0.028071265405267557,-7.2772537667844155,3.573427176914279e-13,-0.24168385752050758,0.10582794098479913,-2.283743359943311,0.022400346353921793,-0.09373353008831356,0.049805430283007865,-1.8819941832786988,0.05985589196672669,0.05359379441585035,0.03356292289209379,1.5968154677158677,0.11032763202792568,0.0841307672846304,0.05811579950471746,1.4476401942607917,0.14773832532166087,0.11989667062632661,0.030498842581165614,3.93118756251977,8.49019303410381e-05,0.1363478568626497,0.049372897430484085,2.761593180846321,0.005758913064688815,0.027318413340099906,0.02618876150968343,1.0431349848292284,0.2969023673379129,0.07016829146466826,0.04626187953645086,1.516762660051046,0.12934741070296554
1.512,0.19652969401121867,0.19531407652419452,15226,-0.027774629571268774,0.0532095269287658,-0.5219860272099774,0.6016876645807643,-0.7654982562870445,0.06434771302134179,-11.896277588500412,1.7246217762489743e-32,-0.3148900558838804,0.142514314158286,-2.2095328300436003,0.027152451226532565,-0.2547901728279489,0.13612512189422432,-1.8717351307566354,0.06126244417596979,0.03525755223116494,0.052796891931696156,0.6677959808084531,0.5042739700687175,-1.2067483342631116,0.05711841809916617,-21.12713157020586,1.130279966031527e-97,0.0862936617162181,0.053980315047032636,1.5986135249679647,0.1099272849527569,0.2531900388731698,0.046517395140300705,5.442910939220169,5.32289966334714e-08,0.43002277255297877,0.02978408475790483,14.438005265172661,6.098488419555155e-47,0.25305725097006804,0.027556337049726896,9.183268825367195,4.7117845469344403e-20,0.021144756067630152,0.07291277218367624,0.29000071502375346,0.7718196459111583,0.06900641073550134,0.04346157891820559,1.587756645136408,0.11236217554942819,0.012318739531552506,0.03552144226929045,0.3467972791803697,0.7287484215085904,-0.15866712122654703,0.05779244438919442,-2.7454647904841583,0.006049625521279713,0.021735455275858302,0.028474877455136813,0.7633204149904873,0.4452841751338139,-0.22219337674826806,0.028199420653285734,-7.879359632247572,3.5124648460029587e-15,-0.2295187095768724,0.10631108293897747,-2.1589349222283447,0.030870812159992888,-0.07815569573299255,0.0500328096753659,-1.5620888820775782,0.11828786723727026,0.05450151679343508,0.03371614949749805,1.6164810515352424,0.10601109644660016,0.0732227469156553,0.05838111866977028,1.2542196618368333,0.20978145974841877,0.11524551048189313,0.030638080576989028,3.7615120892543503,0.00016952293111091268,0.12669855761454732,0.049598302157496936,2.554493845620408,0.010643889561467909,0.029620148000131265,0.02630832246207044,1.125885089892584,0.26023193485713814,0.07737466198492993,0.04647308136722648,1.664935048604195,0.09594632173264439
1.566,0.19271047385705353,0.19148907804720694,15226,-0.02399302040422578,0.053513617866072546,-0.44835354739559247,0.653904450969969,-0.770902858657938,0.06471545837627421,-11.912190348335137,1.4276388388017124e-32,-0.31925190687530675,0.14332877942180994,-2.2274096532683307,0.025934489723103513,-0.2398797663524636,0.13690307310516492,-1.7521868641195149,0.07976184185270604,0.035692967890544255,0.053098624671697514,0.6722013632411317,0.5014657291792021,-1.1834185631803567,0.05744484823865054,-20.600952034269955,4.998339080083681e-93,0.0817525149066235,0.05428881101657473,1.5058814767865136,0.132118379483939,0.25548171285878885,0.0467832407342339,5.4609665523200634,4.8098185888707704e-08,0.435638968293195,0.029954299957581008,14.543453491155313,1.3414189614689264e-47,0.2530418605860949,0.02771382073443265,9.130529601488927,7.659475562685973e-20,-0.0038491559277980415,0.07332946660880522,-0.05249125768679523,0.9581379507870902,0.06583136346123612,0.04370996060909642,1.506095236506254,0.1320635046792813,0.014390643284819905,0.0357244463044253,0.4028234101150307,0.6870838025863573,-0.16801375916281575,0.05812272656981003,-2.890672359649505,0.003849628469956277,0.01562527658748037,0.02863761057220849,0.5456208208461357,0.5853346148444962,-0.2225597075206634,0.028360579542547143,-7.847502100116628,4.525491209310216e-15,-0.20084278976978726,0.10691864776285362,-1.8784636167047128,0.06033689137446683,-0.07054886939256493,0.05031874576366528,-1.4020395047983814,0.16092386818681823,0.05721118376796347,0.03390883633564255,1.6872057537352632,0.09158431107313642,0.06612283304628833,0.05871476510720382,1.1261704432532185,0.2601111590555631,0.10711751543054754,0.030813176338550845,3.476354214626395,0.0005096996345442869,0.11697252109776655,0.049881755047654894,2.344996100999574,0.019040070068946688,0.03784973337586357,0.02645867377880305,1.4305226971045804,0.15258760975446795,0.08495349243105421,0.04673867370920336,1.817627366998348,0.0691407816789047
1.6199999999999999,0.1933686334244319,0.19214823338290854,15226,0.010493189879540949,0.053798855061750174,0.19504485490438217,0.8453604392911452,-0.8053689870703535,0.06506040339401602,-12.37878871105229,5.02107834902325e-35,-0.3538615332916778,0.1440927475617419,-2.455790033013651,0.01406863489568935,-0.28476416402354954,0.13763279107620352,-2.069013944982656,0.03856163957214313,0.04115564305699304,0.05338164987910544,0.770969858559994,0.44073677978873704,-1.2000895804731269,0.05775103959836624,-20.780397873687402,1.3392848982443271e-94,0.08219266554100077,0.05457818013098958,1.5059620042979711,0.13209770498664242,0.2758077925805841,0.0470326038108463,5.864182933392673,4.607139147005903e-09,0.4448183215855013,0.030113961756934024,14.771165786018761,4.9164360661677735e-49,0.25005302731760315,0.027861540377077366,8.974845752725512,3.1640974457805525e-19,-0.02271187576972841,0.07372032583772857,-0.3080815977363048,0.7580244644975155,0.06349128886414973,0.043942942550599995,1.444857471505008,0.1485185352303358,0.022148717973083865,0.03591486402027685,0.6167005939540554,0.5374414645224797,-0.1594174835529693,0.05843253114279557,-2.728231696200014,0.006374801417676645,0.010620713805282674,0.028790254180625467,0.36889961924788883,0.7122076845710996,-0.22480324584510883,0.028511746525813977,-7.884583487075279,3.369185635682606e-15,-0.1897834522002518,0.1074885433608273,-1.7656156299669024,0.0774804268191328,-0.05855306720549618,0.050586953717154125,-1.1574736745937073,0.2470970744327075,0.056213659347723516,0.03408957652422925,1.6489984646118887,0.09916861163614188,0.06634825588642532,0.05902772535193934,1.1240185097907633,0.26102292214140743,0.11006107258973172,0.03097741610329119,3.552945546611885,0.00038209712785870976,0.10734807318203757,0.05014763376213239,2.1406408464101556,0.03231887282968174,0.027740697017158956,0.026599703262716892,1.0428949805632353,0.2970135186511797,0.09109028459089986,0.04698779923556693,1.9385944026497417,0.05256923163826604
1.674,0.19087253715476682,0.18964836062237367,15226,0.034123218844249174,0.05408094495621508,0.6309656547583619,0.5280724672310275,-0.8215734696386596,0.06540154229569334,-12.561989225332992,5.157355180498028e-36,-0.3383567200841167,0.1448482860932998,-2.3359387205049433,0.01950736569200332,-0.2773393402128998,0.13835445735451066,-2.004556596989594,0.04502817221571829,0.04290889694291573,0.05366155219233266,0.7996208680122133,0.4239429870488247,-1.187852617690691,0.05805385244906434,-20.461219498445804,8.203561907613093e-92,0.08058370580372562,0.05486435635268735,1.4687806649130313,0.1419129815771799,0.2842926256766516,0.04727921542052058,6.013057178467055,1.8622545986249732e-09,0.4523636682600775,0.030271861851353943,14.94337119009563,3.9038557115797643e-50,0.250991244066063,0.028007630084294712,8.961530958194368,3.5683062756072904e-19,-0.0038818288938456125,0.07410687233414777,-0.052381496770535024,0.9582254055650375,0.06295195691056163,0.044173353774265414,1.4251115555377252,0.15414548671553532,0.015270447364671282,0.03610318067106008,0.42296681568867717,0.6723254554632494,-0.15900805561577688,0.05873891733864434,-2.7070307526959723,0.006796380254741221,0.004159888302926888,0.028941213522680403,0.1437357939281607,0.8857110103813326,-0.22596100867393853,0.02866124553576959,-7.883851676715738,3.388905441371795e-15,-0.2017304579529946,0.10805215074276953,-1.8669730918474448,0.061924579019586375,-0.04483948859632473,0.05085220226973009,-0.8817609974586205,0.3779200085548433,0.06555033221563829,0.03426832242937975,1.912855009191786,0.055785384650379605,0.08310033369851579,0.059337232399922425,1.4004753901974105,0.1613914176266657,0.1011729570734593,0.03113984364992472,3.248987317047878,0.0011606818971643723,0.0826150963261831,0.050410578776471225,1.6388444316918476,0.10126635635421571,0.020315051697663723,0.026739176630273975,0.7597485883190253,0.44741666057820617,0.10442796077924735,0.04723417591611684,2.2108559904739513,0.02706064106884386
1.728,0.19176260175083593,0.19053977184952486,15226,0.048964442559379595,0.054249183416118806,0.9025839556661607,0.3667610455524113,-0.8279333817855491,0.06560499759330442,-12.619974272661922,2.4927061376216894e-36,-0.3281715052442274,0.14529888939898836,-2.2585961021565266,0.023922631253655426,-0.27723508029749855,0.13878485924273548,-1.997588799024632,0.04577904691027609,0.057226958371879445,0.05382848597842294,1.0631352030747954,0.2877375294214689,-1.2013349165032252,0.058234450083506854,-20.629282405526947,2.828154396794648e-93,0.08643801695430103,0.05503503189883135,1.570599924666102,0.11629641939538686,0.29518372731626114,0.04742629462548353,6.224052071688736,4.971861764986719e-10,0.46167668217944374,0.030366033493887435,15.203720376333559,8.033941647053068e-52,0.25816695368845755,0.028094758009939314,9.189150289072563,4.4625227663287816e-20,-0.0028317855031749772,0.07433740872880347,-0.03809368057885702,0.9696134900220182,0.05700313763922192,0.04431077106632238,1.2864397587192102,0.19830922094666778,0.022632792575424165,0.03621549275285974,0.624947801480265,0.5320146976019084,-0.14984014258000933,0.05892164611672813,-2.5430406727463954,0.010999066901973973,-0.009339279032021903,0.02903124569935081,-0.32169749547573656,0.7476862984160879,-0.2323605538555567,0.028750406770133456,-8.081991872787619,6.848053041849624e-16,-0.2170962415516429,0.10838828627895453,-2.002949294658199,0.04520045291057367,-0.04101291534962691,0.05101039655053452,-0.8040109099915858,0.42140324632868953,0.07232526211518953,0.034374926516894694,2.104012122895532,0.035393769624856665,0.08909455418815942,0.05952182245473738,1.4968384789613969,0.13445605189134008,0.10709942040426179,0.031236715465710253,3.42863898484554,0.0006082245335815585,0.08237452087213183,0.05056739922668849,1.6290044995760067,0.10333278653288994,0.014647546107900509,0.026822358569846466,0.5460946348084091,0.585008901303619,0.09625272999895784,0.04738111500931099,2.0314576805557016,0.0422259472662365
1.782,0.19198143948798008,0.1907589406791539,15226,0.08789608694392119,0.054384129001386644,1.61620841517348,0.10607001006468762,-0.86641712015961,0.06576819092155815,-13.173801924899948,2.0417905135446488e-39,-0.3525270478916418,0.14566032237242713,-2.4201995584651654,0.015523636578800503,-0.28772831490399764,0.13913008847712172,-2.0680524109011196,0.038651969415845436,0.05466147955469694,0.05396238507306409,1.0129552183560138,0.3110976730064489,-1.2001864622155494,0.05837930907408356,-20.558421832168452,1.1735768609389114e-92,0.07501868117927732,0.05517193229294152,1.359725462957456,0.17393698326009552,0.304291611996432,0.04754426818162408,6.400174482316275,1.5974632126264022e-10,0.4692943621210327,0.030441569417270158,15.416234152986604,3.217265193891199e-53,0.24977730161977987,0.02816464410451015,8.868470011299797,8.228069706569332e-19,-0.026268611709254024,0.07452232404911817,-0.35249318971775767,0.7244733115933099,0.048795072325212574,0.04442099471502411,1.09846870017769,0.27201727479629045,0.017256698624772752,0.03630557928610414,0.4753180906103241,0.6345670957558915,-0.14775266102943066,0.0590682145168306,-2.5013903372232584,0.012381105273360473,-0.005138229697896995,0.029103461319849703,-0.17655046736288102,0.8598638559068734,-0.2327319298108883,0.028821923799957194,-8.074822882268322,7.260793861329731e-16,-0.17574669581449093,0.10865790362260924,-1.6174313138314775,0.10580595841439751,-0.01850644132583079,0.05113728560920394,-0.3618972165878885,0.7174338700550484,0.07004872807186001,0.03446043461646883,2.0327290950179524,0.04209724257986118,0.09680351939971701,0.05966988380168434,1.622317880179691,0.10475603863315577,0.09654042264284177,0.03131441722239905,3.0829385058389938,0.002053344968751197,0.05695511008891187,0.05069318632345962,1.1235259453903053,0.2612319296339615,0.010148455543866355,0.026889079553417922,0.3774192241763205,0.7058673513175273,0.10299347342412951,0.04749897618053876,2.1683303874311273,0.0301490169893808
1.836,0.18949115947232686,0.1882648929723837,15226,0.08575297255927478,0.05480289630527541,1.5647525649300411,0.11766175272601809,-0.8555807900460264,0.0662746174930522,-12.90962999727188,6.285051354634154e-38,-0.2998178144469279,0.1467819323274549,-2.0426070817630757,0.04110856298592155,-0.23310985944749424,0.14020141448916257,-1.662678370948343,0.09639744927915972,0.01932054613233306,0.05437790487495111,0.35530140737792504,0.7223687305839601,-1.1949299301641534,0.05882883996320049,-20.31197506038916,1.5969663627463817e-90,0.04957676220444163,0.055596765819944584,0.8917202551853589,0.3725570075909105,0.3171738881686137,0.047910367361060704,6.620151454451125,3.708522454597621e-11,0.4747834553106778,0.030675974825338532,15.477371396148882,1.2647645263037065e-53,0.25112477423452595,0.028381516789486527,8.848180176457344,9.86098597398909e-19,-0.04312249377159461,0.07509615897659819,-0.5742303515820648,0.5658204292074936,0.04049964175935209,0.04476304414257665,0.9047562009043663,0.36560889784337125,0.01984195266255067,0.03658513859564781,0.5423500750359622,0.5875853154482023,-0.14752558982809236,0.05952305009833096,-2.478461530186757,0.013205803768019083,-0.0013038432693869648,0.029327563061562506,-0.044457947857789004,0.964539955480096,-0.2283431320091414,0.029043857653532155,-7.86201112583168,4.032706520224356e-15,-0.11392292697363963,0.10949458848236099,-1.0404434461342538,0.2981504725284962,-0.004996980047416215,0.051531051651172,-0.09697027107543157,0.9227512817174519,0.06725744112938295,0.034725785989381426,1.9368155165717247,0.05278640442366886,0.09309702990060166,0.06012935234189669,1.5482792725131995,0.12157588887310382,0.08629365497916498,0.03155554371120864,2.734659106777272,0.006251725286130736,0.0362684705202834,0.05108353272326433,0.7099836011099934,0.4777251956642746,0.012032567732033123,0.027096130168282936,0.4440696017218616,0.6569985841001404,0.12633067523013683,0.04786472660364647,2.6393272080344987,0.008315551140580054
1.89,0.18586222516406392,0.18463046823594742,15226,0.07286986857229315,0.05537725590816625,1.3158808138333076,0.18823389183894765,-0.8354932797640112,0.06696920601941422,-12.475782966902782,1.5109873246829082e-35,-0.2466193616927747,0.14832027460581784,-1.6627488207407963,0.0963833401929762,-0.18010761961975652,0.14167078990870544,-1.2713109013920252,0.20363751651873313,0.022194776310335722,0.05494781037184373,0.40392467252359765,0.6862737943791889,-1.201889012573993,0.05944539331051946,-20.21837093912047,1.0171484802011885e-89,0.05231245935911551,0.05617944554111261,0.9311672419556507,0.351781847024933,0.31952511955068486,0.04841249008498696,6.600055460683105,4.246076849923291e-11,0.4763203605131373,0.030997473175002847,15.366425444550565,6.8657869548975475e-53,0.2648443648680866,0.02867896816179803,9.23479406141515,2.9234437815928974e-20,-0.05804435503186636,0.07588320132210052,-0.7649170570108946,0.44433281012490744,0.05614375290057809,0.045232181469091276,1.2412346934658252,0.21453821431910278,0.025216598993918385,0.03696856770418345,0.6821091689485393,0.49518031563405895,-0.1392935216601196,0.060146879087713004,-2.3158894322178543,0.02057754350766129,-0.019646454432174252,0.029634929434681975,-0.6629492563995061,0.5073731051152334,-0.23022740241367684,0.02934825066326246,-7.844672074505305,4.628299724812389e-15,-0.1162977012918176,0.11064214221764358,-1.0511157770521922,0.2932221269692521,0.010326816637603115,0.05207112081463454,0.19832138191081097,0.8427962754906237,0.07141367163738069,0.0350897282259346,2.0351731189698783,0.04185076749773499,0.07945561617839333,0.060759535658135945,1.3077061125919567,0.1909927846218522,0.08747177798209457,0.03188626034804503,2.7432435483911344,0.006090682479368338,0.029756150210566455,0.05161891168217477,0.5764583026038876,0.5643139808941635,0.014154194842563101,0.027380110096581638,0.5169517139498365,0.6051973869005451,0.1149084138111341,0.048366370991406726,2.375791514967082,0.017523674485457615
1.944,0.18479996803086196,0.18356660395144542,15226,0.08172283807056295,0.0558642929073112,1.462881454637861,0.1435204929644798,-0.8377960031221625,0.06755819297082447,-12.401101425018448,3.812156417282612e-35,-0.2531496366163485,0.14962473544035554,-1.6918969705865297,0.09068611409701907,-0.1648505654533921,0.14291676924177413,-1.1534725164022726,0.24873462678275976,0.03398483009454338,0.055431070443766904,0.6131007361479683,0.5398189055577963,-1.2282288674787813,0.05996820913980069,-20.48133311127362,5.4899096970153984e-92,0.0642903013642943,0.0566735377116482,1.1343971800631145,0.25664586845606835,0.3351737469337206,0.048838272719128814,6.862932046375196,7.00699411152818e-12,0.4824140504394139,0.03127009261178507,15.427330402520191,2.716491556876616e-53,0.2692368238737549,0.028931196596794138,9.306107439178268,1.503644263326262e-20,-0.06468829845146232,0.07655058590176833,-0.8450398868856731,0.39810186841701356,0.04868887862693095,0.045629993631615524,1.0670367175593034,0.28597220073902585,0.032549952510427645,0.037293702274000175,0.87280024577019,0.38278575109211643,-0.11461349741059285,0.06067586440882376,-1.8889470883899797,0.058917935692657304,-0.0312698202327407,0.029895565446074003,-1.0459685162719399,0.29559219912232626,-0.23918418899491767,0.02960636536574777,-8.078809608680805,7.028331198901446e-16,-0.1139807313600619,0.11161522793742018,-1.0211933753696045,0.30717908076426653,0.03425263852738268,0.052529080711848114,0.6520700165167155,0.5143658640215732,0.06974419586494116,0.035398338604973816,1.9702674931512578,0.04882584172894026,0.06773495218179051,0.06129390922777351,1.105084551387994,0.2691404433343943,0.08047425252231975,0.03216669657225267,2.501787907923927,0.012367217219804936,0.026694458582778517,0.052072894448791186,0.5126363507415556,0.6082131687518331,0.009736669384253986,0.027620915214838337,0.3525107444312096,0.7244601489595788,0.10217931543296133,0.0487917480130896,2.094192554969524,0.03625934744737599
1.998,0.18358018771946016,0.1823449781626616,15226,0.053349377365615035,0.056363790817495,0.9465186175706211,0.34389917537257264,-0.804616052914312,0.06816224923733283,-11.804423444313507,5.109603775408417e-32,-0.22015131783182834,0.1509625710912652,-1.458317225524297,0.14477378319428433,-0.13840373584300567,0.14419462713366454,-0.9598397568219316,0.33715113512566264,0.029666018056905614,0.05592669479350765,0.5304446859668426,0.5958113986113176,-1.250458955017065,0.060504401286589245,-20.667239546658045,1.3171587285631797e-93,0.059870630049103354,0.05718027130078822,1.0470504719042502,0.29509294745915393,0.3655486921457522,0.04927494906265054,7.418550381066371,1.246647794718585e-13,0.49232624853312806,0.03154968705571289,15.604790236547831,1.7864138598350656e-54,0.27395981177296724,0.02918987833224888,9.385438632345972,7.135233941145564e-21,-0.04949242869382163,0.077235045611027,-0.6408027379575406,0.5216605131132527,0.047382429781932384,0.04603798387501676,1.0292029709764334,0.30340068105171253,0.0454955437637392,0.037627155458125984,1.2091146197423743,0.22663761768335472,-0.09247931371434645,0.061218383894769614,-1.5106461136463898,0.13089942297264978,-0.03486733337412585,0.030162869866965054,-1.1559686968750016,0.24771212783026836,-0.2459268385630683,0.029871083969684378,-8.232939883020482,1.9740207500550633e-16,-0.12413858486272818,0.11261321019402784,-1.1023447839631124,0.27032925785564355,0.028067902256776325,0.052998757578303364,0.5295954761827618,0.5964001652152365,0.06428220581042468,0.03571484482454594,1.7998735855138055,0.0719004205315985,0.059398681859303235,0.06184195482135268,0.9604916602473595,0.3368231024603785,0.0784621088930394,0.03245430779722629,2.4176176975724983,0.015634164727275423,0.038412585545676003,0.0525384924291961,0.7311322379004882,0.4647096535422315,0.01832426573717757,0.02786788136636677,0.6575406826330467,0.5108432766323306,0.0996295438802356,0.049228008366499765,2.023838607048638,0.04300421765228123
2.052,0.18132551519046458,0.18008689440697434,15226,0.037875807156776374,0.0569363654534278,0.6652305052340867,0.5059131639793675,-0.7908750307271804,0.06885467915511105,-11.486147934050377,2.0673865879676977e-30,-0.2123137432195874,0.1524961325839963,-1.392256574786531,0.16386508143682782,-0.07624569521809685,0.14565943609943938,-0.523451808271763,0.6006675090539,0.036349379894086424,0.05649482916569714,0.6434107409631261,0.5199673210628684,-1.2552671392219097,0.06111903853927467,-20.538070775038186,1.7645450172871276e-92,0.07450693590166109,0.057761140198137564,1.289914562733363,0.19709994581076418,0.37595577327774565,0.04977551131389282,7.553026847015287,4.4941204526983583e-14,0.49809089428348285,0.03187018626837606,15.628741234491159,1.2343960249081062e-54,0.2815571788831486,0.02948640529959087,9.548711551050111,1.5092420268040328e-21,-0.044828912114724034,0.07801964202444389,-0.5745849500396187,0.5655805352201948,0.0380888471702058,0.04650566323926803,0.8190152449657935,0.412790554644465,0.05414499022901508,0.03800939296424731,1.4245160473871645,0.1543176702746154,-0.079763719663215,0.06184027417863005,-1.2898345087024,0.19712774471592817,-0.04336347953043975,0.03046928102175568,-1.423186831992437,0.15470252304454676,-0.24780419607220933,0.030174531001560582,-8.212362805552578,2.3418558986219983e-16,-0.1296026458989135,0.11375719761738715,-1.139291830437149,0.2545994061681894,0.030217967930892053,0.05353714834097486,0.5644299120759224,0.5724699141344711,0.08726070773075337,0.036077656019041816,2.41869116121893,0.015588126474113359,0.07542006209125224,0.06247017968440107,1.2072970251130042,0.22733655978991069,0.07055957809805227,0.03278399664891509,2.152256750562695,0.03139283115989495,0.03447433724470263,0.053072207563306065,0.6495742089412927,0.5159771115074605,0.0255623077954221,0.02815097875559725,0.9080433052559337,0.3638697365436707,0.09696299203757945,0.04972809376812603,1.94986344117074,0.05121075561823142
2.106,0.18146775248902047,0.1802293469047057,15226,0.04047912260544083,0.057417110605305334,0.7050010385179599,0.4808203909056813,-0.7926258348040867,0.06943605720627904,-11.415190704872138,4.654794281451843e-30,-0.2222501960555674,0.15378374158109318,-1.4452125677952148,0.14841879978627193,-0.08167128646974853,0.14688931909552383,-0.5560056168320635,0.5782151980004477,0.019556086484939235,0.056971846183050914,0.34325878122512304,0.7314085334896446,-1.2727645881263627,0.06163510030807876,-20.649996215866242,1.8641046723210373e-93,0.06149669466536621,0.05824884937830796,1.0557581020350209,0.2910955222576511,0.3832562638876549,0.05019579342280181,7.6352267342298425,2.3879993500375172e-14,0.5016544618385324,0.03213928383749449,15.608762920015343,1.6802433633211936e-54,0.28592055471375366,0.029735375290583173,9.615501802807284,7.934808671629646e-22,-0.04132142227927285,0.07867840491448387,-0.5251939502864275,0.5994560293969311,0.029503587915911338,0.04689833621653096,0.6290966864942166,0.5292952125111254,0.05407993965615445,0.038330327243206806,1.4108916762702284,0.15829701992496012,-0.06077481224107845,0.062362425737926046,-0.9745421465239432,0.32980292970883773,-0.061830382998098246,0.030726549974836023,-2.0122787312189354,0.0442081676400873,-0.2571772607376462,0.030429311217572863,-8.451629381250235,3.13055570239334e-17,-0.10598773610221486,0.1147177124098262,-0.9239003626883379,0.35555285838785333,0.02845525243048655,0.053989192027032146,0.5270546078229719,0.5981633581457594,0.10345476650500013,0.03638227957701105,2.843548224789365,0.004467376069881623,0.10126953659062377,0.06299764988347374,1.60751292751303,0.10796266317166661,0.05916733485671229,0.0330608100233309,1.7896516998512166,0.0735298193925085,0.04564220040971985,0.05352032549781608,0.8528012485944672,0.39378296698777193,0.037813238546748534,0.028388673003369894,1.3319833069428744,0.18288564255251352,0.10069446128231505,0.05014797550453038,2.007946687164236,0.044666616324583304
2.16,0.18082646146990977,0.17958708563869075,15226,0.03939018973666274,0.05812222161090385,0.6777130784910165,0.49796394645059194,-0.8057548320454421,0.07028876692304058,-11.463493632313481,2.6803181472492985e-30,-0.2883942726375479,0.15567228329849767,-1.8525730240916374,0.06396295091071778,-0.05377893417107007,0.14869319383612348,-0.3616771742110837,0.7175983129454964,0.019587359990564393,0.05767148911752528,0.33963679957437,0.7341347536817746,-1.3048370083885696,0.06239201034935797,-20.913527246233325,8.961348323352759e-96,0.07151414003361692,0.05896417455449856,1.2128405183984872,0.2252096469890272,0.4010744867987995,0.05081222302025175,7.893267858777739,3.1436247497456227e-15,0.500293208529987,0.03253397041274995,15.377563887312196,5.796439079838887e-53,0.28227249562543666,0.03010054065944196,9.377655332476335,7.67870655103408e-21,-0.03899893129540577,0.0796446153110588,-0.48966187033601877,0.6243802531323214,0.03055659257362407,0.047474271380490256,0.6436453195610586,0.5198151648146363,0.03243905260981653,0.03880104294628644,0.8360355842682624,0.40314802495483604,-0.033425549356446524,0.06312826770141156,-0.5294862440158346,0.596475916325382,-0.06860710979441902,0.03110388746749153,-2.205740676824538,0.02741706836859561,-0.26407563785841637,0.03080299846874413,-8.573049734959229,1.1037516758933969e-17,-0.1022697666628096,0.11612650363433237,-0.8806755000981009,0.3785074034476663,0.028868079668048455,0.05465220646785485,0.5282143491320517,0.5973582815216463,0.10988324255700216,0.0368290722746593,2.9836006114280726,0.0028533084120284835,0.10806138848498388,0.06377129271905689,1.6945146299769411,0.09018801627109468,0.053619487112859784,0.03346681340378137,1.6021688849169426,0.10913904524311945,0.06514658854146642,0.05417758202176659,1.202463936380418,0.22920255926050334,0.04104400484446205,0.028737300190596622,1.4282484635732209,0.15324089945186153,0.09761530910140577,0.05076381787388607,1.9229308036663855,0.05450739994245202
2.214,0.17650132021039366,0.17525540061855305,15226,0.01849364969295906,0.05904118507694999,0.3132330367159091,0.7541079179337533,-0.7970673394893477,0.07140009417594773,-11.163393391683407,7.973091762880188e-29,-0.24273751264159935,0.15813359907518965,-1.5350154177303084,0.12480085160434946,-0.003559117270363635,0.15104416406743823,-0.023563421283688653,0.9812011588990388,0.01367380805603996,0.05858332610624666,0.2334078476739466,0.8154478625622658,-1.3054274182037553,0.06337848293239283,-20.597328269852756,5.3757357148766405e-93,0.056793779584454876,0.059896450037426524,0.9481994266599618,0.3430430113979549,0.4007943734293584,0.05161560897643206,7.7649839143109425,8.684314764969006e-15,0.5014666690630789,0.03304836111197151,15.17372275629809,1.26090966535525e-51,0.2912682058384812,0.0305764566930623,9.525897940442817,1.8780268496351432e-21,-0.0488882308830567,0.08090386675929373,-0.6042755784282798,0.5456694578707386,0.03276797366160057,0.048224881384145823,0.6794827218045416,0.49684239726969437,0.026247050332331056,0.039414521576728805,0.6659233521643934,0.50547019771291,-0.02650851565484002,0.06412638116102326,-0.41337925476063186,0.6793346021885338,-0.080588673797186,0.03159566729700295,-2.5506242055166326,0.010762734228813162,-0.2705410133399435,0.03129002097842983,-8.646239436095117,5.8472768425412326e-18,-0.07837106942078112,0.11796256583777033,-0.6643723698631822,0.5064620892139162,0.03906547954640947,0.05551630594118515,0.7036757738851727,0.48164548797745954,0.12521515112622617,0.0374113723136247,3.3469809681540217,0.0008189490288437277,0.10273146873996489,0.06477957297000231,1.5858620863020676,0.11279139708103315,0.04789600122199884,0.03399595317150988,1.4088736085840305,0.15889299758156133,0.06543123749113318,0.055034177264977,1.1889200628201764,0.2344896953042826,0.04952107628351622,0.029191662192874335,1.696411665643496,0.08982841927519511,0.10627673839497302,0.05156643850211013,2.0609672004131934,0.039323139137191605
2.268,0.174553905637174,0.17330503968727629,15226,0.042338191119212026,0.06005336608792167,0.7050094587075505,0.4808151510389672,-0.8137812444513073,0.07262415191483446,-11.205380345172493,4.986034566543838e-29,-0.3161689650885167,0.1608445850754182,-1.9656798824795292,0.04935377420115462,0.0018977058764735183,0.1536336113234155,0.012352153022548176,0.990144820513779,0.026784232176178396,0.059587657746389404,0.44949295188232724,0.653082499642269,-1.3282597535205931,0.06446502103024354,-20.604348409309363,4.668661838389181e-93,0.06649508951598143,0.06092329340572073,1.091455924307229,0.27508961389640113,0.41015902045019675,0.052500488560193674,7.812480068255648,5.97250502001159e-15,0.5068095664749525,0.033614930423168,15.076918503024785,5.36862088889747e-51,0.29133801758669303,0.031100648556880398,9.367586565079534,8.4428893688806e-21,-0.06544613680378221,0.08229085378438836,-0.7953026830327794,0.42644987013367397,0.02885736702776823,0.049051631543882215,0.5883059567947717,0.5563356877987022,0.02327862136824669,0.040090230071477044,0.5806557190303756,0.5614811185226392,-0.010527783980619654,0.06522574095925435,-0.16140535662440722,0.8717762929081299,-0.10050669388721677,0.03213733214375906,-3.127412488305591,0.0017668511548356682,-0.278988790666506,0.031826445933755415,-8.765942362750847,2.0455395921311722e-18,-0.08221018395150831,0.11998487397726433,-0.6851712322262066,0.493246321787847,0.04705214236900773,0.05646805768193569,0.8332523607246343,0.40471550881424734,0.14316149431855452,0.03805273953213309,3.762186273018894,0.00016906691782358452,0.12212672831601434,0.06589013085554667,1.8534904503947218,0.06383145415569573,0.049802030051526364,0.03457876766287277,1.4402488410539516,0.14981760293107493,0.06502627302094578,0.0559776635637269,1.1616467869709788,0.24539720723950922,0.05374998720057716,0.02969211363387806,1.8102445606718136,0.07027760657559116,0.1064971298042522,0.05245047512480407,2.030432127656537,0.04233000594829105
2.322,0.17182093176936464,0.17056793094254552,15226,0.051839507417832505,0.06091476257700028,0.8510171463330247,0.3947732323504828,-0.8252403899762388,0.07366586187310992,-11.202480619825266,5.150613813795959e-29,-0.33572377334395803,0.16315171571433068,-2.057739766168265,0.03963213386886405,0.0009709460323791969,0.155837308834804,0.0062305107784455666,0.995028885560795,0.026669868097188014,0.06044237418476539,0.4412445483306346,0.6590422408802106,-1.3322774454744828,0.06538969763708904,-20.37442431479932,4.6226480726605356e-91,0.0694351717526534,0.06179716800195838,1.1235979576030568,0.2612013658161074,0.41146170368805884,0.05325354770519568,7.726465586215106,1.1745825524612365e-14,0.5197181305844036,0.034097097950709185,15.242298078731185,4.494029723704682e-52,0.29374908729333427,0.031546751601891104,9.311547857616032,1.4289879147660422e-20,-0.07570238733088941,0.08347122146651584,-0.9069279926765793,0.3644592521205785,0.0101087317350062,0.04975522080037146,0.2031692669109958,0.8390054524814143,0.028210730080301193,0.04066527832737939,0.6937301609788143,0.48786204722150783,0.0012418376441022394,0.0661613292188299,0.01876984121638241,0.9850249591336246,-0.1094360503283863,0.03259830522287768,-3.3571085852519547,0.0007895529605856544,-0.2814608794448669,0.03228295970763862,-8.71855870694127,3.1052333874171698e-18,-0.06851386063024173,0.12170591903967162,-0.5629460027158477,0.5734799555720774,0.048428739171063856,0.05727802704420415,0.8455029209314266,0.39784340974461896,0.16192637532179308,0.03859856232889044,4.195140066151988,2.7425006603228675e-05,0.13507749143422454,0.06683524902429014,2.021051666690625,0.043291909874606474,0.05374290979773454,0.035074760327428074,1.532238832027262,0.12548431797758722,0.07020209026921408,0.056780598786209224,1.236374602767744,0.2163384536283292,0.061538165414600596,0.03011801286490701,2.0432345815983033,0.0410464272024983,0.10799157758894919,0.053202816884579264,2.029809395679768,0.04239329782944113
2.376,0.17142919355054442,0.17017560003993148,15226,0.0717091099023485,0.06169155082784178,1.1623813786504087,0.2450988313024863,-0.8505446930709405,0.07460525281169908,-11.400600641588657,5.496854495016976e-30,-0.363931532403336,0.1652322349597488,-2.202545601903836,0.027641745515972958,-0.03610646755386612,0.15782455437963586,-0.22877598289943246,0.819046111985231,0.039638761843480794,0.06121313851402535,0.6475531692334094,0.5172837735614529,-1.3558842925945824,0.0662235504947828,-20.47435213703018,6.311413920374477e-92,0.08214634041790171,0.06258520873311152,1.3125519924077704,0.18935377093096073,0.42772509960492133,0.05393263974172349,7.930728064734863,2.3294498581531067e-15,0.5149066051240749,0.034531905934117514,14.911039260516095,6.294862877654416e-50,0.3044145844548062,0.031949037434747925,9.528130075171637,1.8383240350537718e-21,-0.05040163563747124,0.08453565086549145,-0.596217514403096,0.5510388039609007,0.02257275745309692,0.050389701988521836,0.4479637021516563,0.6541857766573704,0.018763368183723844,0.041183844091827335,0.4556002140520756,0.6486839964563631,0.016296057002528515,0.06700502196297019,0.24320650191763843,0.8078487116941401,-0.11645897044290537,0.033014000522723394,-3.5275631125875573,0.00042064047286041284,-0.28425004105172597,0.03269463370491611,-8.694088565640815,3.848963234958177e-18,-0.11232239072895284,0.12325791930969449,-0.9112793024416928,0.362162678481888,0.05362628627225066,0.05800843945257687,0.9244566269722062,0.3552632971882379,0.1687149562041372,0.03909077322240832,4.315978996993167,1.5990170847972564e-05,0.13293268001241812,0.06768753562917526,1.9639166764865987,0.04955795043987809,0.05589769700153105,0.03552203551279857,1.573606247350075,0.11559931807204088,0.07855030800521663,0.05750466796331746,1.365981420070529,0.17196500222454922,0.06960672319287438,0.030502079346370836,2.2820320674680903,0.02250120136317095,0.09700903810829556,0.05388126199901885,1.8004225311215252,0.07181376063942134
2.43,0.17134813079403122,0.1700944146388058,15226,0.09562626670407165,0.06243976071181518,1.5314963672815092,0.12566757173110152,-0.8884910397036242,0.07551008316206297,-11.76652180076013,7.979760661358681e-32,-0.4114050473663529,0.16723621102598354,-2.46002372836845,0.013903827955177802,-0.06933063151050294,0.15973868832400817,-0.4340252961754337,0.664276231206038,0.059591351116599904,0.06195554609902898,0.9618404625366359,0.3361450477132527,-1.3727292342732762,0.06702672555469144,-20.480326659448366,5.601412904147185e-92,0.09507945447293736,0.06334425711390727,1.5009956514599743,0.1333774548234922,0.4299155330947349,0.05458674769624945,7.875822452127397,3.612871800950113e-15,0.5181219357331853,0.03495071714871071,14.824357781519748,2.2549480215677987e-49,0.3023210505907399,0.032336523002404076,9.349213289513646,1.0036151515033878e-20,-0.06710658345207784,0.08556091945862819,-0.7843134912140152,0.4328684058667701,0.006688088343834463,0.051000840346568606,0.13113682634220447,0.8956688047754635,0.020896837231447682,0.04168333160342379,0.5013235849346375,0.6161506685172743,0.02061438487188913,0.06781767489575923,0.30396773265339694,0.7611566345606693,-0.12458577626178602,0.03341440221743094,-3.728505314896661,0.00019331797119278286,-0.28927043419916787,0.033091162042470375,-8.741622123390767,2.534975775220963e-18,-0.1055705526108009,0.12475282083620773,-0.8462377997000012,0.3974334191196077,0.07375508024247612,0.058711979680855626,1.2562185884957588,0.20905603349373028,0.17749073794363157,0.03956487546987474,4.486068408803044,7.308132344497778e-06,0.1326250246433632,0.06850846625095328,1.9358924801723723,0.05289938720353116,0.061385175787555785,0.035952855255743585,1.7073797157667834,0.08777191736037633,0.07505637728261583,0.05820209833048121,1.289581981330522,0.19721545410586203,0.07628337392117306,0.030872015860244236,2.4709553877694064,0.013486144407930981,0.0803879540155921,0.054534746831992637,1.474068528515342,0.14048384771221575
2.484,0.17246362757970313,0.17121159912517958,15226,0.10829837624863738,0.06307970169148859,1.7168498478053231,0.08602698002725319,-0.912292466107196,0.07628398101245636,-11.959161726997815,8.160712237512554e-33,-0.415861388691891,0.1689502038968849,-2.461443544310269,0.01384894110318091,-0.0699852154112769,0.1613758395803945,-0.433678396922679,0.6645281501229408,0.05768761419156075,0.06259052439514713,0.9216668936557668,0.35671698052599987,-1.3974612619137723,0.06771367803379749,-20.637798779978638,2.38283029548406e-93,0.09887523862187902,0.06399346821740992,1.545083293281786,0.12234693294536132,0.4495306265506854,0.05514620366468517,8.151615100905998,3.868963969425251e-16,0.527118600560263,0.03530892473819306,14.92876388813075,4.844966097400728e-50,0.29823065418694916,0.03266793788890403,9.129154561305995,7.75684230650539e-20,-0.07115559243707692,0.08643782766576921,-0.8231996841963174,0.41040736153604396,0.0009312256062662533,0.05152354458764003,0.018073787696851213,0.9855802261132444,0.03166273451856112,0.04211054131336265,0.7518956900350697,0.452125430907355,0.03997952476918683,0.0685127337623726,0.5835342216506868,0.55954238356665,-0.1397476231454114,0.03375686421674763,-4.139828339744871,3.4944035682205776e-05,-0.2899992525036044,0.03343031117460315,-8.67473984878476,4.5592952507471434e-18,-0.1031728882928877,0.12603140424961015,-0.8186284117611651,0.4130112838314809,0.07472774003328281,0.05931371487918451,1.2598728672701578,0.2077345686046411,0.1852092861331194,0.03997037326295096,4.633664162070565,3.622321591745945e-06,0.14415504740050228,0.06921060499249816,2.0828462258945355,0.0372819155967031,0.059420211225768155,0.03632133369243405,1.635958958141059,0.10186887882552838,0.08799883777067515,0.05879860778855811,1.4966143090857202,0.1345144048603063,0.0812305102082616,0.03118842110986204,2.60450857458045,0.009209564607954959,0.08528524626549973,0.05509366984700834,1.5480044531854837,0.12164204054194076
2.538,0.1726736163461704,0.17142190559600345,15226,0.10481050688251885,0.06382209499045537,1.6422291825141955,0.10056320043004169,-0.9211928958640295,0.07718177721002142,-11.935367766375043,1.0836347210587232e-32,-0.4256132592327825,0.17093860104951508,-2.4898604330422525,0.012789927473442615,-0.061582036460011855,0.16327509304398197,-0.37716736405976686,0.7060544968526102,0.06205365672112298,0.06332716050222695,0.9798900855335336,0.3271559710016545,-1.3971906364910391,0.06851060920932124,-20.393785030026326,3.1452606011477157e-91,0.104035560360518,0.06474661575470493,1.6068107830478857,0.10811665069035174,0.4493153728648495,0.05579522658277618,8.05293571481887,8.678579626260986e-16,0.5289125473083822,0.035724480113637935,14.805325245488126,2.9812210295668753e-49,0.30906705565841797,0.03305241114304844,9.350817231481182,9.885961762655652e-21,-0.06837024138525619,0.08745512581898751,-0.7817751188966012,0.43435892128465015,-0.0056094195931939705,0.052129931954973466,-0.1076045830644673,0.9143107813556479,0.03694229778327679,0.042606145808130304,0.867064999252462,0.38592008207102935,0.03173560311687355,0.06931906912977565,0.4578192338021701,0.6470888595722897,-0.1501720081384535,0.03415415318794812,-4.396888639342528,1.1055906878483172e-05,-0.2829231411203592,0.033823756900135935,-8.364627913915209,6.549373394001751e-17,-0.10859890886252233,0.12751468440892183,-0.8516580609199546,0.39441731969930793,0.07824284554082606,0.06001178578444173,1.303791322289076,0.19232448457846824,0.1814066152008699,0.04044078983867836,4.485733733799854,7.319599024384032e-06,0.15047332657848256,0.07002515369812086,2.148846787643974,0.03166228949820898,0.051097152651278614,0.03674880424190937,1.390443953357426,0.1644144622710982,0.09221784750092156,0.05949061633077181,1.5501242580541468,0.12113251124066292,0.08537815368667154,0.03155548173659991,2.7056520448440793,0.006824644395801941,0.08194935592940827,0.055742074487695255,1.4701526034431698,0.14154112365245342
2.592,0.17263259667147246,0.1713808238602268,15226,0.11443672478151065,0.06448386920894227,1.774656610798429,0.07597461136311282,-0.9301578829273534,0.07798207858374206,-11.92784162489964,1.1851899189905526e-32,-0.44691643279434057,0.17271107121264126,-2.5876536440683564,0.009672397091391994,-0.09414831254815244,0.16496809994251319,-0.5707061703502708,0.5682072708927872,0.08195282132229245,0.06398380272239572,1.2808369905405323,0.20027046807022628,-1.4005094830004157,0.06922099884592499,-20.232436780025793,7.705093627451755e-90,0.11332240676786921,0.06541797637123042,1.7322823641745397,0.08324358327881637,0.4478694764764724,0.05637376983605919,7.944643010019085,2.0832755782772025e-15,0.5240321350346262,0.036094908879907496,14.518173096880503,1.9304251413424167e-47,0.3150305023545853,0.033395133104096086,9.433425564515721,4.5320238547322106e-21,-0.04666456957141907,0.08836195201374324,-0.5281070472974745,0.597432748307032,-0.01066226356538524,0.05267046960082224,-0.20243342514680734,0.8395806087434481,0.045250425968298764,0.04304793088035538,1.0511637851785458,0.29320008168276834,0.02767967876849115,0.07003784172422678,0.3952103332578347,0.6926932124915909,-0.15989700481038613,0.03450829916258929,-4.633581158463229,3.623772906965004e-06,-0.28265024208803835,0.03417447698057556,-8.270799352648293,1.4399558236414726e-16,-0.14519846272854128,0.12883688999670356,-1.1269944713215008,0.2597626070197455,0.06820389519118969,0.06063405073270833,1.1248447756171087,0.2606725765050058,0.18438177549992235,0.04086012223593806,4.512511598356195,6.4544806221962635e-06,0.16609884457053758,0.07075124771571663,2.3476454470164843,0.018905246329698082,0.04321340329000779,0.03712985427185831,1.1638452166713824,0.2445050098962084,0.10076452012256867,0.06010747724916516,1.6764057440785074,0.09367930646910783,0.10326417917024164,0.03188268196824913,3.238879943446379,0.0012025772424715943,0.07761443121633395,0.05632006660447628,1.3780955154297565,0.16819408275927272
2.646,0.1716043425861581,0.1703510140688237,15226,0.11844601368135659,0.06530385930394259,1.8137674395333272,0.06973324505531124,-0.9564380913916242,0.07897371467522739,-12.11084087059718,1.3215241821207832e-33,-0.4518113957189667,0.174907300586415,-2.5831477257048174,0.00979959070130848,-0.05766638733516061,0.1670658681069137,-0.3451715660930636,0.7299701691612194,0.09148952270414488,0.06479743386947868,1.4119312639514707,0.15799066930274286,-1.3849963791928415,0.0701012272521295,-19.757091758343915,8.293077353525412e-86,0.1302876062577666,0.06624984476432517,1.9666099855969033,0.04924635452205279,0.4436058164614811,0.05709063024549918,7.770203526461391,8.33518954297197e-15,0.5310307299131788,0.03655389913785187,14.527334769693338,1.6919671755706626e-47,0.3175682770044091,0.0338197924600328,9.39001259039959,6.833790683933848e-21,-0.04214401106157135,0.089485580702825,-0.4709586810586668,0.6376769992879254,-0.019733960981173308,0.05334023808558464,-0.36996387135561865,0.7114145636807753,0.05001378597690723,0.04359533719088204,1.1472278734288035,0.25130550918757855,0.01054800004292196,0.07092845727186055,0.14871323088972171,0.8817818931234855,-0.16493063430369326,0.034947113766237596,-4.719435070000909,2.386076881710528e-06,-0.2808397168172141,0.03460904663295,-8.114633141897556,5.242832029037735e-16,-0.16283435272269914,0.13047520629136683,-1.2480099273349332,0.21204664364788386,0.05934953273246596,0.061405085747053806,0.9665247106232325,0.3337970635588807,0.18853527585502824,0.041379707923412994,4.556225389603424,5.248630153369379e-06,0.1698259695888814,0.0716509350801305,2.370184972449519,0.017791594188884288,0.032726172334012774,0.03760200510748943,0.8703305113772908,0.3841335517928539,0.10458539576451671,0.0608718162471876,1.7181251063680685,0.08579416110073548,0.11446412240450085,0.03228810868560847,3.5450860104271165,0.00039366396134979387,0.06903970540036684,0.057036244112618505,1.2104532210088625,0.22612384995366758
2.7,0.17175222499714726,0.17049912021981106,15226,0.14229525450152342,0.06597629592467498,2.156763311841296,0.03103973873527606,-0.9893502750953049,0.07978691037895645,-12.399907082456009,3.86882673599773e-35,-0.49553191251303025,0.1767083285103596,-2.8042363180634093,0.005049988962589775,-0.09915228569972494,0.16878615246662768,-0.5874432484580113,0.5569147796916354,0.09121276099862023,0.06546465580594227,1.393313076738743,0.16354550891762368,-1.3851424182810237,0.0708230625749581,-19.557787646008798,3.8220081689226123e-84,0.12501103169246286,0.06693202223763536,1.8677312818761678,0.0618187622009982,0.4395456965675009,0.05767849489679166,7.620616615499626,2.6733252006428543e-14,0.5402262593142242,0.0369302961942103,14.628267709342593,3.937781168136354e-48,0.3134325319357693,0.03416803630347624,9.173267352911376,5.1676408561309375e-20,-0.03840183894702663,0.09040701753877092,-0.4247661298035637,0.6710131823101564,-0.013750540727247348,0.05388948478906646,-0.2551618517243121,0.7986015457406365,0.05156685683286369,0.044044240234787674,1.170796829687038,0.24169880447765837,0.007568330668253617,0.07165881061743642,0.10561619154772921,0.915888271091921,-0.17143168217187232,0.035306965685186896,-4.85546347144175,1.212996531365372e-06,-0.27915243367852566,0.03496541746022859,-7.983672266920524,1.5214459005153534e-15,-0.17605577766665875,0.13181871504786433,-1.3355901519957285,0.18170326642433923,0.058497061302668754,0.062037376530410894,0.9429325444475127,0.3457303917704396,0.20086130478214184,0.041805796538381464,4.804628099783559,1.5651949100474595e-06,0.20504164028314653,0.07238872781047055,2.8325078570242344,0.0046245167863451925,0.025506202441403676,0.03798919455565907,0.6714067707867246,0.501971634575767,0.10336760049754555,0.06149861593179108,1.6808118187926686,0.09282001573535584,0.11431172574552767,0.032620580715987835,3.5042823651971893,0.0004591566869959766,0.06530202128449587,0.05762354874758425,1.1332523370010863,0.2571261731421235
2.754,0.17137854299976096,0.17012487285695044,15226,0.1531733347405761,0.06660611479053342,2.299688778159243,0.021479343109564515,-1.0120148241422315,0.08054856728468204,-12.564032586271548,5.027173611709624e-36,-0.5116830673498496,0.17839521070782643,-2.8682556292829973,0.004133099130045158,-0.0904820174086833,0.17039740847348978,-0.5310058305420788,0.5954224963072905,0.0738821443871234,0.06608959048430897,1.1179089452016584,0.26362355002193294,-1.3716418675767814,0.07149914934706954,-19.184030580819762,4.560113548860207e-81,0.1336342840899284,0.06757096459935037,1.9776879741511513,0.0479819489343811,0.4229399599066811,0.058229101803881356,7.263377706411561,3.9586169063911e-13,0.538287235231393,0.03728283792058139,14.437936199439374,6.104518868000812e-47,0.3301188659243824,0.03449420911405407,9.570269167002909,1.2269904248057268e-21,-0.04070590986908301,0.0912700554594951,-0.4459941397444199,0.6556078308914917,-0.006824536689173943,0.05440392128047386,-0.12544199992479846,0.9001752983176112,0.04703835067612794,0.0444646926570325,1.0578809357560777,0.2901265370055006,-0.011057554536859145,0.07234287555620424,-0.15284925366656693,0.8785191838395396,-0.17976635060440702,0.03564401087350931,-5.043381656524229,4.6264329440774615e-07,-0.28060889848925963,0.03529920218185362,-7.949440246372288,2.0044945710888193e-15,-0.16983023634485686,0.1330770747730776,-1.276179512019261,0.20191156600509064,0.06087855341853944,0.06262959392575886,0.9720413242772243,0.331045456405082,0.21339164358233836,0.04220488046683016,5.056089277401178,4.3291800343769697e-07,0.21253634763982254,0.07307976063993674,2.908279197669886,0.0036394964587525835,0.024474282847220936,0.03835184467256224,0.6381513863590083,0.5233847514687748,0.10082525260641441,0.06208569024378711,1.6239692626515327,0.1044031013305862,0.12019842456153303,0.03293198130103498,3.6498995752118764,0.00026322178022546855,0.06880864147727406,0.05817363113111753,1.1828149651203013,0.2369009864113368
2.808,0.16895657772281747,0.1676992432462765,15226,0.17659946120104608,0.06743451781525589,2.618828856830552,0.008831975010488017,-1.0268967867486531,0.08155037735850992,-12.59217700776825,3.533587154986364e-36,-0.5268910460469397,0.18061397294326265,-2.9172219483398174,0.0035368118755443757,-0.12110436891376924,0.17251669930779573,-0.7019863549423748,0.4826984201361948,0.0702426919240703,0.06691156931961632,1.0497839557243414,0.2938341415970656,-1.3732027782738978,0.07238840871567956,-18.96992629949134,2.4894023486709994e-79,0.13478355662455682,0.06841136779106262,1.970192396038677,0.04883444542081638,0.4256757963649416,0.05895331705368097,7.22055717369279,5.422838573472549e-13,0.5355272724556566,0.037746537324168834,14.187454278428934,2.1347735827163893e-45,0.3298518201736784,0.03492322538764031,9.445056019665824,4.0585545559201175e-21,-0.011699685020952859,0.09240521234782301,-0.12661282544229222,0.8992485198837561,-0.0038791316430743794,0.05508056145213439,-0.0704265087501947,0.943855119064231,0.047628949809298674,0.04501771524371663,1.0580045999990306,0.2900701564287053,-0.007596874966083002,0.07324262863617818,-0.10372204148787918,0.917391302646039,-0.18673795997116066,0.03608732762473727,-5.174613147113583,2.31289803790589e-07,-0.2871689685158005,0.035738230429480725,-8.03534380591247,1.001300370931466e-15,-0.19612011063530013,0.1347321998559612,-1.4556290986487805,0.14551582926248519,0.07921586607973605,0.06340853960076785,1.2492933377506266,0.2115770387550055,0.21792762423009732,0.0427297969965921,5.10013244966921,3.4349838180487593e-07,0.2252925309448814,0.0739886786116651,3.044959515054262,0.0023310980167636683,0.014299816755917903,0.03882883967865667,0.36827824045893875,0.7126709035902974,0.08450136882651577,0.06285787120272282,1.3443243814921848,0.178863574172806,0.12652418589946843,0.03334156761312774,3.7947881565608044,0.00014834271484281047,0.06919244479744761,0.058897156473192526,1.1748011099473208,0.24009269710806638
2.862,0.16741102339006952,0.1661513505534672,15226,0.20222109857708143,0.06811095567389791,2.968995172307917,0.0029924142936525676,-1.0410371240967724,0.0823684118669343,-12.638790775504594,1.9674519333298714e-36,-0.5679681407413633,0.18242571762620496,-3.113421441515964,0.001852750275889407,-0.1661075499628863,0.17424721997348,-0.9532866578196625,0.3404600066673795,0.054962406941911277,0.06758276146475684,0.8132607450580894,0.41608131502975076,-1.3794640230611506,0.07311453921632738,-18.867164285610368,1.6721719783099743e-78,0.12184543903269217,0.06909760446383213,1.7633815235442774,0.07785624995271886,0.42589213724900077,0.0595446797094782,7.152480109506881,8.911167384561727e-13,0.5360073117194075,0.03812517407736194,14.059143982707196,1.2883322144500855e-44,0.3216181350795312,0.03527354140625272,9.117829462468432,8.6067216905253e-20,-0.02158273592232665,0.093332132061836,-0.23124657548835686,0.8171263605643678,-0.008121845529576621,0.05563307636954739,-0.1459895094714263,0.8839316055840389,0.052552678657612525,0.04546928942096279,1.1557840319665094,0.24778767032991483,-4.766598608236389e-05,0.07397732784484903,-0.0006443323579128551,0.999485905649627,-0.20136340291432162,0.03644932079104812,-5.524476136844121,3.3589671567530196e-08,-0.2872133914338333,0.03609672179038289,-7.9567721717697495,1.8897243684336097e-15,-0.17093050056356657,0.13608370296910538,-1.2560688519945136,0.20911031099596022,0.09327640909027407,0.06404459273997272,1.4564291082150427,0.1452946862240617,0.2279812000940497,0.04315842099090564,5.28242680940737,1.292414595607597e-07,0.2466777955187105,0.07473086147209483,3.3008825358024567,0.0009660320049614032,0.008137925243557654,0.03921833304224446,0.20750308879247362,0.8356197601104522,0.07836762851521915,0.06348840056917654,1.234361360699744,0.21708736080316937,0.12920891062687515,0.033676017970758816,3.8368227128002004,0.00012514031139822774,0.0851409335330535,0.05948795578036599,1.4312297744336726,0.15238492933428446
2.916,0.16521016044360193,0.16394715779199054,15226,0.2201829411502482,0.06892770766082024,3.1944039432404363,0.0014040578960104611,-1.0379102375991796,0.08335613202716892,-12.45151631149206,2.0422620409509842e-35,-0.5668466859592338,0.18461327417805104,-3.070454648957345,0.002141101788861376,-0.17114874185050896,0.17633670413532931,-0.9705792262010361,0.3317732967379239,0.03433986712733401,0.06839317961499271,0.502094906548346,0.6156080349359005,-1.3489525659736168,0.07399129163577305,-18.23123419190901,1.767164450284368e-73,0.10427871047278389,0.06992618784192495,1.491268345823688,0.13591180515388257,0.41440420510761916,0.06025870926584233,6.877083995931595,6.347184814394624e-12,0.533002579210004,0.03858235180114153,13.814673142714804,3.7889454514537676e-43,0.32545403380802224,0.03569652379938311,9.117247260184103,8.652816968173982e-20,-0.03264742564639313,0.09445132358618008,-0.3456534477953047,0.7296079562264438,-0.0060076194991526485,0.05630019996536037,-0.106706894519894,0.915022920837075,0.052586653571550075,0.046014534045870456,1.1428270363256983,0.2531284088186125,-0.030218051234746808,0.07486442638731802,-0.40363698345073706,0.6864853627228793,-0.20756400847031006,0.036886402533383246,-5.62711444366142,1.864829273665411e-08,-0.28280103767043774,0.03652957534458689,-7.74170066316811,1.0425233471942748e-14,-0.14601973013544212,0.13771554961826873,-1.0602995125836667,0.28902520621472255,0.09749914805155165,0.06481258296789504,1.504324370158923,0.13251864153449122,0.24141067738223354,0.04367595485528895,5.527313098983109,3.305226440337902e-08,0.26666781721114363,0.07562699600710242,3.5260929468373945,0.00042298058699503834,0.008050772317648287,0.039688619373116046,0.2028483843683828,0.839256253463392,0.06801804547869908,0.06424972122307639,1.0586512156611387,0.2897754737525234,0.14016093407435004,0.0340798436742321,4.11272232977777,3.930774519917271e-05,0.10096067324453832,0.060201305132182255,1.67705123705976,0.09355302227664705
2.9699999999999998,0.16319216686533988,0.16192611107254307,15226,0.2383295394187939,0.06966258096609947,3.4211988145368077,0.0006250974060118711,-1.039490873289557,0.08424483409397096,-12.338927181339761,8.20332429901689e-35,-0.5698364295039544,0.18658153007394182,-3.054088093704289,0.0022613628717080966,-0.19262492628249345,0.17821671931366137,-1.0808465503366922,0.2797825237315093,0.03622268249135755,0.06912235404524573,0.5240371655694351,0.6002603301364677,-1.342972937412863,0.07478015038200939,-17.958949407728866,2.2299389271311253e-71,0.10814371211728158,0.07067170645162305,1.530226416583124,0.12598150190556148,0.42403931052265037,0.0609011579755536,6.962746269830607,3.473722423302555e-12,0.5359816489607941,0.03899369785276233,13.745340362040709,9.782790517189534e-43,0.33025738108022296,0.036077102572733825,9.154210220025353,6.160222431573237e-20,-0.012400217963004924,0.09545831712632981,-0.1299019125446601,0.8966457497975917,-0.013283378283296813,0.05690044499657507,-0.23344946219834242,0.8154155519657885,0.05640507307235518,0.04650511836780336,1.2128788196226976,0.22519500128610243,-0.028311935029300853,0.0756625940666757,-0.3741866820525832,0.7082706504798078,-0.2091832155744703,0.037279667208351915,-5.611187846859485,2.0444936920624468e-08,-0.2854628661810287,0.03691903570363467,-7.732132238571035,1.1236445332125198e-14,-0.1602395697990651,0.13918380504951455,-1.1512802782052118,0.24963505479548775,0.0805417851895198,0.06550358283842134,1.2295783176958948,0.21887408301071215,0.2520900101094889,0.04414160639651925,5.71093874212442,1.1445563873831222e-08,0.29432874692791455,0.07643329382854686,3.8507923992932325,0.00011821887965067766,-0.0013021680350070869,0.04011175990528363,-0.03246349793880676,0.9741028512884328,0.07471371574113359,0.06493472013861858,1.1505973319302742,0.2499160292135968,0.14021296029971034,0.034443186199527166,4.070847554214806,4.7079397403491226e-05,0.09516055833310198,0.06084314182726442,1.5640309733390458,0.11783110969747985
3.024,0.1610506675605332,0.15978137176747265,15226,0.24658742852717142,0.07025216265514246,3.5100332745289684,0.00044934744154112707,-1.0466309863002117,0.08495783109881122,-12.31941744231812,1.042538384570047e-34,-0.5622328123679909,0.18816064259202028,-2.988046833933563,0.002812149082668542,-0.20974077055997312,0.17972503716424149,-1.1670091928722306,0.2432249623021446,0.010896736509790172,0.0697073635824097,0.156321168235086,0.875781947346605,-1.3215679734741144,0.07541304406406475,-17.524395015157037,4.355181878996737e-68,0.08382015955379944,0.07126982876462744,1.176095986292042,0.23957493855607837,0.4196922050685243,0.06141658831255726,6.8335317314054365,8.599839688206331e-12,0.5479230610309105,0.03932371678004341,13.933653934487156,7.360836806940772e-44,0.3272634817017814,0.0363824372125882,8.995095072645363,2.6345180378308566e-19,-0.020456646631257226,0.09626621822709339,-0.21250078176956846,0.831719217073283,-0.0025959216326100175,0.05738201573373602,-0.04523928968713143,0.963917171855091,0.04664305636342425,0.046898709386915566,0.9945488260373613,0.31997157685739536,-0.042028940087565976,0.07630295621502783,-0.5508166678250979,0.5817674512499604,-0.21603589541821516,0.037595179623408095,-5.7463722100081025,9.29253118259112e-09,-0.28501568455652926,0.03723149595311323,-7.655230531576231,2.0453814254013993e-14,-0.13063294179152285,0.14036177206897452,-0.9306874647274269,0.3520300346637598,0.08596589109777845,0.0660579652984545,1.3013705570460514,0.19315136851509784,0.2476783420495366,0.044515194088726576,5.563905698262716,2.682565245659092e-08,0.28616025750434915,0.07708017871063993,3.712501220042558,0.00020595398086958823,0.004372784239479028,0.04045124142933099,0.10810012461838424,0.9139176959287798,0.07629415242843438,0.06548428809096722,1.165075694530735,0.2440066354654243,0.14731955374221317,0.03473469236559101,4.241279933953044,2.235632603134404e-05,0.10810901062518989,0.06135808115089726,1.761935976441613,0.07810021114061681
3.078,0.15987269191688858,0.1586016138951868,15226,0.25490583343916934,0.07079041931248337,3.6008521479999,0.0003181859862010884,-1.0512283174307535,0.08560875936142792,-12.27944809937752,1.7016375512272365e-34,-0.5621500346790618,0.1896022881541912,-2.9648905619846833,0.0030326065020050553,-0.16540274802146387,0.18110205096834836,-0.9133123956192617,0.3610927490454321,0.004565701230995317,0.07024144610878111,0.06500010298655488,0.9481747729379763,-1.2861910751243135,0.07599084226249293,-16.92560625504665,1.1150969501623285e-63,0.07778720961606672,0.07181588255642908,1.0831477223014796,0.27876003875510585,0.4140332639479245,0.06188714873775976,6.69013312767642,2.3075635018510825e-11,0.5585683121034354,0.03962500647061349,14.096358886847833,7.661363798302953e-45,0.3244188997076911,0.03666119146441235,8.8491095556076,9.779639161598162e-19,-0.031692680935469855,0.09700378887089152,-0.326715907743064,0.743887265277159,0.003692055622283419,0.05782166414900174,0.06385246216313128,0.9490885442136097,0.029032642207738536,0.04725803700892943,0.6143429572043545,0.5389979154296095,-0.068572632600541,0.07688757272511507,-0.8918558639599502,0.3724843100500962,-0.2144811584528218,0.0378832256415152,-5.661639282843373,1.526437395831933e-08,-0.2721366588531886,0.037516755506728644,-7.253736501931272,4.2499690210732156e-13,-0.10444814764552475,0.14143719317199674,-0.738477237161438,0.46023589491391137,0.08780213919625782,0.06656408693583137,1.3190617228912072,0.18716834650351102,0.2524984529092687,0.04485625973945534,5.629057223582383,1.8439916769835722e-08,0.283766988381922,0.07767075012897036,3.6534601238012243,0.00025959998481119614,0.015460863454381503,0.040761169966391446,0.3793037213389447,0.7044676343782423,0.08235536392769349,0.06598601433944183,1.2480730159582802,0.21202354168538948,0.15773736447892772,0.035000821957903265,4.506676005170509,6.6342391950680844e-06,0.1187319657584226,0.06182819330706326,1.9203531497152553,0.054831994445109784
3.132,0.1585724837883713,0.15729943860531204,15226,0.28877096053180884,0.07115277374106226,4.058463856696554,4.964362382583797e-05,-1.0743578394301456,0.08604696432448694,-12.485714607881974,1.335476858897693e-35,-0.6013118330549426,0.19057280407214464,-3.1552866946707967,0.0016065308644323758,-0.22870352789078716,0.1820290567811467,-1.2564122010792877,0.20898586662510357,0.0036522673138643137,0.07060099051202799,0.0517311058580983,0.9587436312083072,-1.24909522569537,0.07637981605997403,-16.35373440431659,1.3199729173711757e-59,0.07607119264069735,0.07218348601660572,1.0538586709873954,0.29196437641964484,0.3869076315786974,0.06220393005696991,6.219986924047167,5.102064053858744e-10,0.5498928216150243,0.03982783471653351,13.80674660143526,4.223919014552622e-43,0.31189422150174934,0.03684884885100684,8.464151017657294,2.813319653701066e-17,-0.023157623925320323,0.09750032149250436,-0.23751330837509738,0.812261796680493,0.0022401267049198606,0.05811763550043147,0.038544697932578996,0.9692539002777434,0.029716402433107615,0.04749993639534981,0.6256093099951354,0.5315806222829118,-0.1121417202399774,0.07728113661059857,-1.451087874199277,0.1467760265528183,-0.21769882684483904,0.038077138245980253,-5.717310619261708,1.102557446820514e-08,-0.26137833242283165,0.03770879226305533,-6.931495726499665,4.331680413843046e-12,-0.11845702091111436,0.14216116675217025,-0.8332586431118749,0.4047119665364338,0.09371102695343005,0.06690480806617302,1.4006620699179646,0.16133556095341356,0.2557093583617383,0.04508586516521683,5.671608106547212,1.4403787101597351e-08,0.2869246188376281,0.07806832285920161,3.6753014325042517,0.0002383856769682882,0.016403165284344986,0.04096981388452084,0.40037197460988244,0.6888881888891503,0.07817016623910898,0.06632377649359185,1.1786145236567118,0.23857015320715558,0.16696521917203883,0.03517998042261533,4.746029337318954,2.0933744433627396e-06,0.1066179701860913,0.06214467285151901,1.7156413461348718,0.08624808226718277
3.186,0.15713107241139546,0.15585584643227834,15226,0.2932969410691184,0.07151203903380318,4.101364539899069,4.1285880527079556e-05,-1.0644666896636752,0.08648143351243462,-12.308615230234617,1.1903183073629467e-34,-0.5417615957616824,0.19153504616958694,-2.828524630850072,0.004682428802108746,-0.20819659624704673,0.18294815970480532,-1.1380086937358693,0.25513478678162543,-0.02013968797070787,0.07095746973540175,-0.28382759483685305,0.7765463714881273,-1.2336333081763027,0.0767654737867711,-16.07015820162753,1.2320624702043673e-57,0.06788910884305616,0.07254795559201807,0.9357825219064547,0.34940003687715515,0.39837271886372777,0.06251801075919075,6.372127232233843,1.9179154526000802e-10,0.560912643693418,0.040028933815645866,14.012680084778513,2.460595718742695e-44,0.3169609178304122,0.037034906425062915,8.558437118553453,1.2522423557653767e-17,-0.01154627327691573,0.0979926210853609,-0.1178279869344226,0.9062055103162501,0.019795526751821665,0.05841108364354192,0.3389001798464376,0.7346896098069751,0.02639256765540683,0.047739773546552844,0.5528423302986649,0.5803795086744474,-0.11488184673914956,0.0776713452940829,-1.4790763093413473,0.13914064115247055,-0.2210838614270577,0.03826939771106396,-5.77704052455314,7.75132495416512e-09,-0.2605785690961784,0.037899191871939096,-6.875570592023972,6.414728819743268e-12,-0.12315120512273094,0.14287896832903463,-0.8619267521524034,0.38874142210031815,0.08563399894799416,0.06724262448838507,1.2735076835495298,0.2028574194242413,0.26568433850810824,0.045313513163958326,5.863247405840726,4.633124147136908e-09,0.27461075661905215,0.07846250621132042,3.4998978477625005,0.00046676915673492367,0.023647487609079913,0.04117667907620442,0.5742932198421401,0.5657778938244444,0.090792987155645,0.06665865916540964,1.3620584076008402,0.17319963449563974,0.17245787567545054,0.03535761152960697,4.877531830198473,1.0850845199504136e-06,0.11059141762944023,0.062458454351668816,1.770639680046539,0.07664067507547387
3.2399999999999998,0.15505294813138004,0.15377457803580197,15226,0.3047948957530806,0.07195434356987293,4.23594852834843,2.2892857782921506e-05,-1.0614270171612015,0.08701632429229735,-12.19802175963848,4.5948001921739e-34,-0.5285722844441655,0.19271969732597605,-2.742699847385662,0.006100770293004004,-0.1879630838294954,0.18407970065925636,-1.0210962053737116,0.30722510966267425,-0.016860210669287633,0.07139634424039475,-0.23614949544921424,0.8133198494177556,-1.2354300264712608,0.07724027100592719,-15.994636093087472,4.071266859201314e-57,0.06195022377186758,0.07299666730929645,0.8486719470270658,0.3960772232385621,0.4139179458418689,0.0629046869065703,6.580081170368813,4.855679265240894e-11,0.5677536650403514,0.04027651421245607,14.096395284991313,7.657465268751329e-45,0.3171206976907045,0.037263968654668495,8.510116048816906,1.8980823868823692e-17,-0.004187683919655447,0.0985987089747991,-0.04247199545711881,0.9661229937751625,0.007474919956323562,0.05877235829884962,0.12718427799535606,0.8987962308185578,0.019234447907378802,0.048035045764711834,0.40042530617320815,0.6888489151470925,-0.10409780140757993,0.07815174536112579,-1.3319958617246725,0.1828815170447777,-0.2244014918953762,0.038506095313718805,-5.827687540560034,5.73384377624004e-09,-0.27291694126670896,0.03813359973815044,-7.156862796607987,8.631904553425445e-13,-0.11578820867448962,0.1437626798922167,-0.805412147028002,0.4205944815073027,0.08924630030207005,0.06765852254177981,1.3190696005364226,0.18716571318016298,0.26602430691294415,0.045593778874298385,5.834662392129651,5.499590453887345e-09,0.26828611441163763,0.07894779963712056,3.3982722209460015,0.0006798688407899393,0.026914329402068254,0.04143135831877342,0.6496125276653748,0.5159523538672746,0.09110244624584729,0.0670709453722573,1.3582997189052621,0.17438875592997893,0.16838896724921465,0.035576299629896564,4.7331782394734745,2.230227728307405e-06,0.11707258030104019,0.06284476214052363,1.8628852479266416,0.06249768519098465
3.294,0.15403860093441568,0.15275869617329818,15226,0.3211151176591504,0.07227223044466653,4.443132800571367,8.928483473559097e-06,-1.0731578149768444,0.08740075344574301,-12.27858768566616,1.7196500595617723e-34,-0.5252282713016219,0.19357111308845373,-2.7133608053471026,0.006667957002210618,-0.1456494500366632,0.1848929458068365,-0.7877501729505018,0.43085513369473105,-0.02559650350258595,0.07171176593165413,-0.35693589706019857,0.7211447496761798,-1.2383624060880742,0.07758151056340355,-15.962081649287063,6.804045221114228e-57,0.06104107646027701,0.07331915906295643,0.8325392331336385,0.40511772106776467,0.4294849743595823,0.06318259333081809,6.797520515038684,1.1039642408624277e-11,0.5727484646072183,0.04045445170163829,14.15786002567484,3.23607357121555e-45,0.3239786459282102,0.03742859702802773,8.65591210072888,5.374268588903313e-18,-0.019804891545667468,0.09903430791017465,-0.1999801075363777,0.8414988136626012,0.012400167143463953,0.059032008521156615,0.21005836416729456,0.8336249360817652,0.01065731179431001,0.04824725964675335,0.22088947377195048,0.8251814602126717,-0.08861689076662324,0.07849701171837341,-1.1289205643210636,0.25894915917278705,-0.23388705741956933,0.03867621127465306,-6.047310470993578,1.507325382025573e-09,-0.2752305696159548,0.03830207005201856,-7.185788372329759,6.992606497974071e-13,-0.09603607182888282,0.14439780859683077,-0.6650798427074649,0.5060095159241276,0.071499456243758,0.06795743092196778,1.0521212363936676,0.29276065330968337,0.26077982159308954,0.045795207490797504,5.694478437410573,1.2603762095039161e-08,0.2627834287834463,0.0792965828801239,3.313931310012532,0.0009220909503505997,0.0312517481434084,0.041614397790207404,0.750984029637033,0.4526738915252262,0.10743890799757932,0.0673672578970618,1.5948238261641525,0.11077242531527426,0.17263029663284715,0.035733472055423404,4.831052979265316,1.3713714506294978e-06,0.12909827320000763,0.06312240382333044,2.0452052738887,0.040851804069737284
3.348,0.1537403112391258,0.1524599551779825,15226,0.35921856880548786,0.07246231167444633,4.957315886075512,7.224377379648595e-07,-1.1067042781469674,0.08763062379285189,-12.629195482655486,2.219870508069639e-36,-0.5662990427960244,0.19408021921399204,-2.917860692292528,0.0035295793844143204,-0.17318734066643576,0.18537922772037838,-0.9342327228143783,0.3501986981854289,-0.028934317454278876,0.0719003730989451,-0.4024223548111656,0.6873788789070036,-1.2262273288671741,0.07778555558657958,-15.764203515938329,1.510400381530059e-55,0.03728169384251044,0.07351199379125192,0.5071511724791097,0.6120561083882354,0.42651156009531355,0.06334876815297462,6.732752230720151,1.7244790385664846e-11,0.5802178001248163,0.0405608498559806,14.304872856091414,4.063990559085124e-46,0.32674334603027083,0.03752703696420026,8.706878359247355,3.4406195667685165e-18,-0.03467116613464889,0.09929477535281665,-0.34917412332576864,0.7269634278762604,0.0012708123137250005,0.059187267002969536,0.021471042304778854,0.9828701848215797,0.009783245777726393,0.04837415345355486,0.20224117796954344,0.8397308891033439,-0.09122275101145425,0.07870346457626454,-1.1590690638918237,0.24644624051599787,-0.23796417239785217,0.03877793252716011,-6.136587406540609,8.640468701362312e-10,-0.26800453728981,0.03840280728586073,-6.9787746321473945,3.1007591801035817e-12,-0.07414753620099737,0.14477758535018015,-0.5121478992874025,0.6085549435165836,0.06619918394532673,0.06813616391474864,0.9715719251256141,0.3312790131871889,0.2678046680487917,0.04591565222184169,5.83253542288569,5.570020713503295e-09,0.27220198213575564,0.07950513866840456,3.423703004544649,0.0006193703564424684,0.037882090695799876,0.041723846687243514,0.9079242136938874,0.3639326557608469,0.10574313767342751,0.06754443869180383,1.56553433149277,0.11747848839794857,0.17384790329205166,0.03582745368945914,4.852365585310903,1.2320744878367749e-06,0.14882977557090346,0.06328842034269858,2.3516114759226023,0.018704977949453548
3.402,0.15280985917884926,0.1515280953820537,15226,0.36938618178197496,0.07271725381227574,5.0797597876230185,3.823878848588341e-07,-1.1016128174585653,0.08793893218176231,-12.527020628151648,7.983029194423228e-36,-0.5400579090565812,0.19476304625681554,-2.772897217598754,0.005562733180343839,-0.14963927259167809,0.18603144230658325,-0.8043762427271289,0.4211922960001392,-0.030695578216189547,0.07215333818389755,-0.4254214564259741,0.6705354893486702,-1.225713177263547,0.07805922634556096,-15.702348519794807,3.9503384219957916e-55,0.031977549145000325,0.07377062899650792,0.4334726378233002,0.6646775906943709,0.4510197341835919,0.0635716463638484,7.094668141866395,1.3538796184145783e-12,0.5814073691089816,0.040703553967062774,14.28394605491833,5.467190489682713e-46,0.33072493376556555,0.03765906729567849,8.78207978888307,1.7735798839380436e-18,-0.05381976788050975,0.09964412140207697,-0.5401198497535042,0.589122294436311,-0.020010060140472914,0.05939550391997281,-0.33689519946549645,0.7362005549298436,0.018719329391286142,0.04854434689359503,0.38561296194420486,0.6997887277465353,-0.07957226235330096,0.0789803647889406,-1.0074942369023248,0.31371336141554357,-0.24019607780576832,0.038914363849741895,-6.172427197659598,6.895666551024611e-10,-0.2791016561158091,0.03853791881572875,-7.242260731575816,4.624296478510495e-13,-0.04763223867946593,0.14528695230613348,-0.32784938993764734,0.7430300564035668,0.04930416882634896,0.06837588548711529,0.7210753977824507,0.4708742154657043,0.27040267514847977,0.04607719598530675,5.86847071238247,4.489846336175791e-09,0.2685742169968951,0.07978485938876483,3.366230373211829,0.0007639177776911263,0.037968677096672225,0.04187064253776374,0.9068090383955231,0.36452216244245783,0.11529712882895667,0.06778207841375944,1.7009972477555646,0.08896395516241559,0.18515953596639972,0.03595350442432405,5.149971857573125,2.637797505228955e-07,0.15811985500305917,0.0635110862335482,2.4896417992538784,0.012797793774459283
3.456,0.15195012241833783,0.1506670578752265,15226,0.40247704471310936,0.07294750993569568,5.517351381396005,3.497696210578988e-08,-1.1342567791097662,0.0882173871090363,-12.857519546660681,1.225881496592328e-37,-0.5345910551572861,0.19537975524492338,-2.7361640129354017,0.006223219279721263,-0.1749126324132836,0.18662050303830882,-0.9372637495108355,0.34863779442171927,-0.04761753258974046,0.07238180869221626,-0.657866022555763,0.5106341866386044,-1.2182341344407188,0.07830639760015604,-15.557274651570632,3.713192395867341e-54,0.022851676656754173,0.0740042205881106,0.3087888295444799,0.7574863983245791,0.4582914628278748,0.06377294330623502,7.186299378204613,6.966586385210209e-13,0.5879891820200973,0.04083244005742676,14.400050087458625,1.0490876322887973e-46,0.32639576402363113,0.037778313147144485,8.639765432414553,6.18658864222299e-18,-0.02942344683948586,0.09995964031832838,-0.2943532684369898,0.7684919912183121,-0.01950503295629772,0.0595835772830909,-0.3273558561887994,0.7434032578544132,0.0115833646860274,0.04869806052473033,0.2378609037241847,0.8119921852368776,-0.07329717512920125,0.07923045278964455,-0.9251136721861726,0.3549214666377539,-0.24522454481000783,0.03903758454490904,-6.281755074469329,3.4388083699010955e-10,-0.28592061855962386,0.03865994751354082,-7.395783930112136,1.479118314533635e-13,-0.05095746028692242,0.14574699732526838,-0.34962957194376343,0.7266215578906987,0.05449243959157352,0.06859239485046821,0.794438504594676,0.4269525973037923,0.27636662409500923,0.046223097486936975,5.978972399526291,2.295774539698996e-09,0.2655729136283933,0.08003749478775675,3.3181062742235867,0.0009084278864120334,0.04119017868911144,0.04200322416496237,0.9806432603207365,0.3267842990077665,0.11708212951187913,0.0679967075120088,1.7218793938103756,0.0851117106773527,0.1854276515059124,0.036067349682747565,5.1411499080734995,2.7645022659158617e-07,0.1586443640990001,0.0637121914148313,2.4900158129244625,0.012784339608242686
3.51,0.15231193735695214,0.1510294202249438,15226,0.42545209277451174,0.07310023299662188,5.820119517186392,5.998999822218148e-09,-1.1417992953546836,0.08840207921707507,-12.91597783069046,5.792792392101068e-38,-0.536016661337863,0.19578880271330606,-2.7377288890353615,0.006193701492752826,-0.19774228150413606,0.18701121211776503,-1.0573819572893493,0.2903541044817727,-0.059753159126114445,0.0725333473998239,-0.8238025855437016,0.41006466203374614,-1.2240307846758005,0.0784703400396189,-15.598642545168014,1.96402865390131e-54,0.03144295751592922,0.07415915598069134,0.4239929257570832,0.6715769717119024,0.4647360965557277,0.06390645847508158,7.272130354977152,3.7111600554100954e-13,0.5869396569521875,0.04091792694020251,14.344315581039615,2.3210007892619694e-46,0.3288410377805705,0.03785740590336806,8.68630667985929,4.12045845330723e-18,-0.0061290722632915615,0.10016891603249539,-0.061187367359583425,0.9512107946233626,-0.016347052788619865,0.05970832158638005,-0.27378181724586875,0.7842560172453692,0.007244958268834187,0.048800014887135056,0.14846221431674492,0.881979973183114,-0.06414968314807007,0.0793963298330045,-0.8079678655549578,0.41912172371416634,-0.25582632884036954,0.03911931371439159,-6.539642558868656,6.3633895338842e-11,-0.29709894603316156,0.03874088606133661,-7.668873281906326,1.8399479646993894e-14,-0.06962925475118498,0.1460521335468055,-0.47674246900933365,0.6335523697594204,0.059513141923679375,0.06873600003325041,0.8658220131356268,0.38660143914794154,0.2776734216294855,0.04631987026149663,5.994693423403247,2.0848193270353565e-09,0.25345225394011783,0.08020506145594908,3.16005311060476,0.0015804964991797303,0.040040919492299126,0.04209116220381932,0.9512904228780322,0.3414720911312301,0.12569384805298778,0.06813906556252063,1.8446664481722028,0.06510551562212723,0.19559389187785609,0.03614286036224712,5.41168822604209,6.33791780695214e-08,0.1571177830065821,0.06384557939338967,2.4609030805169496,0.013869811608385728
3.564,0.15180243427604923,0.15051914628686025,15226,0.4546255712501837,0.07337150230035978,6.196214565555576,5.932797277596134e-10,-1.1591115243210042,0.08873013248715572,-13.06333589086879,8.627826306808318e-39,-0.5180853430933614,0.19651535979820853,-2.636360555354841,0.00838857899539918,-0.2357650578553476,0.1877051962437077,-1.2560390579131395,0.2091211121743459,-0.06024576155462954,0.07280251303501194,-0.8275231038474777,0.40795362215282494,-1.237731585962667,0.07876153739473003,-15.714924148312576,3.2499163187909045e-55,0.02552076181634725,0.07443435486561968,0.3428626722488728,0.7317065153424782,0.47898493625571825,0.0641436103935398,7.467383474628348,8.624272614612446e-14,0.5867213236625244,0.04106977019837626,14.285965585600504,5.313017403910813e-46,0.3218763937750079,0.037997891804982135,8.470901370712484,2.655683469800057e-17,0.0012312475091387845,0.1005406351227693,0.012246267468226343,0.9902292971833133,-0.021595959753151584,0.05992989454394975,-0.3603537085705053,0.7185876460825311,0.02269869040699161,0.04898110796328769,0.46341725107575615,0.6430719500574167,-0.048864838377278834,0.07969096346452985,-0.6131791642728525,0.5397670535083154,-0.26061948446590666,0.03926448245816971,-6.637537747850282,3.297640073514103e-11,-0.31253930806634633,0.03888465048939985,-8.037601061929209,9.83108582755614e-16,-0.07267473816494197,0.1465941217040595,-0.49575479098442904,0.6200745915067616,0.06195053153948334,0.06899107400642927,0.8979499512315199,0.36922645344562866,0.28757616836793354,0.04649175971300695,6.185529869016308,6.347864538600719e-10,0.2549179770808108,0.08050269622789866,3.166576885315148,0.00154549283860181,0.0386158729987371,0.042247359247200515,0.9140422901413879,0.3607091211377482,0.12332382213193782,0.06839192435810545,1.8031927495738336,0.07137774176558451,0.20356787976878435,0.03627698371813322,5.611488577729521,2.0409505191179078e-08,0.15938813278255282,0.06408250539429021,2.4872331660858316,0.012884738659308972
3.618,0.1526998875955451,0.1514179574162725,15226,0.47585648119373347,0.0735299249017712,6.471602981091458,9.993726070384647e-11,-1.171335062522616,0.0889217172029034,-13.172654547930508,2.072708766881946e-39,-0.5242643600719858,0.19693967269273105,-2.662055607708625,0.0077746749440441645,-0.28395103541223815,0.18811048637073327,-1.50949073010539,0.1311942052675645,-0.07280180411766927,0.0729597070836915,-0.997835751096957,0.31837489328252455,-1.2353889077053517,0.07893159807570337,-15.651385982588229,8.698901894378303e-55,0.008512146242539504,0.07459507236168401,0.1141113745592637,0.9091510124696568,0.4746190511410635,0.06428210827492248,7.383377177226471,1.6232254210178956e-13,0.587221113414831,0.04115844740451497,14.267329076908144,6.917000806657211e-46,0.32488358616823465,0.03807993625928882,8.531621060394658,1.5777930804617105e-17,-0.004399406669371549,0.10075772089128064,-0.04366322134378751,0.9651734298192414,-0.018790149456278105,0.06005929423590505,-0.3128599777159028,0.7543913370159059,0.0382174485430751,0.04908686720632174,0.7785676845588794,0.4362465393392968,-0.04616527169743291,0.07986303094775174,-0.5780555928015718,0.5632351491118418,-0.2691405357320882,0.039349261715225556,-6.839786161170811,8.233726433388429e-12,-0.31068723887072675,0.03896860961920322,-7.97275658297093,1.6614790651930908e-15,-0.06310055734204494,0.14691064544125798,-0.4295165755518759,0.6675534211153825,0.07141487102058863,0.06914003845550819,1.0329018122624318,0.30166628206805635,0.2969392044830722,0.04659214399419255,6.373160344801562,1.905069018787569e-10,0.25645763254590037,0.08067651639182072,3.178838700723833,0.0014816265626112458,0.035322672388527675,0.04233857908521481,0.8342904545151072,0.4041304389254773,0.12657345201898507,0.06853959513262482,1.8467201589689015,0.06480713106828202,0.22053521190573938,0.036355312414586234,6.066106911441579,1.3415426819722015e-09,0.1626088947513903,0.06422087133871322,2.5320256695640224,0.011350551483913543
3.672,0.15259377865189716,0.15131168793416228,15226,0.48067430617367424,0.07360392233443205,6.530552869039343,6.760691616704516e-11,-1.1620543827937735,0.0890112042898221,-13.055147293705895,9.596092985749598e-39,-0.5154929329294193,0.1971378645199062,-2.614885446714205,0.008934547752594366,-0.27198238798985375,0.1882997928750798,-1.4444115090996936,0.1486438646269586,-0.08596114226814999,0.07303313067305452,-1.177015711581227,0.23920766336993046,-1.2211671985952082,0.07901103152570653,-15.45565441957174,1.762863079022837e-53,0.0123503182302882,0.07467014171407747,0.16539834995330951,0.8686326516524936,0.4728375260713282,0.06434679909277284,7.348268021686805,2.1100074252061618e-13,0.5947822053971952,0.04119986753984504,14.436507710175816,6.2305863739653e-47,0.3254330122928307,0.03811825831011154,8.537457552369434,1.5004871782348072e-17,0.014144564320514606,0.10085911923592296,0.14024080745171472,0.8884715887579744,-0.022822050448916834,0.060119735390806506,-0.37960996169665073,0.7042402676326776,0.04312499535820904,0.04913626617083156,0.8776612209050806,0.3801414651285647,-0.045932024472890035,0.07994340175273411,-0.5745567922535787,0.5655995828219369,-0.26993961417144735,0.03938886116195309,-6.853196721315475,7.499442986444573e-12,-0.31647731818319713,0.03900782599362542,-8.11317498788359,5.305881759620729e-16,-0.05892639188237639,0.14705849015356695,-0.4007003731701723,0.6886463671776414,0.05696917231368832,0.0692096180905563,0.8231395272135131,0.4104415651357153,0.30454368503160645,0.046639032373887494,6.5298028181672985,6.794538668886457e-11,0.2599999669919155,0.08075770585443735,3.2195065999095545,0.0012868107462499897,0.028557214037877164,0.042381186855574966,0.6738181763336024,0.5004371622229766,0.14310775545223955,0.06860857050669468,2.085858288481253,0.037008093356520916,0.23336242487743325,0.03639189887630038,6.412482780045497,1.4739501505221376e-10,0.16195293251381784,0.06428550053027919,2.5192762159102458,0.011769804746345864
3.726,0.15349686204329838,0.1522161376535468,15226,0.5015524188652205,0.07385726405863294,6.790833985768197,1.1562037797706678e-11,-1.1754682306665574,0.08931757725545726,-13.160547641194968,2.428720673212679e-39,-0.5436598287890935,0.19781640507751164,-2.748305068915128,0.005997489754854834,-0.30476015909750676,0.18894791314748718,-1.612932125159911,0.10678001173285681,-0.09370895851354914,0.07328450775543922,-1.2787007975310307,0.2010219588297369,-1.232716488847205,0.07928298430108531,-15.548310898159901,4.2617612392857855e-54,0.0025554750633559054,0.07492715332226618,0.0341061277527074,0.9727929698650273,0.48622762154011057,0.06456827817312541,7.530441190276127,5.3406992296013045e-14,0.6063390083986252,0.041341675817832824,14.666531929435708,2.2600654220537976e-48,0.3244421640366816,0.038249459813748,8.48226787035741,2.409710329480389e-17,0.02027579373479091,0.10120627224568395,0.2003412761372168,0.8412163630699665,-0.008011809683992396,0.06032666508883543,-0.13280710399281015,0.8943476937206705,0.04874428911801519,0.049305391211966615,0.9886198632612159,0.32286489869762913,-0.030001081220396637,0.08021856370873014,-0.37399175244933536,0.7084156680680465,-0.2792866713784743,0.039524436029223585,-7.066177267449819,1.661802417174226e-12,-0.3276542950650717,0.039142089353255236,-8.370894361514774,6.211784479567177e-17,-0.06798906815336374,0.14756465952976686,-0.46074086010850673,0.6449911269659909,0.04603140529358238,0.06944783479725135,0.662819876645085,0.50745597111669,0.3199556803361861,0.04679956203727928,6.836723815520281,8.411036052257866e-12,0.28052892002456586,0.08103567061222175,3.4617955019706677,0.0005380596160875731,0.029383957796562752,0.04252706118687604,0.6909472927706257,0.4896092143915637,0.1473061297048288,0.0688447184319119,2.13968671904027,0.03239596743555408,0.24118669165704337,0.03651715832057803,6.604749732706629,4.1140627633572495e-11,0.17295857164356487,0.0645067686234585,2.6812468727609904,0.007342755318050336
3.78,0.1540077527639495,0.15272780133082042,15226,0.511216662651012,0.07414398872761266,6.894917193207667,5.601930631049781e-12,-1.178155444890707,0.08966432111469787,-13.139623768339474,3.1930483800767277e-39,-0.549911486189357,0.19858435720771217,-2.7691581246460877,0.005626946717997522,-0.31071219855036614,0.18968143649880728,-1.6380738373009944,0.10142698745630654,-0.11948875344872158,0.07356900890093034,-1.624172395874298,0.10435975253755678,-1.238770962784858,0.07959077240722753,-15.564253560031625,3.335289977878062e-54,-0.02193898684949385,0.07521803145737913,-0.29167190930708103,0.7705414686331193,0.49745257790789343,0.06481894164437291,7.674493987222924,1.7613428369727218e-14,0.6134422500040622,0.04150217023182201,14.780967997035058,4.259485753733292e-49,0.32543449689443793,0.03839794979430081,8.475309193272093,2.5574878321352843e-17,0.016633492795376757,0.1015991697524922,0.16371681811867111,0.8699562536338463,0.00479856379747455,0.06056086199957551,0.079235394593759,0.9368464351840315,0.059240071360385976,0.04949680193038889,1.196846443608615,0.23138507595376775,-0.026512348019879395,0.08052998387055953,-0.32922331218263023,0.7419914391044491,-0.28219348271356437,0.03967787565336255,-7.112111676010294,1.19377109829302e-12,-0.3343873246201623,0.039294044651844114,-8.509872872159754,1.902048431307505e-17,-0.04474056378091246,0.1481375270560157,-0.3020204580841596,0.7626405990344776,0.043161099055103284,0.06971744141885315,0.6190861020816458,0.5358689153901655,0.3166321318020373,0.04698124476144413,6.739543266888626,1.6460043790873096e-11,0.26018504337705184,0.08135026290220143,3.1983307010309727,0.001385089668160722,0.035314256810216126,0.04269215743972136,0.8271837013642994,0.4081459318801198,0.16661537768818185,0.0691119836678367,2.4108030018203808,0.01592923079157712,0.24416131095907975,0.03665892325412926,6.660351403844831,2.82548223299161e-11,0.194639135742657,0.06475719330566485,3.0056759072915273,0.0026542364706110427
3.834,0.15492859094896883,0.15365003270609467,15226,0.5192487342049441,0.07425903961689233,6.9923976512999,2.8148685346611832e-12,-1.1829088444670801,0.08980345525163784,-13.17219745223006,2.0851553626144917e-39,-0.5492616185854108,0.1988925050061495,-2.761600385939271,0.005758786058907047,-0.29512010041733705,0.18997576943561767,-1.5534617982813463,0.12033366573605234,-0.12396667354355079,0.0736831675811245,-1.6824286687602645,0.09250628263019767,-1.2272660530143304,0.07971427519283499,-15.395812732982632,4.391199003652449e-53,-0.011999967282905498,0.07533474896283773,-0.15928860782193652,0.8734436118893333,0.5119840988783173,0.06491952264906836,7.8864427522968645,3.3195915335544705e-15,0.6250427832048693,0.04156657007966064,15.037150816317059,9.709796275402523e-51,0.33692561356818296,0.03845753275370403,8.76097839468737,2.137194981456206e-18,0.047324602249560366,0.10175682346158847,0.46507546756728924,0.6418840749719044,0.00923217363746725,0.06065483564663936,0.15220836952311104,0.879024612856472,0.07252634048396162,0.04957360722743748,1.4630030885430605,0.14348720776471963,-0.02729139261085508,0.08065494405164747,-0.33837222171252157,0.7350873775946449,-0.278722175586527,0.0397394447024114,-7.013741074484971,2.4181481645090346e-12,-0.3379079820163795,0.03935501810172416,-8.58614728985668,9.855103919965139e-18,-0.07519396726148449,0.1483673953773182,-0.5068092424906169,0.6122960213911912,0.03638840289068031,0.06982562353545076,0.5211325162346135,0.6022820516949455,0.32084221230665233,0.04705414661204631,6.81857467211006,9.54128769073224e-12,0.2649785326488948,0.0814764959286497,3.252208255015543,0.0011476171302296843,0.024649577128309806,0.04275840381738459,0.5764849696818629,0.5642959614197565,0.15784205122511613,0.06921922628207046,2.280320941206493,0.022602441041098768,0.2519252173708125,0.03671580772706903,6.861491901350125,7.077792030604642e-12,0.18360442462901433,0.06485767849407902,2.830881846099008,0.0046480785084207265
3.888,0.15476578332477975,0.1534869787606744,15226,0.5247099948143081,0.07445265142013684,7.047566269377915,1.8990266691653543e-12,-1.1791680097725925,0.0900375952162611,-13.096396088104656,5.612022957259808e-39,-0.5255179564584568,0.19941106728145935,-2.635350001495719,0.008413585722896775,-0.2940513088407516,0.19047108356145273,-1.5438107629911193,0.1226549982065952,-0.1235461178807649,0.07387527794260706,-1.6723607859282317,0.09447377811449942,-1.2210238390661048,0.07992211015331975,-15.277672683112794,2.6348188679545373e-52,-0.0161920764840158,0.0755311654081475,-0.21437609755547568,0.8302566550933146,0.5211163009606068,0.06508878400648295,8.00623807795676,1.267790080805198e-15,0.63825372003426,0.041674944475954094,15.315046679966763,1.4969177054004047e-52,0.33777877803601974,0.03855780111568653,8.760322639316708,2.149602284103487e-18,0.06309781752182167,0.10202212883295432,0.6184718770683048,0.5362735966010115,0.012329594753332559,0.06081297790333472,0.2027461107550278,0.8393361936926205,0.0743502829863446,0.04970285796294599,1.4958955286187674,0.13470164043958438,-0.033496834150198045,0.0808652315700289,-0.41423036204614033,0.6787112522823961,-0.28012066700430305,0.03984305532797919,-7.030602063481625,2.144013393816959e-12,-0.33575031218594165,0.039457626431440046,-8.509136066999053,1.9141152108885682e-17,-0.09554642947338762,0.1487542261134803,-0.6423106890455537,0.5206811612393458,0.008293268231676209,0.07000767631926155,0.11846226967819587,0.9057029541450443,0.32933296484609137,0.047176828486504827,6.980820360578049,3.056078683790449e-12,0.2505363978378887,0.08168892543730176,3.0669567079834037,0.002166300607418919,0.041644192744603445,0.042869885620942114,0.9714090005469967,0.33136010372939095,0.17657886572530124,0.06939969803727765,2.5443751301403776,0.010957148570078335,0.2654652208640422,0.03681153497830054,7.211468389474309,5.796134603612786e-13,0.18368064412071536,0.0650267786083853,2.824692350622294,0.004738765191013789
3.942,0.15288020714894213,0.1515985497857285,15226,0.5344624846510254,0.07469980196491774,7.154804572333835,8.761967062021986e-13,-1.182719870404911,0.09033648102199135,-13.0923836862429,5.913067602698403e-39,-0.5361346192827997,0.20007302562644613,-2.679694664506199,0.00737687168896666,-0.31057476268105955,0.19110336503389588,-1.6251663733182986,0.10414784305061403,-0.12299661728864761,0.07412051185759988,-1.659414030018416,0.09705301813454038,-1.2069557723667428,0.08018741693135466,-15.051685395976415,7.820396375904901e-51,-0.01708296399231512,0.07578189615208324,-0.22542275740939624,0.8216534395069983,0.5103678910208397,0.06530485056851243,7.81516053674151,5.847266388618129e-15,0.6418300310608627,0.04181328723520417,15.349906058581348,8.823618199825373e-53,0.3334622182933762,0.03868579630953826,8.619758415342705,7.362846073554996e-18,0.03439197090757776,0.10236079809777988,0.33598771743382577,0.7368847656893738,0.013334858585345322,0.061014850641670705,0.21855103216852173,0.8270027349609472,0.07070021842161273,0.049867849916736734,1.4177514879759072,0.15628382817776076,-0.03933709571846506,0.08113366910254316,-0.48484305164046904,0.6277946672483868,-0.2781141701138304,0.039975317008956505,-6.957147332978464,3.6141003635481254e-12,-0.33330508885453847,0.03958860865547477,-8.41921704688263,4.1250242299235415e-17,-0.07015546201882103,0.1492480256937658,-0.4700595648934703,0.6383192049031962,0.0003968943588005813,0.07024007147257197,0.005650540360790557,0.9954916192208236,0.33653828536016456,0.047333435116880936,7.10994848628981,1.212568699638179e-12,0.2594239370216317,0.08196009727657536,3.165246816950478,0.0015525709093643226,0.039071660891685324,0.043012195067064066,0.9083856527379105,0.3636889032203462,0.17592560181849018,0.06963007496610928,2.526574930504062,0.011528143317103227,0.26716843443709515,0.03693373332517697,7.233724034471541,4.923574205495873e-13,0.17084733678450945,0.06524263933935803,2.618645390721413,0.008836723743155585
3.996,0.154590068369303,0.15331099795570569,15226,0.5368996679503861,0.07472660510597366,7.1848529340919605,7.04048586796389e-13,-1.1931312008150998,0.0903688947818627,-13.202896900478246,1.3941661784163496e-39,-0.507532867013642,0.20014481411030144,-2.5358282165329373,0.011228102361639179,-0.308839650161204,0.19117193510121241,-1.6155072657380103,0.10622163974335568,-0.11888305266200624,0.07414710714275727,-1.6033404031949319,0.10888029560342702,-1.2153392298493118,0.08021618909125852,-15.150797409070037,1.7784314660332713e-51,-0.015239910321566217,0.07580908756087712,-0.2010301246447279,0.8406777082896758,0.5271610134396839,0.06532828269383784,8.069414833851265,7.588282128849208e-16,0.6594079530172738,0.04182829031963408,15.764640342178883,1.5001606087048115e-55,0.32834095878954506,0.03869967721454832,8.484333266379604,2.3674933671416028e-17,0.03025135480206606,0.10239752631978107,0.29543052346394555,0.7676690537233557,0.010824163109688607,0.06103674346608573,0.17733847671121103,0.8592448923210743,0.08066968275480059,0.049885743070136275,1.6170889274192828,0.10587983481915585,-0.029408105160394084,0.08116278078852007,-0.3623348642651936,0.7171068444898923,-0.27692349866118066,0.03998966060870326,-6.924877441968379,4.538424902365571e-12,-0.3332443567340458,0.039602813499853055,-8.414663688863476,4.2876707378387176e-17,-0.07235343475526534,0.1493015775878775,-0.4846126606577804,0.6279581132423442,-0.012263574217989827,0.07026527441145448,-0.17453250301390194,0.861449313215572,0.34243000675584556,0.04735041889333988,7.231826344075077,4.992643437475092e-13,0.2667248133517932,0.0819895054944083,3.2531579711745415,0.0011437909227749428,0.036291142334577677,0.04302762833330015,0.8434381289496047,0.3989967257914978,0.18523547667255266,0.06965505903128696,2.659325528521201,0.007837933725890143,0.26697036862527657,0.03694698557000222,7.225768611608563,5.219551025156429e-13,0.16236759534067,0.06526604914258476,2.487780361669364,0.012864940685239606
4.05,0.15369113038118576,0.15241069991142964,15226,0.5546710072321424,0.0751270554455374,7.383105912280104,1.6265255895998246e-13,-1.2093063932069212,0.09085317015540706,-13.310558026080615,3.373733132876732e-40,-0.5299796298296771,0.20121736462505757,-2.633866271021019,0.008450422302256058,-0.33352687914877244,0.1921964011025485,-1.7353440399272384,0.08270015035665793,-0.10518019537527942,0.07454445202669623,-1.4109728157584656,0.15827309318293242,-1.2060719749505115,0.08064605741077537,-14.9551263096138,3.2805542091146166e-50,-0.018931928133862904,0.07621533878576173,-0.24840049831805902,0.8038279033677025,0.5220853780993462,0.06567836862308302,7.949122200271224,2.009625496280235e-15,0.6487482575121213,0.04205244278900043,15.427124192695246,2.7250490776669467e-53,0.32734821660302305,0.03890706384558282,8.413593426176451,4.326809625290564e-17,0.027157777451403013,0.10294626159454823,0.2638053779783026,0.7919334660482702,0.012468144015469317,0.06136383158432951,0.2031839227368799,0.838993997915323,0.078766783459424,0.05015307440043685,1.570527518024656,0.11631324957962469,-0.0417313766303594,0.08159772177213104,-0.5114282080925986,0.6090586750314756,-0.27404667824476564,0.040203960096109166,-6.816410064820634,9.685644303669333e-12,-0.3328036150269197,0.039815039922975116,-8.35874121112903,6.882959616807514e-17,-0.08194356740663356,0.15010166568712513,-0.5459204401997666,0.5851286379666586,-0.008733410268883572,0.07064181704921653,-0.12362946812082933,0.9016102937142922,0.35482819996084675,0.04760416374495508,7.453721944615615,9.562940949807967e-14,0.28481923383394797,0.08242887679020498,3.4553331905620848,0.0005511134048550282,0.030806166363779287,0.043258207902012756,0.7121461534782145,0.47638520556343456,0.17775282950404736,0.0700283316027072,2.538298791873198,0.011149175328550892,0.2638594025716397,0.037144979750205934,7.103501047679986,1.2703352849471455e-12,0.16098583304852776,0.06561580157017151,2.45346134918987,0.01416001766295127
4.104,0.1530805357233418,0.15179918144901194,15226,0.5653211436692085,0.0756454995994207,7.47329512876319,8.246738072568219e-14,-1.2153005796785394,0.09148013862434941,-13.284857215499027,4.738598115529526e-40,-0.5173993710628227,0.2026059451534837,-2.5537225507912313,0.010667484065770439,-0.3667646032523597,0.19352272888097793,-1.8952016921895025,0.05808463901565292,-0.09344935278407235,0.0750588756937557,-1.2450140229298237,0.21314578700821946,-1.1953810401393028,0.08120258763481246,-14.720972261564107,1.0233109790326178e-48,-0.008640572083864245,0.0767412930720755,-0.11259351697070065,0.9103543117187384,0.5197829836182919,0.0661316083520634,7.859826738994983,4.103367297262771e-15,0.6526477739318577,0.04234264241137581,15.413487131745864,3.3548227219421192e-53,0.3255494849313075,0.03917555752839632,8.31001536341464,1.037048393473217e-16,0.04795310269855661,0.10365668325517786,0.46261467367721565,0.6436472101607802,0.01850380236069792,0.061787297132873974,0.299475834343512,0.7645811019788431,0.08973915535510948,0.05049917565607611,1.7770419851261865,0.07558132283585926,-0.04952599947091338,0.08216081933494745,-0.6027933980186987,0.5466551311487471,-0.28135758604123284,0.04048140352778865,-6.950292270575392,3.7935626654414124e-12,-0.33282952688168477,0.04008979945617232,-8.302100070257188,1.1082135415219296e-16,-0.12411286777127147,0.15113750198607404,-0.8211917369304367,0.4115499399502779,-0.023992568839392235,0.07112930902999048,-0.33730917910753455,0.7358884977229632,0.361086928179417,0.04793267522790501,7.533210413617864,5.2290126015055947e-14,0.29679444616935313,0.08299771006910313,3.5759353592074383,0.00035006070002896727,0.029568575742306945,0.04355672838656076,0.6788520818159107,0.4972419243306542,0.19802887607797381,0.0705115899829314,2.8084585261218797,0.004984277158213711,0.2617234151716237,0.03740131347024063,6.997706521185974,2.7106016554218514e-12,0.14867357618876853,0.06606860953029559,2.2502906788222123,0.024444735881146987
4.158,0.15319245707950124,0.1519112721375745,15226,0.570494257668569,0.07614746499950668,7.491966510930665,7.157890251993005e-14,-1.2202321502088234,0.09208717889280768,-13.250836488640957,7.422103573996235e-40,-0.5610123306017616,0.20395038963276307,-2.7507293887103184,0.005953309916164369,-0.3583583933100109,0.19480689931468365,-1.839556989874021,0.06585279074651727,-0.08424446353504539,0.07555694839824095,-1.1149796983728726,0.26487674743690615,-1.1936110199881047,0.08174142853884475,-14.602277465959418,5.737053945630574e-48,0.0014364197049328495,0.07725052989494045,0.01859430229004718,0.9851649921883999,0.5272939937342952,0.06657044185069268,7.920842630381439,2.5215272739335424e-15,0.6513453832860163,0.04262361803519054,15.28132554932944,2.4933101785081617e-52,0.3290829740128821,0.03943551713620468,8.344837291629172,7.738853220638233e-17,0.03145953828569593,0.10434452415460092,0.3014967823235673,0.7630398271278163,0.011907718886446875,0.06219730282375809,0.19145072769776716,0.8481750369002301,0.09654396611420624,0.05083427607905499,1.8991903408650055,0.05755836606991396,-0.04587295299151342,0.08270601883481533,-0.5546507211661731,0.5791417485590094,-0.28394568267620346,0.040750028416585406,-6.967987353860018,3.3471692884357252e-12,-0.33384097702495175,0.04035582575423301,-8.272435783077354,1.4204100623924063e-16,-0.11982671236888164,0.1521404142155415,-0.7876060610635636,0.43093944784513205,-0.026388827022406053,0.07160130607216948,-0.36855231377773784,0.7124665771755341,0.3725800329658119,0.04825074496933549,7.721746746140302,1.2187292699046814e-14,0.3247467056394375,0.08354846297524664,3.886926151300378,0.00010195271494828276,0.018663027455625085,0.04384576039384179,0.42565181417737114,0.670367604283209,0.1959527291350856,0.07097948798960611,2.7606951625768272,0.005774762424695274,0.2673586303919513,0.037649499619836435,7.101253219606875,1.2911031106962008e-12,0.150136105561737,0.06650702498384696,2.2574473237707093,0.023994265662837855
4.212,0.15418713741322976,0.1529074573816881,15226,0.5693696592875606,0.07664757158500302,7.428410940014234,1.1574782841622906e-13,-1.2288938678048122,0.09269197124675368,-13.2578242891544,6.769225262549739e-40,-0.5606503813466786,0.2052898555358046,-2.731018441624338,0.006321173750258479,-0.3501862220600254,0.19608631437135068,-1.7858779343306868,0.07413895044263318,-0.056941753719592564,0.07605317670307306,-0.7487097342679669,0.4540437588846531,-1.1905679298665404,0.08227827407559925,-14.47001584856554,3.8553741794020865e-47,0.008026567608962733,0.07775788097660538,0.10322513304313996,0.9177856547769316,0.5364687457445168,0.06700765031678078,8.00608204001101,1.2693921359896174e-15,0.6611877979814313,0.04290355318572007,15.411026567410266,3.483000767261722e-53,0.3321022152043151,0.039694514094572204,8.366451203133042,6.449324181774239e-17,0.03431698938254435,0.10502981792886557,0.32673568382063184,0.7438723066678248,0.023285061034641272,0.06260579023358155,0.37193142915000277,0.7099490880617018,0.09650802563811166,0.05116813560065875,1.8860961906313662,0.05930103907041232,-0.047575404158733285,0.08324919942105997,-0.5714818219224568,0.5676815279214085,-0.2828953619350504,0.041017658567772036,-6.896916396815589,5.5239324814365776e-12,-0.3401146790642737,0.040620866937455126,-8.372905472154399,6.107123976725165e-17,-0.16025167649029137,0.1531396125876715,-1.0464416997172972,0.2953737864013892,-0.05309356428064668,0.07207155527478001,-0.7366784867930511,0.4613292606256709,0.3943055865976369,0.04856763687525022,8.118689974775625,5.071275854677073e-16,0.36346078985689456,0.0840971764030973,4.321914306786503,1.556643851364139e-05,0.015399339360900426,0.044133722094460405,0.3489245554213821,0.7271507822286225,0.20735081099109462,0.07144565333574061,2.902217298184711,0.003710635905063032,0.2683280520089099,0.037896766717968246,7.080499874985001,1.499275675767879e-12,0.14722926390177044,0.06694381695290866,2.199295926094836,0.027871889426722862
4.266,0.15451252366008061,0.15323333592453148,15226,0.5603791176245245,0.07700416477733575,7.2772572658233425,3.5733348496611157e-13,-1.2298815657734983,0.09312320899175956,-13.207035916066102,1.3204259377841115e-39,-0.5284954780005529,0.206244940784107,-2.5624651736488953,0.01040274568563129,-0.32167315985027245,0.19699858130125458,-1.632870438586371,0.10251695859815875,-0.061376801172737555,0.076407004547932,-0.803287624424988,0.421821068476568,-1.1901379039562578,0.08266106340349996,-14.397805386881414,1.083243301562721e-46,-0.008181407921852544,0.07811963974381857,-0.10472920700456662,0.9165920672146224,0.5438689371104806,0.06731939498713446,8.07893382307462,7.021207430085504e-16,0.6697467927113687,0.04310315657401459,15.538230745614024,4.9755860040205207e-54,0.3359489227175212,0.03987918783186579,8.42416661377137,3.955125221313408e-17,0.013531966167071592,0.10551845595471411,0.1282426476452534,0.8979586471204155,0.04653534284599858,0.0628970558032043,0.7398652011884446,0.4593932166047606,0.07915058532257782,0.05140618891979513,1.539709264308039,0.12365205092976372,-0.04481114504505539,0.08363650585708682,-0.5357845188036198,0.5921153212255932,-0.29665073491835214,0.04120848806841022,-7.198777456379427,6.359902574303712e-13,-0.34587205001269966,0.04080985041490928,-8.475209943096003,2.5596589484318175e-17,-0.13339229926165921,0.15385207538585258,-0.8670165737258898,0.3859466133398032,-0.051157184145966664,0.07240685912642672,-0.7065240056421057,0.47987315776757444,0.39621572076011635,0.0487935917009448,8.120240936320421,5.007160739539564e-16,0.3651629772478926,0.08448842794544384,4.3220472451409195,1.555707150743069e-05,0.004078369130572468,0.04433904868897274,0.09198143061618666,0.9267140052464983,0.20954590897421743,0.07177804525729073,2.9193593698894045,0.0035126626761061708,0.26466729185043747,0.038073076661565904,6.951560395370264,3.7597177478972644e-12,0.15857372339922401,0.06725526464656065,2.3577890033227797,0.018396734680587005
4.32,0.1539327725382852,0.1526527076631622,15226,0.560699811039777,0.07725262718158532,7.258003144952341,4.1185238204023034e-13,-1.2262680499552012,0.09342368126445329,-13.125880219641731,3.8208195064006326e-39,-0.533735730641221,0.20691041276214486,-2.5795498811110114,0.009902219183761475,-0.31415857271547654,0.1976342188837853,-1.5895960451070013,0.11194668387084394,-0.0695830112389805,0.07665354014904374,-0.9077599169416646,0.36401946924136963,-1.1806647178314749,0.08292777841314194,-14.237264526121317,1.0579123569978386e-45,-0.020929528102663034,0.0783717013506938,-0.26705466057204275,0.7894306982428412,0.5334957302276165,0.06753660841681706,7.899356256314058,2.9944245126528436e-15,0.6723491249989831,0.04324223364788576,15.548436523279744,4.2535415132492735e-54,0.335808316558702,0.04000786241611557,8.393558072811084,5.1280757373659856e-17,0.011687589452985911,0.1058589228545892,0.11040722064629652,0.9120878843243168,0.061226042519048764,0.06310000006927448,0.9703017821209448,0.3319115265806274,0.07426685622879303,0.05157205664044703,1.4400600066538143,0.14987101532347447,-0.053533132519493334,0.08390636823905503,-0.6380103637303637,0.5234765437580658,-0.3005217222830798,0.04134145178602957,-7.269259043888596,3.790615649049795e-13,-0.34882729700040194,0.04094152788430946,-8.520133835407922,1.7416028318717083e-17,-0.13120470325584926,0.1543484960230959,-0.8500549512074059,0.39530792306867835,-0.07139411745939357,0.07264048781852062,-0.9828419329693809,0.32570088156374644,0.3972692783203464,0.04895102958941543,8.115647038530259,5.199427517424814e-16,0.3645892260592868,0.08476103914769884,4.30137749283581,1.707989716096945e-05,0.006598124765122178,0.044482113504638966,0.1483320877825212,0.8820826604314649,0.22793381656160155,0.07200964501229787,3.1653234302526396,0.00155216239630423,0.2750342105833933,0.038195923629543084,7.200616831547564,6.274975158101761e-13,0.16300994270847938,0.06747227115264827,2.4159545828787663,0.01570572795792917
4.374,0.1543068003554957,0.15302730136905818,15226,0.5761402101026364,0.07748354515120524,7.435645968164308,1.0960687636982998e-13,-1.2505340188381098,0.09370293658015015,-13.345729221286971,2.1171864570597388e-40,-0.5733939388840115,0.2075288944132083,-2.7629595411535015,0.005734873058704666,-0.3149884910358596,0.19822497280655857,-1.5890454496025928,0.11207092748553711,-0.06091865507763765,0.07688266737100591,-0.792358761223357,0.4281638822796906,-1.1880453096585843,0.08317566013464303,-14.283569348718139,5.496437501486407e-46,-0.021939363745391835,0.07860596437593721,-0.2791055859383095,0.7801675931573322,0.5355329550154047,0.0677384839653854,7.905889291662681,2.842080735002318e-15,0.6748497492261946,0.043371490207307725,15.55975471445729,3.5742489621478605e-54,0.3318643839181964,0.04012745102682064,8.270258275223682,1.4464766885193495e-16,-0.011801222466378877,0.10617534869567127,-0.11114842203348477,0.9115001186934404,0.05975087513994269,0.06328861402883296,0.9441014952977396,0.345132789351162,0.06999381219951059,0.051726212104707715,1.353159439895277,0.17602482137638162,-0.04791495488456161,0.08415717509053468,-0.5693507990615847,0.5691265112888917,-0.3034970273256782,0.041465026665691976,-7.319349623782845,2.6164552566065946e-13,-0.3510329295309126,0.04106390734034996,-8.548454160035151,1.3648535952796866e-17,-0.10951341214020376,0.15480986339163552,-0.7074059090353854,0.4793251098912735,-0.07178357683652947,0.07285761951450585,-0.9852583341984905,0.32451287378184746,0.4031438992680084,0.049097350469053905,8.211113133734381,2.366252999632274e-16,0.37099019022169394,0.08501440071968595,4.363851148524151,1.2863532366044303e-05,0.0058804788155531335,0.04461507622331454,0.13180474658653987,0.8951404763500543,0.23221263183737534,0.07222489103856188,3.215133017139393,0.0013065653187629826,0.2749911618295481,0.03831009612378796,7.178033720954234,7.399378904454363e-13,0.16179088316942805,0.06767395438891663,2.390740789870638,0.016826511866030257
4.428,0.1542700185157574,0.152990463879911,15226,0.5821814054874319,0.07761524039204096,7.500864553749828,6.689999692450681e-14,-1.2437443628127596,0.09386219917940082,-13.250748157259393,7.430745052885848e-40,-0.5956273548751954,0.20788162179134756,-2.865223725611643,0.004172859982142646,-0.3057755519731792,0.19856188673431538,-1.5399508788024383,0.12359314087387255,-0.04594121075025121,0.07701334132733766,-0.5965357424888579,0.550826266466536,-1.172964415654982,0.08331703000319676,-14.078327271267074,9.85703242140084e-45,-0.004777605449719148,0.0787395673414367,-0.060676043964048215,0.9516180082752973,0.5284942742280562,0.06785361597105524,7.788741493946312,7.203319365710763e-15,0.6803593410922044,0.04344520674721448,15.66017040846114,7.593588302001894e-55,0.336061138867367,0.04019565382157904,8.360633723214935,6.77392736271173e-17,-0.016686977761871558,0.10635581008382804,-0.15689766030383423,0.875327587399225,0.05155913881829862,0.06339618279392265,0.8132845945298971,0.4160676446217676,0.0697190469139321,0.05181412878362781,1.3455605362983905,0.17846435429536378,-0.05335081622698018,0.08430021319520548,-0.6328669193687695,0.5268300712566992,-0.31307929665691403,0.041535502876638986,-7.537631061955933,5.0554636087348196e-14,-0.3500696863968452,0.04113370178711011,-8.51053202574987,1.8913169991323557e-17,-0.12198299359992379,0.15507298664191171,-0.7866166522064993,0.4315185701146578,-0.0832089935085337,0.07298145228093332,-1.1401389107499627,0.2542463958864089,0.4135878165881784,0.049180798991986095,8.409538378088808,4.478323886250524e-17,0.3911917736668864,0.08515889581158495,4.593668928404177,4.390173011877724e-06,0.007515390845300569,0.04469090642954307,0.16816375960395594,0.8664566875978937,0.24035779813152358,0.07234764838531332,3.322261379546326,0.0008950163246054158,0.27498167180322597,0.03837521004346751,7.165606950209651,8.100156397313874e-13,0.14989167369575865,0.06778897671661423,2.2111511481043213,0.027040197557506165
4.482,0.15377429229513617,0.15249398764593136,15226,0.5840037497988719,0.0778759242152951,7.499156583802977,6.777415460241604e-14,-1.2488117441649664,0.09417745114302983,-13.260199007386198,6.560620004563888e-40,-0.6190294261306991,0.20857982713966722,-2.9678297974434056,0.0030037759136346794,-0.31600962839567615,0.19922879018684614,-1.5861644700010848,0.1127228040319956,-0.04639596139460049,0.07727200357147142,-0.6004239472280195,0.5482326827095598,-1.157442845225079,0.08359686424468989,-13.845529442793666,2.4805094227385634e-43,-0.008035500966000399,0.07900402740562336,-0.10171001694311659,0.9189881924262573,0.5244960634608653,0.0680815137388597,7.703942445708171,1.4004909954821993e-14,0.6800731584545342,0.04359112477233074,15.6011840026254,1.8885643149053976e-54,0.3232505106078832,0.04033065767730998,8.015007173804257,1.1808875161799774e-15,-0.014130778795476834,0.10671302393845118,-0.13241850220294607,0.8946550334321095,0.0506171324093295,0.06360910952360824,0.7957528848999714,0.4261881065303359,0.07448619519248584,0.05198815523927844,1.4327531886765148,0.15194894621992072,-0.06401698957047727,0.08458334962261153,-0.7568509624660656,0.4491508862832939,-0.3073341713804971,0.04167500684049936,-7.37454399363968,1.7341453009496645e-13,-0.34681030254154865,0.0412718562345137,-8.40307013503133,4.730906302962503e-17,-0.12562561730897995,0.15559382531788646,-0.8073946189851694,0.4194517984771843,-0.08240770012405269,0.07322657274839739,-1.1253797225660302,0.2604459267905655,0.4323428522607384,0.04934598096716476,8.76146028079618,2.1281224992416097e-18,0.4027832256182543,0.08544491626880615,4.713951902663408,2.4511306240837917e-06,0.0005123088976848114,0.04484100834630452,0.011425008414803685,0.990884510411564,0.24351867334117774,0.07259064011592276,3.354684198297377,0.0007964993560264284,0.27766763231044395,0.038504099632957686,7.2113783975557135,5.799954091615773e-13,0.14963779407813874,0.06801665738262407,2.200016875812631,0.027820689231683647
4.536,0.1545079371319752,0.15322874245719786,15226,0.5851741936987623,0.07810343274497347,7.49229800960858,7.139895591951295e-14,-1.2413584173464347,0.0944525833312421,-13.142662419227134,3.0687404479674145e-39,-0.6681766711941939,0.20918917708024606,-3.194126390859494,0.0014054076370615736,-0.31734395419221706,0.1998108217913726,-1.5882220559783478,0.1122569317766978,-0.053174983784191866,0.07749774779338582,-0.6861487630061189,0.4926297681535836,-1.1392681756374763,0.08384108606114565,-13.588423399079101,8.230090476555589e-42,-0.014270498200155031,0.07923483160210432,-0.18010384967835327,0.8570734410178292,0.5123999175545071,0.06828040865079917,7.50434755267842,6.515157128572579e-14,0.678662787321821,0.04371847289440968,15.523478804050407,6.240137622666936e-54,0.3265406424405626,0.04044848059526033,8.073001448633548,7.369505902407631e-16,-0.029219752827027202,0.10702477783952401,-0.273018579593224,0.7848426420452597,0.05310710214532415,0.06379493865023096,0.8324657609045586,0.4051591738334135,0.06772233381126497,0.052140034640754056,1.2988547912918218,0.19401346724771235,-0.08069860731508628,0.08483045338031092,-0.9512928918733843,0.34147083817051216,-0.31157700500450025,0.04179675717124864,-7.454573658140862,9.501593990315179e-14,-0.34194402200359203,0.04139242879174015,-8.261028211802515,1.5623060422615103e-16,-0.10341296487041245,0.15604838072485977,-0.6626980965137175,0.5075339761541606,-0.0745470240750877,0.07344049855495753,-1.0150669663455802,0.31009006162244945,0.44342084856173497,0.049490141459492785,8.959781392515735,3.625077174021952e-19,0.4288469675392801,0.08569453702727144,5.004367634342943,5.667204507461019e-07,-0.006274506385209731,0.04497200790722093,-0.13952026331922496,0.8890408929661355,0.23784462527803132,0.07280270809415346,3.266974972557811,0.0010894425670894467,0.2814798329975422,0.0386165864019091,7.289091533570316,3.2741061466232587e-13,0.15326827453013056,0.06821536282170146,2.2468292799488134,0.02466522875035398
4.59,0.15540100481975727,0.15412316131961612,15226,0.5934369476110435,0.07829192722970293,7.579797414744202,3.6603617521685047e-14,-1.2409009043768666,0.09468053478485518,-13.106188164194416,4.939796425732829e-39,-0.6477878780731106,0.20969403332995115,-3.089205104152028,0.002010548595372787,-0.3190670211277393,0.20029304435923223,-1.593001005843628,0.1111807557792889,-0.054940100040169276,0.07768478052068867,-0.7072183209108491,0.47944165558086427,-1.1237343079131068,0.08404342777342168,-13.37087667274421,1.516216466194878e-40,-0.012009246764118495,0.07942605659991242,-0.15120034001702834,0.8798196883153919,0.5170164562763843,0.06844519629192339,7.553728885096247,4.470040426436187e-14,0.6861316503556578,0.04382398286665761,15.656533374507228,8.033152185360722e-55,0.3310763443286251,0.04054609878232245,8.1654303193522,3.452600804097789e-16,-0.035143175191966886,0.10728307097265705,-0.32757428430552415,0.7432380789506747,0.04208513910743152,0.06394890107757378,0.6581057437778293,0.5104801508443012,0.07670091656676425,0.05226586917347525,1.4675144177204216,0.14225685788573678,-0.0859317230469825,0.08503518282736991,-1.0105431680135581,0.3122512121211219,-0.30902242796371704,0.0418976292831324,-7.375654261376709,1.7198044761425203e-13,-0.3433859977699592,0.041492325099272184,-8.275891913706772,1.3799852182517773e-16,-0.10109142386146679,0.15642498720787623,-0.6462613529072846,0.5181198677623724,-0.08409307450468542,0.07361773953460297,-1.1422936242854709,0.2533499812245076,0.4553660267034434,0.049609580751540996,9.178993650118654,4.9015616642608657e-20,0.4393443457527787,0.08590135185004406,5.11452190554267,3.1836144570211276e-07,-0.015711713878367464,0.04508054315541418,-0.3485253898605808,0.7274504756899438,0.24408832569921834,0.07297840983307606,3.3446648982558402,0.0008258127363628591,0.2889936234530529,0.03870978350349625,7.46564814620963,8.738285743300069e-14,0.14356003261907274,0.06837999348150478,2.0994449591151603,0.035794138764649944
4.644,0.15479936203992106,0.15352060827902891,15226,0.6139689158810541,0.07861056229239576,7.810259817216003,6.078237529759625e-15,-1.257231017224972,0.09506586874206446,-13.224841195488663,1.0449790335652392e-39,-0.661200645269088,0.21054745300961197,-3.1403877644575573,0.001690476363986024,-0.3539051514541327,0.2011082035845135,-1.7597748134894355,0.07846610548632012,-0.06147860352709576,0.0780009445977188,-0.7881776796956093,0.4306050727643713,-1.1125345524407324,0.08438547048235816,-13.18395863744484,1.7873457331633606e-39,-0.016334810511104796,0.07974930737964998,-0.2048269890714189,0.8377100420225673,0.5128704739887588,0.06872375680490597,7.462782854620466,8.92978996595577e-14,0.6886708258021508,0.04400233915474844,15.650777641166243,8.781128720779029e-55,0.3271069671834731,0.04071111462986381,8.03483201473247,1.0054709232518994e-15,-0.042462220947061174,0.10771969514650015,-0.39419180391582076,0.6934449656463217,0.04715104372440043,0.06420916242028167,0.7343351314220988,0.4627558375360431,0.07635772136887445,0.05247858252835186,1.4550263686642402,0.14568260937107944,-0.09615840819700457,0.08538126181367203,-1.1262237890891278,0.26008858473749663,-0.2998921283424092,0.04206814563399631,-7.128722310499443,1.0586502910446296e-12,-0.33560213885816137,0.04166119192982662,-8.055509775703099,8.498628909329751e-16,-0.10286459840779588,0.15706161077009195,-0.654931513203248,0.5125217588832347,-0.07225862929212974,0.07391735143434701,-0.9775597730434032,0.3283076569465956,0.464862743907752,0.04981148345635697,9.332441269592945,1.1748323714937658e-20,0.45231370534294324,0.08625095599954766,5.244158747009313,1.5910118976242962e-07,-0.013658599112500142,0.045264013433932285,-0.3017540442461282,0.7628436937124434,0.2317819985200786,0.07327541976775505,3.16316166123247,0.0015637273506813013,0.27874657566799416,0.038867325854667074,7.171745663961676,7.746198572241027e-13,0.14660253518664357,0.06865828862994312,2.1352488987426863,0.03275662263654711
4.6979999999999995,0.15319433973919783,0.1519131576456576,15226,0.6385559819846347,0.0792085419063592,8.061706056141512,8.080390963963305e-16,-1.2765657176880925,0.09578902158353673,-13.326847864030128,2.7192803148772266e-40,-0.7081932023666702,0.2121490582010794,-3.338186878470276,0.0008452948849689396,-0.36695087674603766,0.20263800571844356,-1.8108689702360152,0.0701808682428157,-0.06754276287118786,0.0785942869346663,-0.8593851475150436,0.39014161230730493,-1.0932556372204016,0.08502737901973094,-12.857689485720915,1.2232188076411875e-37,-0.014024401019275969,0.08035594926911205,-0.17452847171661495,0.8614524810525119,0.5116755741275965,0.0692465288646129,7.389187335700207,1.5540988504642067e-13,0.6972288054244233,0.04433705882872016,15.725644051354626,2.7514812625279243e-55,0.31552692664666265,0.041020798416628194,7.691876775337475,1.538572559720034e-14,-0.050031172014745384,0.1085391038854985,-0.460950664080707,0.6448405957951279,0.039745907011630534,0.0646975925884082,0.6143336316157113,0.5390040764255942,0.06624869226083031,0.052877779806765016,1.2528644830196647,0.2102743004486643,-0.10154743948341538,0.08603074519720445,-1.1803621978473242,0.23787465872618047,-0.2997217793500333,0.04238815216686916,-7.070885708112978,1.606552324186862e-12,-0.3291686763304205,0.0419781028224722,-7.841437659117033,4.7486165975265464e-15,-0.08076106391732996,0.1582563565986161,-0.5103179780775782,0.6098361189689372,-0.053944244512882426,0.07447963044605924,-0.7242818498132955,0.4689038635805659,0.46936246446748553,0.05019039248307767,9.351639651467899,9.809816377005016e-21,0.47272928232239586,0.08690705502579234,5.439481089102593,5.426187539279611e-08,-0.021232300819348668,0.04560833048866828,-0.4655355850972003,0.641554628731575,0.20629630506418423,0.07383281569456131,2.7941004704142753,0.005210945585414179,0.28188508480988345,0.039162984196658264,7.197742730594478,6.408172728351378e-13,0.14993611856729536,0.06918056268234862,2.167315684547785,0.03022626519587145
4.752,0.152164156537975,0.15088141581967307,15226,0.6635079806946846,0.07972021657540555,8.322957578358903,9.302752252547908e-17,-1.2941384922882977,0.09640780353226865,-13.423586523835041,7.515980653605813e-41,-0.7423479536114731,0.21351950760629457,-3.4767219254752,0.0005090017249166364,-0.4099010460990691,0.20394701522697326,-2.009840867947437,0.04446566909352065,-0.06652455714919966,0.07910199361362236,-0.8409972253561926,0.4003627166413102,-1.0846323669060483,0.08557664245739442,-12.674397309359833,1.2561245113618644e-36,-0.016811970713090315,0.08087503600847895,-0.2078758977161722,0.8353286535564329,0.5171254782582697,0.06969385050299498,7.419958497429369,1.233512679908711e-13,0.6897946088915363,0.04462346922533488,15.458112532853157,1.6978743540096033e-53,0.3104252003555834,0.04128578629481258,7.518936375315862,5.830361466867602e-14,-0.07061381292297675,0.10924024935191619,-0.6464083828250444,0.5180246712754263,0.04923830467546794,0.06511552881698952,0.7561683913195988,0.4495599586503509,0.05894529143260764,0.05321936191181775,1.107591096831967,0.2680559743645951,-0.110568420315304,0.08658649022188412,-1.276970807246771,0.20163205788198643,-0.298749866350968,0.04266197293429485,-7.002720357332812,2.6156121452837147e-12,-0.32158796512416377,0.0422492747359039,-7.611680132602958,2.8641095777049086e-14,-0.06390109228995071,0.1592786676642939,-0.4011905249272477,0.688285495021929,-0.03910588452377803,0.07496075709404418,-0.5216847593296932,0.6018974380457571,0.48270101218099776,0.050514614490515274,9.555670513364616,1.411738328461233e-21,0.4926159175175795,0.08746846087354403,5.631926212006522,1.8136328278743584e-08,-0.024198430880882624,0.045902953099398,-0.5271650132941006,0.5980866949576529,0.1868610017201194,0.07430976402142152,2.5146224615415598,0.011926227308740918,0.2762731291870979,0.039415970888439344,7.009167171577358,2.4982598458823743e-12,0.15107779851342135,0.0696274581896132,2.169802006874906,0.03003728574127616
4.806,0.15125120625718524,0.14996708428270267,15226,0.676007787912168,0.08014806209557636,8.434487001145834,3.622761820458544e-17,-1.2984370244108114,0.09692520863504797,-13.396277838305307,1.0815155718478742e-40,-0.7719705751171285,0.21466543230046572,-3.5961568979424996,0.0003239765096787995,-0.4563153626201307,0.2050415659013876,-2.2254773592569537,0.02606382028911193,-0.07256657322035673,0.07952652123105748,-0.9124826799542857,0.3615291530025606,-1.086640462818321,0.08603591846891935,-12.63007918269475,2.195336965975045e-36,-0.02322249403477324,0.0813090792579369,-0.28560763750754686,0.7751825443790596,0.5110079006532198,0.07006788613664076,7.29304006198636,3.1798539039386583e-13,0.6906772122587355,0.04486295617384914,15.3952675249995,4.427795352469022e-53,0.30486757854479507,0.04150736043838327,7.344904020031918,2.163567897291817e-13,-0.05830143836516312,0.10982652411778253,-0.5308502552865848,0.5955303064256336,0.048623482664534645,0.06546499333796897,0.7427402064109516,0.4576504591889753,0.06711187956688427,0.05350498162734854,1.2543108608896467,0.20974832326153167,-0.1166696511585853,0.08705118592317723,-1.3402419498517388,0.18018672732027638,-0.30386922494591967,0.04289093284917819,-7.084696106154798,1.4546868788661866e-12,-0.3202888427565408,0.042476019766245404,-7.540462701523321,4.947286285325723e-14,-0.07478664491648529,0.16013349053540948,-0.4670268827990614,0.640487338072192,-0.036350758240132175,0.0753630593642715,-0.4823418601470089,0.6295700598706755,0.49203033908045113,0.05078571826370284,9.688360348190864,3.9155984064721984e-22,0.4984629082840792,0.08793788996880475,5.668351929536914,1.4679567638292673e-08,-0.015239148733645874,0.04614930683110935,-0.33021403310381103,0.7412427944351071,0.1830347282616985,0.07470857251702366,2.4499829416495786,0.014297493781830406,0.2795302309269426,0.03962751003487217,7.0539438556940945,1.8142149778132142e-12,0.1567984761695351,0.07000113750644156,2.239941831732468,0.025109092511963964
4.86,0.14963742191196372,0.14835085834822048,15226,0.7003425209089379,0.08065682534200885,8.682991401400662,4.2417870949335014e-18,-1.2990866789314637,0.09754046972205355,-13.318437799543885,3.0396291174927132e-40,-0.7941472515714418,0.21602808386531308,-3.676129683521002,0.00023761414532198817,-0.5154227826318364,0.20634312716181075,-2.4978916900277985,0.01250391795955645,-0.05827749976078128,0.0800313390652148,-0.7281834896363903,0.4665124871388511,-1.0653947297729167,0.0865820566043349,-12.305029142950337,1.2438401890898848e-34,-0.02912844079955476,0.0818252124001004,-0.35598368699766453,0.7218577216614029,0.502067758856777,0.07051266252036704,7.120249624835235,1.1255816313983905e-12,0.687483791124565,0.04514773689880725,15.227425300751399,5.6230847126573034e-52,0.30296770062350753,0.04177084053877912,7.253090833598118,4.2702161616225336e-13,-0.06173397964666369,0.11052368007506479,-0.5585588500558033,0.5764710570723927,0.05365670549767981,0.06588055151451713,0.8144544067129776,0.41539743916446037,0.07189203725872347,0.0538446201343979,1.3351758649105265,0.18183878668265963,-0.1342871240978686,0.08760376876545807,-1.5328920888939845,0.12532325464392055,-0.3052561174886749,0.04316319557978351,-7.072138969053737,1.5921525374435581e-12,-0.3162493020565987,0.04274564871480359,-7.398397534368822,1.4504041675110482e-13,-0.08409774004189036,0.16114998466361696,-0.5218600561299167,0.6017753744992964,-0.04418711307269571,0.07584144840750912,-0.5826248575221133,0.5601545092454477,0.5016425962220943,0.05110809545188034,9.815325571942012,1.1295760539688615e-22,0.521787761513827,0.0884961014241435,5.896166645952077,3.7992890150064585e-09,-0.013627028462533025,0.04644225304278451,-0.2934187635121674,0.7692060903928255,0.17657643518855973,0.07518280701373267,2.3486278605733197,0.018855464483274832,0.2833858665645659,0.03987905723546869,7.106132546998144,1.2464389781098298e-12,0.15867635567434413,0.0704454901837312,2.252470034071665,0.02430678794538614
4.914,0.14841641658219873,0.14712800568767104,15226,0.7151751276627915,0.08107824484190362,8.820801795319179,1.2581572209104828e-18,-1.3005994678182287,0.09805010366556012,-13.26464143530591,6.187395458277601e-40,-0.7872924962708497,0.21715679735830906,-3.625456379207029,0.0002893939283033484,-0.5828003155207945,0.20742123824647757,-2.8097427266741892,0.004964444591509988,-0.07204870928664078,0.08044949049557126,-0.8955769494973627,0.37049293130328365,-1.0804916825341504,0.08703443452572399,-12.414530966071815,3.229012820880235e-35,-0.042687489692047303,0.08225273654256716,-0.5189795681746809,0.6037825440918297,0.510755094813973,0.07088108033063394,7.205802908639231,6.041474305624776e-13,0.6868635838866026,0.045383626876184864,15.134611999179718,2.2664723242867482e-51,0.30144340452491936,0.041989086752356145,7.179089326299872,7.34267049771988e-13,-0.07047945243025541,0.11110114929464124,-0.6343719473445164,0.5258476584787277,0.060724783728813306,0.06622476725762771,0.9169497492166584,0.35918351899488954,0.06631515239142412,0.05412594998829241,1.2252007106714664,0.2205185891238563,-0.11767765736386082,0.08806148497565472,-1.336312434390514,0.18146717499007967,-0.3089894483599094,0.04338871663417614,-7.121424009036639,1.1160622906287542e-12,-0.31793271707050313,0.04296898815108423,-7.39912040638734,1.4425595739686658e-13,-0.0609587096262017,0.16199196853363698,-0.3763069871797,0.7066939369303915,-0.028180300402102808,0.07623770830397371,-0.3696372966740132,0.7116579063054856,0.5027001674376853,0.05137512738544056,9.784893839117718,1.5238325773018293e-22,0.5088204629462285,0.08895847993515807,5.719752218305756,1.0868643646888889e-08,-0.00880142292855876,0.04668490666779749,-0.18852823228689977,0.850465102666735,0.1774989961718761,0.07557562561027506,2.3486275467595177,0.018855480366838467,0.2831734675719726,0.04008741917241804,7.063898684872405,1.6892051038625783e-12,0.16941401346677315,0.07081355702887653,2.3923951934470553,0.01675087531674999
4.968,0.14650335824706706,0.14521205297405582,15226,0.7330355485994497,0.08155182395264371,8.988585577498743,2.7944244123401947e-19,-1.3090203546629713,0.09862281563031036,-13.272997189310239,5.541676262350531e-40,-0.7917327952865003,0.21842521311132201,-3.6247317056890673,0.00029020586460176993,-0.6154591014859243,0.2086327884687217,-2.9499634549446387,0.003182958751465004,-0.05457794273907028,0.08091939704377879,-0.6744729290251962,0.5000209471526622,-1.0524248021867812,0.08754280381993884,-12.021831107345454,3.856759274774643e-33,-0.0450304573040118,0.08273317587501353,-0.5442853707446226,0.5862530952425313,0.49836282829221523,0.07129509766730337,6.990141602972645,2.8603594180921148e-12,0.6709153890182947,0.045648713246765435,14.69735598879853,1.4435610152782394e-48,0.30756153933791053,0.042234345568746945,7.282261278022583,3.4436660601275384e-13,-0.05256967175534747,0.11175009259117846,-0.4704217288451474,0.6380604918329724,0.06876694037299694,0.06661158700746307,1.0323570336988426,0.3019213152022212,0.0654345801303799,0.054442100384904955,1.2019113823265128,0.22941658637335602,-0.13779133082507183,0.08857585328526157,-1.5556308600416202,0.11981671278184698,-0.30255415792893947,0.04364215070739558,-6.932613380065818,4.2976901787761305e-12,-0.3206362810819311,0.04321997058462938,-7.418706601247924,1.2451837975769532e-13,-0.08915961946404063,0.16293816578488216,-0.5471991109913004,0.5842499794110478,-0.025482582694966005,0.07668301377616121,-0.33231065708176283,0.7396592752875799,0.51574637606495,0.051675210190498776,9.98053755686082,2.1888617874286539e-23,0.5304827619706127,0.08947808760430075,5.9286332125980215,3.120824036076222e-09,-0.016111613390681775,0.046957593831016546,-0.3431098588369256,0.7315205589424514,0.16571577213393554,0.07601706384860804,2.1799812271619325,0.029274141129530327,0.28178716850645724,0.0403215703230819,6.988496882651156,2.8939771539325484e-12,0.1666304767375706,0.07122717996103876,2.339422630921474,0.019326448232721012
5.022,0.14541308858889368,0.14412013378278554,15226,0.7660841026884856,0.08183032799893256,9.361860344718144,8.910552391190867e-21,-1.3245102639280522,0.09895961806927717,-13.384351008719761,1.2675378786914936e-40,-0.8232431934375639,0.21917114744748517,-3.756165914287684,0.00017318023220006575,-0.6805410763011904,0.20934528112628395,-3.250806861467614,0.0011532846657828421,-0.08107340279976691,0.08119574131675342,-0.9984932889951795,0.31805610985705335,-1.0421965528695059,0.08784176739801262,-11.864476134084308,2.514215960522597e-32,-0.05948009597393347,0.08301571430428151,-0.7164920096443211,0.4736986061732257,0.49059368906891,0.07153857441887712,6.857750424216665,7.265016946707448e-12,0.6605195165001932,0.04580460615916046,14.420373230697367,7.847645714266935e-47,0.3059595908746019,0.04237857822429231,7.219675687449545,5.457983862141016e-13,-0.06235326617281964,0.11213172541618885,-0.5560715840355515,0.5781701038812086,0.07763844099936616,0.06683906930782307,1.161572741861609,0.2454272969610175,0.0651413918354685,0.05462802320686986,1.1924537629484737,0.23310198281697925,-0.13897952416336018,0.08887834478511764,-1.5637051353664702,0.11790764627202471,-0.301260699051636,0.043791191096336675,-6.879481729302352,6.241597287517984e-12,-0.319925311145836,0.043367569204806104,-7.377063483428558,1.7017699213563614e-13,-0.061133192934489045,0.1634946087467505,-0.373915650204607,0.7084722870896946,-0.019636297047550037,0.07694489056300888,-0.2551994928301341,0.7985724751150152,0.5229114131370443,0.05185168392748396,10.0847527703893,7.668855036889644e-24,0.5466576502147475,0.08978366028488798,6.088609536302886,1.1663498916010854e-09,-0.019873172647775085,0.04711795664391354,-0.4217749253848893,0.6731952735112952,0.1650892801308666,0.07627666637915512,2.1643483907679295,0.030453138675460477,0.2747019289635982,0.04045927074403411,6.789591703258867,1.1661725945212351e-11,0.18732567000175418,0.07147042476984174,2.6210235996918225,0.008775344058150267
5.076,0.14455049541106935,0.14325623553700373,15226,0.7825226431196854,0.08217801874595414,9.522286556199207,1.9440663233305175e-21,-1.3260939411046149,0.09938008984756365,-13.343658102328881,2.176152055070349e-40,-0.8154747023042337,0.22010238873473242,-3.70497888274645,0.00021215761500894978,-0.7011099292726117,0.2102347730660106,-3.3348904134544557,0.0008553716145347503,-0.09431602935032952,0.08154073575394742,-1.1566737591739678,0.2474238500852809,-1.0630489682490478,0.08821500028700592,-12.050659919406417,2.7285533101206217e-33,-0.07288999064533619,0.08336844166621218,-0.8743115402968755,0.3819624281059203,0.519627997015074,0.07184253629937798,7.232873778978388,4.95440370371531e-13,0.6477407354154548,0.04599922639498202,14.081557151711488,9.422211697238282e-45,0.3105041243409889,0.04255864153188053,7.295912490730968,3.1129680828351097e-13,-0.04528383691917805,0.11260816446181118,-0.4021363560591129,0.6875893314996837,0.07953614121527122,0.06712306335387122,1.184930145335569,0.23606359075524924,0.06799120180553743,0.054860133460630005,1.239355384622439,0.2152330490789993,-0.1117955588207078,0.08925598201141328,-1.2525273522441593,0.21039703556044842,-0.3030566614789443,0.04397725648697581,-6.89121345185998,5.749293473671779e-12,-0.3289768721207054,0.04355183465872834,-7.553685733300658,4.4715168735928525e-14,-0.06472882390124068,0.1641892847188412,-0.39423293677223054,0.6934146005737392,-0.016947871870758843,0.07727182346348185,-0.21932796601814752,0.8263975230889321,0.5344801559040449,0.05207199772995715,10.26425294216352,1.2287507262426672e-24,0.5543687542888687,0.09016514412685903,6.148370965934379,8.023963212758479e-10,-0.019486308044889364,0.04731815720456468,-0.41181460133045,0.6804811244403182,0.16843758820662916,0.07660076004665245,2.1989023098993403,0.027899877418850815,0.27191265585379154,0.040631179062293875,6.692216719502711,2.2750307246903834e-11,0.19651266000709733,0.07177409708774446,2.7379328752385264,0.006189863065126199
5.13,0.1434750725543592,0.14217918560979603,15226,0.7863756291877628,0.08245619833288265,9.536889222240127,1.690390489572716e-21,-1.3274028676905698,0.09971649990909331,-13.311767550011266,3.3201713357939083e-40,-0.7733042617601704,0.22084745405164505,-3.501531249616913,0.0004639195585109487,-0.6939919420726034,0.2109464356641356,-3.289896508028998,0.0010045223194577678,-0.10230326094355877,0.08181675808371423,-1.2503949476815361,0.21117455539546573,-1.0690710895047282,0.08851361557020712,-12.078041130934977,1.9627564809557464e-33,-0.09585983401490263,0.08365065093603255,-1.1459544300283617,0.2518320461965479,0.5325415721883036,0.07208572939865966,7.387614395120561,1.5725220907915951e-13,0.6447672438771261,0.04615493769093263,13.969626569418896,4.4732771248652516e-44,0.3139606054039129,0.04270270615527058,7.352241430843425,2.0484205452743678e-13,-0.054749381205250344,0.11298935268163919,-0.48455345486855894,0.6280001184811348,0.08075121681416816,0.0673502806355981,1.198973724416628,0.23055685125469844,0.07941634220670009,0.05504583968107441,1.4427310522797716,0.14911685126272511,-0.10101032399071012,0.08955812110634072,-1.1278745326822024,0.25939071098837535,-0.3027244623088166,0.044126123242715136,-6.860436405067467,7.130125241602776e-12,-0.32667717012946074,0.043699261325375015,-7.475576479361858,8.105430912719373e-14,-0.05342777847926767,0.16474507942037045,-0.32430576176991066,0.7457110198880261,-0.009280004245561205,0.07753339516185456,-0.11969041502940463,0.9047299750904176,0.539759797735593,0.05224826587367867,10.330673922089154,6.1907981501281045e-25,0.5623184426504818,0.09047036081291832,6.215499060662395,5.249671323869739e-10,-0.03160059136150183,0.04747833319354874,-0.665579207102318,0.5056901986332571,0.14981436646464555,0.07686006013825068,1.949183570701995,0.05129187209602698,0.268081218547347,0.04076871906119441,6.575659591976716,5.001777373603382e-11,0.2017538530703104,0.07201705851447048,2.8014731125094725,0.005093416775862056
5.184,0.14336296386643166,0.1420669073060401,15226,0.8072647409887324,0.08274729753343583,9.755783754297711,2.027433349558229e-22,-1.3460518166929893,0.1000685340071039,-13.451299452407614,5.191361104375146e-41,-0.7618452303911503,0.22162712275598068,-3.4375090057455147,0.0005886631550539952,-0.7060470873755518,0.21169115031291763,-3.3352697376904374,0.0008542064388339918,-0.08847005794097151,0.082105599836688,-1.0775155180273055,0.28126711973790414,-1.0663152252404622,0.08882609957082208,-12.004526038996868,4.7453671982445026e-33,-0.09540865338615483,0.08394596697176496,-1.1365483873483204,0.255745042150307,0.5309637179539087,0.072340217219145,7.339813707573274,2.2471634016830962e-13,0.6462862394722164,0.04631788075325005,13.953277416019677,5.610467076838027e-44,0.31287408754821366,0.042853461633628596,7.301022499024689,2.9973784040498274e-13,-0.06161400219294743,0.11338824458912033,-0.5433896822039639,0.5868694957974081,0.08396535606542915,0.06758805066679582,1.2423106634539922,0.214141125981085,0.08709878429759682,0.055240170735002585,1.576729092953495,0.11487868091924888,-0.11198768923521257,0.0898742925765782,-1.2460480747572222,0.21276594812901448,-0.3053782983020793,0.04428190388091057,-6.896232355396183,5.550499527836501e-12,-0.32730434614604187,0.04385353499180365,-7.4635795314383655,8.876133150946174e-14,-0.061748815062642334,0.16532668713311915,-0.37349575034382015,0.7087847157650284,-0.0065461078674532505,0.0778071151465751,-0.08413250966986142,0.9329521850971818,0.5442949025583136,0.052432720514246946,10.380825126371585,3.6789458346081874e-25,0.5532651480726556,0.0907897528081699,6.093916229088674,1.1284058977183101e-09,-0.021706575631291462,0.04764594830454917,-0.4555807241477225,0.6486980138835156,0.1546444736523009,0.077131403014991,2.004948277969801,0.0449862734171678,0.2582809727633317,0.04091264688913501,6.312986140036864,2.812967527911089e-10,0.19951958081517945,0.07227130390273251,2.760702658467406,0.005774629965119716
5.2379999999999995,0.14197487890350258,0.14067672222772176,15226,0.8019133195337456,0.08314235462910745,9.645063855973623,5.961406129159783e-22,-1.3359292687464706,0.1005462871856532,-13.286709098265861,4.6241092972334215e-40,-0.7620519933605386,0.2226852282174026,-3.4221039242736135,0.000623021769663217,-0.6659996158233376,0.2127018188605909,-3.131142081393518,0.0017445794320474794,-0.09123132043193524,0.08249759330084616,-1.1058664475124695,0.2688018294640804,-1.058842036330472,0.08925017844665614,-11.863752597013914,2.535842610511525e-32,-0.10844714806636732,0.08434674682674223,-1.2857300624661914,0.19855687000875535,0.5323858239225889,0.07268558820969974,7.324503206696801,2.5181930663302257e-13,0.650792350803016,0.04653901434907111,13.983801760855416,3.6748822230413287e-44,0.3140622583102335,0.04305805519253746,7.293925768497428,3.1590806960745026e-13,-0.07777510889581715,0.11392958952636835,-0.682659432190937,0.49483247199511393,0.08906906011680472,0.06791073357964553,1.3115608597033452,0.18968815383277765,0.07871470880846071,0.05550390166115345,1.4181833430198698,0.1561577418579951,-0.11480124096152054,0.09030337579813595,-1.2712840461041799,0.20364706656605253,-0.3126049315680749,0.04449331719420861,-7.025885038051614,2.2174740457358187e-12,-0.32360329506098295,0.04406290316073745,-7.344121059851814,2.1762242741089375e-13,-0.044758631545721766,0.16611599968836518,-0.2694420262328089,0.7875932061711258,0.0023279782616145855,0.07817858652810236,0.029777697001182823,0.9762447369868011,0.5474385436864162,0.052683047943685356,10.391170690647801,3.3034351292850407e-25,0.5600535143174623,0.09122320667470428,6.139375436719462,8.490556710882679e-10,-0.026187927510989764,0.04787342243988404,-0.547024344120679,0.5843700369508722,0.13798935839591192,0.07749964837125616,1.7805159287289205,0.07501153032884357,0.24951397940660128,0.04110797449424174,6.069722054574893,1.311761854789802e-09,0.21601774677627306,0.07261634588321142,2.974781285796087,0.0029365820626172565
5.292,0.14147312083159647,0.14017420501651467,15226,0.8127711271026123,0.08335199505065476,9.751069864718586,2.1232160188527883e-22,-1.3388270087388645,0.10079981098979186,-13.282038880751962,4.918267751854453e-40,-0.7347951404696363,0.2232467209165703,-3.2914039563619713,0.0009991581120282853,-0.6781050377863521,0.21323813875637362,-3.180036375017758,0.0014755206018116386,-0.09786476213085082,0.0827056079801679,-1.183290523108396,0.23671253121079952,-1.0717113809617782,0.08947521952368837,-11.977745197686215,6.536978021470274e-33,-0.11816185521287678,0.08455942407938659,-1.397382450262946,0.16231898690869576,0.5487434253274932,0.07286886227525478,7.530561177896126,5.3358117086095393e-14,0.6505351460661226,0.04665636078014175,13.943118048397134,6.457615332069023e-44,0.31919917483278537,0.04316662451177118,7.394582700014971,1.4925022041424326e-13,-0.07657469402658264,0.1142168588403247,-0.6704324983550296,0.5025923080257098,0.08657100494944815,0.06808196802301357,1.2715702477957862,0.20354530674994992,0.08417034614969696,0.055643852729338514,1.5126620825325723,0.13038630321174458,-0.09934687092273828,0.09053107247396282,-1.0973787033320623,0.27249326073599023,-0.30719693948740595,0.04460550547434864,-6.886973619524751,5.922653885041295e-12,-0.32826397713068733,0.04417400616755537,-7.431157044836665,1.1337816580736801e-13,-0.0398735782761672,0.16653485513641897,-0.23943082812006108,0.8107747555484591,0.020032834982496563,0.07837571098902046,0.25560004151417437,0.7982631444193288,0.5470967588740259,0.05281588633187607,10.358564380350758,4.636387453844035e-25,0.5476249807621654,0.09145322267061268,5.9880337157122145,2.171771401585753e-09,-0.022148553687817325,0.04799413353239495,-0.461484603589469,0.6444575679685918,0.12976690119272347,0.07769506091431914,1.670207857045486,0.09489883278604366,0.24161674744508116,0.04121162675596048,5.862829654258573,4.64477353392157e-09,0.22646217882402786,0.07279944535676003,3.1107679147036107,0.0018694684517083112
5.346,0.14121571108924857,0.13991640582382647,15226,0.8221095519419412,0.08369074336033043,9.82318377078274,1.045387467418879e-22,-1.3380644064692684,0.10120946843791495,-13.220743346657125,1.1028179230325532e-39,-0.7537326888082301,0.22415401112966202,-3.362566143740488,0.0007741211401760504,-0.697261044427602,0.21410475339491,-3.256635050701206,0.0011298828977820156,-0.11075280361402791,0.08304172932779677,-1.3337005925881573,0.18232198203829264,-1.0603685790794088,0.08983885304383495,-11.80300664081302,5.19559318743274e-32,-0.12247905666614477,0.08490307946467922,-1.4425749623969486,0.14916084305801022,0.5457855940134729,0.07316500640364344,7.459653471530266,9.143659738813734e-14,0.6495658614453128,0.04684597547790978,13.86599072425369,1.8720792362406646e-43,0.32135194568747516,0.043342056678438344,7.414321569270159,1.2869266135229193e-13,-0.0760841067850414,0.11468104410481793,-0.6634410017709718,0.5070582136366384,0.0743055250612566,0.06835865787996509,1.0869950839546023,0.27705621662755403,0.09054896033016516,0.05586999321997045,1.6207082748991435,0.10510095829076856,-0.10945855028361937,0.0908989970539929,-1.2041777558733933,0.22853962995046667,-0.2951690389642162,0.04478678535340231,-6.590538629533346,4.5265577792296146e-11,-0.3222862923256794,0.044353532403391335,-7.266304956153547,3.8741052095513337e-13,-0.032424837412485995,0.16721166437950025,-0.1939149253301805,0.8462450877130673,0.032207454494795784,0.07869423533389097,0.4092733649185751,0.6823448257464746,0.5591882075930718,0.0530305337702256,10.544646033848375,6.607328509303002e-26,0.5487520859046351,0.09182489493322901,5.9760709370118335,2.3369190772039966e-09,-0.02100354496332485,0.048189185031745,-0.435855990290946,0.6629474063736804,0.12425564396091236,0.07801081904990882,1.5928001458543537,0.11122582306420735,0.24000450509913682,0.041379113675668676,5.8001364403380595,6.7577682785767085e-09,0.23486535827506644,0.0730953073699601,3.213138664105116,0.0013156659952198355
5.4,0.14034917711532402,0.1390485608196822,15226,0.8229638431740056,0.08418685309222435,9.775443705829836,1.6719917595238068e-22,-1.3251339842080503,0.10180942728922635,-13.015827900136694,1.5977575335272576e-38,-0.7291551478955729,0.2254827720164627,-3.2337510372736444,0.0012243670021852935,-0.684588565551846,0.2153739433619131,-3.1786044071332595,0.0014828237534937124,-0.1139791609632144,0.08353399177425926,-1.364464435881738,0.1724416371514754,-1.0390774083773946,0.09037140810915846,-11.497855683761244,1.8074255239271654e-30,-0.12701485236416565,0.08540637579470267,-1.4871823231263226,0.13698740337651044,0.541481867751032,0.07359872069812219,7.357218476283209,1.9737645394350555e-13,0.6566952855435135,0.04712367338572488,13.935570772851623,7.168279347483676e-44,0.32812302395628723,0.04359898373219735,7.525932851365343,5.5275645253637146e-14,-0.07040206636063576,0.11536086100881168,-0.6102768802606128,0.5416875320748697,0.06777564422497487,0.06876388065696258,0.9856285535000903,0.32433110745977667,0.1020776093175978,0.056201184535095185,1.8162892857508153,0.06934569482112396,-0.11961449973851317,0.09143783653906859,-1.3081510265983334,0.1908418681501804,-0.2930252802457459,0.04505227660347284,-6.504117046621305,8.059161123068398e-11,-0.3212807102146098,0.0446164553765385,-7.200946545465707,6.259869773507772e-13,-0.034488110912686616,0.16820287715470147,-0.20503876922965364,0.8375445801397904,0.04761130357729678,0.07916072630320885,0.6014510705085182,0.5475485603850578,0.5593183828519058,0.05334489307490598,10.484947116990572,1.2390218259532257e-25,0.5421811915074739,0.09236922304142102,5.869716921450603,4.456304712863583e-09,-0.02982716691024106,0.048474845341432454,-0.6153122655710087,0.5383577296645908,0.11752727565245857,0.07847325880094608,1.497672932770337,0.13423900981948197,0.23885358502507997,0.04162440461427652,5.738306343081168,9.745003825612273e-09,0.2353366337415723,0.07352860849605815,3.200613183835631,0.0013741730214132813
