peth_time,r_squared,r_squared_adj,n_trials,Intercept_beta,Intercept_se,Intercept_tstat,Intercept_pvalue,C(Q_diff_bin)[T.1]_beta,C(Q_diff_bin)[T.1]_se,C(Q_diff_bin)[T.1]_tstat,C(Q_diff_bin)[T.1]_pvalue,C(Q_diff_bin)[T.2]_beta,C(Q_diff_bin)[T.2]_se,C(Q_diff_bin)[T.2]_tstat,C(Q_diff_bin)[T.2]_pvalue,C(Q_diff_bin)[T.3]_beta,C(Q_diff_bin)[T.3]_se,C(Q_diff_bin)[T.3]_tstat,C(Q_diff_bin)[T.3]_pvalue,C(Q_diff_bin)[T.4]_beta,C(Q_diff_bin)[T.4]_se,C(Q_diff_bin)[T.4]_tstat,C(Q_diff_bin)[T.4]_pvalue,Reward_beta,Reward_se,Reward_tstat,Reward_pvalue,Q_chosen_beta,Q_chosen_se,Q_chosen_tstat,Q_chosen_pvalue,RPE_abs_beta,RPE_abs_se,RPE_abs_tstat,RPE_abs_pvalue,Port_beta,Port_se,Port_tstat,Port_pvalue
-2.16,0.0226192444552602,0.022380005522348423,32692,0.07103645262816088,0.017756873696584564,4.000504471787979,6.334669421577882e-05,0.024365632113785264,0.02387125203645816,1.0207102701011261,0.3073992825000958,0.043247975523805104,0.02552540396829131,1.6943111097293304,0.09021570802024559,0.0648672792085754,0.025382101781388278,2.5556307262206355,0.010604038357084525,-0.020039488397040228,0.025415707074348773,-0.7884686559543101,0.43042834450311906,-0.009036944000497508,0.007251360767510081,-1.2462411249744711,0.21268481764713035,0.2030285163065334,0.008500519502947928,23.884248043443034,5.275154489887812e-125,0.004922915134220112,0.0071672590448021885,0.6868616166162279,0.49217481002500296,-0.008528697105193835,0.00838867516200667,-1.0166917827288557,0.30930760207475655
-2.106,0.019797155252816,0.019557225541407153,32692,0.035961259664734534,0.017220310309638436,2.0883049734943824,0.03677805326303502,0.08159442323033694,0.02314992912443056,3.5246079066492175,0.00042468962065715356,0.06254113577989685,0.024754097180822922,2.5264963340431446,0.011525339276092913,0.07356639325351481,0.024615125187853536,2.9886662242049673,0.002804062864152181,0.024216764981713667,0.024647715022230593,0.982515618988282,0.32585316503826,-0.007366750623885381,0.0070322447924873,-1.0475674327713167,0.29484569547253386,0.18498959228932432,0.008243657421635683,22.440232875739664,1.0956211083773262e-110,-0.005500628309123114,0.006950684390169204,-0.7913793808424108,0.4287283815255497,-0.014554910717788687,0.008135192705926412,-1.7891291877063429,0.07360326945056873
-2.052,0.020948200229858438,0.020708552266141544,32692,0.05068059868053232,0.01681984617833176,3.013142816122886,0.0025875517806653496,0.027915844982709118,0.022611569705237207,1.2345823552552104,0.2169948552936749,0.055308916545952436,0.02417843229177323,2.2875311301622903,0.02217119882209664,0.05943463557059803,0.024042692139429233,2.472045776983816,0.013439284700902273,-0.03251652021331316,0.024074524086202722,-1.3506609765942832,0.17681340948838148,-0.012942346521807622,0.006868707565148076,-1.8842477131327122,0.05954034364851939,0.18848361832679328,0.008051948384528645,23.40844840597261,3.426208077727833e-120,0.0016291223746579073,0.006789043877527685,0.2399634475850777,0.8103600982900814,-0.01282004152721077,0.007946006052410201,-1.6133943823667445,0.10666850719251549
-1.998,0.020283610509195582,0.020043799870150036,32692,0.04735749479559073,0.015371487175264143,3.0808661683560845,0.002065708216289198,0.00801247182082762,0.020664484683837834,0.38774118703740806,0.6982100979072445,0.04971521522298016,0.022096424542203914,2.2499212543651432,0.024460568732262277,0.05648321548879792,0.02197237299091136,2.5706470353548796,0.010155257535418776,-0.006401418819733212,0.022001463884871068,-0.29095422255675624,0.7710881768936774,-0.0027558484383374145,0.00627724232010696,-0.4390221530097721,0.6606483868523974,0.16314510372201702,0.0073585941284123445,22.170689247840937,4.1377211464160954e-108,-0.0011040811143254565,0.006204438482330571,-0.17795020733459363,0.8587631831417759,-0.02017585789236089,0.007261774503416359,-2.7783646934876587,0.005466442621758522
-1.944,0.020115992536755112,0.01987614086892464,32692,0.04620154072486894,0.014880480422487503,3.104842008665849,0.0019054336689482267,-0.0027230225002400927,0.020004405316973353,-0.13612114217310226,0.8917263524145471,0.05428371828885388,0.02139060515474083,2.5377364453302014,0.011161801531721768,0.04138308184168703,0.02127051614452726,1.9455607734434115,0.05171608455572077,-0.038501540446415156,0.021298677796884272,-1.8076962717398093,0.07066297483559755,-0.006621913987500966,0.00607673027251877,-1.0897166223499697,0.27584602604778047,0.16056694621589973,0.007123540787977774,22.54032804681692,1.1884877502050702e-111,-0.0009250391498519476,0.006006251985651585,-0.1540127107656798,0.8776006643404192,-0.013615623784573132,0.007029813842898331,-1.9368398778195142,0.05277352712548899
-1.89,0.01851683563033546,0.018276592527959434,32692,0.040484712298641576,0.01460189733500171,2.772565192716227,0.005564786537404589,-0.007273528381197047,0.01962989529859398,-0.3705332234613612,0.710987627881837,0.04377057160774278,0.02099014356627008,2.085291673663419,0.037050572204160546,0.02931363983228607,0.02087230278771897,1.4044276824852258,0.16020103535150623,-0.04935856831266512,0.020899937215158534,-2.3616610808220897,0.018199097038262523,-0.00857560864272664,0.005962965512707764,-1.4381449338338506,0.15040251044824043,0.14797359650468545,0.006990178293609189,21.168787159545154,8.546765077726728e-99,-0.009827022351053937,0.005893806676436173,-1.6673472495022645,0.09545495723731326,-0.020662713584603996,0.00689820604602603,-2.9953749491880615,0.002743130621084726
-1.836,0.015680536258192213,0.015439598899016693,32692,0.019821098470281094,0.0143164858752548,1.3844946757877707,0.1662164892348787,0.023654207398390754,0.019246205635304752,1.2290322490891439,0.21906856369365887,0.05220597668175388,0.020579866231886557,2.5367500494665824,0.011193291713780208,0.043120220145846294,0.020464328791583372,2.1070918369715064,0.03511721848576693,-0.004155815675296032,0.020491423071253515,-0.20280756787097118,0.8392867050070494,-0.005278261338311973,0.005846412255801701,-0.9028205859198654,0.3666277773076778,0.13498069906555732,0.006853546940511819,19.69501343423746,7.497750997298248e-86,-0.004120713612669435,0.005778605211284416,-0.7130983104058635,0.47579001628727524,-0.02351447787141469,0.006763372399955129,-3.476738597385336,0.0005082115125694699
-1.782,0.012525510911955084,0.012283801279647677,32692,0.02346315343578167,0.014103762052116182,1.663609563822808,0.09620006673377399,0.02485823020053223,0.018960232773016634,1.311071994638661,0.18984265260517713,0.029586033306714967,0.02027407695771174,1.459303590907067,0.14449117821793622,0.007412034140214187,0.02016025624917018,0.3676557504331958,0.7131323197182002,-0.049963714167103726,0.020186947944099427,-2.4750504288939794,0.013326769026568512,-0.008370319458630461,0.005759542392796547,-1.4532959196722313,0.146151210992949,0.1214426077510511,0.006751712403744276,17.986934349233103,5.490662148461323e-72,-0.0016544166823065296,0.005692742870227813,-0.2906185506742065,0.7713449147465066,-0.010472123592621282,0.0066628777361972145,-1.5717118049052128,0.11602708327660342
-1.728,0.011383257203761543,0.011141267975650071,32692,0.01565812506040236,0.013969745807578652,1.1208596975263325,0.26235582409927705,0.021679805691701724,0.018780069552564695,1.1544049733692827,0.24834261789712395,0.01782163257500112,0.020081429375790168,0.8874683291462598,0.37483334068097496,0.027822857517191484,0.01996869021016269,1.3933241101127185,0.16353127834659703,-0.010782296229855416,0.019995128276258614,-0.5392461644098512,0.5897206836519936,-0.0069455830032906125,0.0057048142827444154,-1.2174950242112528,0.223424718652476,0.10857357408241994,0.006687556532622535,16.235163553801414,4.845839013964823e-59,-0.0007940720544003076,0.005638649500120846,-0.14082663843235677,0.8880077662383836,-0.026833073373936544,0.006599565986557771,-4.065884548861409,4.796260193305694e-05
-1.674,0.008699151324695231,0.008456505093033528,32692,0.014186693779337822,0.013833292896982714,1.0255471264135665,0.3051126911111155,0.011381307346920668,0.018596630627695256,0.6120091093260152,0.5405359880429935,0.028557264453656472,0.01988527910040242,1.4361007612449632,0.1509832425548414,0.023281307934152812,0.019773641142162676,1.1773910412741766,0.2390480377055264,-0.04923077758201045,0.019799820967978568,-2.486425390493649,0.01290831631988401,-0.0005294074973969788,0.005649091113260012,-0.09371551755543647,0.9253357177604792,0.09721652710450851,0.006622234187733757,14.680321527224287,1.2315503721994173e-48,0.006644032013429468,0.005583572611341351,1.189924887863751,0.23408455909171547,-0.016677456287964614,0.006535103110859116,-2.5519805892966496,0.010715757482016907
-1.6199999999999999,0.005632094965674295,0.005388697993539804,32692,0.014225601729023301,0.013571556773379888,1.048192330958398,0.2945577543462874,0.0158291736349261,0.018244768634400207,0.8676006778776277,0.38561934518706553,0.0032749405921831485,0.019509034925768134,0.1678678932425051,0.8666882477932245,-0.006265356129402731,0.019399509240192184,-0.3229646715197349,0.7467240636423098,-0.04193861218989791,0.019425193724358285,-2.1589803831561714,0.030858942592691858,-0.00949916576393265,0.005542206135050206,-1.713968324609528,0.08654402521790766,0.07844890822062021,0.006496936623459266,12.074753498034037,1.692419747774221e-33,0.004292207956857327,0.005477927291602176,0.7835459889066816,0.4333122365628225,-0.0007011475566992822,0.0064114541309438465,-0.10935858580275992,0.9129187518139038
-1.566,0.003773042695969897,0.003529190673253857,32692,0.024541578287037964,0.013422302637852549,1.8284178914151203,0.06749596761946172,0.003906493274154638,0.018044120527783217,0.21649674020629944,0.8286019170628317,-0.009937780255705964,0.019294482963053763,-0.5150581269648646,0.6065158853545041,-0.025141862049167213,0.01918616179379025,-1.3104164511582808,0.19006420004221544,-0.039870911256162475,0.019211563811062926,-2.075360009641845,0.037960984197474845,0.001434478718912619,0.005481255339248817,0.26170623883199867,0.7935495794243421,0.0539456391411179,0.0064254861129907585,8.395573220842083,4.820745353181987e-17,0.007216064714259022,0.005417683406833304,1.3319465484375528,0.18288704154806606,-0.016312025689814564,0.006340943720106957,-2.5724917945714583,0.010101307706739289
-1.512,0.0019368512303383767,0.001692549752807082,32692,-0.001840237180283164,0.013457671063869088,-0.1367426185072839,0.8912350834815445,0.02037113230056429,0.018091667670709393,1.1259952742524324,0.2601757875240599,-0.003966567521469814,0.01934532487234596,-0.20504010905187753,0.8375420650782024,0.0004755312322627899,0.019236718271486652,0.024719976949895826,0.9802784715636812,-0.02700697969473856,0.019262187224321197,-1.4020723285587464,0.16090314651918547,-0.014118398232476367,0.005495698716005743,-2.568990580098171,0.010203918883116938,0.0422773975757265,0.006442417584165213,6.562349773730891,5.375748727234174e-11,0.002003115563481551,0.005431959268429156,0.3687648350244024,0.7123054064023866,-0.00923440070802451,0.006357652417928086,-1.4524859336418294,0.14637613751885
-1.458,0.0006118773948211587,0.00036725159606221247,32692,0.0015538026451390385,0.013388743417247882,0.11605291077110132,0.9076113213320447,0.01729416752354508,0.017999005569661098,0.960840167342129,0.3366396469599072,-0.02939718298072635,0.01924624177615159,-1.5274245913897329,0.12666514240791601,-4.900044743866294e-05,0.01913819143776662,-0.0025603489022461767,0.9979571549989191,-0.03137212060249224,0.0191635299434404,-1.6370742078878213,0.10162459259292166,0.0009673429039624184,0.005467550786305599,0.1769243564020094,0.8595689030811555,0.016011661394152516,0.006409420739427361,2.498144847264786,0.012489390425833786,0.0005491359585844953,0.0054041378001276836,0.101613981525697,0.9190637045896943,0.005672545681824825,0.006325089724344356,0.896832444920428,0.3698149380660989
-1.404,0.0002982143060629161,5.351173024215061e-05,32692,0.013076969034371397,0.013335624755706595,0.9806041542054853,0.32679524351263856,-0.01253775184419537,0.017927596098649586,-0.6993548814466982,0.48433525403988986,-0.04121809163838402,0.019169884005225,-2.1501482026260303,0.0315508071471217,-0.02217318056962749,0.0190622623470511,-1.1631977446295951,0.24475777377019264,-0.0495292264083963,0.019087500324432946,-2.594851372182896,0.00946740943513491,-0.00038276458036084907,0.005445858759606258,-0.07028544023211565,0.9439669008786506,-0.0009494723105060888,0.006383991926556486,-0.1487270537665345,0.8817699304151467,-0.00022104243014929174,0.005382697358871811,-0.04106536470696566,0.9672440371000163,0.0067096448854912834,0.006299995487356223,1.0650237605657347,0.2868730454645117
-1.35,0.0005979542536288518,0.0003533250468250593,32692,0.009286197413507063,0.013177762653819548,0.7046869531236759,0.48101009376293324,-0.0034261059267930018,0.017715375969952294,-0.19339730258077203,0.8466490295879422,-0.046628109875392246,0.018942958140300618,-2.4615009720257066,0.01384082898199698,-0.0018965107961617933,0.01883661046677154,-0.10068216888103657,0.9198033841823001,-0.030910394859976778,0.018861549686485124,-1.6388046249521597,0.10126358095707873,-0.00403133616401876,0.005381392735245191,-0.7491250615506474,0.4537872224927758,-0.014555475868266938,0.006308420635190861,-2.3073090255064392,0.021043816459149718,-0.0037042685204412558,0.005318979015377649,-0.6964247292068422,0.48616783341411285,-1.734300604789088e-06,0.006225418514193614,-0.00027858377727296203,0.9997777240083472
-1.296,0.0007646970450583268,0.0005201086528165977,32692,-0.007402050677612265,0.013219534273464515,-0.559932787683024,0.5755291210224098,0.003228111362238415,0.017771531173709127,0.18164508902947107,0.8558623879594508,-0.044634111794867176,0.019003004603662728,-2.3487923476198174,0.018840329650807147,-0.008688982924928068,0.01889631982324491,-0.45982408247766304,0.6456455544840356,0.0014360650759651372,0.018921338096711964,0.07589659191252905,0.9395018328397925,0.001857377374983222,0.005398450979228034,0.34405746799034986,0.7308052814661176,-0.02572315301562527,0.006328417424801978,-4.0647054846307284,4.8205576682300895e-05,0.0031328926833748914,0.005335839416810476,0.5871414858372168,0.5571127430114018,0.0015393924306111592,0.006245152198972817,0.2464939815020607,0.8053014108635101
-1.242,0.0018859762566301175,0.0016416623261480412,32692,0.015189404229617948,0.01322041682990032,1.148935349395672,0.25059104827022827,-0.007419857153586327,0.01777271762845761,-0.4174857952902869,0.6763258544845794,-0.04122837079512941,0.019004273273471033,-2.1694263285869524,0.030057514712151272,-0.002498154009621528,0.018897581370613228,-0.13219437771577974,0.8948313617921035,-0.01352667006519207,0.018922601314338688,-0.7148419945275798,0.47471178864389874,-0.0032181896969892764,0.005398811388116618,-0.596092262840089,0.5511177208066512,-0.04172804118195386,0.00632883991968048,-6.59331594913536,4.3665420237775906e-11,-0.0006131691629740412,0.005336195645654875,-0.11490754906509637,0.9085191073305181,0.0030676320589471174,0.006245569134936805,0.49116933824128695,0.623309981430211
-1.188,0.0031785696285001608,0.0029345720932992814,32692,0.005599618411421681,0.013267898377817427,0.4220426062942773,0.6729966949745125,-0.0414145288282745,0.01783654890961542,-2.3218913612794534,0.020244900040952397,-0.0479261149710642,0.019072527725934534,-2.5128349875666975,0.01198130694808804,-0.03135913860051512,0.01896545263571107,-1.653487486054897,0.09824129479790615,0.003819306295672972,0.018990562439360932,0.20111601790986758,0.840609108931186,0.008352150363163021,0.005418201391088423,1.5414986930718755,0.1232051422124055,-0.06281427816511184,0.0063515701497308934,-9.88956693925095,4.977626092893326e-23,-0.0008631091592588007,0.005355360762194255,-0.16116732328321398,0.871962613036636,-0.0010511783677493326,0.006268000295312884,-0.1677055389635811,0.8668159760784212
-1.134,0.0038384986704704804,0.003594662669777926,32692,0.0024537785388875394,0.013323523306258963,0.1841688930535989,0.8538821043899643,-0.016096557909325758,0.017911327652147854,-0.8986803335818339,0.3688295758118736,-0.035308508360256854,0.01915248824113776,-1.8435467974556676,0.06525826307135432,-0.03408034034060315,0.01904496424453426,-1.7894672787523829,0.07354884837078135,0.0018520092440721184,0.019070179319643957,0.0971154603755816,0.9226352987816835,-0.004775229687379561,0.005440916900061948,-0.8776516486265747,0.3801392427607371,-0.06208533006814408,0.006378198755483624,-9.733991123240951,2.31603423638238e-22,0.00024179912862195077,0.0053778128153147186,0.04496235494351253,0.9641375896845212,0.007692976382968938,0.006294278539083671,1.2222173415428308,0.22163426198258618
-1.08,0.006204425386899026,0.0059611685072703535,32692,-0.007003568988220974,0.01341117587546516,-0.5222188608407955,0.6015214947508563,0.004484124009139533,0.018029162390791442,0.24871504909345316,0.8035827698410345,0.002205226439099297,0.01927848830601839,0.11438793353993766,0.9089309815039318,-0.02000967125075811,0.01917025693236927,-1.0437873274912386,0.2965915161386583,0.015616425131077524,0.019195637891987534,0.8135403063419938,0.4159142734331185,0.00020862815394888314,0.0054767115119048835,0.0380936906198879,0.969613214477953,-0.07519355152660545,0.006420159541303938,-11.712100149980634,1.278304683285614e-31,-0.00028384160706146876,0.005413192279074947,-0.052435160701510136,0.9581822789127394,0.0062410673797331576,0.006335687232007331,0.9850655739765432,0.32459915419807084
-1.026,0.009518037164333415,0.009275591375921044,32692,0.021703055783386563,0.013481623315518158,1.6098251134494346,0.10744569869986313,-0.03133046633284516,0.01812386760892631,-1.7286854554937479,0.08387484981867502,-0.03336466265776263,0.0193797560965434,-1.721624487509087,0.08514702685692774,-0.03714401139355883,0.019270956195326087,-1.9274607350603397,0.053930892819435874,-0.01907400506538146,0.01929647047834924,-0.9884711863126789,0.32292925680815165,0.008212742482067546,0.005505480078472437,1.4917395694847873,0.13577708314872133,-0.0981486856722552,0.006453883937182164,-15.207693015178078,4.7413808737372336e-52,-0.0009313010213827396,0.005441627186059735,-0.17114384898850296,0.864111717444599,0.022176438578189198,0.006368967904083813,3.4819516932986203,0.0004984235140717347
-0.972,0.00870573540308961,0.00846309078304941,32692,0.006070394642781375,0.013513926038551267,0.4491954910411911,0.6532936183908307,-0.031446353407960974,0.018167293408769422,-1.7309322143045094,0.08347329311572987,-0.013177881136981262,0.01942619107540201,-0.6783564048058534,0.4975505461596872,-0.04173574941396783,0.019317130483539904,-2.1605563750542967,0.030736867441915405,0.03692113852836902,0.019342705900211324,1.9087887040647011,0.056298104324080396,0.0027099065536438432,0.005518671516474899,0.4910432783603726,0.623399135151846,-0.09649535715110792,0.006469347803842098,-14.915778232513645,3.8063542578726495e-50,-0.011781749766185618,0.005454665628962853,-2.1599398693895364,0.030784572039209233,0.00778618931419226,0.006384228307181975,1.21959756756085,0.22262626996170778
-0.918,0.007949472532888913,0.007706642798172569,32692,-0.006573561329868551,0.013577726903633161,-0.484142992160903,0.6282876357837971,-0.00674163010836404,0.01825306337912219,-0.36934239301853855,0.7118749234948021,-0.00040814131679303874,0.01951790445257465,-0.02091112382401277,0.983316680688972,-0.03441776332121996,0.019408328972582527,-1.7733501616672274,0.07618001245748125,0.0014275667753511096,0.019434025133862422,0.07345708187150972,0.9414428449974018,0.0058192068794123575,0.005544725826366005,1.0495030884559078,0.2939543948702411,-0.08581519157808358,0.0064998903704673195,-13.202559841315257,1.0718685148900583e-39,-0.0034263117949859005,0.005480417759385021,-0.6251917181164636,0.5318496017755615,0.021211885016572785,0.006414369014458052,3.3069324463187235,0.0009442532995051773
-0.864,0.007196492328303883,0.00695347828242765,32692,-0.018431918925551783,0.013807754439928115,-1.3348961995045259,0.18191962018744304,0.009533617832688366,0.018562298292207062,0.513601154480468,0.6075343442252112,-0.009350542226846677,0.01984856771504347,-0.4710940537920924,0.6375767154675749,-0.01293027278757881,0.019737135858215977,-0.6551240707093946,0.5123924862762559,0.026313745537001457,0.019763267351912955,1.3314471270589,0.18305121768942234,-0.006530306914876028,0.005638661993319597,-1.1581305853432617,0.24681921291371867,-0.08242786358599762,0.0066100084910273825,-12.470160015359676,1.3090818366884478e-35,0.004038085527901117,0.005573264448967584,0.7245458321377788,0.46873588688814183,0.005414587265205147,0.006523038271967397,0.8300713623702329,0.4065045003415898
-0.8099999999999999,0.007355438246531398,0.007112463106733191,32692,-0.011353106816495574,0.013940299555729653,-0.8144091001135835,0.4154165609432291,-0.02192197648310825,0.018740483817405038,-1.169765770014349,0.24210377257989354,-0.008567528894081895,0.02003910055785515,-0.4275405909235531,0.6689884435306349,-0.035941813473103254,0.01992659903047178,-1.8037103781804906,0.07128592621866292,0.018395571115429454,0.019952981368857023,0.921945987687915,0.3565635552257008,0.002901598318422303,0.0056927893396684776,0.5096971177562103,0.6102671141102047,-0.08823247277312296,0.006673460107631954,-13.221398097849999,8.356316304419339e-40,0.0035308992985373564,0.005626764023065227,0.6275186384329424,0.5303237065476571,0.009266834040721872,0.006585655033215381,1.4071241196181257,0.1594000965095178
-0.756,0.00724696065016206,0.007003958957698231,32692,-0.037635982836091444,0.014241072647694832,-2.6427772519076003,0.008226831182718422,-0.005306492263620399,0.01914482471697829,-0.27717633052625545,0.7816464663523328,0.011957343076312302,0.020471460150336792,0.5840982024975675,0.5591582753649893,0.011252561801360701,0.020356531312686044,0.5527740275843648,0.5804219358127285,0.045013945465469364,0.020383482871083936,2.2083539770981075,0.027226522394495516,0.01638957317079099,0.005815615814433487,2.818200805169166,0.004832259671129576,-0.09000555680114841,0.006817445337121069,-13.2022410669092,1.076390603420977e-39,0.0008057362810626632,0.0057481659489141005,0.140172759141527,0.8885243582219118,0.002870901891303437,0.006727745798125961,0.42672567862227156,0.6695819556198885
-0.702,0.007154376797856465,0.006911352443127239,32692,-0.0203001777656215,0.014315581858500103,-1.4180476886147626,0.15618637647142067,-0.0272733474691911,0.019244990330619632,-1.4171660780622994,0.15644390923478163,-0.004645700240347153,0.020578566712993088,-0.22575431540690866,0.8213939224032357,0.00035986659204625656,0.02046303656831976,0.017586177439734965,0.9859690911265377,0.05681399986332511,0.020490129137117348,2.7727497217383563,0.00556163299159438,0.015811534578492676,0.005846043083179302,2.7046558421690174,0.006841059846524657,-0.08875442820016491,0.006853114172211183,-12.950963017668208,2.8825796391302986e-38,0.0035508824707071412,0.005778240320348519,0.6145266160361027,0.5388716683669774,0.017972053399057837,0.006762945325740054,2.657429941161205,0.007877723895033169
-0.648,0.005657467543952244,0.005414076782405131,32692,-0.06213575749129022,0.014607262930085366,-4.2537577223529235,2.1079688983233942e-05,-0.0005061588406263533,0.019637108475573,-0.02577562991292606,0.9794364572675001,0.019044992095274813,0.020997856578390393,0.906996960579046,0.36441509147139406,0.019935692744425654,0.020879972498212954,0.9547758142943858,0.3396981422750347,0.08479975835546144,0.02090761708016495,4.055926508999963,5.0051738627700106e-05,0.009168412556259536,0.005965156656619063,1.5369944301607021,0.12430435373003358,-0.07905824594624508,0.006992746895854883,-11.305749675153942,1.3948590286995476e-29,0.0028679121781574196,0.0058959724073272745,0.4864188602024825,0.6266734827169391,0.0027760686676519012,0.006900740852263702,0.4022855990514767,0.6874764826058399
-0.594,0.005871986810155216,0.0056286485576839684,32692,-0.06546458403373988,0.01491520717073066,-4.389116643462145,1.141684509919995e-05,0.02460978481959331,0.020051089827652645,1.2273539758249812,0.2196984170031834,0.010185193967188593,0.02144052465591869,0.4750440640162672,0.6347587407181798,0.022624887456260498,0.02132015539260132,1.0611971179211928,0.2886081705041273,0.08509444655340884,0.02134838276613021,3.9859902965771012,6.734512218297199e-05,0.005542102040867037,0.0060909116078200435,0.909896974001659,0.36288355579735987,-0.07808840105301357,0.0071401650770141776,-10.936497995599286,8.61737386610072e-28,0.0010702996186654485,0.006020268844964507,0.1777826947978697,0.8588947401760132,0.015247061240017654,0.007046219400285422,2.1638641055372245,0.030482001077573317
-0.54,0.004232291341406347,0.003988551731539891,32692,-0.08273227323530258,0.015171103137724191,-5.453279994490447,4.980689875747124e-08,0.02657515023410527,0.020395100672556652,1.3030163793142928,0.1925783496193639,0.04715118635904737,0.021808373638964772,2.1620679808421333,0.03062016943962263,0.03086691078112087,0.021685939234434123,1.42336056775944,0.15464120286624317,0.08411907343471312,0.021714650896981744,3.8738395488736757,0.00010734272102820363,0.0022572793113019365,0.00619541164579564,0.36434694582946436,0.7156013048164616,-0.05450715588040332,0.0072626668583143745,-7.505115812658126,6.293400451300796e-14,0.0003070750334066485,0.006123556885151196,0.0501465143814152,0.9600059396616378,0.023606534777879155,0.007167109382331597,3.293731617390148,0.0009897187461194495
-0.486,0.002618214807733943,0.0023740801113616428,32692,-0.04973772450702102,0.016337875845603964,-3.0443201415564656,0.0023339223581023984,-0.011678858311409017,0.02196363834731727,-0.5317360505908859,0.5949124336263012,0.008846216074278532,0.023485602706237847,0.37666549097881785,0.7064246565904562,0.009114678857495017,0.02335375216891744,0.39028755600250625,0.6963264675659517,0.04904640431305134,0.02338467197572157,2.0973740561326792,0.03596813762916474,0.014714368440947197,0.006671885713420969,2.205428730793186,0.02743095912446336,-0.04814221454543491,0.007821220933108919,-6.155332390834085,7.579016426168389e-10,0.016408376347636058,0.006594504777594003,2.488189318383151,0.012844478283729623,0.023109282082449556,0.007718314363655584,2.9940840698673523,0.0027547602492221106
-0.432,0.0021824103703045328,0.0019381689996520457,32692,-0.05959627434669634,0.016702876188758962,-3.5680246727090417,0.00036019718879214076,0.006208637221945524,0.022454322424578156,0.276500760278994,0.7821652242043707,0.005621660074248353,0.024010288603473706,0.23413546447063677,0.8148812808846713,0.013949472759733348,0.02387549242671878,0.5842590598936782,0.5590500644147575,0.0761276375320302,0.023907103005089567,3.1843104334232146,0.0014523537378771495,0.0072432087087083265,0.0068209406210419515,1.0619076035295951,0.2882854794233689,-0.04560113878468494,0.00799595284755445,-5.703027475785075,1.1871190316693526e-08,0.0018129244478755772,0.0067418309373411854,0.268906839214,0.7880030712057029,0.020196340225011617,0.007890747268516376,2.559496526468899,0.01048684915201296
-0.378,0.0015678511686276764,0.001323459368895441,32692,-0.04783624381974994,0.016893984161281305,-2.8315549110898335,0.0046350574877116624,-0.004303013601073265,0.0227112362629153,-0.18946628669878113,0.8497285523823279,0.009111057158644343,0.02428500521651873,0.37517213100893126,0.7075348897284854,0.01226367831783733,0.024148666753049088,0.5078408031072307,0.6115684191887004,0.09237789513364876,0.024180639007665,3.8203248104554213,0.00013352246402081452,0.012927673841225075,0.0068989832358617815,1.8738520444614797,0.06095973585422985,-0.029082900438954524,0.008087439506487408,-3.596057864250537,0.00032355187691971896,0.0077604029413860945,0.0068189684091731805,1.138061137069715,0.25510329690019534,0.013630866866263566,0.007981030205127452,1.7079081917903718,0.08766287543349593
-0.324,0.0009396240568733116,0.0006950784824908407,32692,-0.05232712831764545,0.017258008670251655,-3.032049022425391,0.0024309003439337055,-0.0016878245952233785,0.023200608488542523,-0.07274915207749401,0.9420061796103414,0.02273070067308215,0.024808288357717975,0.9162542915223137,0.3595402962620827,0.017794923963944706,0.024669012130027385,0.7213472460976471,0.47070105518498184,0.09887743004732139,0.02470167330942126,4.002863644448304,6.271840266203457e-05,0.012308673676988574,0.007047639642832082,1.7464958909338266,0.08073421455417881,-0.016288340519146387,0.008261704272398801,-1.9715472718581146,0.0486697325045541,-0.003098477092597235,0.006965900690104438,-0.4448063833294156,0.6564626264924169,-0.002606602791640859,0.008153002107892554,-0.31971079574694633,0.7491896187208846
-0.27,0.0008006147918150353,0.0005560351913602712,32692,-0.07389077009035219,0.017509102949493996,-4.2201345382167395,2.4481483198868648e-05,0.015520004489319283,0.023538164238903,0.6593549238503655,0.5096725262719175,-0.008641635193828824,0.02516923494219588,-0.34334119466385693,0.7313440017587785,0.03225340872722087,0.02502793232405227,1.288696497561838,0.1975127424465482,0.08224081933461955,0.025061068705160075,3.2816166102958793,0.0010332199565091288,0.017566506315888585,0.007150178819297272,2.456792586568491,0.014023519169708626,-0.0032507014958713873,0.00838190740354957,-0.38782359901694696,0.6981491059451058,0.006477626475712249,0.007067250610971641,0.916569516532494,0.3593750271946399,-0.003072521072115436,0.008271623683942136,-0.37145319824935713,0.7103024165590803
-0.216,0.000656942664896687,0.0004123278970149524,32692,-0.06987323344801244,0.01765281845376588,-3.9581913579984938,7.567908347683297e-05,0.008568794703213036,0.023731366549323254,0.36107464293738245,0.7180459821776162,-0.011682836476620854,0.025375825154286654,-0.46039237761091334,0.6452376678881353,0.015144280463545039,0.02523336271789993,0.6001689363741464,0.5483978148695092,0.07461833904114082,0.02526677108391378,2.953220211372674,0.00314701316493449,0.011313968267671035,0.007208867808539816,1.5694514822796735,0.11655245686319833,-0.0022555366468475333,0.008450706476393916,-0.26690509878057145,0.789543914714198,0.0018641874605775082,0.007125258921751545,0.26163083770705275,0.7936077155333822,0.00033199669339274533,0.008339517543057251,0.03981005995594272,0.9682447990660519
-0.162,0.0013262142803780463,0.0010817633338384702,32692,-0.07752523783506693,0.01781296137780907,-4.352181324080446,1.3519843003126243e-05,0.0056490949813113615,0.023946652875453157,0.23590332271872716,0.8135091680316291,0.05247561024024993,0.02560602968796265,2.049345832982402,0.04043627497605532,0.06822079274907888,0.025462274860154746,2.679288992195895,0.007381562710364267,0.11185682201822997,0.02549598630034539,4.387232590280874,1.1516095118837866e-05,0.006295469649353007,0.007274265250479412,0.8654440596509871,0.3868014595010837,0.0123947228461525,0.008527369636381931,1.4535224078091498,0.14608836442757722,-0.01152240752048658,0.007189897880186575,-1.6025829173790125,0.10903643136971022,-0.005402753928357048,0.008415172018740695,-0.6420253699300557,0.5208612135875347
-0.108,0.003067902925253052,0.002823878301546623,32692,-0.04424438408350373,0.017875779141627388,-2.4751024127654206,0.013324829728330928,0.0152602610704623,0.02403110122475702,0.6350212970989887,0.5254189705614728,-0.027383466563905234,0.025696329862714456,-1.065656718691132,0.28658672180580136,0.05531426363399972,0.025552068080637157,2.164766603604808,0.030412778064649128,0.10207961405342662,0.025585898404894464,3.989682614932109,6.630588172801356e-05,0.018671309574969208,0.00729991809206844,2.5577423389525555,0.010539882648429462,0.019183230525633532,0.008557441575597891,2.241701606276317,0.024987346083444925,-0.006552524956564628,0.007215253198560423,-0.9081489971650585,0.3638062025716452,0.01919061088946695,0.00844484829081875,2.272463664069727,0.023064985326580526
-0.054,0.0048770540039235755,0.004633472216206247,32692,-0.03044583611236841,0.01821382679814192,-1.6715782163622164,0.09461709640150073,0.007262598121236245,0.024485551763003773,0.29660749292199345,0.7667680744092764,-0.008726996652110252,0.026182271427683028,-0.33331701858697516,0.73889713238896,0.046315345436109503,0.026035281520752015,1.778945443673916,0.07525799866331898,0.10222381735224502,0.02606975160799496,3.9211657590514006,8.830138918396941e-05,0.018260685455279584,0.007437966351907653,2.455064273125701,0.014091111647454036,0.03596400989664168,0.008719270777417373,4.1246579920177835,3.722036123375531e-05,-0.004348057787547321,0.0073517003662954715,-0.5914356639834482,0.5542326408101241,0.04182975183222448,0.008604548248605997,4.861353626438346,1.1712632561193366e-06
0.0,0.004362985583665213,0.004119277964556578,32692,-0.026352938344915252,0.018291092012995395,-1.4407525983791512,0.14966416902021942,0.020925180525240835,0.02458942237947232,0.8509830040867304,0.39478502857979947,-0.04179975020542001,0.026293339730331995,-1.5897467052159913,0.11190158363784675,0.06605094024487418,0.026145726274771353,2.526261445206375,0.011533047071183957,0.09455223375894321,0.026180342588215215,3.6115735858057425,0.0003048003049234136,0.00240701475850086,0.007469519087893464,0.3222449437745102,0.7472691997745358,0.0184669325132859,0.008756258958838506,2.1089979864797748,0.03495234170213347,0.009483484180286276,0.007382887151732464,1.284522434839179,0.19896832323202146,0.04791445410076039,0.008641049763444902,5.544980692445228,2.9625634831218302e-08
0.054,0.006923010102692695,0.006679929115048444,32692,-0.0036681099554775587,0.018552485628798878,-0.19771528348652,0.8432690608670712,0.03297715193906358,0.024940823926286625,1.3222158191938074,0.1861055479142944,-0.06289992374379476,0.026669091551971613,-2.3585326714716928,0.01835319773707372,0.0792092719784292,0.026519368587866434,2.9868460750106354,0.0028208062836745634,0.1230789658064742,0.02655447959475618,4.6349605672851935,3.5838325168644544e-06,0.024297853025490722,0.007576264196458356,3.2071021278335485,0.0013420846274306223,0.010331520895285077,0.00888139255876443,1.1632771355309157,0.24472557212962434,0.005190402859916153,0.007488394224043363,0.6931262837700326,0.4882352296051925,0.06041034870958599,0.008764536936348518,6.89258875264141,5.5779340707921215e-12
0.108,0.008769112216514552,0.008526483109570049,32692,0.03842926815314467,0.01854027118175982,2.072745742303485,0.03820376746962034,0.025651729749833714,0.02492440357275269,1.0291812871252066,0.30340211026345415,-0.059752852346497534,0.0266515333544956,-2.2420042986539226,0.0249677744345796,0.08594204992451493,0.02650190896387821,3.2428626195061243,0.0011845393292653791,0.11720958858421011,0.026536996854645258,4.416836962608026,1.0047702519240545e-05,0.04164296043516884,0.007571276192175096,5.5001243354729,3.823624536434498e-08,-0.003435030444451782,0.008875545293809609,-0.38702190465385816,0.6987425115178085,0.013223242883256301,0.007483464070936806,1.7669949047541789,0.07723841283124709,0.07633562659584858,0.008758766605926338,8.715339731075668,3.0329697389246183e-18
0.162,0.01353024452611895,0.013288780828056068,32692,0.0859954542663274,0.018612812117106813,4.620228997384549,3.847780167796712e-06,0.05104977944263297,0.025021923157574743,2.0402020708459796,0.04133822468401523,-0.06406380737747731,0.02675581053248363,-2.394388587095834,0.01665369886425431,0.09917207548153713,0.026605600719293954,3.727488679089254,0.000193723198870107,0.13068754790790238,0.026640825895454006,4.905536653433966,9.361957803972386e-07,0.06739648452240943,0.007600899677795476,8.86690883702819,7.893400344489926e-19,-0.024690243737780962,0.008910271881733574,-2.7709865720704867,0.005591830710175337,0.025315330125660465,0.00751274398157131,3.369651646290454,0.0007535026414018485,0.0995193863572097,0.008793036283853433,11.317977447671424,1.2140397107863554e-29
0.216,0.01798398275872426,0.01774360922698215,32692,0.13949912341159676,0.018783333054296542,7.426750247591836,1.1401095014101862e-13,0.06833435261841783,0.02525116104813495,2.7061865586360834,0.006809611744678908,-0.06883439958526581,0.02700093340046104,-2.5493340753949814,0.010797412145629135,0.12699754027560353,0.026849347442819946,4.7300047252941795,2.2545135340783547e-06,0.12279634879321688,0.026884895333786,4.567484725852729,4.9541226943116e-06,0.08082238865002561,0.007670535180931058,10.53673397534894,6.43736683881036e-26,-0.019948516248318615,0.008991903174325414,-2.218497670802064,0.02652776270401586,0.033725481667909875,0.007581571847911109,4.448349543400027,8.681788974021368e-06,0.11983487892329367,0.008873593524663267,13.504661734868133,1.8965979147647791e-41
0.27,0.018788809775234117,0.018548633245484836,32692,0.22712837958508103,0.019069545915540848,11.910528996916561,1.2188165377849632e-32,0.015502194128784431,0.025635928066450386,0.6047057898041178,0.5453786984462675,-0.1253605796454258,0.027412362744894943,-4.57314025835923,4.822293033398868e-06,0.0806303539174833,0.02725846698150556,2.95799297782189,0.003098708190650137,0.11319085694575823,0.027294556536911846,4.147012126490656,3.3769194392184324e-05,0.0809649245278589,0.007787415705546321,10.3968925750547,2.8050481315620466e-25,-0.029108568593713916,0.009128918172042592,-3.1886109662872446,0.0014309285017077955,0.05713869901709809,0.0076970967851012935,7.423409190812993,1.169205369840617e-13,0.12391147012481177,0.009008805767606053,13.75448348219181,6.30586218654329e-43
0.324,0.015501035470701363,0.01526005417411802,32692,0.24622528111658448,0.01940713599611129,12.68735794740254,8.487605908247836e-37,0.010363653329494262,0.026089763467659285,0.3972306357756361,0.6911999866244622,-0.0962128343669714,0.027897646547071563,-3.4487796024167108,0.0005638357358124376,0.060892189842718006,0.027741026351574976,2.19502296241685,0.02816895793170513,0.10292087502389918,0.027777754803993877,3.7051545652315014,0.00021160997719064782,0.05710721149329789,0.007925277105451415,7.205705331617565,5.899242805489362e-13,-0.013858446156664546,0.00929052832442222,-1.4916747113546318,0.13579409332901918,0.0634151264217084,0.00783335926011509,8.095521259263256,5.898019168865152e-16,0.1222851466737196,0.009168289558064383,13.337836452401111,1.7796825234365153e-40
0.378,0.014658945364081855,0.01441775794441158,32692,0.21259105549985588,0.01962207164036868,10.834281894195627,2.6354188416349724e-27,0.013842064510199094,0.02637870976661694,0.5247438041005572,0.5997648608423725,-0.04827678409522679,0.02820661530140302,-1.7115411962535418,0.08699074078407605,0.09142401633354064,0.02804826052422321,3.2595253546858807,0.0011171286574106854,0.12153969684005139,0.028085395747305477,4.327505224907218,1.5125523795738023e-05,0.00214340840240436,0.008013050208134873,0.26748970076692713,0.7890938308380161,0.004279704739012406,0.009393421697834005,0.45560658050721253,0.6486759370871976,0.08001134451925625,0.007920114365021337,10.102296612359675,5.85196405299149e-24,0.11368194810572217,0.0092698291269784,12.263650877325073,1.690684393156288e-34
0.432,0.016056856522690732,0.01581601127752308,32692,0.19473442992460077,0.019776110308615806,9.846953060317494,7.60229102964493e-23,0.0034316084355027754,0.026585789905605305,0.12907679055942817,0.8972976810706054,-0.07971299716623756,0.028428045002426454,-2.8040266982634128,0.005049848533931538,0.05382528050366134,0.02826844709661912,1.9040763123524669,0.05690901897991565,0.09340984743164066,0.02830587384143332,3.3000163836987793,0.0009678261318757233,-0.03273084013120612,0.008075954859859775,-4.0528755669362955,5.070887980926783e-05,0.018619980086670377,0.009467162646044651,1.9667962601709121,0.049215151081115995,0.09592224708733937,0.007982289444774023,12.01688409709815,3.403762042397667e-33,0.11586698875047992,0.009342599839458144,12.402007015340606,3.059576190264089e-35
0.486,0.018109754051537585,0.017869411305535543,32692,0.14919120666063473,0.01979368040049515,7.5373151249275825,4.9214724127227305e-14,-0.021168143392690873,0.026609410059621273,-0.7955134422469852,0.42632067210999103,-0.101762519016313,0.028453301908605066,-3.5764748619750595,0.0003487614207190354,0.02599714195625453,0.028293562207984447,0.9188359445569612,0.3581881693010034,0.05780228659880654,0.02833102220460271,2.040247124913688,0.04133373907213596,-0.0814064703596814,0.008083129944681147,-10.071156954893247,8.027872264222844e-24,0.02700790735351575,0.009475573749893279,2.850266175578015,0.0043709982512331776,0.09352346846742259,0.007989381312525743,11.705971314799632,1.3737051458555316e-31,0.11533035455200791,0.00935090027543921,12.333609722577313,7.139871726020708e-35
0.54,0.02404430773751831,0.023805417625285763,32692,0.0797954005384057,0.0199724733513235,3.995268845013528,6.476238846825314e-05,-0.014226198788601221,0.02684976833802625,-0.5298443774076527,0.5962234330720098,-0.0880284940867537,0.02871031574868517,-3.066092858654301,0.002170529304446942,0.01975867810894326,0.028549133146498974,0.6920938022024076,0.4888833403168976,0.09871112033981391,0.02858693151289981,3.4530155954398487,0.0005550587112152116,-0.14565307309530173,0.008156143483623729,-17.85808125957452,5.4435601142249315e-71,0.034675129264219964,0.009561164997061881,3.6266636204767444,0.0002875434851595733,0.09777008007969916,0.008061548036008035,12.127953544777675,8.877367833965646e-34,0.09325831527242202,0.009435365368303174,9.88391139422228,5.265944062728121e-23
0.594,0.032519957970158164,0.03228314249005426,32692,0.012818816843193116,0.020114708337068698,0.6372857427701183,0.5239431999906605,-0.01889827772964322,0.027040980330133777,-0.698875466011987,0.48463483414588926,-0.0620710248796901,0.028914777723895856,-2.14668864040387,0.03182541432154044,0.025115214871116832,0.028752447251602583,0.8734983374229816,0.3823979298490915,0.03406797865495671,0.02879051480099401,1.1833056439053495,0.23669664377245128,-0.21026709277879715,0.008214227874661464,-25.59791327769355,4.154471745655379e-143,0.058207531323828283,0.009629255320335463,6.044863220201794,1.5115422193631118e-09,0.08527784542105836,0.008118958760749839,10.503544596546565,9.144821137661569e-26,0.10004682354339171,0.009502559803116248,10.528407672907523,7.030757799233053e-26
0.648,0.0407441242041211,0.04050932179900635,32692,-0.0375436542468843,0.02030424458930835,-1.849054471430754,0.06445897179972013,-0.03224021103726893,0.02729578124411047,-1.181142636986267,0.23755465939006212,-0.07418912316943846,0.029187234998060262,-2.5418345785193064,0.011031811732510185,0.014634957285933899,0.02902337492320815,0.504247260170672,0.6140910327891638,0.03802666836742942,0.029061801174327818,1.308475966074011,0.1907211224726296,-0.25909116714871216,0.008291628647285975,-31.247319214364257,3.1401093259982524e-211,0.07121538681005615,0.009719989569855338,7.3266937477913405,2.413480299638492e-13,0.08750188971888334,0.00819546183451129,10.67687111303609,1.444654419880044e-26,0.07792469286187657,0.009592100230030948,8.123840555576134,4.674074619370302e-16
0.702,0.04816005966749315,0.04792707250221895,32692,-0.0660649295232096,0.020627091557670625,-3.202823303445412,0.0013621781684068322,-0.034773694384002234,0.027729796909405458,-1.2540190791014272,0.2098440398335858,-0.07758097042024614,0.029651325661101374,-2.6164418854979608,0.00888923580656174,-0.0007533537592841722,0.029484860134558165,-0.02555052850331119,0.9796160016976783,0.007136664370648766,0.029523897381010602,0.24172500935594562,0.8089947660083624,-0.30096687919985343,0.008423469413869906,-35.72956277425163,2.650484878219289e-274,0.07172253000150887,0.00987454194196344,7.263377929128292,3.8596487400656026e-13,0.07935677914647704,0.008325773503874942,9.531460243248652,1.6540186369366425e-21,0.0785730403966936,0.009744619101928463,8.063223362023866,7.682298169837288e-16
0.756,0.06322389062598,0.06299459071853608,32692,-0.10012885338277805,0.020874878161662856,-4.796619774608637,1.6207599101995737e-06,-0.01314452928199498,0.02806290602400677,-0.4683951573208535,0.6395051542145684,-0.09021828140010879,0.030007517481401885,-3.006522664063245,0.0026445506726578308,-0.020153307374311098,0.029839052258130293,-0.6754003847028988,0.4994261994505068,-0.002604248550595073,0.02987855844644497,-0.08716111773809265,0.9305439792112857,-0.3651283488898134,0.008524657837553374,-42.83202397653152,0.0,0.0992344677996704,0.009993161632332152,9.930237441432395,3.317155715875539e-23,0.07325092561252242,0.008425788338073245,8.693658406006548,3.670229132204988e-18,0.07577738153788648,0.009861678071086273,7.684025070749398,1.5846973511363758e-14
0.8099999999999999,0.07113887958280396,0.0709115170713045,32692,-0.1256530771607832,0.021051365972367425,-5.968879992192369,2.4134670306207926e-09,-0.06037852339386188,0.028300165413394772,-2.1335042573738483,0.03289080750767678,-0.04975199920246816,0.030261217695791535,-1.6440845078546602,0.10016836555025513,-0.010202040956882036,0.030091328173982496,-0.3390359141974632,0.7345848532732415,-0.008477561560087329,0.030131168369548905,-0.2813552218126033,0.7784397404047412,-0.40037731024677187,0.008596730028207804,-46.573209689387,0.0,0.1169796461527864,0.01007764936945084,11.607830543042693,4.327788937174926e-31,0.06556248942225398,0.008497024631082019,7.715934961801469,1.2350672993753213e-14,0.06304688453497358,0.009945054173172258,6.3395214784298135,2.3348470984871786e-10
0.864,0.08618959585724861,0.08596591739342518,32692,-0.13001400089224194,0.02120846977480028,-6.1302867332146445,8.872328439861328e-10,-0.06533131921083478,0.028511366130809453,-2.2914131476933193,0.021945860582156064,-0.07806891221274423,0.030487053509605122,-2.56072342931232,0.010449898017815191,-0.0440105267995376,0.0303158961228079,-1.4517310199656825,0.14658600927690563,-0.016178557700157782,0.030356033640943372,-0.5329601980127139,0.5940647564559391,-0.45363580923851277,0.008660886386407692,-52.37752684880433,0.0,0.1245577785351274,0.010152857649882809,12.268248293283726,1.5978067000347975e-34,0.06322776914787608,0.00856043689994195,7.386044647826893,1.548680986984011e-13,0.05629570437307481,0.010019272911664427,5.618741486474074,1.939169432171483e-08
0.918,0.09056962947657377,0.09034702313798226,32692,-0.15520511918121072,0.021628747090342258,-7.175871932522316,7.337559262295264e-13,-0.054994263629538125,0.029076361179821847,-1.8913736588092238,0.05858331609873317,-0.039604986714005495,0.03109119973721395,-1.2738326937767264,0.2027317742388009,-0.048343696943987075,0.03091665061269015,-1.563678341150699,0.11790280852984023,0.010616838138967181,0.03095758351533726,0.34294789623057303,0.7316398639878074,-0.4838467571417334,0.008832514708457521,-54.78018130877596,0.0,0.13892797246850697,0.010354051597559439,13.417740017951406,6.110649950494024e-41,0.042227607755743246,0.00873007466628608,4.837027101133327,1.323948343558794e-06,0.03994428578244895,0.01021781967942794,3.9092768355337904,9.275952739664671e-05
0.972,0.09696585526360935,0.09674481456483963,32692,-0.1407974666048487,0.022093360476152096,-6.372840689257191,1.8802816024703523e-10,-0.09473869519723936,0.02970095892274053,-3.189752069745557,0.0014252926477172176,-0.07619336348012509,0.0317590788112287,-2.3991049593411464,0.01644076799712042,-0.0864749879231026,0.031580780146364146,-2.7382156970893687,0.006180698473770489,-0.010330536096929268,0.03162259234055831,-0.32668213869612434,0.7439104028694179,-0.5115552091303139,0.00902224851720616,-56.6993037439322,0.0,0.1466618311713042,0.010576469981273396,13.866803520549139,1.3381196817061415e-43,0.04893653224546612,0.008917607930794361,5.487629936776886,4.103826672708822e-08,0.04180967124819424,0.010437311625818735,4.005789301602324,6.194743873303373e-05
1.026,0.10352672603100221,0.10330729127312355,32692,-0.12131969729467945,0.02240286765810564,-5.4153646375170394,6.1594629153778e-08,-0.12738055243553648,0.030117041397265763,-4.2295174600749785,2.3482987082025844e-05,-0.10049068263748792,0.03220399360791226,-3.1204416402814763,0.0018073724720836517,-0.13096084727942683,0.03202319714660032,-4.089561909758596,4.3322265798593635e-05,-0.05859950852136119,0.032065595090273846,-1.8274885701134431,0.06763545629155522,-0.5384154986551732,0.009148641725539459,-58.851960193405105,0.0,0.16027610117086363,0.010724636369200376,14.944665315754081,2.4753906472395847e-50,0.048776254597976965,0.009042535223018918,5.394090638852125,6.93490583669001e-08,0.045775503700964275,0.010583528536187126,4.325164669273485,1.5286927612322914e-05
1.08,0.1061050140294082,0.10588621037344748,32692,-0.14289265606732116,0.02270259388491513,-6.294111447867065,3.130840503686865e-10,-0.0792930493351282,0.030519974955523946,-2.5980705898573024,0.00937912738595941,-0.05974520805132309,0.03263484833774433,-1.8307181155863952,0.06715172787957954,-0.10930014592296187,0.03245163301461537,-3.3680938605997404,0.0007577716530670627,-0.04947370321875894,0.0324945981970851,-1.5225208485020425,0.12788830034366003,-0.559085434728662,0.009271040692791123,-60.30449582250132,0.0,0.1822010534516093,0.010868120446413198,16.764725266892036,8.095620324080311e-63,0.028146479148711635,0.009163514599612555,3.0715811976664176,0.0021310314480397275,0.04140513142705883,0.010725124742659123,3.860573412481643,0.00011333883605522062
1.134,0.11094896813495303,0.11073135016062641,32692,-0.13414455411183407,0.022989827220909025,-5.834952686805358,5.4312638184835804e-09,-0.11365304464298928,0.03090611383751091,-3.6773644606539952,0.00023603370477640945,-0.06908865949508855,0.033047744608770586,-2.0905710907954975,0.03657423509279978,-0.11163143624526703,0.03286221124441981,-3.396954496305317,0.0006822145904572712,-0.041717644544763004,0.032905720022601774,-1.2677930923896705,0.2048808814085901,-0.5813299732972352,0.00938833794789002,-61.920435387382504,0.0,0.1813742741726666,0.011005623962867365,16.480144586496667,8.96899138014015e-61,0.026205736623751478,0.009279451434020907,2.8240609706382385,0.004744805313894841,0.029673856316043218,0.010860819076725132,2.732193226534328,0.0062948019288038845
1.188,0.11491734226070827,0.1147006956474258,32692,-0.15576960476774993,0.02329696774992279,-6.686260909137679,2.3262589817292173e-11,-0.10722039004560326,0.03131901472896169,-3.423491797986006,0.0006189791588409508,-0.03276987896841456,0.033489257355443953,-0.9785191298990554,0.3278248774740564,-0.12397859965714403,0.03330124529409695,-3.7229418468360023,0.00019724525224412188,-0.012416191672716084,0.033345335342813004,-0.37235168112928196,0.7096334387166335,-0.6004096705806874,0.009513764687994112,-63.10957757220692,0.0,0.20268290804864883,0.011152657393506085,18.17350797189072,1.9262844402542372e-73,0.020867403490900212,0.009403423467173492,2.2191283380724527,0.026484834717743034,0.02475849469425798,0.011005917936524926,2.2495619935610183,0.02448339014927792
1.242,0.12006045910070262,0.11984507139678335,32692,-0.16161086459930935,0.02349539138662994,-6.8784070007565,6.161394941532592e-12,-0.09413804542646942,0.03158576329758715,-2.9803948234380853,0.0028808887780617386,-0.032378513193378804,0.033774490193743734,-0.958667710678768,0.33773326138790283,-0.0948330725669049,0.03358487680653502,-2.8236838000981463,0.004750390597485249,-0.015384857010369488,0.033629342376559374,-0.4574831359501451,0.6473268619057917,-0.6245979706168783,0.009594794794934709,-65.09758509339007,0.0,0.2050544693195867,0.011247646186155966,18.230878347860518,6.829762215938689e-74,0.010127048715643995,0.009483513782011144,1.0678582800030874,0.2855923314753688,0.02248893973255736,0.011099656928041235,2.0260932277774466,0.04276333828625767
1.296,0.11767340579915797,0.11745743380290286,32692,-0.13855178601710622,0.02391666683327623,-5.793105995202203,6.972924973900319e-09,-0.12118935551622342,0.0321521001728446,-3.76925161543814,0.00016402553853958374,-0.058632102674870915,0.03438007122908314,-1.7054095753377105,0.08812756612026683,-0.11700440225576779,0.03418705804899283,-3.4224764847589686,0.0006212946326429294,-0.04412166433338295,0.03423232089251496,-1.2888890727543494,0.19744577611638606,-0.6280130650099554,0.009766830723011042,-64.30059891693746,0.0,0.21371962235127767,0.011449317956283983,18.6665811157753,2.3408202401186814e-77,0.005429241300162178,0.00965355442694232,0.5624085243679351,0.5738415697723991,0.02329598642249177,0.011298675231377182,2.0618334402423786,0.03923148382830759
1.35,0.12210895435643732,0.12189406807411485,32692,-0.14369275159736228,0.024034243989856117,-5.978667423781217,2.273009328661793e-09,-0.1270947478614898,0.03231016369159276,-3.933584152486371,8.386130246623453e-05,-0.04370724838919479,0.03454908771646864,-1.2650767727322854,0.205852827926748,-0.10014178459159997,0.034355125660807354,-2.914900838387637,0.0035604301064579426,-0.055913883976169976,0.034400611021809746,-1.625374733626707,0.10409237809201202,-0.6456936324405154,0.0098148456154379,-65.78744666394908,0.0,0.2185913532336473,0.011505604154501452,18.998685362221995,4.7287425638315115e-80,0.002764632343066401,0.009701012439729866,0.2849838983551891,0.7756582836330725,0.027021471605899235,0.011354220852181525,2.3798613711752408,0.017324853644455213
1.404,0.1298460212779985,0.12963302884065264,32692,-0.1640466657497951,0.024101489033967423,-6.806495047612867,1.0173036479382978e-11,-0.10947727678732147,0.032400563805014326,-3.378869498881335,0.0007286954117543224,-0.03007695715740654,0.03464575208121753,-0.8681282798219911,0.3853304853604729,-0.08725992188442316,0.03445124734208368,-2.53285232369022,0.011318497902765585,-0.015416543306208352,0.03449685996588279,-0.44689700226209667,0.6549523897681501,-0.6700365222852891,0.009842306422053424,-68.07718572792594,0.0,0.23372299504221428,0.011537795508605338,20.257162199476888,1.1087417416642867e-90,0.002547096534116537,0.009728154754241996,0.26182730419721856,0.7934562374705758,0.019186011880139565,0.011385988653256386,1.685054540665854,0.0919875961804334
1.458,0.12897186118523685,0.12875865477485482,32692,-0.15083363533657174,0.024446076775068156,-6.170054881378864,6.90664631761283e-10,-0.10541273616087367,0.032863806431900365,-3.207563201155884,0.0013399358077870488,-0.05515716301942583,0.03514109498022171,-1.5695914726183027,0.11651986429455685,-0.08966723283381374,0.03494380933619866,-2.5660405816410665,0.010291094646168838,-0.04493605610159264,0.03499007410024431,-1.2842515272432329,0.19906306447420974,-0.6786581910339176,0.009983025451173026,-67.98121414727775,0.0,0.2351311164932821,0.011702755560907056,20.09194460821991,3.006814849040036e-89,-0.0032569706269602585,0.009867241715513068,-0.3300791366892045,0.7413422826858693,0.01931083258572007,0.011548778267818985,1.672110429163774,0.09451212061605344
1.512,0.1272270972220706,0.12701346373609257,32692,-0.18098263469542208,0.024634734673879104,-7.346644365823961,2.079894802566336e-13,-0.08089561247811303,0.03311742654139356,-2.442690176333641,0.014583504542094904,-0.005127066138161565,0.03541228962637638,-0.14478211356157938,0.8848837974731618,-0.05542574747086683,0.03521348146831521,-1.5739922654548781,0.1154989169649603,0.0032540181491082236,0.03526010327178498,0.09228612077583104,0.9264712809483373,-0.6794791985942186,0.01006006753128771,-67.54221047532508,0.0,0.2365829273171955,0.011793069327599898,20.06118345827993,5.54247936873363e-89,-0.008859942513759565,0.00994339025690221,-0.8910383968495486,0.37291513086987715,0.02116155008447982,0.011637903744347894,1.8183300488936605,0.06902285185316925
1.566,0.12980344896727225,0.12959044610926473,32692,-0.16045653760506515,0.024744584689748435,-6.484511242233196,9.028843137633359e-11,-0.08923871574361511,0.033265102166046466,-2.6826526880383565,0.00730775358602327,-0.05707221615561332,0.035570198393364304,-1.6044953003765159,0.10861458169767559,-0.11087095183742149,0.035370503719592404,-3.134559595655629,0.0017226459578059243,-0.017502914593908372,0.03541733341675045,-0.49419063789908185,0.6211748723194873,-0.6889758863004718,0.010104926897243467,-68.1821742311088,0.0,0.23863577048034873,0.011845656411241542,20.145423959273636,1.036133850948315e-89,-0.007067625309231372,0.009987729341206368,-0.7076308405828016,0.47917958146921236,0.026652866450104278,0.011689798921134916,2.2800106853776967,0.022613466358561363
1.6199999999999999,0.13073267963587665,0.13051990423083704,32692,-0.1555352334280509,0.02477344087724006,-6.278305633794487,3.465780594443748e-10,-0.0799689854254336,0.03330389465487046,-2.401190198748683,0.01634739032082216,-0.07273168725057019,0.03561167899717409,-2.04235490430939,0.04112434751433215,-0.07445689771978105,0.035411751447117557,-2.1026042112311756,0.03550800940396618,0.006294022133700025,0.03545863575527588,0.177503223111553,0.8591142337586146,-0.6938149818581776,0.010116710876194498,-68.58108236450492,0.0,0.22653609536850677,0.01185947036232013,19.101704245432117,6.752739518967104e-81,-0.006762351912741368,0.009999376648853638,-0.6762773471000941,0.4988693579627067,0.01956919644548709,0.011703431117174456,1.6720905390531025,0.09451604214125903
1.674,0.13174189372487333,0.13152936535078896,32692,-0.18985379099822472,0.02492786814017162,-7.616126253984495,2.6844492851416343e-14,-0.05123209999759464,0.03351149719672155,-1.5287917366642367,0.126325759188306,-0.023945131994301316,0.03583366730082485,-0.6682300137823216,0.5039914985445741,-0.04924177675292257,0.03563249348608943,-1.3819346314381864,0.16700121824689657,0.026336943810288914,0.035679670051404086,0.7381498700056641,0.4604286817395462,-0.6993109809943425,0.010179774218029907,-68.69611899208509,0.0,0.25682769539846245,0.011933397337460416,21.521758484672965,4.9848157118123415e-102,-0.005464940794744527,0.01006170857821929,-0.5431424247939912,0.5870354484804943,0.014915842289739571,0.011776385408961745,1.2665891758594043,0.205311251193331
1.728,0.13144022377752917,0.13122762156201107,32692,-0.17031562190125807,0.025036886748735995,-6.802587862081398,1.045249433224812e-11,-0.06778037584034931,0.033658055128380694,-2.013793595079011,0.044039387858452475,-0.062054285855792146,0.035990380924586333,-1.7241908604918548,0.08468284937240755,-0.07639810311589344,0.03578832730379454,-2.134721258900333,0.03279120205448435,0.007874058565213128,0.035835710189339974,0.21972659460661167,0.826085463528075,-0.7026272141265881,0.010224294062828054,-68.7213425013952,0.0,0.24210104444358677,0.01198558641218836,20.19934912799843,3.529061637777758e-90,-0.0072360631593034385,0.010105712079152849,-0.7160369405566945,0.4739736552002838,0.017660919369211665,0.011827887813579087,1.4931591884846869,0.13540517526269985
1.782,0.1344400575856568,0.13422818965617322,32692,-0.15407880127090723,0.02508901214389467,-6.141286089193504,8.27980327893895e-10,-0.08586805369351022,0.03372812931298066,-2.5458884154735175,0.010904552082642684,-0.05049157338331621,0.036065310880791845,-1.400003830556406,0.16152166358427575,-0.09393128771209659,0.03586283659568454,-2.6191817666592376,0.008818166352354412,0.01390031980730404,0.035910318129742366,0.3870842847195842,0.6986963318507822,-0.7139637579695064,0.010245580470103524,-69.68504713352687,0.0,0.2441385539653531,0.012010539731433425,20.32702604749769,2.724766149737819e-91,-0.014210520954181538,0.01012675160538357,-1.403265480178951,0.16054718805737772,0.013190969489145797,0.011852512813179181,1.1129259843092802,0.2657484045704941
1.836,0.13467342612734345,0.13446161532077794,32692,-0.1578547175386506,0.025259474092011392,-6.249327161905324,4.1730471455897776e-10,-0.05193913061370714,0.03395728790224869,-1.5295429588847604,0.12613957579013366,-0.05352373885032629,0.03631034895231556,-1.4740629157989134,0.14047428356495584,-0.052000073652179915,0.03610649899881266,-1.4401859801995731,0.14982436725044684,0.03523182610725593,0.036154303136038304,0.9744850004351803,0.3298229954481223,-0.7194057857078271,0.01031519188391702,-69.74235610968051,0.0,0.2533397069773352,0.012092142784945902,20.9507703872576,8.008167248742554e-97,-0.015150643434684946,0.010195555661790704,-1.4860046805947162,0.13728752860898363,0.00379189794114772,0.011933042186461205,0.31776456346143395,0.7506655628449195
1.89,0.1335586100608639,0.1333465263745588,32692,-0.14287740912869434,0.025249309678693283,-5.658665957480094,1.5382889194240153e-08,-0.05677766326245826,0.03394362348832847,-1.6727048390099335,0.09439498721278401,-0.05395645225950875,0.0362957376665409,-1.4865781970109486,0.1371358960851924,-0.061335690885281485,0.0360919697422669,-1.6994276378729185,0.08924815427946482,0.03742002083878818,0.03613975464310594,1.0354254257762778,0.30047793761131036,-0.7154206817267988,0.010311041050317642,-69.38394273047332,0.0,0.25204263345773376,0.012087276906237579,20.851895378326976,6.183492818895982e-96,-0.01712796389667203,0.01019145296981158,-1.6806204127524609,0.09284622418379761,0.009265845186415048,0.011928240329839655,0.7767990022162476,0.43728298740457416
1.944,0.13277479503083434,0.13256251948575737,32692,-0.1301848818066434,0.02540325796451438,-5.124731717030063,2.9965562542306006e-07,-0.06733031601745697,0.03415058212272608,-1.9715715467307036,0.04866695882273744,-0.062185006427829585,0.03651703744334594,-1.7029039259908751,0.08859555740081557,-0.05104548929991803,0.036312027119852056,-1.4057460667628516,0.15980904847891883,0.013877764126048915,0.03636010337137221,0.38167559603187057,0.702704484997871,-0.7152988090979627,0.010373908792641181,-68.95171563541854,0.0,0.2669623186347251,0.012160974586833196,21.9523786295687,4.80799309740925e-106,-0.011726109243887931,0.010253591568240381,-1.1436099405605882,0.25279381344941737,0.005603020977453297,0.01200096834399168,0.4668807396911822,0.6405883180983698
1.998,0.12556220482088176,0.12534816380991487,32692,-0.1433666440023486,0.025526166514811096,-5.616458073293642,1.964933383113403e-08,-0.042115292368686004,0.03431581284023312,-1.227285291616595,0.21972422173496914,-0.024592768501543634,0.03669371777858334,-0.6702174102373855,0.5027239422495284,-0.06169627149221985,0.0364877155539053,-1.6908778901510721,0.09086966171580069,0.06530599497008614,0.03653602441269126,1.7874411904378205,0.07387547205524811,-0.6954566936886202,0.010424100862193638,-66.71622837140018,0.0,0.2632722152109018,0.012219813014516401,21.544700798461506,3.0594619889793304e-102,-0.017407408980718006,0.010303201507120958,-1.6895145619239849,0.09113040137519089,0.0013113653786752883,0.012059032613676192,0.10874548736090689,0.9134050296509848
2.052,0.12661273905907677,0.1263989551932283,32692,-0.12993617390740186,0.025597200787909544,-5.076186844960613,3.8719466917079235e-07,-0.04538952844709969,0.03441130696072607,-1.3190294835038716,0.1871684971840362,-0.0582719904543089,0.03679582913824124,-1.583657491053731,0.11328135881655581,-0.05824922458487062,0.036589253650113,-1.591976298338371,0.1113997012408808,0.06697534205345616,0.03663769694289892,1.8280445454265173,0.06755197739336723,-0.7010945897898906,0.010453109073317748,-67.07043663970568,0.0,0.2586889011349399,0.012253818337422272,21.110881034111856,2.8670148935902444e-98,-0.021717308068766056,0.010331873279250177,-2.1019719736963483,0.03556336293231448,-0.0037208457488698532,0.012092590516524079,-0.3076963322114856,0.7583153715656659
2.106,0.12577801376781783,0.12556402558160928,32692,-0.09152668505574087,0.02558212303023143,-3.5777595529339017,0.0003470528658654996,-0.07552757599616672,0.03439103734796489,-2.196141257153329,0.028088833963531058,-0.10163118246451519,0.03677415494816442,-2.7636578626421464,0.005718942363752419,-0.06503318620730082,0.036567701141120686,-1.7784324466098433,0.07534215128896375,0.04662302355568855,0.0366161158989025,1.2732924399850392,0.20292334447753513,-0.6981294238669102,0.010446951781085043,-66.82613632149845,0.0,0.24720751881100822,0.012246600356633898,20.18580762105931,4.626310977209044e-90,-0.02533001501288059,0.01032578739966685,-2.453083143441229,0.014168945053639897,0.011073372711624774,0.012085467505261264,0.9162552219683776,0.3595398083690112
2.16,0.12283523732557722,0.12262052881958352,32692,-0.09076039563464586,0.025619879232548416,-3.542577028206307,0.00039678955799667625,-0.09059416091779449,0.0344417944709162,-2.6303554245495313,0.008533562428214979,-0.1314916795542329,0.03682842927217648,-3.570385220136814,0.0003569678197283742,-0.08146634046659477,0.03662167076361526,-2.224539153127171,0.02611899361504392,0.04001439147607591,0.03667015697588064,1.0911977143265272,0.27519393764588296,-0.6861276525662915,0.010462370252201626,-65.58051722762418,0.0,0.25756396174537893,0.01226467489721108,21.000471998156883,2.8561094473283133e-97,-0.028419834389766647,0.010341027046418734,-2.7482603287077656,0.005994528027870912,-0.0005786292221956946,0.012103304232716793,-0.04780754173158642,0.961869918109417
2.214,0.1188991178580957,0.11868344588621027,32692,-0.09623716081831071,0.025828085515813386,-3.726066369084499,0.00019481854127343558,-0.09022661508231439,0.03472169422964164,-2.5985660286498526,0.00936560615403266,-0.07478248214911129,0.03712772460872533,-2.014195131460784,0.04399722767293769,-0.07005470489015372,0.03691928582602191,-1.8975097519567103,0.057769497483070135,0.0514285866239171,0.036968166073479795,1.3911587207678908,0.16418677136195037,-0.6809495392614182,0.01054739529094519,-64.56091958988254,0.0,0.25935674471395426,0.012364346810283849,20.97617841795237,4.728924971392061e-97,-0.03480889636016761,0.010425065959597607,-3.338961738474332,0.0008418610609236138,-0.0052867145383633084,0.012201664727184603,-0.4332781351207605,0.6648155800852895
2.268,0.11099752563323784,0.11077991954460054,32692,-0.09395286750423887,0.02599558067671161,-3.6141861446629444,0.0003017448067268579,-0.050121438681145755,0.034946864452114854,-1.4342184761618175,0.15151949354485195,-0.07399270231359331,0.037368497940659516,-1.980082325789288,0.04770265218632894,-0.05391884109048191,0.037158707432237786,-1.4510418907548848,0.14677779336572624,0.05003171991689384,0.037207904668150264,1.3446529806802232,0.1787466570054783,-0.6590452421158607,0.010615795160158585,-62.08157110917874,0.0,0.25763965809147044,0.012444529611952289,20.703045123057255,1.318063329663262e-94,-0.03184084574607176,0.010492672522972517,-3.034579195753974,0.002410607755052809,-0.0027350916478617975,0.012280792535378313,-0.2227129592803224,0.823760306352912
2.322,0.10946274876935125,0.1092447670048301,32692,-0.12859396898198217,0.02614699258562112,-4.91811700947585,8.780437846767381e-07,-0.02778709614256787,0.03515041333693883,-0.7905197550939465,0.42923002563273027,-0.05801666863741043,0.03758615169021953,-1.5435650107405707,0.12270342868754718,-0.0041052905906024915,0.03737513925174183,-0.10984014167682783,0.9125368295608604,0.10005418557633532,0.03742462303818362,2.6734854610092387,0.007510482449709524,-0.6562750324610558,0.010677627124205915,-61.46262880572937,0.0,0.26350464646999916,0.012517013085488027,21.051719341533737,9.84044642563379e-98,-0.0404810962550817,0.010553787356144482,-3.835693755144057,0.00012544538903555357,-0.011714818354803052,0.012352322318222097,-0.9483899507318877,0.3429379856728262
2.376,0.10770787196252629,0.10748946064703202,32692,-0.098663244122107,0.026334196979599666,-3.7465825974696907,0.0001795679840818018,-0.033813070066403744,0.035402079443673254,-0.9551153660395086,0.3395264233095595,-0.061970074269018606,0.03785525693152452,-1.637026909660521,0.10163447464792325,-0.04252181510548218,0.03764273370913782,-1.1296154905763383,0.2586465712654167,0.04241608671082345,0.03769257178421232,1.1253168649157972,0.2604630493120859,-0.6539205086730111,0.010754075637677217,-60.80676114848789,0.0,0.27917271587812253,0.012606631034528137,22.144910493017527,7.272015803698775e-108,-0.04379358233635883,0.010629349215112232,-4.120062428101948,3.797018529306791e-05,0.0027972754151608954,0.012440761132217176,0.2248476106431254,0.822099231989165
2.43,0.10176111860452142,0.10154125166907602,32692,-0.08417096202456452,0.02637610574369212,-3.191182308809712,0.0014182576671723387,-0.057702565677559436,0.03545841901601475,-1.6273304698525375,0.10367656955596363,-0.07139698775081214,0.03791550053924233,-1.8830553925278308,0.05970173438373848,-0.06144400349478049,0.037702639103178635,-1.6297003328236581,0.10317448385734,0.04144552247203977,0.037752556491555636,1.0978202888408408,0.27229105799593456,-0.6321664651900971,0.010771189887231929,-58.6904949043245,0.0,0.27219369985494896,0.012626693477534694,21.557005429745615,2.3542417669422483e-102,-0.03705632765156242,0.010646264972560902,-3.4806880861099514,0.0005007797639187829,0.0011458317052445298,0.01246055960656688,0.09195668103386476,0.9267330208183855
2.484,0.10360430701984247,0.10338489125189465,32692,-0.08575800443209353,0.026508989815457868,-3.2350536564802064,0.0012174076355702071,-0.04792694446418591,0.03563706021282414,-1.3448624599775267,0.17867898743516655,-0.03935269305813187,0.03810652062930608,-1.0327023409181948,0.3017508592055448,-0.041403118821624965,0.03789258678723139,-1.0926442962077352,0.2745580596993619,0.04238469235458482,0.037942755661778634,1.1170694277558955,0.26397285280973,-0.6413941190465766,0.010825455652765562,-59.24869489283074,0.0,0.2883914829478317,0.012690307358163533,22.725334762070414,1.9102322214071096e-113,-0.04244245530867594,0.010699901360449184,-3.9666211751782168,7.305406478179178e-05,0.00189977245394622,0.012523336496873988,0.1516985872271684,0.8794256078209526
2.538,0.09815227807784854,0.09793152778640113,32692,-0.07237696784599915,0.026772739053516497,-2.7033830084147743,0.006867309136114688,-0.05975147910902184,0.03599162851373695,-1.6601493618499774,0.09689400189999749,-0.04817121149487946,0.03848565864441008,-1.2516665477901643,0.21070035251002267,-0.03432202294721054,0.03826959628335994,-0.896848315124091,0.36980646853051946,0.0576661899097109,0.03832026430942251,1.5048484385200718,0.13237271048964866,-0.6291653358650324,0.010933162724967515,-57.546507967748354,0.0,0.27345604568657844,0.012816568634800098,21.336135550671404,2.5403995940853647e-100,-0.04112685401211144,0.010806359239484444,-3.8058011121675004,0.00014160355138205223,-0.003804297545821546,0.01264793650924701,-0.3007840482943754,0.7635810863662669
2.592,0.09624951421013939,0.09602829816857905,32692,-0.07754169074740558,0.0269111706199174,-2.8813941928641222,0.003961777577699537,-0.052326080981415446,0.03617772742212718,-1.446361745470268,0.14808535526803593,-0.07070729642678153,0.038684653226154844,-1.8277867456486867,0.06759067511427808,-0.04239210312391289,0.038467473689494824,-1.102024621270875,0.270459082919961,0.07449209098764578,0.03851840370048916,1.9339350500316757,0.05312973662705488,-0.621258936330662,0.010989693916591497,-56.531050004288765,0.0,0.28058964224883487,0.012882838196104736,21.78011071610557,1.9845277305557257e-104,-0.0488531788798176,0.010862234778913654,-4.497525589729839,6.8985267375911214e-06,-0.0074663760705902535,0.012713334138500197,-0.5872870160770484,0.557015016757503
2.646,0.09604837831138513,0.09582711303667024,32692,-0.0760009382754881,0.02710235377619161,-2.804219105952784,0.005046836494287191,-0.06996409991565947,0.0364347423328896,-1.9202578483038415,0.054834030374263196,-0.03576225829982313,0.03895947791541142,-0.917934741771179,0.35865980554154575,-0.04411669232159385,0.03874075548528596,-1.1387669592130105,0.2548087129458066,0.08288506155482957,0.0387920473148124,2.1366508676942306,0.032633802739953886,-0.6212258824460646,0.011067767234141884,-56.129286901671094,0.0,0.2961547534532075,0.012974360846787138,22.826153592494293,1.9840123052018387e-114,-0.04309174691523768,0.01093940259738407,-3.9391316419364775,8.19467909162268e-05,-0.002710149071330231,0.012803652593304545,-0.211669994291118,0.8323658185904556
2.7,0.09514683788059752,0.09492535193080853,32692,-0.057260844826901316,0.02737671502556573,-2.091589322291893,0.03648296758395163,-0.057466145648789206,0.036803576771020835,-1.5614282819934526,0.1184324153642728,-0.02945114375331254,0.03935387063584094,-0.748367143497452,0.4542441202878249,-0.05115445897909967,0.03913293404528902,-1.3071971276137382,0.1911549671280948,0.05645320876611344,0.03918474510980692,1.4406935302989805,0.14968086305414025,-0.6250821904622352,0.01117980792519096,-55.91171106381582,0.0,0.30427938989993436,0.013105702274957933,23.217328115361223,2.764894522122742e-118,-0.04830242687113862,0.011050143833691795,-4.371203452018872,1.2394456169997706e-05,0.0025416788912526935,0.012933265915861684,0.1965225881681992,0.8442023764780987
2.754,0.0881597922597478,0.08793659605187454,32692,-0.0669983327190069,0.02744504241464486,-2.44118160601771,0.014644559501476345,-0.06010384888863472,0.03689543192264107,-1.6290322610846493,0.103315827290114,-0.04969050814080636,0.03945209086526562,-1.2595152006139894,0.20785329772373987,-0.01967314048978574,0.03923060285646024,-0.5014743352725739,0.6160407134030825,0.0918400691374788,0.03928254323213767,2.3379359272834193,0.019396571880120898,-0.5988748614022814,0.011207710728183252,-53.43418258434636,0.0,0.28770402886445456,0.013138411766131732,21.897930585955567,1.5630038753244712e-105,-0.0471314014240417,0.011077723018279863,-4.254610929183551,2.099951938538235e-05,-0.011754644883543901,0.012965545036693811,-0.9066063054254225,0.36462170999240373
2.808,0.09092040102232135,0.09069788054403538,32692,-0.09079883139603885,0.027658860633645265,-3.2828117035879556,0.001028851372260535,-0.04995157338461231,0.03718287602361065,-1.3434026284812854,0.17915096362752775,0.0029538709394798307,0.03975945332720708,0.07429355014442615,0.9407772637627112,0.013757178886641045,0.03953623975460562,0.3479637662061288,0.7278696363781936,0.11781103080435264,0.039588584786193357,2.9758838675496073,0.0029235922827170924,-0.6127966270632366,0.011295027508779414,-54.25366397619848,0.0,0.30633081032747034,0.01324077020893848,23.135422297463847,1.795830119660607e-117,-0.0543024012255417,0.0111640270935501,-4.864051365202647,1.1554142343370521e-06,-0.014634097235460702,0.013066556713273917,-1.1199658453702932,0.262736547014849
2.862,0.08823061214294137,0.08800743327004557,32692,-0.09159692600556837,0.027868657070799656,-3.286736270530316,0.0010146253367494774,-0.0501114980832803,0.037464913487706974,-1.3375580888428564,0.18104984198697185,0.00973550232094445,0.04006103450084037,0.24301674787604963,0.8079939484342881,0.009839716226441388,0.03983612782117725,0.24700483617814142,0.804906032729625,0.11991141546806462,0.039888869897360395,3.006137195077558,0.0026479046215747465,-0.6087582577375212,0.01138070191743601,-53.49039647588538,0.0,0.29887651214222877,0.013341203355907529,22.402515288089457,2.5239894699390432e-110,-0.05221354620116951,0.011248707845210305,-4.641737248372222,3.468328199293903e-06,-0.00880823062896529,0.013165668425814455,-0.6690302644789867,0.5034808979900974
2.916,0.08590187436108077,0.0856781254700637,32692,-0.08794263820019825,0.028027402310487042,-3.1377377477217236,0.0017040836135567212,-0.026241100777209227,0.037678320852703576,-0.6964509081971555,0.48615144393268905,0.022334097146245718,0.04028922987128124,0.5543441067898345,0.5793471631053059,0.01627775770108187,0.04006304207984156,0.40630358694783986,0.6845222103818303,0.1202565649523438,0.04011608458505162,2.9977144129652866,0.0027221684569169974,-0.6021147421279711,0.011445528588097045,-52.60698424659475,0.0,0.30637447298537845,0.013417197420460812,22.834461131068014,1.645555485434741e-114,-0.06801348687993297,0.011312782652206739,-6.012091717033551,1.8508383482170644e-09,-0.01756269730797002,0.0132406626095884,-1.326421329945509,0.18470944579019297
2.9699999999999998,0.08415139591620957,0.08392721855083096,32692,-0.05420144131406679,0.028246046543975684,-1.91890363239619,0.055005230205228454,-0.05591484494416993,0.03797225275159012,-1.4725185073942826,0.14089054245236132,0.0028087236286874137,0.0406035297013357,0.06917437102998998,0.9448512463745065,-0.016967445312129077,0.04037557739901713,-0.42024031370365295,0.6743126700134376,0.050800318416224545,0.0404290336934812,1.2565306111784615,0.20893263534636752,-0.5983328798835992,0.011534816164494394,-51.87190427233185,0.0,0.315022805981801,0.013521866159042582,23.29728768770081,4.4231396524832794e-119,-0.05338065064738917,0.011401034665868734,-4.682088267584588,2.851064481031857e-06,0.00507126252781262,0.013343954184565078,0.38004196190050904,0.7039167362885435
3.024,0.0859105299526659,0.0856867831803263,32692,-0.0711682184166674,0.028251738140080952,-2.5190739792289283,0.01177112372443785,-0.06020441081162343,0.0379799041843502,-1.5851648945557621,0.11293854913089141,-0.002075708554441123,0.040611711338052484,-0.0511110831346873,0.9592373168199069,0.015378723284437845,0.04038371310320194,0.38081498957604515,0.7033430109020513,0.09884673380918589,0.0404371801691429,2.4444517000375456,0.014512496156434553,-0.6028169518937476,0.011537140437190561,-52.250118231250475,0.0,0.3157418262230246,0.013524590823559685,23.34575813362175,1.4519566896888994e-119,-0.06737989721201917,0.01140333198150897,-5.908790283513519,3.480388040379719e-09,-0.007338127766724423,0.013346642999707668,-0.5498107476827807,0.5824529431228358
3.078,0.08429729480674408,0.08407315315384978,32692,-0.049867010675358946,0.028207439008433897,-1.767867357984854,0.07709240933577295,-0.07497312575984481,0.03792035114846041,-1.9771210837769042,0.048036335074125566,-0.020226416209658524,0.04054803159070185,-0.4988260937997465,0.6179052604191388,-0.015615756499034843,0.04032039086036203,-0.3872917937009957,0.6985427219604481,0.07088365987673696,0.040373774089174766,1.7556857508583195,0.07915144777836741,-0.5929720991325611,0.01151905003508774,-51.47751744513058,0.0,0.3183558119382923,0.013503384070672666,23.576002154135097,7.09073856121077e-122,-0.0657912033486387,0.011385451392988745,-5.778532714930693,7.60382332810019e-09,-0.008067600714970096,0.013325715271567236,-0.6054159608365448,0.5449068523290279
3.132,0.08320886799143712,0.08298445991824721,32692,-0.059032645266788294,0.028380252988380983,-2.08006057208005,0.037527750209368736,-0.06911935826445419,0.03815267166508006,-1.8116518515718247,0.07004918241868108,0.0029849456860280878,0.04079645069447495,0.07316679846446392,0.9416738342776934,0.018792637699704524,0.040567415314284205,0.4632446399188622,0.6431921068038162,0.10065552613283339,0.040621125597539234,2.4779108075461838,0.013220430487245569,-0.5917112228670798,0.01158962194631931,-51.05526527161642,0.0,0.31888857036049767,0.01358611308209796,23.471655832210626,7.959028080055714e-121,-0.06370156388010687,0.011455204806906549,-5.560927539392403,2.7043967481155034e-08,-0.003967043974103552,0.013407355788135672,-0.2958856344823814,0.7673193019778491
3.186,0.08115235263324583,0.08092744117533401,32692,-0.04709819206922877,0.02861765329090097,-1.6457740818393283,0.09981989584023648,-0.058799983408158576,0.038471818072934275,-1.5283910756878316,0.12642514673321878,0.0021489834301539512,0.041137712266053436,0.052238768559993015,0.9583387615028064,-0.0008310953327756148,0.0409067610090533,-0.020316820796241496,0.9837907615243968,0.06231867975090464,0.040960920577855525,1.521417948418758,0.12816466181125816,-0.5823727199455131,0.011686568924109639,-49.832651801168595,0.0,0.3404219866793823,0.013699760672099406,24.84875428318082,4.796768760756714e-135,-0.06004707863664349,0.011551027387758853,-5.198418861016475,2.0219843476882937e-07,0.004176848888950678,0.013519508076608915,0.30894976838523797,0.7573617070013487
3.2399999999999998,0.08470494147061713,0.08448089959966798,32692,-0.07472664984433636,0.028641492296608582,-2.6090347901734394,0.009083935654241487,-0.04447223223164684,0.03850386577025243,-1.1550069413031636,0.24809602828686125,-0.008852964759616465,0.04117198069986035,-0.2150240189840197,0.8297499337191135,0.024668727599807642,0.04094083705642385,0.6025457556182764,0.5468150960677645,0.10718982049784956,0.040995041741094126,2.6147020699432697,0.008934629856376509,-0.5995074439002492,0.011696304040418872,-51.25614397749355,0.0,0.3338356304856901,0.013711172812344984,24.34770789156111,8.808835956269592e-130,-0.07139126748293302,0.011560649595597716,-6.175368165307834,6.6785801761705e-10,-0.00039099844863378755,0.01353077006328987,-0.028896984192688307,0.976946927321729
3.294,0.07982462986787431,0.07959939341586397,32692,-0.06375401242215359,0.02886824865250226,-2.2084475296573793,0.02722000604202548,-0.05808423530865811,0.038808703109014825,-1.4966806580858354,0.1344860278248989,0.010644372157385312,0.041497941659287406,0.25650361757166956,0.797563601935865,0.018209310062175008,0.04126496803821808,0.4412776969876778,0.6590148894726015,0.08136288322379989,0.04131960186452109,1.9691110163784469,0.04894877850115379,-0.5834002917465051,0.011788904357963917,-49.48723596628324,0.0,0.3361125771063953,0.013819724962832057,24.321220430244814,1.6608396082916738e-129,-0.07223624361083125,0.011652175929034324,-6.199378043274861,5.736364197828508e-10,-0.009873953219037654,0.013637893954748214,-0.7240086520543669,0.4690656055330401
3.348,0.0803851425129638,0.08016004326075643,32692,-0.07189390602121296,0.028789806303751043,-2.4972000597255097,0.012522711153217856,-0.06799679466818892,0.038703250025923286,-1.7568755756336982,0.07894838257002594,0.014598313226670458,0.04138518123342024,0.3527425226032771,0.7242837521775798,0.030495440604421543,0.0411528406607306,0.7410288114939608,0.4586812952212357,0.11007195785652957,0.04120732603307964,2.671174484075188,0.007562378104197292,-0.579676261992464,0.011756870916719397,-49.30531823464259,0.0,0.33903601611617235,0.013782173267257121,24.599604833124122,2.0482002778587894e-132,-0.07759788646831921,0.011620514013587418,-6.677663860444297,2.4666500228477928e-11,-0.012255915414229756,0.01360083634011049,-0.9011148364520495,0.3675339053109
3.402,0.07825557142795314,0.07802995090876663,32692,-0.051186025337615244,0.029057976566416968,-1.7615137523640314,0.07816083602145486,-0.09222142097345652,0.03906376168119359,-2.3607921256045996,0.01824178639610873,0.007021573167458094,0.04177067444600907,0.16809815164784733,0.8665071035564444,0.001861494741575636,0.04153616967562567,0.044816235009459755,0.9642540582244068,0.07952530000481776,0.04159116256638107,1.9120720628545158,0.055875685069719204,-0.5771332584712365,0.011866383399318323,-48.63598613410642,0.0,0.33613789946167016,0.01391055096407775,24.16424053437596,7.024988550394997e-128,-0.07695502243850338,0.011728756363760185,-6.561226105461701,5.4163669825307005e-11,-0.007660105199604552,0.013727524926178833,-0.5580106567496727,0.5768409293625654
3.456,0.0824106303859572,0.08218602692370125,32692,-0.09276018049729243,0.029074316610962186,-3.1904509309194946,0.0014218511186021197,-0.061575729169788575,0.03908572823500767,-1.5754018653447377,0.11517339303677541,0.04914774765369849,0.041794163166208556,1.1759476426946494,0.23962436451641206,0.05711250540575637,0.04155952652778592,1.3742337841017516,0.16937853890302332,0.11217712158948527,0.04161455034245243,2.695622580716667,0.007029317264270534,-0.5941301046040679,0.011873056170661927,-50.04019993370797,0.0,0.3538519841449064,0.013918373223204501,25.423372291452115,3.2917617387910856e-141,-0.07066515311659158,0.01173535174389637,-6.0215624259703135,1.7458171693435307e-09,-0.01668005290296184,0.01373524426507625,-1.214397980920745,0.22460456028799491
3.51,0.07956018349681127,0.07933488231478936,32692,-0.06661499406281068,0.029183055101640168,-2.282660051553915,0.022456793494394656,-0.03662660476928501,0.03923190959335891,-0.9335921995366007,0.35052118758253503,0.00542604672853549,0.04195047412211695,0.12934410974093838,0.8970861659575418,0.036154875948387497,0.041714959938255795,0.8667124696248533,0.38610593416752104,0.07701886876547952,0.04177018954302352,1.843871660820444,0.06521089207237214,-0.5827853687492555,0.011917461623935621,-48.901803684331604,0.0,0.35575205840260493,0.01397042820070356,25.46464956490661,1.1734845693735532e-141,-0.07174019423592205,0.011779242180025327,-6.090391312063829,1.1388966458535417e-09,-0.007926225961999957,0.01378661433682936,-0.5749218603167823,0.5653481022822482
3.564,0.08017481337941468,0.07994966264377346,32692,-0.049105916579137536,0.029207995654412133,-1.681249105900892,0.09272409353861306,-0.09008197838239809,0.03926543814299672,-2.294179885484479,0.021786479259977717,-0.022839448022780196,0.041986326023503134,-0.5439734834144601,0.5864634308375056,0.007527197886842741,0.04175061056345925,0.18028952835076992,0.8569263939292422,0.08622980988759298,0.041805887368798256,2.062623599563884,0.0391562864984468,-0.579868978283975,0.011927646578166919,-48.61553991257605,0.0,0.3552968317503608,0.013982367670391467,25.410348241859204,4.5564230473367617e-141,-0.0666920542944476,0.011789309008538704,-5.656994336660801,1.553325736954537e-08,-0.025974568235237524,0.013798396714692709,-1.8824337908461113,0.059786017269226076
3.618,0.07778523454964748,0.0775594989034828,32692,-0.030593714850250538,0.02922271216487449,-1.0469156551123953,0.2951462230393874,-0.04488902082509556,0.03928522211715495,-1.1426439359622091,0.2531948261409485,-0.0032040249419669833,0.0420074809227818,-0.07627272265758153,0.9392025936332076,-0.014405867345394419,0.04177164669700422,-0.3448719043778463,0.7301928925092234,0.05277627928463821,0.04182695135367865,1.2617768586186136,0.20703809617817306,-0.5745371073810243,0.011933656348153734,-48.14426447514649,0.0,0.3552854565569502,0.013989412715951749,25.396738502955724,6.398750236395377e-141,-0.07709655473060296,0.011795249076848114,-6.536237957189832,6.40130655990243e-11,-0.010787364112663475,0.013805349066097377,-0.781390174273438,0.43457870839143853
3.672,0.07852810878152094,0.07830255497282079,32692,-0.02114010438079507,0.029312461698939484,-0.7211985331672062,0.47079253292139,-0.08605575820008113,0.03940587588675585,-2.183830615702774,0.02898178134231861,-0.027965269598189183,0.04213649536260493,-0.6636828563347404,0.5068979954767717,-0.036231801900966906,0.04189993683677742,-0.8647221126396701,0.3871976761676905,0.056146922376894136,0.041955411346514766,1.338252220033549,0.1808235414296365,-0.5759806043520661,0.011970307295912988,-48.11744511761387,0.0,0.3548288891775199,0.014032377354757887,25.286441506450075,9.964317556787568e-140,-0.06740686936703073,0.01183147494468868,-5.697249893369436,1.2280011770011226e-08,-0.016161010189068487,0.013847748403958157,-1.1670496688435732,0.24319882654007152
3.726,0.07694932507692209,0.07672338482053853,32692,-0.02535775209503588,0.029286706886852774,-0.8658451150893767,0.38658146045284636,-0.07711246603876913,0.039371252696830714,-1.958598234924247,0.05016834836272523,-0.04315997121499371,0.04209947296812976,-1.0251902974573284,0.3052809930168395,-0.015994905564233285,0.04186312228975098,-0.38207626878679307,0.7024072778593323,0.05251055961913418,0.04191854805791253,1.2526807833751366,0.21033086501915726,-0.5702052252256067,0.011959789823235572,-47.67686001620259,0.0,0.3472924649655057,0.014020048085192832,24.77113222830498,3.185527533525517e-134,-0.07270596379490278,0.011821079454298321,-6.150535073890042,7.811593895464243e-10,-0.03238498918947654,0.013835581354952484,-2.340703173841282,0.019253442659424937
3.78,0.0764161373190766,0.07619006655135496,32692,-0.014285163241277616,0.02953995515916831,-0.4835878444738916,0.6286816429649347,-0.07838164294899692,0.039711704143382626,-1.9737667934368432,0.04841667495106245,-0.024911258351424298,0.042463515905280864,-0.5866508653450025,0.5574422652915714,-0.039578915047901383,0.04222512145321353,-0.9373309936303155,0.34859525112510625,0.04953301297626278,0.042281026499570565,1.171518694721517,0.2413988882199795,-0.5680529033752526,0.012063208624184852,-47.08970233975686,0.0,0.3591248356194442,0.014141282369712193,25.395492871892436,6.600679838084994e-141,-0.0864532620544452,0.011923298797711413,-7.250783824275145,4.235484889989175e-13,-0.02606750268607897,0.013955220517121161,-1.867939145361242,0.0617794954917914
3.834,0.0800295711531106,0.07980438486572039,32692,-0.0422514371642527,0.0295949053677631,-1.4276591406261432,0.1533995465900447,-0.04543187453959969,0.03978557583393108,-1.141918235122116,0.2534963740455192,-0.01221450115653967,0.04254250651457903,-0.2871128703324954,0.7740277179352183,-0.004602368338214022,0.04230366860128102,-0.1087935985314204,0.9133668691949647,0.06380549212999997,0.04235967764217503,1.5062789823138931,0.1320052357379494,-0.583506904846224,0.0120856485983368,-48.280975580121115,0.0,0.37525865831874555,0.014167587975520543,26.487123917432942,5.642356866897485e-153,-0.08747437275174655,0.011945478511679897,-7.322801900837792,2.484427304839748e-13,-0.03019661497392926,0.013981180010772053,-2.159804462188723,0.03079505822492107
3.888,0.07470546894879737,0.07447897945124793,32692,-0.035586156116615295,0.02970166516842409,-1.1981199005114036,0.23087903069544585,-0.06212065913043316,0.03992909716276898,-1.5557741983797273,0.11977147822503734,-0.0293162360855784,0.042695973114950825,-0.6866276593965895,0.4923222652633593,0.0006016459167788347,0.04245627362471255,0.014170954382313816,0.9886936792022245,0.06930124075826706,0.04251248471099129,1.6301385635159014,0.10308185125874424,-0.5678522433402662,0.012129246015499778,-46.81678008794747,0.0,0.3494225777701517,0.014218695720225862,24.574868514353522,3.725117060415126e-132,-0.08298227013614037,0.01198857028335004,-6.921782011937467,4.542192398398659e-12,-0.035394542168376786,0.01403161531280824,-2.522485214946578,0.011657592238787644
3.942,0.07421660967001176,0.07399000051165305,32692,-0.014903286043276794,0.029864515046603757,-0.49902990288039584,0.6177616769165855,-0.07401356015876817,0.0401480225520328,-1.8435169518709127,0.06526261652461054,-0.024691449165374114,0.04293006887965306,-0.5751551257602747,0.5651903479146914,-0.032028065301030854,0.04268905515223099,-0.750264094316855,0.45310106406667705,0.04488384055590948,0.04274557443565965,1.050023099431459,0.29371525656414,-0.5683042405614035,0.012195748894204881,-46.59855212593362,0.0,0.3538057883762267,0.014296654745512232,24.74745279047097,5.669185366314559e-134,-0.07997714601356222,0.012054301857627816,-6.634738946988759,3.3014718841745855e-11,-0.0342192076606327,0.014108548603632082,-2.4254236648994048,0.015295910271665106
3.996,0.07315769695768803,0.07293082860336508,32692,0.017895655733069653,0.03013549710624109,0.593839738895943,0.5526234171442944,-0.10374436608307801,0.040512314214714705,-2.560810659525257,0.010447275286153537,-0.06787667258491839,0.04331960403424128,-1.5668811868932682,0.11715214714013163,-0.04283853211090015,0.04307640341725627,-0.9944779209152631,0.319997611793197,0.028055141205598412,0.043133435540481886,0.650426771112816,0.5154211613519879,-0.5636928555718945,0.01230640962815667,-45.80481818857901,0.0,0.3557898826769753,0.014426378497691605,24.662453070526745,4.469358773148524e-133,-0.07699506839024524,0.012163679141664498,-6.3299160963982075,2.484735126770588e-10,-0.035973021348289294,0.014236565534532838,-2.526804745219734,0.011515225813412713
4.05,0.07485331960591113,0.07462686629859083,32692,-0.009217053838423313,0.03014939936786064,-0.3057126852168313,0.7598253610960771,-0.0588098303638468,0.04053100356266343,-1.450983819656061,0.1467939632682371,-0.0294640579234966,0.043339588455484315,-0.6798416637887602,0.49660953762785853,-0.02404789590663809,0.0430962756439471,-0.5580040397299536,0.576845447753538,0.04271841613629402,0.04315333407752343,0.9899215680427359,0.32221978505946847,-0.5726455155478181,0.012312086883973783,-46.51084100886349,0.0,0.3683000683089309,0.014433033748387836,25.51785540930159,3.097758890011044e-142,-0.07496696592876342,0.012169290552323745,-6.160339882298921,7.343457118570479e-10,-0.03983528058225842,0.014243133219742316,-2.796806009442009,0.005164066204579272
4.104,0.07104791706741909,0.07082053229051799,32692,-0.016671170065198984,0.03030451378857219,-0.5501216809320885,0.5822396763351849,-0.08072956234091427,0.04073952987729318,-1.9816026985110147,0.047532089775000466,-0.012922981396638522,0.04356256454449774,-0.29665336583749835,0.7667330487900333,0.005871637764392741,0.04331799992275519,0.1355472961554796,0.8921800071144623,0.08826518074759236,0.0433753519139498,2.0349156111216633,0.04186741812414738,-0.5550177750465131,0.012375430839899938,-44.8483598047404,0.0,0.3601235515192308,0.014507289677724125,24.823627260452298,8.858982039553967e-135,-0.07265120243884213,0.012231899841200872,-5.939486374318576,2.888031790390103e-09,-0.052221667125386284,0.01431641213755893,-3.647678386429194,0.0002650317673040317
4.158,0.07150512525800257,0.07127785239449758,32692,0.0012296508155023112,0.030510181580236394,0.04030296615143199,0.9678518352311585,-0.07471772627823377,0.041016017043586546,-1.8216719141410873,0.06851391806553696,-0.03391061232860511,0.04385821081394803,-0.7731873165656058,0.4394171231380596,-0.023239721593943538,0.04361198640429322,-0.5328746408958751,0.594123983660227,0.05994341109475344,0.04366972762652645,1.3726536516875782,0.16986946301416275,-0.5649354232050365,0.012459419236793312,-45.3420350072781,0.0,0.35718928202705036,0.014605746371399097,24.45539398975849,6.641446177155042e-131,-0.0836133131949427,0.012314914135564708,-6.78959774095969,1.1436749834327402e-11,-0.04007249572096551,0.014413573401700271,-2.7801916016356105,0.005435789734044303
4.212,0.07280100052122462,0.07257404485632768,32692,0.00981974988869644,0.030572526351887407,0.32119523835458935,0.7480644942045361,-0.08253736723511428,0.04109982953122749,-2.008216777940714,0.044628473001124734,-0.04638055560116283,0.04394783106517553,-1.055354825870235,0.2912708762610975,-0.035451464604974114,0.04370110351841044,-0.8112258444466761,0.4172418939366199,0.04266586485419669,0.043758962729561736,0.9750200231636982,0.329557544155928,-0.5687739469421065,0.012484878922937077,-45.55702545878611,0.0,0.36682765328379796,0.014635591881165167,25.06408051428899,2.438526660796068e-137,-0.08361523220224726,0.012340078538721882,-6.7759076200261905,1.2572276016149164e-11,-0.034170736787630364,0.014443026223540776,-2.3658986876265082,0.017992166324263613
4.266,0.07070276050858082,0.07047529124578578,32692,0.024693027931562875,0.030620949224221247,0.8064096168524596,0.4200125713216073,-0.10962348921428415,0.04116492627120333,-2.663031350816984,0.007747813656247363,-0.04876770470836073,0.044017438666082445,-1.1079178204418922,0.2679054619351503,-0.019600237269697895,0.04377032033524014,-0.4477974371578325,0.6543023612002613,0.022191663273032396,0.043828271187794005,0.5063321612195528,0.6126269045516908,-0.5553920781849184,0.012504653333832353,-44.41483209152709,0.0,0.36968459119097347,0.014658772739332882,25.219341193483686,5.264943911494411e-139,-0.08885043092244913,0.012359623604798283,-7.188765108344836,6.678014200101354e-13,-0.03374196052118631,0.01446590208296067,-2.332516861214679,0.019679555237251442
4.32,0.06887521529981422,0.06864729869859643,32692,0.022366945717277095,0.03077639735439355,0.7267564640435101,0.46738036223470947,-0.10657423867082591,0.04137390120436698,-2.5758808226567984,0.010002860637191953,-0.006040786152582127,0.04424089446052934,-0.13654303843181947,0.891392844385188,-0.027065171292355656,0.043992521626367125,-0.6152220943873792,0.5384123420247151,-0.001683841579672038,0.044050766668092114,-0.03822502324100792,0.9695085032758489,-0.5555152300055556,0.012568133566432702,-44.20029649344594,0.0,0.36816300736928614,0.014733188421102394,24.98868519471081,1.5576033329703863e-136,-0.08751567340355262,0.012422367589804454,-7.045007545532651,1.8911758754382143e-12,-0.02954515493790581,0.014539338651291254,-2.032083827642454,0.04215324063189854
4.374,0.06985094729990549,0.06962326953404563,32692,0.00042826822176905916,0.030946180663074852,0.013839130147652472,0.988958408645318,-0.08789965258770939,0.0416021474723964,-2.1128633478844336,0.03462002674767407,0.020009420585842985,0.0444849569917618,0.4498019541650573,0.6528562317431064,-0.0069114501310971604,0.04423521396598537,-0.15624317170505186,0.8758423134839736,0.05680146134273418,0.04429378032653739,1.2823800751254268,0.1997184455513242,-0.5578309735996567,0.012637467844785229,-44.14103999717334,0.0,0.37997537627814904,0.014814466598296279,25.64894076725298,1.150836064678982e-143,-0.08723144401372851,0.012490897724984532,-6.983600853543658,2.9320260738738846e-12,-0.028623371391963817,0.014619547422767288,-1.9578835489386024,0.05025217446480772
4.428,0.06872019025051412,0.06849223570295138,32692,0.019909336827416017,0.03107340137326416,0.6407195848390834,0.5217093795875025,-0.12111565710957284,0.041773175193214745,-2.8993644019008102,0.0037416889608577215,0.003082644906629268,0.044667836032081805,0.06901263146966015,0.9449799872101451,-0.006241948239318186,0.04441706630496701,-0.1405304032567358,0.8882417985343426,0.05293442361181432,0.044475873433646895,1.1901828907483212,0.23398316130020955,-0.5551422015349424,0.012689420867735376,-43.74842692360129,0.0,0.37119206379701675,0.014875369330760446,24.953468753843772,3.69675887881325e-136,-0.0828052722208521,0.012542248193618313,-6.602107608027138,4.115532106224869e-11,-0.04380387409733996,0.014679648836444808,-2.9839865098536382,0.0028472956798269887
4.482,0.06791219936627158,0.06768404704227848,32692,0.0331188305367357,0.031275691636131545,1.0589319949194937,0.28963857776551344,-0.12641422800278737,0.042045121816924616,-3.006632459128737,0.0026435960613935628,-0.051837619935440934,0.04495862712328245,-1.153007181320181,0.24891586938689875,-0.03181330646948881,0.04470622486571475,-0.7116079822227724,0.47671264167503935,0.06254515944404351,0.04476541483338211,1.3971759153095757,0.16237016257893017,-0.5507053286193193,0.012772029985808227,-43.11807357414923,0.0,0.36770714996335774,0.014972209143564398,24.559311617778977,5.4247722556171734e-132,-0.08226490834720779,0.012623899206121184,-6.51660053712394,7.29635771904776e-11,-0.030423683931994662,0.01477521449358849,-2.0591026915512205,0.03949230674408999
4.536,0.0680205965207834,0.06779247072976569,32692,0.022021863679863952,0.03137158555805258,0.7019684624837618,0.48270383025226027,-0.08852126386002397,0.042174035724747344,-2.098951697147648,0.03582881051739725,-0.013335095034746367,0.045096474085363894,-0.29570150006637186,0.767459930077172,-0.00375018726531627,0.044843297941077345,-0.0836287123717773,0.9333521498998762,0.0800139043865856,0.04490266939020335,1.781940928528464,0.07476814701230584,-0.5491861712324646,0.012811190112480447,-42.86769350939977,0.0,0.38313935231194685,0.015018115206052226,25.51181337039841,3.604060925479471e-142,-0.08665860445704898,0.012662605151265246,-6.843663165820982,7.855393725904126e-12,-0.04470796063646781,0.01482051655377947,-3.016626341884592,0.002558012125410163
4.59,0.06722129722594428,0.06699297578598495,32692,0.03753087498863379,0.03143115942217623,1.1940658785292506,0.23246086548508235,-0.13538755055471097,0.04225412317423768,-3.2041263759380696,0.0013560296891925675,-0.049832100088161316,0.04518211117293302,-1.1029165923086377,0.2700715089755441,0.0014916454976340165,0.04492845425341785,0.03320046332376419,0.9735149313886817,0.035961709958147736,0.04498793844745552,0.7993633671422812,0.42408555466704345,-0.5456874992774632,0.012835518245261968,-42.513865731825454,0.0,0.38032834027538226,0.015046634234936601,25.276638903888713,1.2710912741055194e-139,-0.07888126698092031,0.012686651124884813,-6.21765871895027,5.107236340420061e-10,-0.031596132443670016,0.014848660347716293,-2.1278776471258882,0.03335469142460767
4.644,0.0666692875042767,0.06644083094582232,32692,0.03618119593377829,0.03153180637275612,1.1474507836962775,0.2512037621325767,-0.12133848958665039,0.04238942676230429,-2.8624706407814235,0.004206192646098778,-0.012898188141070351,0.04532679058641686,-0.28455992524949625,0.7759831202384707,-0.006017277409440611,0.045072321422113,-0.13350271784511336,0.893796636938899,0.053905529623992116,0.04513199609282567,1.1943971969048608,0.23233130082912626,-0.5385738320967526,0.012876619362568724,-41.82571659005022,0.0,0.39240601292160104,0.015094815653633135,25.996078516345033,1.7383936579182639e-147,-0.08840252297900807,0.012727275548936117,-6.9459109798559915,3.830540312141926e-12,-0.028832692423944144,0.014896207826449763,-1.9355726477411725,0.052928677179583
4.6979999999999995,0.06485915035396961,0.06463025071815998,32692,0.02179948179963295,0.03165454065070244,0.6886683980090926,0.4910368558405329,-0.09787398769393489,0.04255442319875092,-2.2999721377214613,0.02145606850689912,-0.0071909304836910385,0.04550322040615133,-0.15803124305283095,0.8744331559618654,0.036921313135122945,0.045247760747082574,0.8159810016124059,0.41451694854587295,0.08037791490915983,0.04530766769524661,1.7740466238475692,0.0760647468477582,-0.5336825621934278,0.012926740264656336,-41.285161708756284,0.0,0.3859829175975581,0.015153570654158005,25.471417028147606,9.90760757718437e-142,-0.0948736732264308,0.01277681514575643,-7.425455572779515,1.151298846815503e-13,-0.02957657910103641,0.014954189766656564,-1.9778122093236683,0.047958281727900294
4.752,0.06450765053453378,0.06427866486015499,32692,0.027915731155303342,0.03172773515588846,0.879852627934029,0.37894561949696004,-0.08524688682210466,0.04265282140278361,-1.9986224596279876,0.04565748628787703,0.00010013135155948676,0.04560843708702978,0.002195456760958869,0.9982482937530543,-0.004551268376858076,0.04535238673092495,-0.10035344785403875,0.9200643418949697,0.07231184250806992,0.045412432201377986,1.5923358208917007,0.11131893913814972,-0.5305177172034721,0.01295663064808601,-40.94565412975183,0.0,0.39233167103926064,0.015188610117155487,25.830649941835247,1.1671146673887583e-145,-0.09352120126230835,0.012806358858703222,-7.302715962761828,2.884448778989273e-13,-0.04080592136660985,0.014988768203049197,-2.7224332789607497,0.006483747582690827
4.806,0.06392283211417027,0.06369370329052848,32692,0.054425474739846894,0.03169079452561655,1.717390666739304,0.08591728912180865,-0.13786240229996682,0.04260316068487379,-3.2359665359033967,0.0012135222574202384,-0.026003364546591082,0.045555335143149016,-0.5708083249718268,0.5681335035939425,-0.03566261305943649,0.04529958290670162,-0.7872614000196582,0.43113456959635954,0.045541358105925925,0.04535955846615999,1.0040079675797895,0.3153822063063284,-0.5253805281514592,0.012941545231494218,-40.59642946445888,0.0,0.3860857388918085,0.01517092600488194,25.449055566388484,1.7329621514622292e-141,-0.08907971819077937,0.012791448403689511,-6.964005590257128,3.36977043536212e-12,-0.022015818102851557,0.014971316766894055,-1.4705331832624735,0.14142703208728954
4.86,0.06314649933876948,0.06291718048782902,32692,0.060082130625994684,0.03181879343813249,1.8882592371963,0.05900000528783448,-0.14630489068147814,0.042775234573175884,-3.420317670758611,0.0006262447299737296,-0.033335869377788804,0.045739332844844646,-0.7288228162590296,0.4661152752085964,-0.028877094760474568,0.04548254762678133,-0.6349049529378378,0.5254948510583417,0.0537804228429057,0.045542765427133404,1.1808774091453058,0.23766002027312147,-0.5150194659469057,0.012993816048326152,-39.63573626342432,0.0,0.3948295103197711,0.015232201276125611,25.92071251964168,1.1853903914101959e-146,-0.08302975716585459,0.012843112980412335,-6.464924609203965,1.0277646954448987e-10,-0.014970846423288529,0.015031785817726623,-0.9959459644265134,0.3192837739744403
4.914,0.06212770171100335,0.06189813348329143,32692,0.04446621868261926,0.031919920149430986,1.3930554485867637,0.16361249851236553,-0.12821678716060395,0.0429111831221307,-2.987957400188259,0.0028105724639780794,-0.029092555194028417,0.04588470191160641,-0.6340360508404989,0.5260617324574521,-0.018514742881919614,0.04562710057697151,-0.4057839014049515,0.6849040447092654,0.0505707050828637,0.045687509761956784,1.1068825012864474,0.26835287901033017,-0.5139969131242896,0.013035113085146228,-39.43171875585793,0.0,0.39496839569190667,0.015280612364493448,25.84768111843925,7.577734952995617e-146,-0.07956097243006305,0.012883931051690539,-6.175209422563901,6.685286277241874e-10,-0.02384702052532295,0.015079559944286319,-1.5814135567237584,0.11379318630680813
4.968,0.06278372080699979,0.06255431315673687,32692,0.04211342189998255,0.032038799924126726,1.3144506660584736,0.18870381385726964,-0.14973739397409372,0.043070997800789206,-3.4765248454808266,0.0005086166476780811,-0.04472622466231036,0.04605559090505303,-0.9711356164014211,0.33148793672930144,-0.015967756511925432,0.045797030182409666,-0.34866358033099143,0.7273441350104228,0.08363348965735676,0.045857664350110024,1.8237625235083763,0.06819710976609328,-0.5165508156481435,0.013083659926724818,-39.48060546827815,0.0,0.38839330498366464,0.015337522148308691,25.32308030123978,4.0079284137185367e-140,-0.08960656950553693,0.01293191484405124,-6.929102966275447,4.313578187402823e-12,-0.024838800136217157,0.015135720945952221,-1.6410714907412356,0.10079219812510255
5.022,0.06269447433339914,0.062465044837779704,32692,0.014214090117532656,0.032043220183491344,0.44359118828062577,0.6573411141201935,-0.0764565957107253,0.043076940126401383,-1.7748845550862582,0.07592625648989221,0.04543842484605684,0.04606194500250591,0.9864634427309756,0.3239130485942915,0.025944494714762775,0.04580334860731993,0.5664322697711348,0.5711038526393473,0.09368279489002139,0.04586399114046308,2.0426219472070892,0.04109788312238928,-0.5171759351152705,0.013085465024620232,-39.52293129378335,0.0,0.41223315033762953,0.015339638202157984,26.87372054704892,2.297488011074119e-157,-0.08287268268417997,0.0129336990063116,-6.407500487195379,1.4993574844011186e-10,-0.024272571173130957,0.015137809158132766,-1.6034401622833614,0.10884717304283911
5.076,0.06182134563039099,0.061591702414194316,32692,0.035497351457690327,0.03226609129916306,1.1001441460190464,0.2712774247486065,-0.11899403746231813,0.043376554386476314,-2.743280077115055,0.006086192588348279,0.004670105285087153,0.04638232095142527,0.1006871840238009,0.9197994029395066,-0.003965869305469199,0.046121925933417546,-0.0859866370540207,0.9314775666877059,0.08925908728895109,0.046182990255286716,1.9327264604468375,0.05327853263091513,-0.5124683740768164,0.013176478729623041,-38.892665073309566,0.0,0.4040264657437588,0.015446330421620894,26.156792889670776,2.8481507008427942e-149,-0.0889187293820109,0.013023657128834628,-6.827477758543191,8.792960403187832e-12,-0.02679186637610294,0.015243097590337117,-1.7576392342385057,0.07881827380068933
5.13,0.060372663135815685,0.06014266531753365,32692,0.048853981904404466,0.03226986640474519,1.5139195586263918,0.130055912736345,-0.14945794516122185,0.043381629406908116,-3.4451897543853454,0.0005713749516769579,-0.019186673962129763,0.04638774764402067,-0.4136151233159281,0.6791587096760185,-0.007788974881602379,0.04612732216001454,-0.16885816294695405,0.8659092526501281,0.0745892346804535,0.046188393626358085,1.6148912924715368,0.106343891176048,-0.5038951523561648,0.013178020366567652,-38.23754542332745,0.0,0.3965529306618025,0.01544813762930705,25.66995065537816,6.77891746632866e-144,-0.08232897705704414,0.013025180885780299,-6.3207549882799245,2.636425802601812e-10,-0.0350083328896595,0.015244881019952704,-2.296399220422916,0.02165936080661787
5.184,0.05997052411093817,0.05974042785884659,32692,0.052841086898791856,0.032306201056266304,1.635632948818737,0.10192605968686785,-0.1377820477387281,0.04343047548414774,-3.1724738493599727,0.00151285971235587,-0.010240555736824364,0.04643997849692706,-0.22051163821064176,0.825474086827469,-0.0019326596737043664,0.0461792597836559,-0.04185124843400776,0.9666175360802347,0.10080924467953663,0.04624040001416535,2.1801118642713857,0.029256280368001097,-0.49630579040714495,0.013192858320086015,-37.61927691223089,3.117810146738657e-303,0.40238257463642246,0.015465531649175957,26.01802406565586,9.929947130156527e-148,-0.07952565122646915,0.013039846747812339,-6.098664559827819,1.0815600774526244e-09,-0.029303930960400924,0.015262046180551554,-1.920052567901607,0.054859953291808185
5.2379999999999995,0.05997861558127204,0.059748521309774705,32692,0.05703671153570164,0.032517635472853954,1.7540239536578992,0.07943577445142537,-0.12189710358771566,0.04371471494734311,-2.788468453575592,0.0052988511605516295,-0.005237731227380631,0.0467439142565894,-0.11205161807009514,0.9107831670587628,-0.020387747616445583,0.046481489217373634,-0.43862079205554255,0.6609392280326029,0.08477331912077823,0.04654302959239235,1.8213966702037545,0.06855571816058731,-0.49979130456169707,0.013279201629135961,-37.637150072719926,1.6356932942250434e-303,0.4102832333025639,0.015566748924948066,26.356385349353392,1.6687294391763795e-151,-0.08005268608425903,0.013125188641918493,-6.099164611515848,1.0781862408254212e-09,-0.03252340958228904,0.015361931704835219,-2.1171432217767374,0.0342552273372529
5.292,0.057231250147420254,0.05700048338797903,32692,0.06571945518198354,0.03252184471778902,2.020778825809837,0.04331080371235001,-0.13875967448611046,0.0437203735980969,-3.173798919507644,0.0015059726378525847,-0.021872727894881275,0.046749965022011564,-0.46786618737752655,0.6398834046307371,0.004532796177168065,0.04648750601318974,0.09750568627798598,0.9223254166570107,0.07699324469176887,0.04654905435430157,1.654023819812657,0.0981322761268583,-0.48277216970693315,0.013280920555232105,-36.350806233589125,1.1590385012351892e-283,0.4007762351432532,0.015568763962576572,25.74232842803831,1.0913171651897423e-144,-0.08605198825341487,0.013126887631805348,-6.555399167500918,5.631861749797933e-11,-0.027310859687984204,0.015363920229901115,-1.7775970767429572,0.07547935070738199
5.346,0.05593069829040642,0.05569961318764127,32692,0.07286142107136505,0.03270104447416374,2.228106846218046,0.025880168249159046,-0.14695697139424574,0.04396127876093058,-3.3428729904201475,0.0008300888955920598,-0.0015395728686150058,0.04700756364272845,-0.03275159887707051,0.973872875981405,-0.037412663172162,0.046743658449323704,-0.8003794399773451,0.42349680710264104,0.0603724272069588,0.046805545930106975,1.2898562767991373,0.1971096907259869,-0.4802126384849118,0.013354100221040785,-35.959939684164304,9.332129965142106e-278,0.39799115281581476,0.01565454995452626,25.423353208614092,3.2933305555711285e-141,-0.09353513135051886,0.013199218555404253,-7.086414317476551,1.4041604875016184e-12,-0.02993587561379423,0.015448577505220216,-1.9377755397659508,0.05265921586437291
5.4,0.057965194687173316,0.05773460757942617,32692,0.04018823337721864,0.032518982018729034,1.2358392201229598,0.21652721548883153,-0.12661084822931995,0.04371652516103904,-2.896178224662692,0.003779881980586747,0.01534266431289877,0.04674584990855215,0.3282144691542303,0.7427516110651481,0.004652746515231282,0.046483414002391456,0.10009476745817142,0.9202697033688297,0.12825713149921864,0.04654495692577929,2.755553769310342,0.005862531870737053,-0.4841022461084852,0.013279751517032728,-36.4541644839944,3.1085203683484288e-285,0.40388018713600315,0.01556739353951639,25.943982601248603,6.556776211911432e-147,-0.08403858430680035,0.013125732152182028,-6.4025826012935765,1.5484117971768296e-10,-0.0412617311891239,0.015362567837981728,-2.685861610134618,0.007237958567411368
