peth_time,r_squared,r_squared_adj,n_trials,Intercept_beta,Intercept_se,Intercept_tstat,Intercept_pvalue,C(word_l2)[T.LR]_beta,C(word_l2)[T.LR]_se,C(word_l2)[T.LR]_tstat,C(word_l2)[T.LR]_pvalue,C(word_l2)[T.Ll]_beta,C(word_l2)[T.Ll]_se,C(word_l2)[T.Ll]_tstat,C(word_l2)[T.Ll]_pvalue,C(word_l2)[T.Lr]_beta,C(word_l2)[T.Lr]_se,C(word_l2)[T.Lr]_tstat,C(word_l2)[T.Lr]_pvalue,C(word_l2)[T.RL]_beta,C(word_l2)[T.RL]_se,C(word_l2)[T.RL]_tstat,C(word_l2)[T.RL]_pvalue,C(word_l2)[T.RR]_beta,C(word_l2)[T.RR]_se,C(word_l2)[T.RR]_tstat,C(word_l2)[T.RR]_pvalue,C(word_l2)[T.Rl]_beta,C(word_l2)[T.Rl]_se,C(word_l2)[T.Rl]_tstat,C(word_l2)[T.Rl]_pvalue,C(word_l2)[T.Rr]_beta,C(word_l2)[T.Rr]_se,C(word_l2)[T.Rr]_tstat,C(word_l2)[T.Rr]_pvalue,C(word_l2)[T.lL]_beta,C(word_l2)[T.lL]_se,C(word_l2)[T.lL]_tstat,C(word_l2)[T.lL]_pvalue,C(word_l2)[T.lR]_beta,C(word_l2)[T.lR]_se,C(word_l2)[T.lR]_tstat,C(word_l2)[T.lR]_pvalue,C(word_l2)[T.ll]_beta,C(word_l2)[T.ll]_se,C(word_l2)[T.ll]_tstat,C(word_l2)[T.ll]_pvalue,C(word_l2)[T.lr]_beta,C(word_l2)[T.lr]_se,C(word_l2)[T.lr]_tstat,C(word_l2)[T.lr]_pvalue,C(word_l2)[T.rL]_beta,C(word_l2)[T.rL]_se,C(word_l2)[T.rL]_tstat,C(word_l2)[T.rL]_pvalue,C(word_l2)[T.rR]_beta,C(word_l2)[T.rR]_se,C(word_l2)[T.rR]_tstat,C(word_l2)[T.rR]_pvalue,C(word_l2)[T.rl]_beta,C(word_l2)[T.rl]_se,C(word_l2)[T.rl]_tstat,C(word_l2)[T.rl]_pvalue,C(word_l2)[T.rr]_beta,C(word_l2)[T.rr]_se,C(word_l2)[T.rr]_tstat,C(word_l2)[T.rr]_pvalue
-2.16,0.03861486006497861,0.03824764820128723,39287,0.35335951979258373,0.013145127580195365,26.881406638073273,9.755493461120006e-158,-0.526589714936952,0.11020807723644896,-4.778140841774833,1.7756201644167568e-06,-0.030700452603026573,0.024543214249904754,-1.2508733489602208,0.21098814089279397,-0.47039685939208975,0.06400568131076495,-7.3492985272383144,2.031196759538033e-13,-0.5606623457918174,0.0855567519510431,-6.553104611926328,5.7048847256511267e-11,-0.08922007405786898,0.01848658912896885,-4.826205279699724,1.396810817812688e-06,-0.500018869550858,0.058766142956064686,-8.508621536123051,1.8214445252766317e-17,-0.06424974896183883,0.02439501935231358,-2.633724041532498,0.008448719532340563,-0.5792374722622986,0.02927685782646233,-19.784823757238936,1.0654508535187292e-86,-0.46588326975010996,0.03359091622567235,-13.869323081876876,1.2320974912690509e-43,-0.5524959177721873,0.02588242915543575,-21.34637032923758,1.5735137410413002e-100,-0.5459291644391371,0.03878653335073783,-14.075224498730613,6.935772309834105e-45,-0.43701086878804596,0.03337996134704464,-13.092012427591907,4.417306860063395e-39,-0.5290648035108242,0.02771074343124588,-19.09240742037491,6.799671730689707e-81,-0.4954198972428728,0.04198637527438021,-11.799539588862164,4.4465228945385846e-32,-0.5153518581277086,0.024970310308684903,-20.638584453172154,3.9127687553371284e-94
-2.106,0.035497726224641646,0.03512932373663202,39287,0.33627789040433237,0.01300967675122504,25.848289456743586,4.260030578911324e-146,-0.48556536631771224,0.10907246441490487,-4.4517685460067336,8.540023105853373e-06,-0.028913879011166013,0.024290314557949347,-1.1903460098133452,0.2339176194886844,-0.4646723055215684,0.06334615004798623,-7.33544667149571,2.252432936032264e-13,-0.5647464243065343,0.08467515282581003,-6.669564865956671,2.5995849919310337e-11,-0.10207859802846957,0.018296098484653973,-5.579254949577854,2.4313985275487216e-08,-0.5954058419640007,0.05816060126540965,-10.237271090904478,1.4494075646576644e-24,-0.055942704241522506,0.024143646699301347,-2.3170776535237048,0.020504618835031182,-0.5406671892896193,0.02897518143435068,-18.65966535928735,2.27988956829434e-77,-0.4327490324471639,0.03324478664869547,-13.0170494706467,1.177007151968767e-38,-0.49109482957600414,0.025615729843201505,-19.17161184093071,1.5090026374970875e-81,-0.5290915511508606,0.038386866777462586,-13.783139796694659,4.0579389447925274e-43,-0.4586716917483029,0.033036005504252626,-13.883993683475428,1.00510405852771e-43,-0.5271519939461555,0.027425204691036063,-19.221442460863578,5.834532557812866e-82,-0.5406813406926271,0.04155373669391164,-13.011617816114393,1.2633557557027954e-38,-0.46126202300750585,0.024713009707353854,-18.66474494485583,2.0748644049392642e-77
-2.052,0.03227169736341917,0.03190206265741358,39287,0.31218368415488257,0.012738528000463146,24.507045409291578,1.215739028019914e-131,-0.5691854762881581,0.10679916715824261,-5.329493585327357,9.902917145110061e-08,-0.007115896291272736,0.023784053828036805,-0.29918769704786274,0.764798419187719,-0.41342912695939266,0.06202588438885142,-6.665428974257443,2.6737743350335203e-11,-0.5730622221407413,0.08291034633996643,-6.91183003615678,4.857297930759403e-12,-0.10775113009793687,0.017914769698182523,-6.014653378930591,1.8186200880544456e-09,-0.6399597414861733,0.056948413239662474,-11.237534201224502,2.956375162496581e-29,-0.06636301423988059,0.023640442832938133,-2.807181519773279,0.005000169617194942,-0.47508463531904394,0.028371278324438007,-16.74526716372251,1.0126453185590916e-62,-0.4415733433106212,0.032551896076430435,-13.565211140814231,8.00173419634927e-42,-0.4590618406391691,0.025081844699115646,-18.302554941477453,1.6133350330282641e-74,-0.5040125942450286,0.037586804549060784,-13.409296169009474,6.564164301177022e-41,-0.41185585035306527,0.03234746636573809,-12.732244488529595,4.634414348499877e-37,-0.46860997415757144,0.02685360632363901,-17.450541596160136,6.158478998427212e-68,-0.4319799338838252,0.04068767030275539,-10.616973905595458,2.697633706739156e-26,-0.46180163905062993,0.024197939130440053,-19.08433757772792,7.9241495481880005e-81
-1.998,0.03309160265261546,0.03272228111865383,39287,0.2983226724894116,0.011632219778104597,25.64623762103827,7.154347590299373e-144,-0.43143831599976323,0.09752393561155895,-4.423922325265833,9.71851998274237e-06,0.011676598311576252,0.021718470244908614,0.5376344733263871,0.5908324721141682,-0.4608346654508513,0.05663909669281996,-8.136335011664663,4.1928749705651385e-16,-0.47845016393925366,0.07570979711864627,-6.319527751335342,2.6517275887647177e-10,-0.11694242845753941,0.016358918267150732,-7.148542864986606,8.923027284667885e-13,-0.3332990720933486,0.05200259078552802,-6.40927821207907,1.4786468262413083e-10,-0.11262180542397271,0.02158733149343911,-5.217032288506854,1.8273400304419928e-07,-0.4310925402361487,0.025907306153712513,-16.6398056856395,5.852164281557887e-62,-0.42147465363750447,0.029724848062609163,-14.179202960087682,1.5967064058954992e-45,-0.4396241649052252,0.02290355133417246,-19.194585088177963,9.740058953094803e-82,-0.5059243300775231,0.0343224877517591,-14.74031642859552,4.804057299747671e-49,-0.40679295957682915,0.029538172543753197,-13.771771390876335,4.746284869071084e-43,-0.4615450637545533,0.024521440042359,-18.82210273773758,1.1062048600227387e-78,-0.46407161408281705,0.03715405133179458,-12.490471360405529,9.841150650120999e-36,-0.4188167834940454,0.022096410678866668,-18.95406405958086,9.292090020783896e-80
-1.944,0.02776750763833369,0.027396152506419025,39287,0.29225608838661915,0.011409947275758189,25.614148893356635,1.6084515976584307e-143,-0.41916986629988323,0.09566041432150786,-4.381852924984028,1.1797894912818093e-05,-0.005797890747778705,0.021303466159655813,-0.2721571552876529,0.7855026146841266,-0.4121562123557973,0.055556817128583194,-7.418643357517844,1.2071148944369518e-13,-0.5767813820453249,0.07426310797601364,-7.76672829571879,8.24876338916548e-15,-0.15125195323201768,0.01604632636566652,-9.425955186580495,4.486444613631134e-21,-0.44067235079261186,0.05100890718919908,-8.639125499358324,5.8742402605562284e-18,-0.12738553531264235,0.0211748332530723,-6.01589319689966,1.8047664528160215e-09,-0.41489630993203724,0.02541226033462651,-16.32661968942225,1.0046381452050686e-59,-0.39956859523589755,0.02915685532461264,-13.70410460206946,1.2029587755460755e-42,-0.3791386322771698,0.022465902307178622,-16.8761809382578,1.1302536865408794e-63,-0.41418915321295124,0.03366664171507249,-12.302657233184014,1.0155975363354089e-34,-0.38415371454765845,0.02897374686651502,-13.258682638372367,4.900752644949396e-40,-0.42536112043036595,0.024052875835068835,-17.684418418283023,1.0311779734326927e-69,-0.46466414526878885,0.036444098793125254,-12.75005174106383,3.692057415382763e-37,-0.38554161208984294,0.021674184776317062,-17.788055978516727,1.6553186427905548e-70
-1.89,0.02186122947645386,0.02148761837518698,39287,0.2541102523366387,0.011141697555151174,22.807139673178003,2.16212921451886e-114,-0.3673164739765459,0.09341142238537374,-3.932243665674658,8.430109505448363e-05,-0.008093509744353973,0.02080261819715645,-0.3890620722664751,0.6972323388447679,-0.386174154403972,0.05425066730050986,-7.118330033893291,1.1111220655006267e-12,-0.3650445886374528,0.07251717020044664,-5.0339055926813385,4.827074616008686e-07,-0.12779015278011538,0.01566907461679085,-8.155564760868298,3.577685037269092e-16,-0.4056810368159133,0.04980967946524253,-8.144622514565663,3.9159123627901824e-16,-0.09877939456083415,0.020677009471177628,-4.777257305923569,1.7834325555078039e-06,-0.3951223980918773,0.02481481395122039,-15.922843462320026,6.633276874610728e-57,-0.3785065620915776,0.02847137290251383,-13.294285575465103,3.0531657771829133e-40,-0.31541889688812286,0.02193772528134003,-14.3779217235624,9.36180240762278e-47,-0.36365198788660424,0.03287513347970736,-11.061612513636593,2.1215043428619035e-28,-0.33292033727236625,0.0282925693541181,-11.767059156255398,6.528708246933819e-32,-0.36076050205502996,0.023487388802866608,-15.359753486560395,4.349944846661626e-53,-0.3123172134753307,0.03558729208904864,-8.776088180405296,1.7593576019930733e-18,-0.3249247931064119,0.021164621158702053,-15.352261241530218,4.8793321770157465e-53
-1.836,0.018877028700987175,0.018502277750680807,39287,0.24757546608639208,0.011058159900121205,22.388486721346695,2.504674709975704e-110,-0.2952504258399419,0.09271104695869736,-3.1846304785175765,0.001450521012851249,-0.023132226169433796,0.020646645381158513,-1.1203866653584096,0.26255587646795747,-0.31973010659702983,0.053843909397805846,-5.938092352002563,2.9077661007177857e-09,-0.3194702774329913,0.07197345463843573,-4.438723679971667,9.074007829512978e-06,-0.15832341077004852,0.015551591823572219,-10.180527663417124,2.5969850551983256e-24,-0.3432329881274744,0.049436218975965736,-6.942945784230444,3.899617654604531e-12,-0.1298146680357276,0.020521978437916807,-6.325640991605346,2.548937235534303e-10,-0.3884840939502897,0.02462875869732135,-15.773596173669185,7.022151517460431e-56,-0.33880167808350575,0.028257901686302236,-11.989626188264957,4.600284140107901e-33,-0.301802854168718,0.02177324171699776,-13.861181448838138,1.379377413951881e-43,-0.34667606421146047,0.032628643970716666,-10.624899536817802,2.4786326305494343e-26,-0.2934331974571497,0.028080438762086088,-10.44973691270594,1.5871687285327847e-25,-0.32213557219740974,0.023311286249942657,-13.818867339343068,2.4779445301873097e-43,-0.34756993924303425,0.03532046749474692,-9.840468258092196,8.008499528499988e-23,-0.342991837241974,0.02100593413525308,-16.32833060570013,9.770450907562364e-60
-1.782,0.014859618553608511,0.014483333108325946,39287,0.20841376319004976,0.01093451143334789,19.06018064551407,1.2524190519223378e-80,-0.266388523856529,0.09167438453810187,-2.905811969163667,0.003665060205079888,-0.013500561707736116,0.02041578183166647,-0.6612806611596765,0.5084362207095279,-0.24556481792283327,0.05324184568175785,-4.612252163282361,3.9958445732769736e-06,-0.25476965519591355,0.07116867270411736,-3.5798005711742635,0.0003442709608739242,-0.1489691845382311,0.015377699376525215,-9.687351852230874,3.613380160285998e-22,-0.228554889689799,0.04888344050878323,-4.675507437917201,2.942012094176924e-06,-0.11091513608052597,0.020292508870473163,-5.465816808975959,4.635781227956162e-08,-0.3483932120821587,0.02435336855294296,-14.305750406756664,2.6344832205592252e-46,-0.32650312783820995,0.027941931737477024,-11.685059247363657,1.7137350863961219e-31,-0.28402032464152027,0.02152978096228738,-13.191974648465964,1.1854142716219305e-39,-0.295301102423688,0.03226380191414383,-9.15270628085011,5.811948387764343e-20,-0.20602166678121975,0.02776645314145712,-7.419804961463227,1.1965900349649706e-13,-0.27451937103020774,0.02305062762053654,-11.909409823862221,1.2034649967329311e-32,-0.2941924142935025,0.03492552641133988,-8.42342104822168,3.778803683226447e-17,-0.2920759490994881,0.02077105314488715,-14.061682239322726,8.391371369902327e-45
-1.728,0.013128528469839584,0.012751581815235724,39287,0.1777946929548735,0.010810164762985143,16.446991961089857,1.4061417771840794e-60,-0.39905347658751555,0.09063186841432687,-4.403015005309481,1.070383580132443e-05,-0.01439193424704553,0.02018361466909186,-0.7130503868112678,0.4758188153190658,-0.3002388065958058,0.052636382303275026,-5.704016755291425,1.1785554910843923e-08,-0.211217478767292,0.07035934642202085,-3.001981819165759,0.002683968099951385,-0.1352965350330336,0.015202825014102535,-8.899433816249877,5.8474504802531115e-19,-0.25416627395977487,0.04832754067730063,-5.259242874718771,1.454060810651755e-07,-0.13398084564416213,0.0200617435613205,-6.678424795663337,2.447373699447562e-11,-0.3084571337398671,0.024076423367953736,-12.811584554142312,1.6791111151470657e-37,-0.25780540630329374,0.02762417760678381,-9.332600230603179,1.0852790707226685e-20,-0.2527554887095418,0.021284945462080672,-11.874847843036669,1.817754099236101e-32,-0.3166230718400137,0.03189689971044485,-9.926452875178128,3.401708540342343e-23,-0.22582624016915243,0.02745069454383075,-8.22661298454849,1.984423187037117e-16,-0.27799877191840033,0.02278849713470214,-12.199083172319689,3.624918459784909e-34,-0.2978648437958586,0.03452835522116932,-8.62667340763564,6.5487494034549455e-18,-0.2574697736895055,0.02053484585622701,-12.53818876908833,5.408882390717719e-36
-1.674,0.008481333967961469,0.008102612265166065,39287,0.12033127887764457,0.010706069373353555,11.239538497400204,2.890228943713629e-29,-0.2633178607983516,0.08975913799231407,-2.9336050533473164,0.003352439079881482,0.008408259709588048,0.019989258590417926,0.4206388982139958,0.6740210867000649,-0.17634430482080904,0.05212952557677833,-3.382810468149811,0.0007181815397636527,-0.2555807256338072,0.06968182820277018,-3.667824628396398,0.0002449457879043527,-0.11493257377495912,0.01505643094629308,-7.633454049298166,2.33706856789244e-14,-0.24312572575743077,0.04786217550599765,-5.079704864793797,3.7974951596692425e-07,-0.08700966158761815,0.019868561028168436,-4.379263373138153,1.193888040975366e-05,-0.2539266474791948,0.0238445818811335,-10.649238839457642,1.910393375826882e-26,-0.17847434701905387,0.027358173378885596,-6.523620731082735,6.946265159757581e-11,-0.21501760562615826,0.021079984229782994,-10.200083799036681,2.1248793134073106e-24,-0.25360781901379714,0.031589751736644536,-8.028167524963758,1.0167042936352613e-15,-0.18582242312548186,0.027186360853563418,-6.835134136797328,8.312270046465354e-12,-0.21465946400471772,0.022569057603449325,-9.51122850481406,1.9871203194900847e-21,-0.1387067209015308,0.0341958679123364,-4.05624215349982,4.9964799111962885e-05,-0.17917421863045158,0.02033710763231503,-8.810211455327567,1.2991480094173775e-18
-1.6199999999999999,0.004820516580409939,0.004440396587252371,39287,0.07424631511424175,0.010650974182760536,6.9708473460029055,3.200011057219698e-12,-0.3608859580164435,0.08929722273259605,-4.041401814893284,5.3233751663933804e-05,0.030591280668282657,0.01988639058410804,1.5383023147865402,0.1239827707597324,-0.1373972700086446,0.051861258480142045,-2.6493238697872084,0.008068528161750493,-0.17865042713007281,0.06932323407528798,-2.577064234136146,0.009967957285017717,-0.07794031142901311,0.014978948080854034,-5.203323424869585,1.9673777513138132e-07,-0.1534179375852403,0.047615868893389424,-3.221991767675997,0.0012740653826981215,-0.10065109406841884,0.019766314151328606,-5.092051724861082,3.5584370651767603e-07,-0.16864732946624478,0.02372187374824753,-7.1093595411578185,1.185680401356068e-12,-0.16442796174532365,0.027217383727331675,-6.04128462135048,1.5426402439407678e-09,-0.1633810329921816,0.020971503170270307,-7.790620999633177,6.831353515772222e-15,-0.11514287222120795,0.03142718568817035,-3.6637983866480734,0.00024882910845958176,-0.10959518993015857,0.027046455377470982,-4.052109172925063,5.085554803563782e-05,-0.11966653572617658,0.022452913527897037,-5.329666262576333,9.8935133520718e-08,-0.14008994437352207,0.03401989036218031,-4.1178834758756055,3.8314934391065524e-05,-0.1415581550360126,0.02023244953772974,-6.996590045710139,2.664599032861868e-12
-1.566,0.0033085004885778924,0.002927802963873405,39287,0.05145830747100745,0.01063376982216128,4.839140618199757,1.3089599015969876e-06,-0.1830651370305469,0.08915298225336456,-2.0533820900157065,0.040042143057430694,0.034429329451371095,0.019854268392395243,1.73410214725205,0.08290780805683906,-0.09973505440905543,0.051777487758636796,-1.9262242863920918,0.05408358366766241,-0.2030458901189453,0.06921125728363747,-2.9337119146215573,0.003351285442814217,-0.08513563724934574,0.014954752808219004,-5.692881610357071,1.2580180399022594e-08,-0.14768425667602267,0.04753895568670691,-3.1065944664265923,0.0018939069227648286,-0.07178814021869871,0.01973438591729645,-3.6377184737113657,0.0002754158978020573,-0.1588091801689967,0.023683556157475836,-6.705461760600836,2.0348440051781126e-11,-0.09852653630855084,0.02717341989114369,-3.625842337962857,0.00028838519793070123,-0.1383534825829287,0.020937628212293807,-6.607887062475043,3.948179835548062e-11,-0.08762759919115991,0.03137642182132386,-2.792784967328778,0.005228169180332827,-0.06394861162773653,0.027002767639310952,-2.368224342109265,0.017878507930007195,-0.07375018497401165,0.022416645669745324,-3.2899741585133206,0.0010028478847330293,-0.03190006636066413,0.03396493853793446,-0.9392057731838926,0.3476308819878352,-0.10207067864649585,0.02019976836212265,-5.053061837970996,4.367303252481647e-07
-1.512,0.0018559482583170306,0.0014746959149561922,39287,0.02373605411362035,0.01063021466560424,2.2328856810786846,0.025562096631395515,-0.04348729676220184,0.08912317600264272,-0.48794599466374866,0.6255908186240762,0.004623539739939846,0.019847630574044754,0.2329517230125275,0.8158001079712702,-0.07149980820520839,0.051760177145543734,-1.3813671464871353,0.16717396130976803,-0.0508363401162698,0.06918811809036285,-0.7347553527886856,0.4624928899473697,-0.06973941895772445,0.014949753030304474,-4.66492114059386,3.0975157581000356e-06,-0.0481651045436129,0.04752306212940306,-1.013510122989583,0.31082280754525377,-0.0831019974240411,0.019727788178896397,-4.2124335820342305,2.531968494645905e-05,-0.15100880676369044,0.023675638104764956,-6.378235978074797,1.8112817664928964e-10,-0.05020417497281627,0.027164335082696753,-1.8481650598101893,0.06458598174766546,-0.09326597598084475,0.020930628197485077,-4.4559568447186475,8.375042742576843e-06,-0.071116451168302,0.03136593183577405,-2.26731510929291,0.02337639391309234,-0.05244475240359029,0.02699373988452252,-1.9428486985480915,0.052041579269732845,-0.060556302406369916,0.022409151179440156,-2.702302372877418,0.006889069327576924,-0.05533577424408029,0.03395358314130918,-1.6297477062665808,0.10316285029575725,-0.019243099402841243,0.020193015033797487,-0.9529582071143734,0.3406171116032515
-1.458,0.0012005446569337552,0.000819041974798207,39287,-0.01785415109023805,0.010513856285276558,-1.698154378925716,0.08948655051653666,0.0964833460939003,0.08814763329390693,1.094565361411349,0.2737138109848258,0.014149126921861961,0.01963037831530998,0.720777088173939,0.47105096471441565,-0.038674448685683246,0.051193610000139146,-0.7554546101667401,0.44998078787418805,0.04190268415715709,0.06843078462042229,0.6123367485786765,0.5403185262016028,-0.04380057104416477,0.01478611296247653,-2.9622775881206715,0.003055552073537557,0.007731748770770588,0.047002874465133085,0.16449523265871813,0.8693421460204215,-0.03743454701667336,0.019511847715589344,-1.9185546936574518,0.055047955456623984,-0.06036324010602497,0.02341648445737827,-2.577809671468648,0.009946484652947741,-0.019667377557913448,0.02686699414158403,-0.7320274629260739,0.46415617404381593,-0.05278804170349531,0.020701521441609243,-2.54995952120666,0.01077730637675211,0.0156681522217924,0.03102260019660327,0.5050560598562573,0.6135222963060681,0.08007166711764149,0.026698266279261015,2.9991335871812947,0.002709181781845996,-0.015310230213715087,0.02216386050396633,-0.6907745250866945,0.48971132989809074,0.014511576809327702,0.03358192705863124,0.43212460035398503,0.6656532285875031,0.017024112796120754,0.01997198219512229,0.8523997583113464,0.39399745255355656
-1.404,0.002086375274944152,0.0017052012395258886,39286,-0.04117102615741126,0.010529443314756928,-3.9100857402129137,9.241833089043301e-05,0.18895435971525223,0.08827831415172815,2.1404391501007525,0.0323254342583507,0.008992645327993758,0.01965948079466536,0.4574202860145691,0.6473715166573746,0.02547907279025183,0.05126950568354888,0.49696349614752455,0.6192175755891532,0.07606977430776475,0.0685322348046621,1.109985316028099,0.2670121508416093,-0.05630942252119339,0.014808033709000785,-3.802626576070445,0.00014338654414865318,-0.003748684517314721,0.04707255728847324,-0.07963630474422237,0.9365269256757676,-0.0495438638157875,0.01954077447065836,-2.5354094276140677,0.011235441874017907,-0.008592322906280299,0.023451199924622686,-0.36639161040364304,0.7140748529676025,-0.003524994648028229,0.026906825067394263,-0.13100745402696448,0.8957700818534127,-0.01768043580713943,0.02073494239439184,-0.8526879636724449,0.39383756778980983,0.04169148992404213,0.031068591902259735,1.341917588515164,0.17963047688263487,0.0909886024807095,0.02673784706220655,3.4029891138587667,0.0006671944329759359,0.04814986875959562,0.022196718927912834,2.1692336113264994,0.030070931630533593,0.09228486632917632,0.03363171302420484,2.7439835212306503,0.006072613779476069,0.04309972011639414,0.02000159110995178,2.1548145784737045,0.031182407392551514
-1.35,0.004060088973452114,0.0036796688393702093,39286,-0.06765819296417924,0.010531260146782068,-6.424510649359743,1.3380550782140932e-10,0.21070645970367458,0.08829354637849283,2.386431039936119,0.017017503984441507,-0.010689677439653114,0.019662872994351294,-0.5436477895536436,0.5866869531496464,-0.049285430130843105,0.05127835212272467,-0.9611352177013821,0.33649010184681116,0.1404246999938667,0.06854405988935323,2.048677890112524,0.04050025504683008,-0.04159823050279153,0.014810588802282322,-2.8086817518275313,0.004976935294948132,0.08940168393238646,0.04708067955353801,1.8989038556829436,0.05758444041567794,-0.047554072109539484,0.019544146187832106,-2.4331619121405232,0.014972037802551878,0.059738507886025784,0.023455246377011227,2.5469145335679024,0.010871785387608301,0.08794691224764355,0.02691146778021544,3.268008752473162,0.0010840002939208405,0.07504764498142671,0.02073852016258484,3.618756034329925,0.0002963940781963105,0.09356428876604955,0.03107395271869197,3.011019860043993,0.002605373095611465,0.1353750106792983,0.02674246061824876,5.06217481673769,4.1637013610127283e-07,0.0959788835709672,0.022200548922395518,4.323266235734622,1.541141784933046e-05,0.12180177380390303,0.03363751610148596,3.6210097510298143,0.00029382463093967386,0.08648171215155676,0.020005042340011717,4.322995706866677,1.5430325956901257e-05
-1.296,0.004908944422049144,0.004528848526106466,39286,-0.08956898576874509,0.010491260775277851,-8.53748540688361,1.4201801836792176e-17,0.1913981126786825,0.08795819369383835,2.1760123149515103,0.029560280301047008,0.005741304771424088,0.019588190330474493,0.293100315780167,0.7694470241255627,-0.015612309007514686,0.05108358892932777,-0.30562279069925435,0.7598934857492545,0.17668769955019603,0.06828371884016177,2.5875523851269118,0.00966960665132162,-0.02021276600480551,0.01475433587191675,-1.3699543090433695,0.17070899729801403,0.07580621658206767,0.046901859776428204,1.616273148728446,0.10604330223348478,-0.01231470921747932,0.019469914466917045,-0.6324993999539273,0.5270642830042409,0.08378418551368785,0.023366159686484107,3.585706279417061,0.00033657483551278745,0.1299721790248576,0.026809253820778357,4.848034186021374,1.2516686880606682e-06,0.10049716783875,0.02065975202269758,4.86439371239016,1.1525213758503206e-06,0.1296669382784374,0.03095592899108714,4.18875939131955,2.8109522412385227e-05,0.09850990220801961,0.02664088857441951,3.6976958156946944,0.00021786146572612408,0.13442949041106628,0.022116227768842422,6.07831913362965,1.2256514537760953e-09,0.16053651381791975,0.033509755559606884,4.790739626027969,1.667735228064449e-06,0.14793722815226068,0.019929060063497525,7.423191444097534,1.16641900731783e-13
-1.242,0.008176320462154107,0.007797472609007539,39286,-0.11905214185260767,0.010485188172210981,-11.35431619321177,7.857861506474996e-30,0.3087761008921529,0.08790728130034983,3.512520195422357,0.00044437664681600594,0.019365778384064627,0.019576852197982775,0.989218194437822,0.32256249326825526,0.16162078551593956,0.051054020475598164,3.1656818407315837,0.0015483808259066805,0.2274984525196077,0.0682441945227963,3.3335942216097822,0.0008581087468041148,0.009442613659058973,0.014745795694793656,0.6403597238494838,0.521942497257353,0.14803734145141512,0.04687471181169632,3.1581493673199796,0.0015889438161906353,-0.004270269639495266,0.019458644795441325,-0.21945359938404774,0.8262978617591846,0.21117483771354478,0.023352634771222493,9.04286988523351,1.594038084468387e-19,0.11196101736132737,0.02679373595686669,4.178626584271987,2.9390841348214508e-05,0.1521703661726544,0.02064779364360653,7.369812426412595,1.742239567084434e-13,0.20183364848467508,0.030938010928296053,6.523808170876204,6.937597050481353e-11,0.15392258263063313,0.026625468164506297,5.781028212522596,7.480636623427187e-09,0.1943317813424159,0.02210342634530969,8.791930187948115,1.5285357893302765e-18,0.1835812614218427,0.03349035927838386,5.481615168587757,4.240485031434291e-08,0.17902455106617796,0.0199175246271135,8.988293194952242,2.6200550291606526e-19
-1.188,0.010131091014993876,0.009752989827451874,39286,-0.11985857919782567,0.010529257045360198,-11.383384286419554,5.6384967844531946e-30,0.18320599081610545,0.08827675247863398,2.0753594312437764,0.03795972896283914,-0.012499329901750405,0.0196591330118322,-0.635802702704512,0.5249087307823661,0.20887826958031097,0.05126859870873466,4.074195020756911,4.626439589821359e-05,0.25883607204651765,0.06853102244635863,3.7769182890729045,0.00015901480941442057,0.017793592981421556,0.014807771749899695,1.2016387935978339,0.22951075099078966,0.13756408505537637,0.04707172455908893,2.9224356308146895,0.0034750338514939823,-0.008525227314037095,0.01954042878778003,-0.4362866038727105,0.6626311984930553,0.23521451489866416,0.023450785065001725,10.030133927145217,1.1998186574769694e-23,0.13915632351537058,0.02690634907660127,5.171876835433832,2.328899939593266e-07,0.1758537641767594,0.02073457558628095,8.48118464952392,2.30577522075524e-17,0.19482663344657075,0.03106804228841047,6.2709658895774165,3.625423118389819e-10,0.18995940040292758,0.02673737406069135,7.104639370034523,1.226861972781544e-12,0.20659892290269272,0.022196326260482995,9.307798077851695,1.3703777729187814e-20,0.18102229881429643,0.03363111806788011,5.382583429100575,7.384439843074336e-08,0.20664515159446156,0.020001237275071977,10.33161842702643,5.457849670309932e-25
-1.134,0.012656055043270387,0.012278918318687992,39286,-0.14996189134164745,0.010529861943749006,-14.241581907032646,6.581847618839112e-46,0.2377505728034326,0.08828182391578414,2.6930863257903823,0.007082398336853425,0.028891752717681945,0.019660262415154103,1.4695507164447725,0.14169148733548312,0.2276746815720473,0.0512715440535602,4.440566122491058,8.996699814519576e-06,0.27287519147608924,0.06853495950524915,3.9815474240586584,6.859120873286046e-05,0.0513250283052347,0.014808622445939763,3.465888099490782,0.0005290477060372546,0.21118007776809566,0.04707442879645549,4.486089011960495,7.2747970428875206e-06,0.05473262870107918,0.01954155137162801,2.8008333453271472,0.005099574531117614,0.2466099362982374,0.02345213229605905,10.51545902884397,7.93576518409612e-26,0.24500104138152365,0.026907894827373144,9.105173145402903,9.00700874920804e-20,0.2367461178335934,0.020735766773020026,11.417283017555512,3.8248370447104e-30,0.21364823767407254,0.031069827125521265,6.876389650027321,6.2304913157080895e-12,0.2171955822375355,0.02673891010396777,8.122828544358132,4.686174552645181e-16,0.24851317407790313,0.02219760142376703,11.19549672658864,4.747666551218313e-29,0.2644959066883038,0.03363305015188617,7.864166511626085,3.8100925851799485e-15,0.26671766015752846,0.02000238633204245,13.334292005462622,1.791337121765909e-40
-1.08,0.012497096357886206,0.012119898915700533,39286,-0.15639334636986563,0.010603186221534748,-14.749655726335874,4.1866240276510025e-49,0.23105905150796818,0.08889657091007647,2.599189700373218,0.00934790574568362,-0.012103183144549839,0.019797165876032346,-0.6113593844865789,0.5409652237641144,0.21465979273469474,0.05162857142569197,4.157771303892274,3.220487777409027e-05,0.26611083805749647,0.06901219998908861,3.855997028055485,0.00011544255706472116,0.07855674507514612,0.014911741703499909,5.268113318829028,1.3855846368957405e-07,0.18056694115450206,0.047402229722252574,3.809249949053271,0.0001396011313377259,0.04015440322878636,0.019677628192842953,2.040611949533182,0.041296087052859136,0.275057312946816,0.023615440293099314,11.647350611844859,2.6651247940795282e-31,0.22884381561503436,0.027095266890320564,8.44589634571143,3.1192418330442765e-17,0.2545389746798827,0.020880159466018993,12.19047081963752,4.027554169242086e-34,0.22346903442542942,0.03128618063965818,7.142739377466913,9.307621097428204e-13,0.1904540996227624,0.02692510544846753,7.073476461857359,1.5362180492333992e-12,0.2259760296593251,0.02235217354462372,10.109801143418476,5.3485919636406995e-24,0.20145127275384486,0.033867252568336906,5.94826144658056,2.732942458089009e-09,0.26478964940821564,0.02014167215930432,13.146358818371379,2.1631991038785956e-39
-1.026,0.012049343752486452,0.011671975281803748,39286,-0.14876182440636593,0.010669648287439307,-13.942523726999857,4.4512697106143114e-44,0.14209648380967743,0.08945378547097094,1.588490448576822,0.11218352969934998,-0.00876217431964577,0.019921256929012636,-0.43984043531333805,0.6600550997898766,0.1742051384520132,0.051952185615329015,3.353182092123805,0.0007996359550142674,0.18804666121566843,0.06944477688513312,2.7078589585896684,0.006774810551985647,0.0794779264726233,0.015005210321247749,5.296688601563991,1.1855534424537047e-07,0.25174596900559787,0.04769935268604858,5.277764892587949,1.3146226302064629e-07,0.070245146935988,0.019800969969029247,3.547560904635411,0.0003892688859603764,0.2553033321191757,0.02376346475634391,10.74352308204635,6.92878647084199e-27,0.2636355566627437,0.027265103331569587,9.66934008856246,4.307566897251473e-22,0.24183420425746677,0.02101103885505677,11.509864215936378,1.3176021426206132e-30,0.28116410415286613,0.031482286240006103,8.930866774077447,4.40573983338406e-19,0.1856980280027282,0.027093875297022004,6.853874758297828,7.293524851506015e-12,0.24119240096078753,0.022492279697641743,10.723341706713523,8.615043457122735e-27,0.24701011966176387,0.034079536642687286,7.248048066251123,4.305936516704644e-13,0.2443557064761534,0.02026792261973299,12.056277846563662,2.059084554788528e-33
-0.972,0.011325693609089083,0.010948048725059056,39286,-0.1569864885818718,0.010675104926843058,-14.7058496996242,7.976073714032573e-49,0.3158348932491535,0.08949953365661548,3.5288998762934685,0.00041776771279827314,-0.002996138743081743,0.01993144499825378,-0.15032220410232366,0.8805111877270383,0.21915803222979252,0.0519787548456825,4.2163001572554295,2.4889839140970044e-05,0.11611424683550714,0.06948029212384838,1.6711824790335352,0.09469360789727135,0.07788110849905844,0.015012884240733632,5.18761799866197,2.1405708748362134e-07,0.23679738637979264,0.04772374694538949,4.961835596244381,7.012159134194443e-07,0.08220816937082306,0.01981109652147547,4.149602182883133,3.337543757064244e-05,0.2689670904388069,0.023775617795944268,11.312727717413438,1.2615474796173859e-29,0.2306859293450287,0.027279047168627602,8.456524449663702,2.848265939476336e-17,0.2498353734911309,0.021021784257289497,11.884594115958459,1.6183876025167474e-32,0.23442273166255978,0.03149838681605036,7.442372621543495,1.0091194264085935e-13,0.183427204934559,0.027107731565154114,6.7666010523118505,1.3369013932154616e-11,0.2578565945710613,0.02250378263160657,11.458366746259877,2.3860530407604904e-30,0.13641161197368273,0.034096965496712865,4.000696542536419,6.327198740113127e-05,0.23436568823796414,0.02027828797969797,11.557469174547881,7.592332305954859e-31
-0.918,0.01003522863821571,0.009657090834028659,39286,-0.15470116810673862,0.010801522766686791,-14.32216285132091,2.083098532926718e-46,0.12472840567848664,0.0905594143593747,1.3773102063526625,0.16842421104048158,-0.017144364935719275,0.020167479232943836,-0.8500995457931964,0.3952749269149184,0.14110175246894624,0.05259430307217674,2.6828333912003375,0.007303191199687753,0.16326747653226548,0.07030309887864868,2.322336840572051,0.02021989105473244,0.10239069648319683,0.015190671382737756,6.740366762166332,1.601671443728983e-11,0.20771547335733656,0.048288906073981716,4.301515404782686,1.7004328621598942e-05,0.12683657809660248,0.020045705552894262,6.327369109653984,2.5205932265183194e-10,0.27714218795863,0.02405717589427786,11.520146386947683,1.1699204527826808e-30,0.20899418238634626,0.027602093943313786,7.5716785406047835,3.76487366938203e-14,0.24873042954624783,0.021270730621159428,11.69355364309014,1.5511787197273992e-31,0.17607468076103283,0.03187140029433802,5.524535449806159,3.3244983364734586e-08,0.21086236028828426,0.027428749568350827,7.68764029008423,1.5335433445208867e-14,0.2415438768235812,0.022770279271039785,10.607857459648596,2.9733518218902337e-26,0.17526568588546293,0.034500752134208286,5.080054058058723,3.7905264758739635e-07,0.21937470756758976,0.02051842963448175,10.691593434564062,1.2126228486611346e-26
-0.864,0.008865049379002454,0.008486464600308441,39286,-0.15483598136713392,0.01084709846014752,-14.274414668217933,4.1219574759225965e-46,0.14668230003365068,0.09094151864207409,1.6129299600874283,0.10676776062198982,-0.005421013591594562,0.02025257342486935,-0.2676703586191064,0.7889544736354626,0.30139284943678546,0.052816218248987815,5.706445092602999,1.161885975965265e-08,0.24620080741826356,0.07059973413582875,3.487276693487133,0.0004884995655021211,0.1000954857346352,0.015254766547591505,6.5615875157682275,5.389866002183603e-11,0.2007767461272798,0.048492655159024546,4.140353739527397,3.474941423231101e-05,0.15173781313536053,0.020130285935791793,7.537787273332746,4.882790245047461e-14,0.2187176342845717,0.024158682181657076,9.053376034336718,1.448133314518361e-19,0.22817200531678078,0.027718557575304125,8.231741666098486,1.9014027292113312e-16,0.21620584614962343,0.02136047984628401,10.121769159939346,4.734727377262235e-24,0.2155958346303558,0.032005877738060934,6.736132543991203,1.6489663250664084e-11,0.1555909819264425,0.027544481795124785,5.648716976551769,1.6276556357981864e-08,0.24739611998819877,0.022866355656794644,10.819219455054965,3.0498674055839715e-27,0.17520628796551468,0.03464632380381424,5.056995049680454,4.278276395887734e-07,0.2138735864846493,0.020605004618353538,10.379691266564688,3.30698920681357e-25
-0.8099999999999999,0.0057934618749821976,0.005413703839029282,39286,-0.1275390632763621,0.010900379396099363,-11.70042423679319,1.4309689753070537e-31,0.16409497107942558,0.09138822328368253,1.795581150210685,0.07256884114457343,-0.028054276340905807,0.02035205404371641,-1.3784493830767621,0.1680724381225972,0.16881715878342457,0.05307565145613367,3.1806893396861975,0.0014703927150096284,0.16713266807058802,0.07094651995385451,2.3557556900506964,0.018489958280284477,0.10002676204624766,0.01532969794444097,6.525031504780595,6.881269747897918e-11,0.1538646800453413,0.048730851028929795,3.1574388051215694,0.0015928203180774112,0.1051817980594491,0.02022916587862423,5.199512362029355,2.0081159903748763e-07,0.1798735260277627,0.024277349602509848,7.409108859608256,1.2970126134371734e-13,0.1948985715233796,0.027854711100255825,6.996969770100743,2.6574001797688566e-12,0.19012702827140446,0.02146540250027963,8.857370751325425,8.527757733473621e-19,0.152637811151147,0.03216309057503383,4.745744529589145,2.084712226054371e-06,0.10998242288831157,0.027679780260031758,3.973384971091002,7.098485117312361e-05,0.19854715321904298,0.022978675171149376,8.640496100851223,5.804329135284874e-18,0.15348215727518333,0.034816506509017846,4.408315843964122,1.0445359688887191e-05,0.1371450772837174,0.020706216378843356,6.62337699821614,3.556052314584161e-11
-0.756,0.007996444974524897,0.007617528414163854,39286,-0.15302971917352334,0.010963927822733595,-13.957563534504281,3.608730284670868e-44,0.18712198539029365,0.09192101004197226,2.035682433263641,0.041788952686962276,-0.024051749435346225,0.02047070505266348,-1.1749350778817855,0.24002781454744532,0.1978180491294465,0.05338507868064212,3.7054932580098825,0.00021126914852012403,0.23192878125887295,0.07136013305431732,3.2501169957507687,0.0011545461802492283,0.15011106806334773,0.015419068979131364,9.735417116721678,2.257245943885394e-22,0.16315775012275052,0.049014948379939784,3.3287345088692506,0.0008732173041721883,0.11207091467953306,0.020347100458421467,5.507955047872582,3.6529745507537985e-08,0.24677417356063883,0.024418884801792985,10.10587402183572,5.56671604029453e-24,0.2173545395063779,0.028017102059363704,7.7579236798238025,8.841010515278268e-15,0.22603071763298754,0.021590544250524712,10.468968035740662,1.2963673929566471e-25,0.2175952884893872,0.03235059907611125,6.726159474742671,1.76583241957397e-11,0.14563368533156684,0.027841151384942853,5.230878684504727,1.6957005558432845e-07,0.1888794777034492,0.023112639192052007,8.172129376224643,3.1197285839885035e-16,0.20495463670881728,0.03501948423384276,5.852588671501607,4.878164895598518e-09,0.15338054331491124,0.020826932128690957,7.3645288882281355,1.81254929582029e-13
-0.702,0.005522226565472854,0.0051423649255055714,39286,-0.12438664743985414,0.011030843891048366,-11.276258522776764,1.908039418960388e-29,0.10870422417586138,0.09248203093585093,1.1754091370599633,0.2398381960274906,0.008243300013982921,0.02059564377169766,0.40024483358518687,0.6889783729645329,0.29438806160152015,0.05371090347899368,5.480973927698968,4.255873212578276e-08,0.1803661081051655,0.07179566488338615,2.512214468632953,0.012001590866868988,0.14694971941858884,0.015513176081060502,9.472574710087553,2.8769285959306816e-21,0.21062626851645921,0.04931410099087144,4.27111646130279,1.9495357550779683e-05,0.11079747062595643,0.020471284782351443,5.412335952723219,6.257144088753178e-08,0.20531555708386173,0.024567920420230673,8.357058862613085,6.638537808236931e-17,0.19404233212419714,0.028188098653440047,6.883838974379224,5.913422756303951e-12,0.15989250951945375,0.021722317676743874,7.360748143861105,1.8645646270957424e-13,0.1895721976403131,0.03254804427392732,5.824380600101687,5.7770714173902116e-09,0.10223752556402702,0.028011074100429335,3.6498966514982722,0.0002626858579035445,0.1463603808760409,0.02325370241028144,6.294067856107457,3.125114914992093e-10,0.20137348779029318,0.03523321842082645,5.715444027425573,1.1020860197858386e-08,0.13073343776429278,0.02095404500608703,6.2390549283594385,4.447044709398636e-10
-0.648,0.005648808858231935,0.00526898589693614,39285,-0.09615652477437811,0.011045128458126345,-8.705786006828367,3.2742656581350184e-18,0.12907217565620455,0.09260179201565932,1.3938410137287403,0.16337350722615723,0.0024837883773107896,0.020622314428827275,0.12044178580842416,0.9041338081979648,0.24743161499870658,0.05378045726939482,4.6007718707054215,4.2224199130049765e-06,0.2114912712524613,0.071888637823667,2.941929039902251,0.0032636515327792966,0.15953006901994415,0.01553326511563874,10.2702212208643,1.0315390804817433e-24,0.2576041401914993,0.04937796107175139,5.216986173592168,1.8277950058016747e-07,0.154114030501672,0.02049779439878105,7.518566510299116,5.655749293671591e-14,0.2125715673253283,0.024604534313277866,8.63952817065161,5.853624408316357e-18,0.1312594298316612,0.02822460128097723,4.6505326514613055,3.3215572190607687e-06,0.1667445937427986,0.02175044733817191,7.6662604290516265,1.8115106952606928e-14,0.1759427910355129,0.03259019288253155,5.398642213308864,6.75357706482736e-08,0.06356114405947898,0.028047347487202827,2.2662087417885077,0.02344402324604203,0.09283980612313951,0.023283815162771896,3.9873107338345277,6.69473397029232e-05,0.11113197616940906,0.035278844238458305,3.150102520883081,0.0016333558625785541,0.08433778616135376,0.020981179780579708,4.019687502960022,5.8384062929178594e-05
-0.594,0.0042860440578808,0.003905700546736446,39285,0.0036208531078054697,0.01121213458517585,0.32294056767680873,0.746741971837432,0.030344676398197414,0.09400196284219244,0.3228089656929729,0.7468416412722301,0.016249508341482904,0.020934130889506068,0.7762208246069825,0.4376232873206306,0.11114294770022383,0.05459363621190906,2.035822403710473,0.04177488987202693,-0.021534028582280082,0.07297561866117479,-0.2950852487083721,0.7679303181022823,0.14392191626753925,0.015768133406870555,9.12739083021894,7.341275723544026e-20,0.11190165380349446,0.0501245727631824,2.232470974509506,0.025589466765421925,0.12154066900569914,0.020807728073937076,5.841131168853369,5.225542431618368e-09,0.1435423704164862,0.02497656330317105,5.747082521888106,9.146682882653595e-09,0.09970446513062958,0.028651366923886933,3.479920012036318,0.0005021074141965674,0.0239963623464485,0.022079321555009992,1.0868251674609772,0.2771207538986152,0.06546799559161116,0.03308296776638576,1.9789033454891705,0.04783386406840805,0.06406163218590992,0.02847143299201225,2.250031889995934,0.024452433617585794,-0.022102026875462498,0.023635874426547153,-0.9351051066102348,0.34973988523987065,-0.007158662770013112,0.03581227245211687,-0.1998941223175566,0.8415644224521213,-0.024976736861745934,0.021298422408347065,-1.1727036107593256,0.24092179662633845
-0.54,0.007831371068311666,0.0074523818036507095,39285,0.1260499877399664,0.011383197359411304,11.073337636174061,1.8621409306806975e-28,0.03235922548566714,0.09543614439122806,0.33906677278384906,0.7345612418442906,-0.007208182267453538,0.021253521499649267,-0.3391523737641543,0.7344967589499483,0.01947918160015627,0.055426567603792075,0.3514412391436553,0.7252592341807111,-0.0495724751970705,0.07408900270815492,-0.6690935683443082,0.5034397259395001,0.13073986426950057,0.01600870674503404,8.16679737793664,3.260451681637402e-16,-0.04272984170383768,0.050889319958205684,-0.8396622658532437,0.40110288848206777,0.08607134512923911,0.021125190164926484,4.0743465245648185,4.623430589906354e-05,-0.03254930697228775,0.025357629029509797,-1.2836100305122644,0.19928601256510384,-0.074142885530797,0.02908849887894909,-2.5488728668791185,0.010810938840252107,-0.06648196257963548,0.02241618426119177,-2.9658019315416233,0.003020764275912275,-0.05298140709007605,0.03358771235387425,-1.577404454696802,0.11471054610573381,-0.11657273966880707,0.028905819707322627,-4.032846701775976,5.5209274256990686e-05,-0.14022881540145357,0.023996485353946443,-5.843723084155391,5.144912012237184e-09,-0.07065009505894437,0.03635865785543112,-1.9431436479273376,0.052005940950727164,-0.14044268143377142,0.02162337098939848,-6.494948521330358,8.405214891928769e-11
-0.486,0.010255386507058373,0.009877323169504737,39285,0.2014880450688394,0.012308377387101178,16.369992463831426,4.9547260136831523e-60,-0.07149627212883203,0.10319280641883412,-0.6928416292764276,0.4884130413828932,-0.008028463231854775,0.022980921367077183,-0.34935340944843374,0.7268258795329818,0.028727042141679888,0.05993141380221405,0.47933196164010106,0.6317051571747828,-0.3016372406826434,0.08011065580023403,-3.765257413880292,0.0001666199683442753,0.11014415550216738,0.017309829380618005,6.363098854428741,1.9989821770975413e-10,-0.14977538439027488,0.055025397104327176,-2.7219319127548216,0.0064930132497317715,0.08499465092165555,0.022842159782920642,3.720955099228711,0.00019874727500267706,-0.11928284270589959,0.027418594080623058,-4.350436143996083,1.3620931828710386e-05,-0.07674454739638589,0.03145269387167079,-2.4399991844739617,0.014691686899691032,-0.12199334239938849,0.024238080633595813,-5.033127178820277,4.846712795191592e-07,-0.12409789186304752,0.03631758513605045,-3.41701936949168,0.0006337492276280134,-0.1360957166500431,0.03125516727926021,-4.354342929412227,1.3380404318770573e-05,-0.21513018990542937,0.025946822177885336,-8.291196063646915,1.1563598424687232e-16,-0.08345232145869542,0.03931374182870891,-2.1227264965593853,0.033783016236585486,-0.21781566019052293,0.02338083072053282,-9.315993208027434,1.268816675898928e-20
-0.432,0.014940966931167532,0.01456468381269882,39284,0.2708316234999386,0.012589634408712743,21.512270706805253,4.650269139733514e-102,-0.1958789328469114,0.10555085090118942,-1.8557778660664888,0.06349271355254689,-0.0535786260493289,0.023508626104435243,-2.2791049468952385,0.022666169261812107,-0.14423430264750337,0.06130089821248336,-2.352890526131498,0.018633022379464053,-0.2778169974879009,0.08194125326582917,-3.3904411565029733,0.0006984891474788145,0.060396283349129276,0.01770537388685101,3.411183730719344,0.0006474661367509788,-0.3174903451006441,0.05628277480865045,-5.6409860064654636,1.7024006605776218e-08,0.029866068241154616,0.023364122802565706,1.2782875904878785,0.20115559724569324,-0.1477029634877039,0.02804513256458516,-5.266616698906971,1.396915391146013e-07,-0.1748764999600168,0.03217141500945425,-5.4357727165132665,5.488378133594292e-08,-0.26164176946591367,0.024791941646643282,-10.55350053638654,5.302757825654165e-26,-0.25017948941131546,0.03714747322822579,-6.734764646689923,1.6645367267712863e-11,-0.24188561282499413,0.03196937476432973,-7.566166514300471,3.9277960344384895e-14,-0.30597155763955597,0.02653972940656387,-11.528812255481487,1.058306564281824e-30,-0.15825999433132149,0.04021209468121662,-3.935631694542039,8.31209964899485e-05,-0.31204802059736253,0.023915102834910443,-13.0481571729579,7.842490077370574e-39
-0.378,0.013223074182290184,0.012846134845240664,39284,0.25269713392542403,0.012609371053417862,20.040423337128193,6.819639970886844e-89,-0.18398620230805462,0.10571632192083381,-1.740376499721903,0.08180076265991376,-0.029819977086144586,0.023545480343872698,-1.2664841256425978,0.20534732156036956,-0.21209019747796443,0.06139699902120002,-3.4544065810892635,0.0005520871539169104,-0.28680459628303867,0.08206971175397086,-3.494646077749407,0.00047521371668998936,0.03264654470401855,0.01773313042547887,1.8409916309594252,0.06563032423107362,-0.2802869136713485,0.05637100875519364,-4.9721819754649115,6.648212515447804e-07,0.01800657826830552,0.023400750505613375,0.7694872121296322,0.4416087615987575,-0.18522217601211274,0.028089098640101392,-6.59409468368203,4.33273411772322e-11,-0.20171894428152273,0.032221849816938666,-6.260315451395386,3.881639317281607e-10,-0.22982683214956426,0.02483080772709842,-9.255713091392877,2.2321086218000238e-20,-0.28469481899365645,0.03720570895271125,-7.651912220124762,2.0252709772407356e-14,-0.24230919805960943,0.032019492835330406,-7.5675526563070585,3.886185072786972e-14,-0.29411179319747033,0.026581335476514947,-11.064598069473334,2.0522589718372623e-28,-0.1981436137089194,0.04027513478228759,-4.91975048078697,8.700466227322356e-07,-0.2986434444545778,0.023952594303877358,-12.468104317461533,1.301847716930079e-35
-0.324,0.012633462446875465,0.012256288278660432,39283,0.24712863356837458,0.012735912695210929,19.404077232823848,1.756207733608512e-83,-0.11108216522150054,0.10677724057284041,-1.0403168748842448,0.2981991120595038,-0.014801670445316564,0.023781771569399028,-0.6223956193558967,0.5336853742679277,-0.25034606417657695,0.06201315005865041,-4.036983509784719,5.424550438762072e-05,-0.32127013134148347,0.0828933242896747,-3.8757057229215413,0.00010648883476327683,0.04406038751836224,0.01791109167578977,2.4599498632413455,0.013899918650624557,-0.2513985371859288,0.056936721348354195,-4.41540241925426,1.01091078536779e-05,0.004423111558396895,0.02363558929143846,0.18713777362847825,0.8515535790520139,-0.18632879368496255,0.02837098745463735,-6.567582252217534,5.177579228061978e-11,-0.24715183705847474,0.03254521295377719,-7.594107231975888,3.167782192274388e-14,-0.23205048416904742,0.02508330245423878,-9.251193481894711,2.3283398125335228e-20,-0.2912446603974765,0.037579087725909274,-7.750179102849135,9.396427211246453e-15,-0.21061750588918265,0.032340825213883664,-6.5124345002417,7.48334899065863e-11,-0.267533128056618,0.026848093098115602,-9.964697570100256,2.3189461143303242e-23,-0.20009441122018073,0.04067931685107347,-4.918824275066471,8.74170529957587e-07,-0.2748485591737258,0.024192971131205235,-11.360678177274934,7.30787900655928e-30
-0.27,0.011854570696436584,0.011477098991453882,39283,0.30198960172405875,0.012738469507227639,23.706898348558582,2.259703245407271e-123,-0.1492682150462835,0.10679867675400316,-1.397659779906294,0.16222315329748255,-0.04271119648651142,0.023786545904837912,-1.7956031387400577,0.0725653420474458,-0.25207934797836445,0.06202559957609438,-4.064117875541178,4.830820217687214e-05,-0.31227238565828064,0.08290996562922538,-3.7664035111866703,0.00016585760755403884,-0.01896110364739365,0.017914687436496123,-1.0584110783181038,0.28987458173427183,-0.15114695700144015,0.056948151741826526,-2.654115232512941,0.007954870355387571,-0.040930959038607884,0.023640334279895002,-1.731403564518026,0.08338766570123789,-0.21111116480958322,0.02837668310310683,-7.439599760215445,1.0304989963481996e-13,-0.3455024561666959,0.032551746603430576,-10.613945247727013,2.7863195532738804e-26,-0.2351608397518031,0.02508833807992722,-9.373312771958838,7.39084508460368e-21,-0.3470205181061135,0.03758663195657212,-9.232551575971575,2.7705219221011e-20,-0.22102893285268327,0.032347317831453844,-6.8329910382170675,8.437313252310251e-12,-0.30753420847993873,0.026853483016270805,-11.452302418036444,2.558462272233034e-30,-0.20004468186215524,0.04068748347160907,-4.91661476192654,8.840842669584088e-07,-0.27782023060115923,0.02419782801745976,-11.481205271840933,1.8342127197511765e-30
-0.216,0.01538314494534121,0.015007021156260736,39283,0.37604502137695717,0.01284311298946234,29.279896679683404,1.9040415991700045e-186,-0.42636031709931643,0.10767600235636506,-3.9596596063088607,7.518889432530786e-05,-0.07025507546394716,0.023981946693951983,-2.929498441494944,0.0033970477639183793,-0.29800228587944344,0.06253512505116461,-4.765358438727447,1.8919172886181442e-06,-0.36818227249358293,0.08359105117961109,-4.404565647852353,1.0627601718912998e-05,-0.07253225824859152,0.018061852311792765,-4.015770752440185,5.9361926208791835e-05,-0.3006819776600418,0.05741596719655707,-5.236905208453444,1.6413143639724664e-07,-0.07473749681582444,0.02383453397545788,-3.135681062309869,0.0017158199929988795,-0.2534346389120995,0.02860979077216353,-8.8583185011854,8.455752897404408e-19,-0.41149429605291743,0.0328191514212128,-12.538236920621486,5.405697709982386e-36,-0.3047304030027011,0.025294432780603424,-12.047330954042112,2.2943060721359048e-33,-0.3877127304330678,0.03789539715408491,-10.23112988779627,1.5440869414113353e-24,-0.3211847828689587,0.03261304331573713,-9.848353609918208,7.406002238369234e-23,-0.36203064916904626,0.02707407796069161,-13.371855163255137,1.0842536159163057e-40,-0.22855368640240523,0.04102172142314793,-5.5715284116145325,2.541663931410565e-08,-0.34331930057873894,0.02439660739082378,-14.072419786854075,7.215194680025298e-45
-0.162,0.02048594655193381,0.020111762504622543,39282,0.3934489278524382,0.012924998888492795,30.44092546907127,3.477055067568442e-201,-0.3812331895327915,0.10836252954516928,-3.518127448048176,0.0004350945100609635,-0.06973551654123124,0.024137492955552394,-2.8890952622811574,0.0038656328734921436,-0.35575938411688046,0.06293384029575756,-5.6529107781281,1.5884540447975753e-08,-0.38485167994198266,0.08412401607546936,-4.574813446813148,4.781003314423129e-06,-0.10502383562940915,0.018177012165627948,-5.7778382207393415,7.623700366639028e-09,-0.44325549327713265,0.057782043403815805,-7.671163343590943,1.743686880776465e-14,-0.11364855671124283,0.023986499643281197,-4.7380217372849005,2.1656884127438145e-06,-0.34618167515362963,0.02879220281201017,-12.023452231630777,3.0609264676220007e-33,-0.41393516039440637,0.033028401758094086,-12.532703320800728,5.794919466567211e-36,-0.3652964754709233,0.025455706559819564,-14.350278379132629,1.392331790963062e-46,-0.4817879882652229,0.038137012926514884,-12.633081389818503,1.6342108495474536e-36,-0.3852446984903637,0.03282097953606591,-11.737757493405425,9.224218626261002e-32,-0.40318156384585324,0.02724669850962278,-14.79744651277514,2.068038518225075e-49,-0.33994142826319723,0.04128327020354394,-8.234362892938048,1.8603085847725164e-16,-0.4210563292110532,0.02455215676045334,-17.149464029541274,1.1013606731853204e-65
-0.108,0.019073589384121403,0.018698865802416087,39282,0.3104863809534704,0.012851428079156306,24.15967930109241,5.098323592681373e-128,-0.24988981731566548,0.10774571564296577,-2.3192552559929065,0.020386304496090777,-0.05076889863698919,0.02400009914164075,-2.115362038188581,0.03440538239911818,-0.30016896632487355,0.06257561252296183,-4.796900169610453,1.6173038144679982e-06,-0.41811380388062724,0.08364517100935348,-4.9986603988635805,5.797796921380202e-07,-0.03878180446043913,0.018073546199566238,-2.1457772609876575,0.03189686531731044,-0.41584790005005917,0.05745314034277805,-7.238036033696667,4.635525186850168e-13,-0.07431694799109817,0.02384996530334584,-3.1160191239637767,0.0018344248801525672,-0.3236111274206074,0.028628313771729804,-11.303883630763135,1.3948747420871306e-29,-0.32132322602972957,0.03284039971109994,-9.784388401372698,1.3943771535790849e-22,-0.3752835918482615,0.02531080929909288,-14.827008785598625,1.3353369561776578e-49,-0.3954153832841364,0.0379199319866335,-10.42763957022701,2.001835105844144e-25,-0.4052371740446178,0.03263415816389276,-12.417577067852244,2.444937927413213e-35,-0.3713071281730554,0.027091606684981704,-13.705614897284418,1.1783374434088637e-42,-0.3346654130076666,0.04104828034960781,-8.152970359716035,3.655189808430468e-16,-0.319103016343404,0.024412402625121763,-13.071348250459735,5.7907286495682934e-39
-0.054,0.016266329185457562,0.01589051406060482,39280,0.2237201167677817,0.012753206048227928,17.542264738902094,1.2465214690440423e-68,-0.3947921119641439,0.10692222716003727,-3.692329672232075,0.0002225099683242138,-0.08101687525724895,0.023819275987630645,-3.4013156109077802,0.000671291567136079,-0.169199261802148,0.06209735409816731,-2.724741887305978,0.006438025948036373,-0.19441887550060494,0.08300588029991267,-2.3422301504199514,0.01917385882772343,0.024765012761061446,0.01793541210250275,1.3807886107956044,0.16735182566906673,-0.30005613311399015,0.05701403240140842,-5.262847065463446,1.4258533108036073e-07,0.000691350194007602,0.02366768267956278,0.029210726008448134,0.9766966752281037,-0.28388912988403514,0.02840951076374149,-9.992749690232518,1.749187129113373e-23,-0.24828505043285765,0.0325894042002397,-7.618582067573714,2.622250679353356e-14,-0.3280469321535391,0.025120672577590028,-13.058843513855095,6.820127166455064e-39,-0.3001147534132136,0.037630114177315516,-7.975387797099248,1.5598800710030086e-15,-0.31539444352670853,0.03238473893413916,-9.738983666600685,2.179622619576688e-22,-0.2850053698235887,0.026884548557808453,-10.60108445603081,3.196151238783371e-26,-0.23851317772254932,0.04073455292277573,-5.855303682225772,4.799208678851628e-09,-0.31632602182230485,0.024225821355638007,-13.05739100353298,6.950910373086434e-39
0.0,0.015038552856788345,0.014662211175929696,39274,0.15034159640792244,0.012775298537175553,11.768147411227616,6.445601164793095e-32,-0.20030630821128054,0.10710744945715668,-1.87014357289316,0.06147131898455767,-0.04569164142502508,0.023863151084614714,-1.9147362920768602,0.0555334024957267,-0.08391591666300041,0.062204925880898244,-1.349023658088935,0.1773371479319296,-0.11643244521676835,0.08314967210301667,-1.4002754583628019,0.1614387499978559,0.08299013754483217,0.017967017496018048,4.619026923262301,3.867659272836257e-06,-0.1751433931581789,0.05711279830199825,-3.066622514835716,0.0021663923518785862,0.04959334210375003,0.02370868241061249,2.091779764258474,0.036464629920418816,-0.2781468372606208,0.02845872480452581,-9.773692924441468,1.5493981585698215e-22,-0.13235897966907662,0.03264585910648651,-4.054388007904432,5.0362595953989916e-05,-0.31146011465480533,0.025174150977697516,-12.372219223231662,4.2959128837655396e-35,-0.1740931063632194,0.037711171086239385,-4.616486344725186,3.9152622346565535e-06,-0.25401187813234116,0.032440839297006606,-7.830003280950239,5.000504390139924e-15,-0.24096743135714876,0.02693112089339017,-8.947545566745813,3.7897897998565634e-19,-0.1435216266692833,0.0408051177405112,-3.5172457430945103,0.00043654208119671786,-0.26088663357014474,0.024267787955136694,-10.750326072258416,6.437843011111479e-27
0.054,0.01443899120474934,0.014062122845406755,39243,0.17154711440031412,0.01288781210426715,13.310801943140909,2.450906231576588e-40,-0.0761917817716043,0.10849569976241885,-0.7022562363157907,0.4825235472581386,-0.04514604326870622,0.024073834886915408,-1.8753158140684916,0.06075671133789393,0.09013161986436237,0.06274535751162197,1.436466751307741,0.15087754570089787,-0.2519256397765239,0.08387187789226144,-3.0036961864635696,0.002668897297490629,0.11709232210318096,0.018127935308434345,6.459219988980305,1.0647324109985056e-10,-0.14433368236743996,0.05773766897885044,-2.499818314804327,0.012429752165674,0.0815466633636795,0.023923073807938615,3.4087034140495405,0.0006533801069802528,-0.28751305508441266,0.02870653635172934,-10.015595457481664,1.3895867404751448e-23,-0.06442840279762892,0.03296806034117242,-1.9542673160291146,0.050676706710875735,-0.31688622512201203,0.025403602050125495,-12.474066649947645,1.2085402592375782e-35,-0.060063338320635346,0.0380551747453362,-1.5783224941831682,0.1144996041420643,-0.25422107029503926,0.032741738570541565,-7.7644340647129635,8.399437013414832e-15,-0.11287437328245226,0.027179137355956173,-4.1529785071606184,3.2886899400810694e-05,-0.11079999778642266,0.04118100113580418,-2.690561053167047,0.007136218828334301,-0.1835649977879027,0.024482181520944023,-7.497901999904153,6.621254007670722e-14
0.108,0.01603265000671439,0.015656006980968695,39203,0.19455530889386485,0.012904080641693141,15.077037589586645,3.193973747110728e-51,0.07582487423267806,0.10862604878439983,0.6980358310111666,0.48515892812910033,-0.025111205214896126,0.024105804037994307,-1.0417078465964942,0.2975535765813692,0.1406770055162375,0.06282084993657178,2.2393362340413194,0.025139633809179687,-0.28876657278286777,0.08418266011615518,-3.430238155748795,0.0006036728591227794,0.15631990105593851,0.018151890778149368,8.611769592846555,7.45772106390297e-18,-0.18292408260558857,0.05806751146408629,-3.1501966933562118,0.0016328321275394361,0.13143909224801767,0.02395992398991807,5.48578919963707,4.1416830361236905e-08,-0.20643105420073105,0.02876382438538973,-7.1767596490258585,7.264762735808605e-13,-0.015953118531893226,0.03307514848682658,-0.4823294606900149,0.6295746161411422,-0.3372863434019815,0.025444598969636894,-13.25571465301796,5.0998169204483495e-40,-0.009750299028324607,0.03811720567267304,-0.25579784394622573,0.7981082814316628,-0.20275681343389673,0.03280002167041907,-6.18160608158239,6.407704400674446e-10,-0.10312363657842626,0.02722112283110206,-3.7883682175152673,0.00015186652366466514,-0.10823754464413717,0.04125184058103821,-2.6238234008372845,0.008698254836234811,-0.1637989404320282,0.024531989582471117,-6.676952958967002,2.4721107158562028e-11
0.162,0.017340238938892694,0.01695940242545968,38720,0.2620243720749218,0.013007345141965602,20.14433915723144,8.721317698235326e-90,-0.006750429328927141,0.11139276958821114,-0.060600246801310785,0.9516778898581054,0.01018668662491944,0.024382465406795523,0.41778739167534534,0.6761048877498912,0.057819251764923765,0.06481445588929281,0.8920733958437096,0.37235913952721855,-0.14826737926066605,0.08505937178500608,-1.7431045650727697,0.08132329235890237,0.17361417631966147,0.0183015038418346,9.486333900212315,2.5242453771034714e-21,-0.12794468877004203,0.05872463425760217,-2.1787226159433937,0.029358292423682375,0.1914025657420276,0.024458780369742354,7.825515534650668,5.183706285924573e-15,-0.2401501788643629,0.029008177394032324,-8.27870622832607,1.2846498057936298e-16,0.004687592114525048,0.03338503377303717,0.140409985695773,0.8883367992333052,-0.328946828580467,0.02580411818505306,-12.747842271587805,3.8071696542429675e-37,-0.05757497501155421,0.03912093985637765,-1.4717175820142805,0.14110528827465102,-0.22527896777772835,0.033077902659422426,-6.810557794345415,9.863895455009542e-12,-0.07822868184008852,0.027463554274143678,-2.848454393746809,0.0043955303033083445,-0.11253644367967432,0.041727604580362475,-2.6969303608823822,0.007001219494196505,-0.118782597044995,0.025293601534214165,-4.696151984695421,2.660166775571552e-06
0.216,0.015471683691174687,0.015026249512956835,33170,0.28223102890923546,0.013011179773537057,21.691424899320385,1.3011909732968738e-103,-0.2115612360002132,0.11190595920836272,-1.8905269879890656,0.05869622690915856,0.12756542401488308,0.027523807606495615,4.634730261113206,3.5876258369761257e-06,0.004197124406330952,0.08507419102170129,0.04933487296118187,0.9606527259220179,-0.2257535660268342,0.08550582662075784,-2.6402126609232623,0.008289282020875803,0.13276689653685564,0.018321711293705963,7.246424441938723,4.3724159423930265e-13,-0.24129059500953912,0.06851924122894046,-3.521501270034865,0.00042968679193391057,0.21323331051392905,0.029698510800198717,7.1799327565105475,7.121083553267671e-13,-0.22013056941194412,0.02903663913440838,-7.581131149268914,3.514864821136294e-14,-0.056549305091554584,0.033509341501706515,-1.6875683781692554,0.09150351990859389,-0.2608650525264623,0.030890304826953034,-8.444884373521852,3.165657254999225e-17,-0.1527611905530837,0.04958358588205016,-3.0808822685086406,0.002065572200841732,-0.2979248868397645,0.03309364229186282,-9.002481026786807,2.3214102611386127e-19,-0.0848664191892924,0.027532983021463293,-3.0823546843120817,0.0020553841852993795,-0.0857159008289094,0.047943398747090665,-1.7878561609925676,0.07380834709693648,-0.12926308279115384,0.032906717754687065,-3.928167000877572,8.576906839075229e-05
0.27,0.016310170963864223,0.01577571184203197,27624,0.23727482713992093,0.013192994182564992,17.984911071475192,6.587087172642531e-72,0.038388792436259284,0.11396347995069767,0.33685170418512017,0.7362312546070997,0.17269494724620632,0.042335657149791636,4.079184282770871,4.532078835207454e-05,0.08618290038577447,0.14353245176444435,0.6004419162797551,0.5482166885107631,-0.19474301664698712,0.08669020338565443,-2.2464247289932344,0.02468468699255861,0.13344803369150832,0.018586670853470055,7.179770640130216,7.159316170851057e-13,-0.26290462086799765,0.10192060587794259,-2.5795041012888524,0.009899350411800387,0.2718794194461057,0.04229184943831711,6.428648145138304,1.3084521514906428e-10,-0.23672180854806915,0.02945684583336302,-8.036223901472725,9.632141774408516e-16,-0.04659387934036929,0.034074897318595365,-1.3673960307120885,0.17151233766121343,-0.24201717186180832,0.04839952281144974,-5.000404090855106,5.756055021972895e-07,-0.14852234120577823,0.07522289376739456,-1.9744300407405408,0.04834281503152134,-0.364681351689172,0.033571753654205914,-10.862743586332858,1.971149324366879e-27,-0.11660448257919805,0.027952381802610227,-4.171540135742901,3.0347190457727964e-05,0.08927709526343965,0.07229121550202736,1.2349646446453226,0.21685417259794917,-0.002205285992628425,0.05007655465628502,-0.044038293124697696,0.9648741984517526
0.324,0.016795091511791704,0.016222750871178304,25784,0.1862713831177063,0.013265930536630088,14.041335630649575,1.2717647129891508e-44,0.10186486060459404,0.11457955537534519,0.8890317323269432,0.3739943251198399,0.34120710510195806,0.06674267810162203,5.112277703067863,3.2057244669658724e-07,-0.05274609528242016,0.18043616296485546,-0.2923255206479524,0.7700401014432053,-0.28044876074363906,0.08715894720537057,-3.2176703566969924,0.0012939599328008742,0.09100201180394875,0.018693359156039896,4.868146545750482,1.1331616038989473e-06,-0.31123956757743343,0.15340447635779228,-2.0288819137944523,0.04248057987742238,0.36063645743262107,0.05237504189315777,6.885654777485425,5.884263270862352e-12,-0.23580791843313034,0.029640110051846545,-7.955703201528423,1.853898739802136e-15,-0.14852846595086677,0.03428009720295139,-4.332790104751483,1.4778830919312363e-05,-0.12578096761586616,0.07358073177304891,-1.7094280606480337,0.08738372712303254,-0.06838218814040493,0.09529334452593542,-0.7175966850632864,0.47301250729410016,-0.40299287079004453,0.033773144697504434,-11.93234667365229,9.792498696656521e-33,-0.15299206758954678,0.028113633682720473,-5.441917231908038,5.31903665925544e-08,0.05939293259132087,0.10758334331282618,0.5520643880588529,0.5809090275712754,-0.05257342984110392,0.0632931446479574,-0.8306338724916011,0.40618818931263645
0.378,0.019934854313852113,0.01935046183550526,25172,0.10343202326164058,0.013425625214975747,7.704074976431362,1.3664238646743927e-14,-0.12945368763172171,0.11595885893709237,-1.1163760045444244,0.26427188334138296,0.4077681546207018,0.08667945587146772,4.704322962356376,2.5606251514322133e-06,0.09930386519271522,0.22472283510080898,0.4418948574948703,0.6585690906539798,-0.29762676136963473,0.08820816271274089,-3.3741408075677466,0.0007415824691973139,0.0880671890217258,0.018921820960928086,4.654266056294312,3.2679392245727447e-06,-0.3855005829442987,0.21737960855490118,-1.7733980915092917,0.07617486122610971,0.4049170154725237,0.05952017099680386,6.803021709972357,1.0474393345936382e-11,-0.2787306111403759,0.029996916370682396,-9.291975471611954,1.6334770914161337e-20,-0.1403861744895588,0.03471346764290692,-4.0441414823115265,5.2671693504878034e-05,-0.0852092567078887,0.09921881664925872,-0.8588013804791262,0.3904582887287329,0.09978491338888926,0.11108978127266303,0.8982366536844044,0.36906799301258164,-0.45961386085107214,0.034199296099459736,-13.439278384982108,4.931622645165732e-41,-0.1979651267301061,0.02845683464161968,-6.956681205877032,3.5691525085921417e-12,0.23771162791189765,0.15278570104076888,1.5558499669315742,0.11975635295336329,-0.0015766965793651555,0.0717202565846776,-0.021983978508269907,0.9824609101088979
0.432,0.022173099862680345,0.02158171999403824,24818,-0.01523686074529185,0.013384768526067611,-1.138373122823692,0.2549757078776484,-0.08285418083321086,0.11559893023309144,-0.7167383008315501,0.4735423373866289,0.6290726363964512,0.10055979843125111,6.255707014235157,4.0218213106310615e-10,0.369278635745847,0.251461481822831,1.4685296255671672,0.141973097214894,-0.25736286829895183,0.0881589980832653,-2.9193034618641556,0.003511299696990056,0.11295535429097031,0.018864801176704724,5.987624954693596,2.1585536575039787e-09,0.11453470355822169,0.3342689666731664,0.3426423478617706,0.7318704431762635,0.5466259720417227,0.0664801263982082,8.222396701948142,2.091467128407628e-16,-0.24307818022050756,0.02990415313938941,-8.128575956907062,4.544689417257805e-16,-0.14325063156700843,0.03461634935208413,-4.138236245249351,3.511403125689785e-05,0.3258610945409492,0.12907014694211144,2.5246821380555136,0.011586481594599993,0.11592651008846316,0.12980187808169666,0.8931034881906685,0.3718104205606215,-0.4423087122099237,0.034122814636049444,-12.962257566603006,2.667449955670782e-38,-0.19220494397307422,0.028368873018017292,-6.775205481409268,1.2700931771552301e-11,0.20519090105611812,0.17806182756149572,1.152357604468892,0.2491852616182899,0.2168281056655487,0.08052654537299624,2.692628929518934,0.0070938733599788485
0.486,0.027378356102517376,0.02678415886965535,24569,-0.1161336143187438,0.013358374033237938,-8.693693860479078,3.723777997252983e-18,-0.024369193210826975,0.11536394073784914,-0.21123752409085153,0.8327036844546665,0.6977871123486921,0.11916876942264905,5.855452865120143,4.817668931736848e-09,0.7078067403776619,0.2690643153941226,2.6306228655437787,0.008528175815543382,-0.3913747417025103,0.08797984089614731,-4.448459302904341,8.686814568881962e-06,0.10193424812733036,0.018829302171462,5.413596701518954,6.235003965282879e-08,0.5378530733446092,0.40082542731568443,1.341863656072407,0.17965261672296481,0.6176540861673394,0.07395323227737065,8.351955244508478,7.064523923892067e-17,-0.2734511826653629,0.02986138065640227,-9.157352294316475,5.72216524867776e-20,-0.2017892075758611,0.03456694167505571,-5.837635549964688,5.361274209708111e-09,0.20558814605527131,0.16260144983471647,1.264368468204008,0.20610980689583158,-0.1401835160745144,0.14635158773925785,-0.9578544260433131,0.33814560140021777,-0.4871129605369836,0.03407334070454165,-14.296014140816434,3.551559871548637e-46,-0.2707077522204442,0.028316319624655504,-9.56013195954796,1.282570919079141e-21,0.49148378137920584,0.22751292629102327,2.1602455271069925,0.03076331172063516,0.37725909308607375,0.0898389220337632,4.199283390157915,2.6870433005553297e-05
0.54,0.02635884973226288,0.02575944003581243,24381,-0.19813840223890522,0.013426635340508454,-14.7571150339592,4.511174903234086e-49,0.003433753934518909,0.11591811080207773,0.029622238585149216,0.976368571884485,0.7982576254006586,0.13916771361942176,5.735939785456506,9.812057795969487e-09,0.5736948169668881,0.293187893319118,1.9567479764331694,0.05038851065696345,-0.2827086221477453,0.0886297113137675,-3.1897725712644864,0.0014256504425874115,0.07621740557809789,0.018922616305717906,4.02784711937889,5.6460485684235944e-05,0.6065666059064008,0.6039374604286483,1.0043533406188887,0.31521830572185333,0.7357274820186905,0.08344333132472219,8.817091436049997,1.2516813669026118e-18,-0.2516299212632742,0.030012484130881627,-8.384175070811857,5.3811166630338733e-17,-0.2506199616099501,0.03477612384120617,-7.20666750424298,5.900680487496536e-13,0.2988034813414346,0.1938325627704836,1.5415546132733469,0.12319484855773256,-0.10051223373515755,0.1648779319096941,-0.6096160509231124,0.5421218611634746,-0.5291557947167908,0.034258233024386193,-15.44609128965056,1.439032136196061e-53,-0.25568718432941867,0.028458955635490946,-8.984419091280818,2.7850504267777756e-19,0.34187217656742863,0.3120838396264642,1.0954497899558604,0.27333045916806537,0.3569782787614519,0.10117859028303648,3.528199767982956,0.00041916628149606984
0.594,0.02872291982030084,0.028121807628086692,24253,-0.2914320532773067,0.013584021859222539,-21.454033002710904,3.65761262734678e-101,-0.19460297044292627,0.11830005784488445,-1.6449947192594827,0.09998386794404647,0.7009144110177816,0.17499636058932755,4.005308502744532,6.212128459598717e-05,0.618161960976187,0.35281429672861225,1.752088752377522,0.07977119335102742,-0.3845855727526083,0.08963612703851408,-4.290519743087103,1.7894593323412603e-05,0.08559493042078971,0.01914147994334953,4.471698670850611,7.795282085632902e-06,0.028977666151434996,0.7052362263490554,0.04108930464540906,0.9672250395100724,0.8994626316051375,0.08963612703860738,10.034599455839139,1.1944614473309437e-23,-0.2691583043157462,0.03037930705849827,-8.85992243988502,8.545012696953912e-19,-0.198340208961857,0.03520439506637867,-5.633961571783356,1.7806951094402374e-08,0.48657819250982404,0.2311993223320611,2.1045831259443477,0.03533788051089932,0.08066027678721562,0.1805793218341865,0.4466750454477859,0.6551136930758042,-0.5817619331153059,0.03470904398896876,-16.76110506818343,1.0599033531333822e-62,-0.2562443999445156,0.0287842477027073,-8.902244122934453,5.847817365907455e-19,0.2946253461761925,0.338993948364572,0.86911683113392,0.3847918378776821,0.3715573099812429,0.11324545318069766,3.280990976197301,0.001035891395471982
0.648,0.02621901545196792,0.025613279582007653,24130,-0.3580471603127672,0.013583083457910207,-26.35978505338976,5.4609093728014246e-151,-0.25085055689650393,0.11819075046253406,-2.1224212209061353,0.0338125444750671,0.8155504638389401,0.19339802007926266,4.216953531916682,2.4852755750978612e-05,0.7560968856803358,0.3860798832027305,1.9583949295884693,0.050195200337684015,-0.327964211570525,0.08955406453666716,-3.6621923668941103,0.0002506006130896273,0.04456325245135161,0.01913250663016799,2.329190487831041,0.01985719287524222,2.744361640542735,0.8628733281567375,3.1804919111420635,0.0014721129548054238,0.6927684489403777,0.09989388397073398,6.93504368238739,4.16349596304881e-12,-0.2770653785105065,0.030386260896991642,-9.118113592513025,8.224958749249454e-20,-0.2473555802877719,0.035197198224624485,-7.027706543832749,2.1554413285560203e-12,0.9763993344839291,0.28024775350464326,3.4840576678083943,0.0004947492872236709,-0.009477944388996629,0.1865641150028904,-0.05080261222180797,0.9594832300935949,-0.5541631192315696,0.03478214357961054,-15.93240272737022,7.368237208417837e-57,-0.3178274451511927,0.028762878187945908,-11.049917990626872,2.5660175812186656e-28,0.7353189670323024,0.36813550646156995,1.9974138710498524,0.04579145761228527,0.4241773946653249,0.12862421946465113,3.297803449698667,0.0009758527685292716
0.702,0.02934012438759559,0.02873346196533777,24016,-0.41381427285640127,0.013456811166689307,-30.751287785084475,1.0489244621930197e-203,-0.29627928787876834,0.11803962853207967,-2.5099984773185593,0.012079694537677634,0.8893033470511569,0.22856780988335204,3.890763740987878,0.00010019883131464422,0.7628365388880024,0.45654103600818324,1.6709046476039648,0.09475355166877328,-0.4359703780916032,0.08884817418152648,-4.906914318811643,9.312642306311334e-07,0.020806446327887883,0.018944146096960938,1.0983047861537396,0.2720824407942171,1.17956871060575,1.2074442050522003,0.9769136376407179,0.3286217562446696,0.9921492041371283,0.10882559049757934,9.116874069791491,8.322102712258328e-20,-0.2707471093521171,0.030081378840501393,-9.000488667347415,2.40980106908468e-19,-0.26544091545338366,0.034856050012635933,-7.615346987313727,2.7267165399151147e-14,1.3382654588174132,0.3351342483607034,3.9932220158443625,6.537553847321518e-05,0.37773814262578037,0.2074989254838816,1.8204342106587095,0.06870535465572161,-0.59036108539754,0.034484851860173166,-17.119432259453976,2.5979441530077785e-65,-0.3531193625082506,0.028483745116881575,-12.397223787084302,3.4674509241657917e-35,0.4200665305272485,0.4270815362260182,0.9835745516868769,0.3253346578304336,0.4086952796299833,0.14195116290812732,2.8791259702077703,0.003991313826304093
0.756,0.02861851862704301,0.028008328827612727,23895,-0.44827081305924754,0.013570109263717536,-33.03369223841044,4.9041300240420144e-234,-0.1593286244277002,0.11881432932760062,-1.340988290969447,0.17993700940978088,1.6066469459442467,0.25376309404181374,6.331286872154514,2.474500342272156e-10,0.8948868360942765,0.4595269175698011,1.947408958819796,0.05149742985514199,-0.5260660227319514,0.08989897870432337,-5.851746374807838,4.927894780102679e-09,0.00962000381681382,0.019087727992278192,0.5039889409942098,0.6142737980686898,-0.9454969109013506,1.2153394705196368,-0.7779693936025044,0.43659476465597724,0.7191306345804952,0.12289013404107348,5.851817480646092,4.925790968710968e-09,-0.2828585246162363,0.030361869352127164,-9.316242071123302,1.3063539738444949e-20,-0.32935226778322196,0.03516811610747329,-9.365081336080836,8.249880229319591e-21,1.1637408260627582,0.3510787726336982,3.314757019721496,0.0009185937166678223,0.13616631068212973,0.2342709631798545,0.5812342632389834,0.5610880642258793,-0.6016932169282686,0.03484308238882362,-17.268656378152976,2.0521609234011323e-66,-0.35775589709616085,0.02868676847990776,-12.47111180705953,1.3854383802780272e-35,-0.12474087904917854,0.49631488122214873,-0.2513341504933538,0.8015579367769861,0.3265265975544354,0.1574756464064783,2.0735053641983505,0.03813596793233236
0.8099999999999999,0.031071564591249268,0.030459223047911155,23751,-0.4649980891679946,0.013729227925966344,-33.86920893698145,1.3170103625727315e-245,-0.1979542192522688,0.120451132746943,-1.643440080120731,0.10030515842508085,1.20725275954877,0.28934707504295387,4.172334416615589,3.025668739340812e-05,0.5699205495890953,0.4636682509160829,1.2291558640538502,0.21902555861425593,-0.5640626254221558,0.09143424696005363,-6.169052014707214,6.981087885794694e-10,-0.007787348328828426,0.019288826305433833,-0.4037232854668125,0.6864198515853228,1.5896915054288328,1.2262898426391529,1.2963423899912496,0.19487015432841645,0.8480146798680404,0.13293679966347713,6.379081503502019,1.814378542154541e-10,-0.3401527649632137,0.030787737387019978,-11.048319682842987,2.618384985360988e-28,-0.3855855104221472,0.035574820250767906,-10.838719850280174,2.61422028497919e-27,0.9653722859307139,0.3880055674153228,2.488037201016178,0.012851836153620282,-0.12585970567979077,0.25605142108785856,-0.49154074265654907,0.6230485884535625,-0.6257491270788328,0.035402867216264754,-17.67509742237351,1.8190606173825115e-69,-0.4008332825124503,0.028982134047072707,-13.830357759763928,2.4627124499008082e-43,0.06325832904861069,0.6132601921809078,0.10315088090692488,0.9178440946937769,0.5728493468983866,0.17571047497210368,3.260188938589654,0.0011149484896200732
0.864,0.03194843919763002,0.03133181966338083,23565,-0.4980412414327909,0.013910279333247389,-35.8038274790361,2.0295300332523746e-273,-0.32042056626413334,0.12155539183002305,-2.636004552658539,0.008394360427588525,0.9645671487940576,0.343471897245867,2.808285500294054,0.004984703617567368,0.12295798341250302,0.467896096423743,0.2627890772167246,0.7927154537442145,-0.47490899525245195,0.09277021940649356,-5.119196637571067,3.092529417062994e-07,-0.000817943244500629,0.01951033171505581,-0.04192359496734929,0.9665599622893308,2.1800837468256837,1.2374677062925545,1.761729809788088,0.07812793248150282,0.8778998484605498,0.14854905583315112,5.909831224013962,3.471718156133449e-09,-0.35198687142912455,0.031200836810289706,-11.281327919802555,1.9312340668991248e-29,-0.42470402424382614,0.03605281844912061,-11.780050562293429,6.081256363019274e-32,0.23641563566169158,0.46789609642389046,0.5052737936234263,0.6133712752567224,0.32281616820431663,0.2919870387080682,1.105583897260151,0.2689179575043143,-0.6199774771661956,0.03611956176551766,-17.16459023481483,1.2269736707609583e-65,-0.44705295643280113,0.029297416443616456,-15.259125571470259,2.548351986833155e-52,1.2878077255993423,0.7145425846552181,1.8022826816133521,0.07151372380465552,0.45084638536154686,0.20390062334887024,2.211108421135903,0.027037900707087732
0.918,0.0366034190198401,0.03601405689907444,22900,-0.4982849828009732,0.01414020763330762,-35.23887312851406,6.009034192181531e-265,-0.4202463570028738,0.12285345457981797,-3.4207125753215144,0.000625663538613291,0.9895464884341323,0.35781524634205925,2.765523544762985,0.005687703686028984,0.6256582577749764,0.5058295716527246,1.2368953751176093,0.21613861974992926,-0.6467570119442527,0.093903247916156,-6.887482875158129,5.8259290020249654e-12,0.009296168487075193,0.019729566870283623,0.47117955240451537,0.6375170107036929,-7.199605284085272e-16,2.1308313199060474e-16,-3.3787776708682493,0.0007293029091656392,0.8578889852736763,0.2265671368252239,3.7864669929401997,0.00015319466478848758,-0.3627924436871074,0.03187989036037246,-11.379977772384935,6.332632871041412e-30,-0.46419742536456476,0.03663537537933955,-12.67074297882991,1.140800470934053e-36,0.03741986296489026,0.6194314817647947,0.060410011545230145,0.9518296126650652,0.015288473342748493,0.34380013778711976,0.04446907276173077,0.964530891924398,-0.711140860153924,0.03733236556941688,-19.048909687536625,2.8066307803949575e-80,-0.4675322950478927,0.029688587448663893,-15.747879411788368,1.3913289720750624e-55,0.6471768934094784,0.875894272004423,0.738875585895155,0.4599901262333326,0.3180942344800586,0.2844922184195021,1.1181122501249159,0.26353079203508223
0.972,0.042926585698947584,0.04234109180337342,22900,-0.49527529350986155,0.014339234333837766,-34.539870259397986,6.975319114510255e-255,-0.5396668755122696,0.12458264543385862,-4.331798170065193,1.4852587515623245e-05,0.9929016473700072,0.36285157888579733,2.7363850817981685,0.006216619685534392,0.42775153773024466,0.512949240139026,0.8339061728881985,0.4043425623018633,-0.7382305058670566,0.09522495789994674,-7.75248970593107,9.385047586595068e-15,-0.006521818816327492,0.020007265097842317,-0.3259725297002656,0.7444481195766826,-8.935084797094466e-16,2.1608232647193778e-16,-4.135037299431728,3.561620581526205e-05,1.0629681388371135,0.22975612180056956,4.626506273289987,3.7392217540546786e-06,-0.4341207916671789,0.0323286072078353,-13.428379047581224,5.894041420942866e-41,-0.5207898700286169,0.037151026780897344,-14.018182407179157,1.843315653542384e-44,1.9083958818166957,0.6281501234719892,3.038120682470575,0.0023832691011274926,0.7649349276435617,0.3486392044288572,2.1940588376934906,0.028241197011243124,-0.785568854690059,0.03785782726948162,-20.750500262420783,9.051273442403664e-95,-0.4873680779667571,0.030106461199639792,-16.18815558344626,1.294468309232235e-58,0.5994348694623004,0.8882226869394105,0.6748700278393029,0.4997651621319571,0.39341443238360313,0.2884965123469238,1.3636713635917825,0.17268443387327465
1.026,0.04282817678422257,0.042229917686717355,22414,-0.5047055610736408,0.014637213220893914,-34.48098715629817,6.595667321968148e-254,-0.4524916099247495,0.12951134944397416,-3.4938375043377548,0.00047704975142319716,1.0289279607026358,0.42270893185402236,2.4341287424178777,0.014935444555187593,0.7391835481395405,0.6338521770812782,1.1661765548290541,0.24355548627391016,-0.5654208049499766,0.09773802179010498,-5.7850649582844325,7.344936493534455e-09,-0.023871805872308655,0.020370319458711456,-1.171891580821516,0.2412530522285801,7.968335099719034e-16,2.376345008332614e-16,3.3531894871233763,0.0008001832847509642,1.0205953872737665,0.2769490709370087,3.6851374291336696,0.00022911790901361596,-0.3985780167180409,0.03311042683749755,-12.037839882711854,2.8475564540181683e-33,-0.5645490643724567,0.03782960913331072,-14.923470723236871,4.0389508496184703e-50,0.8260267875371223,0.6338521770819484,1.3031852179476358,0.19252493109216473,-0.16289265264019182,0.36614982289274794,-0.44487977995801486,0.656410934495367,-0.8383385927943914,0.03902958615782317,-21.47956653715,2.544743493888028e-101,-0.5249094315826128,0.03067642720760465,-17.11116578310294,3.1840974484528607e-65,0.6781950908332519,0.8962828330224919,0.7566753103439535,0.4492523686119062,0.6441217058363102,0.32755977140935266,1.9664249460943388,0.04926187271255434
1.08,0.04673026822252979,0.046119756957896496,21875,-0.49968735880595533,0.01487044446593451,-33.602718462830644,2.081593711053743e-241,-0.36786808282006883,0.13046113910703006,-2.8197521908671255,0.004810398725207214,0.2716016990229361,0.6351351186021484,0.42762821810372714,0.6689260306312317,0.8292162920927321,0.6351351186030656,1.3055746215333426,0.19171099533805172,-0.5208683759923793,0.09997540378200157,-5.2099652143255515,1.9058947600470288e-07,-0.026674300229895417,0.020622692605693042,-1.2934441074164964,0.19587117072643043,4.395049366844809e-16,4.752301256078989e-16,0.9248254961157618,0.355066894835499,1.0838620365480969,0.3083600995658063,3.514923098268078,0.00044077111047380275,-0.5177085401007737,0.03374911262527335,-15.339915625309883,7.800150372596892e-53,-0.5683332647527021,0.038395322511518164,-14.802148479992804,2.45996756789128e-49,0.2620870398692272,0.7333406087694453,0.3573878723408111,0.7208049046834544,7.630523939122608e-05,0.401859833305306,0.0001898802345176272,0.9998484992260226,-0.799092478969872,0.040142127804792635,-19.90658001129843,2.123413935738552e-87,-0.6135113219644635,0.031080976425228855,-19.739126389429256,5.581675361405341e-86,0.8877125289854549,0.8980935962615055,0.9884409962176951,0.3229476583362262,0.47173096273127174,0.3525267743893517,1.3381422263554479,0.18086399670068737
1.134,0.04984585565183142,0.04921777321069287,21194,-0.48540842213397867,0.015246666813789464,-31.837019071930087,2.592904783220392e-217,-0.24925839507071174,0.134005972179921,-1.8600543768008257,0.06289168573895343,0.7432431328647697,0.6386788509576745,1.163719656209541,0.2445507508445713,0.6347821204023931,0.6386788509585235,0.9938987637522643,0.3202835112775532,-0.6362531470483825,0.1024134587948477,-6.212593096019834,5.308849530585388e-10,-0.027606576477548335,0.02104267073394315,-1.311933110896289,0.18955692410631853,-1.3071910373837068e-15,8.082673956028724e-16,-1.6172754765255575,0.10583372294101613,1.0345492037375057,0.33007067606639534,3.134326308736984,0.0017248438400806296,-0.519946327763543,0.03456202149619414,-15.043863329024253,6.940898668713943e-51,-0.650367747199319,0.03921830726780232,-16.583269205330076,2.2456566640271097e-61,-0.3932658070361933,0.9030996005281084,-0.43546227548569616,0.6632313535052098,0.40537210224250114,0.42593752839926413,0.9517172712297719,0.34125124862552836,-0.8608165490400228,0.041691696503964315,-20.647194075160044,8.678348638444322e-94,-0.5986476904957538,0.03175879688911501,-18.849822699075037,1.2979049555793012e-78,0.7300962529589934,1.2770846941752716,0.5716897683363766,0.5675382343790534,0.3264366494892097,0.3689514856811662,0.8847684916799706,0.3762915508078529
1.188,0.051339825545936746,0.05069164387476266,20505,-0.4774242153695383,0.015541810327024303,-30.718700416732457,1.2407667319025202e-202,-0.34082970220202286,0.13472415134786395,-2.529833729083844,0.011419088690884753,1.4671602572347817,0.7372127939351659,1.990144866319033,0.04658824513478557,0.7288601930893579,0.6384922980150789,1.141533257887701,0.25366142060527125,-0.5546987767365208,0.10538676853256265,-5.263457495284417,1.4279517234211276e-07,-0.037927783930513215,0.021356453069313767,-1.7759402185098858,0.07575760840387558,1.0545417658241666e-15,4.2927032714293603e-16,2.456591334515957,0.014034446601309853,0.9686876956584083,0.3415411643439493,2.836225312749975,0.004569497713995173,-0.550737730941479,0.03532067395137508,-15.59250346410896,1.684216489566667e-54,-0.6523459570499809,0.0398411164844555,-16.373686648678675,7.078177689133779e-60,-0.06219684152787211,0.9028307047169092,-0.06889092407127922,0.9450771151365698,0.7752667847009745,0.4516159665537394,1.7166505219401333,0.08605815903664253,-0.9153736747185469,0.04305275169030329,-21.26167640347865,3.033705697825453e-99,-0.5897469099821901,0.03227395978846298,-18.273150051857222,5.243119996483861e-74,-1.1504448127571478,1.276700832181391,-0.901107592129849,0.3675417078201292,0.43616599749672325,0.40399739426207454,1.0796257691052848,0.28032156949593845
1.242,0.04974805291335971,0.04907339764386265,19734,-0.48883568654545745,0.016023561411424372,-30.507305710260557,8.983177424929808e-200,-0.22758875336366508,0.13577753442158313,-1.6761885854917076,0.09371711181399515,0.00014781667679656472,1.2862838445895692,0.00011491761901412239,0.999908310168689,1.2087756550777597,0.6432916120257408,1.8790477483007995,0.060252710716438715,-0.6033778544446358,0.10949502924995465,-5.510550191892713,3.621907908189667e-08,-0.029691840154236343,0.02190552922682902,-1.355449569228894,0.17528989022895047,-5.972999376658859e-16,1.109434895271286e-15,-0.5383821441093489,0.5903193280300727,1.0148301450427228,0.35708296634432757,2.8420009933045742,0.00448773540240152,-0.5361092198789346,0.0365205806482428,-14.679646663962055,1.5700852394519152e-48,-0.6031979371767224,0.04091814618022271,-14.741575400800315,6.350087368650216e-49,-0.34061453890125853,0.9096105989294228,-0.3744619283264168,0.7080647030127922,0.5309041617246979,0.45501695167489237,1.1667788634477658,0.2433137948137605,-0.8639774053082252,0.045032442460715576,-19.18566611308998,2.685215240201007e-81,-0.6499517947317772,0.03311965644251735,-19.624351957268544,6.189566148878297e-85,-2.1629161617292256,1.2862838445880327,-1.6815232274194956,0.09267716397310084,0.38048402929992864,0.4290273450250194,0.8868526300526138,0.37516906367180425
1.296,0.05200739286711353,0.051304395012361614,18894,-0.4939122302875919,0.016711700007341908,-29.554876527857893,1.0511485421590097e-187,-0.23122481826032876,0.13860528120386909,-1.6682251661120273,0.09528762024285364,1.8821786753594911,1.3054394495193136,1.4417969949142746,0.14937623825824037,1.3286524562786566,0.6528801572856298,2.0350633136142044,0.04185844296500349,-0.7504329728826111,0.11358129081903395,-6.607012188990315,4.026197301410448e-11,-0.0243378867892398,0.022711982334173028,-1.0715879587762973,0.2839188424403507,-1.148079786472886e-15,5.546815798449386e-16,-2.0697997340993948,0.03848467101822739,0.2398023253686679,0.4131205253451764,0.5804657736826434,0.5616074893402279,-0.5492283434389363,0.03807278572559641,-14.425746185146863,6.332097097261993e-47,-0.6818008361885747,0.042306314498294174,-16.115817325947063,4.8196412456544565e-58,-0.3003607136664437,0.9231607219971913,-0.325361236141671,0.7449112955003863,0.7727122022548887,0.49365225497064114,1.5652966120874785,0.11753013771694941,-0.8431402188445285,0.0473528366869617,-17.805484905124633,2.409634535616168e-70,-0.6820490113034634,0.03442564571229276,-19.81223582568609,1.7648837165132495e-86,-0.47163759190369803,1.3054394495182413,-0.3612864557431223,0.7178893605201163,-0.21126098457875092,0.49365225497071874,-0.42795506847483555,0.668688714798346
1.35,0.052893524548538906,0.0521180250365304,17113,-0.500645319818309,0.0179187147567542,-27.93980073987159,5.110077399569341e-168,-0.47549334127874454,0.1497538871689983,-3.175165267944912,0.00150016840132224,3.1810199106384314,1.31321075926946,2.4223224552379046,0.015431984344297623,1.7868645905578031,0.6567887292122788,2.7206078775147127,0.006522789466227434,-0.7287002879092703,0.12022428559211945,-6.061173782986786,1.3796738855635775e-09,-0.05868046109781822,0.02401551254858905,-2.4434398799148593,0.014558034620281709,4.912391281621482e-15,1.8999574691825637e-15,2.58552697168268,0.009731222146080812,1.2007731322913437,0.4645925715931787,2.584572388175855,0.009758191086012195,-0.5824240309983189,0.04109025408565176,-14.17426209592835,2.38877440235905e-45,-0.7342973532222064,0.044202339675447976,-16.612182943566424,1.7255440721368035e-61,-0.4571466120558901,1.3132107592717026,-0.348113666316152,0.7277591068701551,1.0142386421761733,0.536365531448838,1.8909467195561538,0.05864834686404451,-0.9097979839654231,0.052306101582913905,-17.393725711392225,3.4857581926793034e-67,-0.6580945904287188,0.036190163588417076,-18.184349701015076,3.3604815431298706e-73,0.19112111344504562,1.313210759271186,0.1455372735075025,0.8842884045871844,-1.0019246697061417,0.7583237345055198,-1.3212360686026354,0.18644034362012377
1.404,0.05552719963126351,0.05475385659668852,17113,-0.4932261016033045,0.017857434294801005,-27.62021091388822,2.525983290855443e-164,-0.5510036825824993,0.14924174176629615,-3.6920212539822734,0.00022317067482588074,2.9441209969285675,1.3087196915192127,2.2496192393276497,0.024485792936036546,1.8005457683774992,0.6545425682973833,2.7508459427797574,0.0059504130753656875,-0.6796102807905986,0.11981312888478357,-5.6722521740011915,1.4321189019221325e-08,-0.054469927269804756,0.02393338156302461,-2.2758976672964994,0.022864447193551195,4.498817280712377e-15,1.893459778193926e-15,2.3759772098267478,0.017513495478806575,0.9343186969510573,0.46300370499232374,2.0179508001270694,0.04361197385366961,-0.5707258743336185,0.040949728953892865,-13.937232038244366,6.542212327091853e-44,-0.7127837884782852,0.0440511714788728,-16.180813461910777,1.8718675213109635e-58,1.5439076453861904,1.3087196915214476,1.1797084244918221,0.2381326157374168,0.7519299012821895,0.5345312075037812,1.4067090765264072,0.15953184848002558,-0.8882169386188727,0.052127219218219556,-17.03940766340404,1.429327196396991e-64,-0.7331589976082405,0.03606639634433926,-20.328035842796705,8.582246849963819e-91,1.6322738610459409,1.3087196915209327,1.2472295416820607,0.21233042718788614,-1.379479988840732,0.7557303326130624,-1.8253600911729349,0.06796414361076268
1.458,0.057744926859276235,0.05698428875999473,16118,-0.4564846986683954,0.018564431804103255,-24.589209273159636,4.2621885905304793e-131,-0.5335269076749354,0.15023834226919178,-3.5512033720325578,0.00038456833525917763,-2.890373974186097e-16,4.78342176154617e-16,-0.6042481968497436,0.5456871539939474,2.1713080460622463,0.7555366435130194,2.873861995582786,0.0040601659971711244,-0.6762948787342433,0.12500258622490193,-5.410247092947888,6.383669209643421e-08,-0.09072682703475946,0.02467625293204358,-3.676685730390828,0.00023705186958222408,-5.55530551083126e-16,5.260868651655585e-16,-1.0559673465869588,0.2909989743543299,0.7537913538341526,0.4948138772142047,1.5233836166398314,0.1276823941673856,-0.6164314991103393,0.04252865904911709,-14.494496485262134,2.6059223778425304e-47,-0.7875037679100385,0.04500943536974145,-17.49641517252746,6.478616213701051e-68,-0.2758212060716032,1.3083644686456797,-0.21081373935285214,0.8330352843453076,0.5138124597925234,0.6543797630580532,0.7851900208395359,0.4323537165192952,-0.9594205063458097,0.05483008195019713,-17.498068071779716,6.2967474950174314e-68,-0.7347474713822035,0.03725881361560261,-19.720098416513146,1.4786047359617915e-85,0.522991281942303,1.3083644686462295,0.39972904681785226,0.6893613968998027,-0.7540655807660869,1.3083644686462281,-0.5763421422979506,0.564391998034367
1.512,0.056768770769554666,0.055956986196234904,15119,-0.4501575597209363,0.019602755469195536,-22.963994037895837,9.762755930882759e-115,-0.49261633013729045,0.15285452877929612,-3.222778769273956,0.0012722289392726144,7.193465426545716e-16,3.813961077264476e-16,1.886087791883066,0.05930229304770488,1.2905008403283955,0.7632498420109155,1.6907973893952535,0.09089613703983047,-0.681695093963282,0.1298486263196553,-5.249921491545985,1.5422543588167046e-07,-0.09466810973325356,0.025799191204721558,-3.669421610237462,0.00024393613923661897,-8.702565993381961e-16,5.301203213666366e-16,-1.6416209005055624,0.1006894115154023,0.8586719786853507,0.5913407647091276,1.4520764167302413,0.1465011285071593,-0.6420220985467394,0.04485471781916132,-14.313368353695816,3.618407966876124e-46,-0.7920633618917623,0.04676151947970601,-16.938358092394946,9.09216153524258e-64,-0.28378585776279425,1.3216967987942263,-0.21471328221547475,0.829993764910063,0.8524020265466251,0.9346835549977224,0.9119685715971565,0.3617998163087245,-1.0001056802058657,0.058494923935309834,-17.097307132357216,6.339602158583166e-65,-0.7183893497487663,0.038834787391821265,-18.498603906353857,1.4460244512595005e-75,0.024493491120416575,1.3216967987943438,0.018531853253151268,0.9852148114685313,-0.39392067655579927,1.3216967987944963,-0.2980416362626357,0.7656754849341147
1.566,0.06199051854091331,0.061128133586248024,14154,-0.4191750556846281,0.02072083804570809,-20.22963814301188,9.94947500220816e-90,-0.4413046726682845,0.15746940529971545,-2.8024788169380477,0.005078053854731024,-1.526234618127208e-17,3.104954482118275e-16,-0.04915481456868166,0.9607966147078653,1.6471623324998037,0.7703025540103388,2.1383316515366193,0.03250692303588034,-0.5881084857575462,0.1363102187250902,-4.3144856728873755,1.6106106194538892e-05,-0.12000154599799208,0.02698540973906597,-4.446904722156931,8.77805087243015e-06,1.4624057884093925e-15,5.769167108225849e-16,2.5348646710618783,0.011259765640107996,-0.4804869366856281,0.9433103203657587,-0.50936253564927,0.6105060802176685,-0.6335350911495564,0.04745423452070909,-13.350443802292942,2.068004901105179e-40,-0.8589383387306414,0.048522903797154536,-17.701709327235502,2.2755379472942165e-69,-0.19462679595808574,1.3338813170170873,-0.14591012969079056,0.8839944147185304,1.5824384383994259,1.3338813170171873,1.1863412570603056,0.2355074926290648,-1.0463417493722937,0.06308622766380731,-16.5858981923654,3.334150120813538e-61,-0.8210412096705564,0.040408887303791365,-20.318332536553715,1.726154050551702e-90,-0.0001973544853584311,1.3338813170171595,-0.00014795505630122883,0.9998819510324795,-1.0199741015286694,1.3338813170172747,-0.7646663076513126,0.4444830346618631
1.6199999999999999,0.05941173217372264,0.058623789827664585,13143,-0.3991969141150285,0.021784968415282487,-18.324420146277824,4.417110272004321e-74,-0.5326633326284016,0.1636742258709519,-3.254411803654274,0.0011391494923510034,-8.839035608677943e-16,4.0815164570106817e-16,-2.165625375219407,0.030357768825849604,1.0336860010522722,0.7669216535482801,1.3478378088162801,0.1777338065183587,-0.8021406715450717,0.14650482849185378,-5.475182489222011,4.450921592765121e-08,-0.12281336891536716,0.028031298587702935,-4.381294306830445,1.1889135802868887e-05,1.5240168701788622e-15,1.0109655902204852e-15,1.5074863921397006,0.1317100862100506,-0.24001915626216358,0.9391570377719759,-0.2555687138666147,0.7982878819258477,-0.6608489496365021,0.04959877372521046,-13.323896943456095,3.0671450353813404e-40,-0.8408490285535903,0.050104661736385336,-16.78185221521967,1.484105869967009e-62,1.2281721433527764,1.3279899466278735,0.924835422490538,0.35506851712404086,2.9271028004148493e-26,1.716619144475867e-26,1.7051556309588856,0.08818905532150902,-1.0425149346196199,0.06601535388882504,-15.792007059074402,1.1478445981319652e-55,-0.7634355705034074,0.04168378680037017,-18.31492839553214,5.23590716655304e-74,1.976442587855247,1.3279899466280825,1.4882963480812934,0.13669677152944218,0.0,0.0,,
1.674,0.05657991231988635,0.055720125993085845,12082,-0.392766036548524,0.02308097432291286,-17.016874203556423,3.443109871145274e-64,-0.6286301535024226,0.16761042968785206,-3.750543177254225,0.00017727690746746852,-8.568395849248137e-16,4.3158900364397277e-16,-1.9853137538036985,0.0471321688334685,0.40512477685778236,0.7671314053127744,0.5281034957662893,0.597437213331018,-0.8799065868362856,0.15408307608314326,-5.710598523886477,1.1523575651482882e-08,-0.15099491829793682,0.029382892185559853,-5.1388718763411205,2.80710346466387e-07,1.789034155009442e-15,2.479729807086105e-15,0.7214633424565359,0.4706384613995207,0.5573550655265297,0.9393984904384843,0.5933105824625844,0.5529844349788584,-0.6944860208899856,0.05245417321387839,-13.239862118467967,9.770105626865904e-40,-0.8038078486631239,0.05206105152106544,-15.439715971504716,2.8554589769943587e-53,0.2075721690342905,1.3283095709592632,0.1562679164348627,0.8758244580427266,-4.450954116634095e-17,7.372486099352916e-17,-0.6037249927164672,0.5460378405391377,-0.9670776213279584,0.07110192794541834,-13.601285496369933,7.997045355501915e-42,-0.7973129288436897,0.04354134265443837,-18.311629367323057,6.668518251829069e-74,1.3415064393735807,1.3283095709587898,1.0099350849405273,0.3125466370410435,0.0,0.0,,
1.728,0.056967681100982825,0.05602241451560919,10986,-0.3795289403200552,0.024320802758288226,-15.60511567368871,2.5717248175749778e-54,-0.6830458417943045,0.16978934882114297,-4.022901592689591,5.787095717267361e-05,-1.6342290640055558e-16,3.78744253597669e-16,-0.4314861673760359,0.6661233845188047,0.5775563800338961,0.9283413208510644,0.6221379648429488,0.5338640783223116,-0.5915539267345051,0.16336848610248494,-3.6209794241675795,0.000294812465627886,-0.1482813698196163,0.030608657262365578,-4.844425828568882,1.2871453173280013e-06,-5.350835997640472e-16,6.487260252686743e-16,-0.8248221574622949,0.4094904931118951,0.5315312061777665,1.3126475972438802,0.40493062059748847,0.685536402357702,-0.6792129395496591,0.05569887549326512,-12.194374366351198,5.523875067558476e-34,-0.81200147696477,0.0539420179724167,-15.05322765974361,1.0531285469578713e-50,1.2447897094078926,1.3126475972442762,0.948304565536979,0.34299530903399633,1.3322002464424715e-17,2.7320276652573786e-17,0.4876232636234918,0.6258264554198772,-0.9837028324206234,0.0753158776518102,-13.061028604995354,1.0678552002801318e-38,-0.7988416466872027,0.04519511598876011,-17.675397644424063,5.833734968008599e-69,-0.4354830873862207,1.3126475972439209,-0.3317593299988326,0.740077331997902,0.0,0.0,,
1.782,0.061351797603648284,0.06031137738736847,9936,-0.31957522185129694,0.026504558112838816,-12.057368415302673,3.0269196505858532e-33,-0.7653595538154556,0.17880025179359227,-4.280528389294383,1.8820196878503673e-05,6.798412870959238e-16,1.0575601103960077e-15,0.6428393813391415,0.520343178124983,-1.9039323618519388,1.3352616532805985,-1.4258870964909205,0.1539323881380262,-0.7903220495650553,0.1788002517935978,-4.42013946645546,9.968525804574446e-06,-0.163169118623534,0.03301537875595002,-4.942215560502322,7.850239393299454e-07,1.3858309429810688e-15,1.1185703816948145e-15,1.2389304827482661,0.21540054509114168,0.33861061586045965,1.335261653280207,0.25359120815656466,0.7998166427412438,-0.7228763005102334,0.06056333771762981,-11.935872885351335,1.2859621635320715e-32,-0.8284834353471764,0.05781711936187642,-14.329379334202244,4.130197263078868e-46,1.0423545148722024,1.3352616532803245,0.7806368978780002,0.4350347032795655,1.1187762375242973e-16,7.410730770444455e-17,1.5096706008889313,0.1311593326854232,-0.9846284057090047,0.08175022706176367,-12.044350714342375,3.5367481922683065e-33,-0.8830425526699354,0.04807280396263312,-18.368858894861265,3.9186025876022574e-74,-0.4154373743866004,1.3352616532802242,-0.31112806494969025,0.7557098012965758,0.0,0.0,,
1.836,0.06078131745136639,0.0597248284946188,8011,-0.37066816480984166,0.030347546656360625,-12.21410643196597,5.24257446600626e-34,-0.419706366791254,0.18741239149486627,-2.2394803430207064,0.025152041139930893,-1.4077315993738524e-16,1.0907433807908307e-15,-0.12906166786482748,0.8973120969086769,-0.17837265425444848,1.3210771928142626,-0.13502061440820504,0.892598972017842,-0.9095956134569264,0.20140680303917893,-4.51621097068894,6.3858028556256226e-06,-0.1501642255382975,0.03703022965209746,-4.055179429053093,5.057117165484796e-05,-1.4304852036562906e-16,7.125013661987101e-16,-0.20076946817493418,0.8408839407878523,-5.0658999953819924e-17,3.150198252869106e-16,-0.16081210097707732,0.872245454031874,-0.7003841179440444,0.07008966852065751,-9.992686978361446,2.2485658996529108e-23,-0.8271381814961493,0.06406283272361893,-12.911358213967906,9.240262363386052e-38,0.0,0.0,,,0.0,0.0,,,-1.0133169003354132,0.0927643259956317,-10.92356236580785,1.3918770013831909e-27,-0.847875793928376,0.05280680017361654,-16.056185777982318,4.0148507252582927e-57,2.9409586098211804,1.3210771928144298,2.226182259308971,0.026029718463268358,0.0,0.0,,
1.89,0.06390229537736292,0.06284931708194941,8011,-0.31624932560579516,0.030703340770004278,-10.300160102276424,1.0034132991184971e-24,-0.5323569856891471,0.18960961114075084,-2.807647684557342,0.0050025611103549006,-1.342541530241172e-15,1.1035312373769187e-15,-1.2165867940742465,0.2237973565358733,1.14089917483716,1.3365654790403152,0.8536051489646073,0.3933493588974073,-0.8584889765820845,0.20376809292466982,-4.2130687109068425,2.546895940571106e-05,-0.1090249956325981,0.03746437142593761,-2.9100980874089113,0.0036231140847953623,5.730095109727886e-16,7.208547199286542e-16,0.7949029050257194,0.4266935627362961,2.6736783990675047e-16,3.1871311228593213e-16,0.8388981488370096,0.4015515290363634,-0.7559170514133292,0.07091139858566947,-10.660021752357498,2.351379329747681e-26,-0.7904053768686776,0.0648139042696816,-12.194997134872654,6.6014377818909945e-34,0.0,0.0,,,0.0,0.0,,,-1.1085867757017955,0.09385189335384676,-11.812087493239233,6.221258356867779e-32,-0.8393303966755736,0.05342590618817774,-15.71017614037782,8.444445781314758e-55,1.6894656135160835,1.3365654790404842,1.2640350510391343,0.2062542703440282,0.0,0.0,,
1.944,0.06028873396355472,0.059099894858363755,7124,-0.2595113206083944,0.03266704197390456,-7.944132830138095,2.257349503054342e-15,-0.5849837598760981,0.20672745641412926,-2.8297342308716957,0.004671718889347515,6.708793601727235e-16,2.9643048505934963e-16,2.263192869783295,0.023653809815723518,1.9666310011864805,1.3233176379858471,1.486136770745221,0.13728726145385825,-0.6397143740790086,0.20917112822835635,-3.0583301792043662,0.0022340158394762097,-0.1559961485419388,0.03962553701704814,-3.9367579668339734,8.337764807563485e-05,2.0906844478727212e-16,4.3712773887527267e-16,0.4782776890919897,0.632467270875336,-6.203122658890975e-16,2.4854251443466316e-16,-2.4957994301299515,0.012589833115727549,-0.7915508224349016,0.07507725146227291,-10.543151314385343,8.46203035376792e-26,-0.8148800540391696,0.06784317288294399,-12.01123148301387,6.447668535999933e-33,0.0,0.0,,,0.0,0.0,,,-1.001273492280617,0.09952907524977986,-10.060110472922652,1.1925893664714328e-23,-0.8327581874478597,0.05604209771136436,-14.859511357637686,3.2843379628958828e-49,-2.6734928314599062,1.3233176379856728,-2.020295622696787,0.04339013556571024,0.0,0.0,,
1.998,0.05996727222193787,0.05862925315662049,6333,-0.24692199002360055,0.03514160374381573,-7.026486093909536,2.3401220158397307e-12,-0.4712147268231065,0.2175256457190887,-2.1662490657843185,0.030329403112533553,-3.618167452308765e-15,1.719226468304385e-15,-2.104532194573087,0.03537141621067898,3.293261606996849,1.3237707328391581,2.487788500908782,0.012879581017764468,-0.6960700860130967,0.220369868226208,-3.1586445625070034,0.001592511895806986,-0.16735526426037434,0.042356142327562185,-3.951145101131463,7.862487394046597e-05,1.0692215137798187e-15,4.231145719677983e-16,2.5270259750382533,0.011527480449489138,6.089206980813672e-16,4.4177053268636433e-16,1.3783642253786796,0.16813963030668672,-0.7096140495435967,0.08097856581600309,-8.762986135812273,2.410636738636685e-18,-0.8623048063968407,0.07165897071451376,-12.03345230609334,5.424539399689213e-33,0.0,0.0,,,0.0,0.0,,,-1.0302936638111913,0.1060255272686527,-9.717411366421054,3.630060280276399e-22,-0.8338381712939725,0.0596697201435708,-13.974226279052118,9.961770800656392e-44,-0.5947411659961926,1.323770732839393,-0.4492780745503533,0.6532464708699737,0.0,0.0,,
2.052,0.061724303922573553,0.06022279587408552,5634,-0.2782113171195395,0.037878532797022656,-7.344828233194069,2.353961365283592e-13,-0.2268044361367245,0.24957841057926086,-0.9087502224664428,0.3635209272361558,-9.586803284036995e-16,9.839716325414771e-16,-0.9742967141517552,0.329951138921045,2.325939628031456,1.328991413395017,1.7501539924096678,0.08014627492697483,-0.723874254745754,0.24957841057919897,-2.9003881107578664,0.003741453556533401,-0.09583386644676699,0.04540599655834214,-2.1105993417329825,0.03485079492951409,3.5957148003815225e-16,5.380815144343391e-16,0.6682472272182656,0.5040032171205859,-2.3264124910474813e-18,1.7598496563904258e-16,-0.013219382022775259,0.9894532352668517,-0.6864539923560984,0.0872086839326172,-7.871394927671366,4.1771515228642894e-15,-0.7916535473425714,0.07603644109259099,-10.411501853151703,3.715226769976468e-25,0.0,0.0,,,0.0,0.0,,,-1.1182868273480164,0.11103381421395953,-10.071587968626424,1.1696901587066128e-23,-0.7945422033908934,0.06363393091226457,-12.486140522834749,2.6023786963745945e-35,1.3823658464146138,1.3289914133954015,1.0401616086313512,0.2983095385925076,0.0,0.0,,
2.106,0.05771188395170401,0.0559948171275626,4949,-0.26204074892164686,0.04102481405987806,-6.387372007078043,1.8425962787921794e-10,-0.616489690435689,0.2706394266242937,-2.277900519245153,0.022775042011118348,-1.111027803980519e-16,1.809314075802318e-15,-0.06140602225115877,0.9510383409512466,0.5721685902832236,1.338188937423063,0.4275693620551392,0.668983316265187,-0.5188044413643165,0.2760932395133642,-1.8790914340342042,0.06029084751168691,-0.13829950840328742,0.04902317328322659,-2.821104778433569,0.004804960935600063,-1.7591674269791946e-16,5.86986733434472e-16,-0.29969458026525886,0.7644227442740996,-1.0561863220128506e-16,3.1093257936122564e-16,-0.3396833886570076,0.7341094161339428,-0.683507139769107,0.09356519033514551,-7.305143476124197,3.212960041025983e-13,-0.8024135184305284,0.08199182633159183,-9.78650622057622,2.0544254275877787e-22,0.0,0.0,,,0.0,0.0,,,-1.0696618687537027,0.12064003514571327,-8.866558000101108,1.0362392956840122e-18,-0.8257253371374702,0.0681547222000871,-12.115453052736747,2.5864244245226053e-33,-0.03446137299519941,1.338188937423054,-0.02575224770693559,0.9794559903852439,0.0,0.0,,
2.16,0.060502757405052954,0.0585753639281088,4397,-0.22755098836198973,0.04395874761538927,-5.176466589833594,2.3624075523318014e-07,-0.590777211871804,0.2745222908701769,-2.1520190946941566,0.03145025040112897,1.2262628283272002e-16,2.657121734895299e-16,0.46150043192338713,0.6444624926237903,0.42181412783970557,1.3282526763069853,0.31757069672353216,0.7508257185386666,-0.433436225523283,0.2930059809202163,-1.4792743279916356,0.13913881049917645,-0.12548015730246975,0.052138478232039175,-2.4066708802667356,0.016139746993177207,5.091709307778498e-16,9.432740468518024e-16,0.5397910951512117,0.5893685058786973,-1.1814771854750022e-16,4.650559448056601e-16,-0.25405054997603005,0.7994684116436572,-0.7346656427607521,0.09829474787376363,-7.474108827302314,9.330178811105252e-14,-0.7803250891340422,0.08706803091111173,-8.962245740123384,4.616068471602557e-19,0.0,0.0,,,0.0,0.0,,,-0.9264501184282843,0.12751548588022893,-7.265392999391997,4.3800347237053767e-13,-0.8820845365125278,0.07237950854136081,-12.186937356841353,1.2684243117807588e-33,0.5793978497508607,1.328252676307062,0.43621056451529944,0.6627054283286029,0.0,0.0,,
2.214,0.061210074110259804,0.059006341889861424,3844,-0.18739951538205568,0.0487938776266016,-3.8406358440323793,0.00012469894511062864,-0.39987568192256157,0.3062763364305039,-1.3056042349954646,0.19176551580441886,8.831690549328607e-16,3.0624819195281834e-16,2.88383434789037,0.00395053878302107,1.6058939372417878,1.3530956646750185,1.1868295636195725,0.23536838738165178,-0.6800196125427317,0.299084693184274,-2.273669057760016,0.023040947817563485,-0.18589823093994484,0.057495409619016,-3.2332708327807262,0.001234186172763603,4.767501037112724e-16,2.464465124437895e-16,1.9344972626464394,0.05312550264014491,1.5584069009392953e-17,1.928054626977111e-17,0.808279433131329,0.4189798876809824,-0.8651479636148881,0.1088800651327666,-7.945880290941602,2.5137832927052086e-15,-0.9500515439728205,0.09439890536487383,-10.064222040506182,1.5544988408987192e-23,0.0,0.0,,,0.0,0.0,,,-0.9561353107520878,0.1384050320947666,-6.908240952521274,5.720647906740448e-12,-0.8352609989690178,0.07898360639269258,-10.57511852290268,8.774991478036716e-26,-0.11378785594099218,1.353095664675177,-0.08409446494554249,0.9329857158096879,0.0,0.0,,
2.268,0.06255618827363196,0.060083446683497854,3422,-0.1758450715517561,0.052512536984480516,-3.3486302823976133,0.0008209325271476964,-0.6780954473089321,0.323709018318529,-2.0947684770452937,0.03626514463151291,1.0313561539299348e-15,1.0943363842711105e-15,0.9424489295554912,0.34602956950614694,1.2864316029470497,1.3562067993282347,0.9485512117947303,0.3429160915360351,-0.5304306427423123,0.3075459841076288,-1.7247197822511082,0.08466854691241875,-0.18244458220788087,0.061520027706472497,-2.9656128095125345,0.003041745988376635,2.765595004060824e-18,1.3064847514250734e-16,0.021168214945059233,0.9831127071584751,6.456493024690018e-16,6.1227128544358995e-16,1.054515078232404,0.2917218260033418,-0.7050700916093879,0.11460146107075213,-6.152365641953683,8.518318472466636e-10,-0.9292941241222894,0.1012602853115604,-9.177281312836637,7.462289824943691e-20,0.0,0.0,,,0.0,0.0,,,-0.928981221736649,0.15073138495401303,-6.16315720856724,7.963322502001347e-10,-0.9419896315885431,0.08481539863081065,-11.106351521012002,3.532410544940382e-28,-1.227091729825095,1.3562067993282834,-0.9047969162467421,0.36563686705056875,0.0,0.0,,
2.322,0.06742932707901339,0.06460810487521884,2985,-0.1848182236456162,0.0553273120255047,-3.340451883157074,0.0008467407160653829,-0.6870309384427079,0.3146044136313046,-2.18379307051891,0.029055311472671964,1.1441332401382371e-15,5.808083189004001e-16,1.9698981624511458,0.04894266645810885,1.0812864248747176,1.3151151936699161,0.8221990211042397,0.4110295261294019,-0.3339453710337406,0.34374249402767454,-0.9714986562204172,0.33137900023202105,-0.15239481119471737,0.06438614419842129,-2.3668882970391323,0.018002028195955703,-1.0110399136826009e-15,4.976333102536272e-16,-2.03169661847457,0.04227307864807052,6.55883160961367e-16,2.9488470858521264e-16,2.2242020079920044,0.0262096376377262,-0.7735771155997966,0.12371563070136961,-6.252864825683119,4.606868618509584e-10,-0.7979027862174841,0.10640356407184337,-7.4988351487807545,8.448960708890329e-14,0.0,0.0,,,0.0,0.0,,,-0.880443881885492,0.15873028061379268,-5.546792196680505,3.164798657655038e-08,-0.9691054891605798,0.08819429702344111,-10.988301079184312,1.4629139102269223e-27,2.689459115946188,1.315115193670057,2.045036913033288,0.040939029084517374,0.0,0.0,,
2.376,0.05488147614860828,0.05161242668102084,2612,-0.16026730564436395,0.06137355877597889,-2.611341249239913,0.009070589374095375,-0.08009739804102758,0.3215203964597519,-0.2491207367338956,0.803287051709868,-9.054447371067316e-16,3.2433760771752455e-16,-2.791673600476547,0.00528190674531077,-2.849760272883668,1.3404187565560397,-2.1260223784137464,0.03359530683446906,-0.04624662744071467,0.36309087029143133,-0.12736929299157335,0.8986579608922469,-0.23465491739194738,0.07102575538963125,-3.3038003764223767,0.0009667570323214606,-2.934983380547443e-15,4.118949384406906e-15,-0.7125563114852542,0.4761842441086752,3.073100668741331e-16,3.0316748568136767e-16,1.0136643320554477,0.31083719597555276,-0.84258679233243,0.13864785834557694,-6.0771713489601815,1.4025197233262682e-09,-0.830733969688404,0.11556259026500106,-7.18860634556058,8.514483539009436e-13,0.0,0.0,,,0.0,0.0,,,-0.8426135655220053,0.16830849979508475,-5.006363710376395,5.917484995904062e-07,-0.8854078891821345,0.09652802829692263,-9.172547132720847,9.133724693129012e-20,1.532927583004616,1.3404187565560506,1.1436184218603298,0.252887119564125,0.0,0.0,,
2.43,0.062089414760458816,0.05834339145445966,2012,-0.23419108207151612,0.07150827438186622,-3.2750207454440354,0.0010745585726290214,-0.5129867894261451,0.37994230563657383,-1.350170227994648,0.17711392668682324,-3.8858212032950543e-17,7.902309035416381e-17,-0.49173237668631703,0.6229624285573457,-0.5947557570708896,1.3473191245212666,-0.4414364394049702,0.6589447142408809,-0.247671643416521,0.37994230563655257,-0.651866453780591,0.5145621167450025,-0.13778633269509244,0.08245524015543476,-1.6710439801685633,0.09486920714568071,-3.372797105165842e-17,1.2316398225072573e-16,-0.27384605820066915,0.7842311623426607,3.4371703681437154e-16,7.480591482376309e-16,0.45947842175868325,0.6459405067378878,-0.7997591376605864,0.1567720311683109,-5.101414657324703,3.689338074465365e-07,-0.8117294052636174,0.12844476789415746,-6.319676687278598,3.221488404278125e-10,0.0,0.0,,,0.0,0.0,,,-0.9564914558539539,0.20694203036110884,-4.622026053310193,4.042256168467339e-06,-0.9058075541221291,0.1102580586253259,-8.215341040968303,3.750504633473959e-16,0.0,0.0,,,0.0,0.0,,
2.484,0.06627091618631475,0.06254159383458757,2012,-0.20774864804214194,0.06968781355001755,-2.9811331057622144,0.0029064495643702304,-0.518309880409431,0.3702697175094989,-1.3998170952128548,0.16172295654773403,-9.81025783381596e-17,7.701131700282876e-17,-1.2738722327597138,0.20285649174583179,-0.42695427302869493,1.3130190142837639,-0.32516990872488877,0.7450864418486135,-0.6423493173200313,0.3702697175094782,-1.7348146147101227,0.08292747265517318,-0.08272213117011026,0.08035609098170349,-1.029444441105846,0.30339516577811065,6.574542068801536e-17,1.2002846810889923e-16,0.5477485610194238,0.5839255937172518,2.411733214092846e-16,7.290150251477579e-16,0.3308207829604105,0.7408144635196866,-0.753702052457405,0.1527809218213394,-4.933221003462574,8.75576652153187e-07,-0.7560706728228245,0.12517481527638732,-6.040118143201669,1.8309807173073453e-09,0.0,0.0,,,0.0,0.0,,,-1.0484438287440434,0.20167369094175946,-5.19871394155631,2.2110411115112526e-07,-0.8622820957890303,0.10745110406156173,-8.02487888160744,1.713658840941797e-15,0.0,0.0,,,0.0,0.0,,
2.538,0.0729175811675905,0.06869397105901465,1765,-0.17238964329678286,0.07885919781460549,-2.1860435824120774,0.028944060926927907,-0.7648939571823756,0.4499506778438397,-1.699950672033081,0.0893172945044832,-4.570957638361271e-16,2.9502669306997763e-16,-1.5493369738164953,0.12148093203455902,0.01733296866700299,1.3312964838042036,0.013019615748907953,0.9896136220528982,-0.26293073188829363,0.39165852810717255,-0.6713264566432365,0.5021008822071878,-0.08996193958519005,0.08969490469742576,-1.0029771466803505,0.31601007431572525,3.8127977363248003e-16,1.8869343777554252e-16,2.0206308079776774,0.04346952318153568,-1.5190218617717686e-16,3.2420986183850973e-16,-0.4685304306160803,0.6394634683201066,-1.080027781347241,0.16582360058266737,-6.513112594059367,9.584464555169836e-11,-0.7597398178168785,0.13691065987396064,-5.54916482409983,3.308390070675569e-08,0.0,0.0,,,0.0,0.0,,,-0.7989295939107633,0.21530937414819618,-3.710612215893883,0.00021319730343621524,-0.9064876375373203,0.11875726903731662,-7.6331128602534495,3.737010316690314e-14,0.0,0.0,,,0.0,0.0,,
2.592,0.06467940257619731,0.05977922917777534,1536,-0.20458426024761522,0.08453628390624914,-2.4200763363871007,0.015633334740623332,-1.3241101776648585,0.4763377684684662,-2.7797715514395858,0.005506434089480378,1.7735725812575633e-16,2.0926952366184732e-16,0.847506388041208,0.39684574148446405,-1.231958002824372,1.328591989393045,-0.9272658669176387,0.35393504677216836,0.06757670188451553,0.42772352331261404,0.15799154874894536,0.8744843475938628,-0.1131375499867846,0.09600555606874407,-1.1784479421771517,0.23880167868051502,-5.195018548832371e-16,2.483364012782903e-16,-2.091927934081133,0.03660977598934816,-7.003934655607678e-16,4.596482065737331e-16,-1.5237598135791186,0.12777578439534404,-0.9364564826295809,0.1884181201210456,-4.970097791167709,7.445686412282545e-07,-0.6335377311182274,0.145254417913968,-4.361572888567577,1.3778054068919051e-05,0.0,0.0,,,0.0,0.0,,,-0.899221949808163,0.23660093510094965,-3.800584936084446,0.00015002824542946356,-0.8996706998072729,0.12659077039866,-7.106921752462895,1.8146550526619262e-12,0.0,0.0,,,0.0,0.0,,
2.646,0.06988031047032539,0.06432321001010333,1348,-0.2754962323858951,0.09674131228345352,-2.8477619941590926,0.004470038368858845,-0.3715390603124102,0.4920986271802128,-0.7550093411992955,0.45037615190289304,6.185488164284693e-17,9.563674044224573e-16,0.06467690278528533,0.9484409073340447,0.7697228859609742,1.368128758730345,0.5626099744261606,0.5737946767808308,-0.6808267666357044,0.4650743491915606,-1.4639095185945785,0.14345338617983372,0.043489459331208416,0.10865638760781025,0.40024760889512934,0.689037996985888,-3.9718449062795967e-16,5.824242934516103e-16,-0.6819504184383047,0.4953882428584109,1.5636225594313447e-16,3.1094847480916837e-16,0.5028558382191625,0.615148328596806,-0.6793233748479173,0.21588707668959448,-3.146660676797519,0.001687860122865567,-0.628073939706902,0.16074965499695276,-3.9071557554435064,9.805257372021924e-05,0.0,0.0,,,0.0,0.0,,,-1.054255931950499,0.2712566530269348,-3.88656248680402,0.00010664881237112809,-0.8606558470870811,0.14079027207154374,-6.113034902366917,1.2800114365801717e-09,0.0,0.0,,,0.0,0.0,,
2.7,0.04662328412040884,0.03889581327234726,996,-0.15025961174410907,0.11942125882021797,-1.2582316852840794,0.20860554218103183,-0.16035833305107183,0.5340681053612123,-0.30025820947052223,0.7640434354597563,-3.019348379028181e-16,4.0338815924325616e-16,-0.7484970269559686,0.4543387386702794,-0.3700499755332007,1.3824010148286865,-0.2676864177353479,0.7889966331331362,-1.1682189453828102,0.5013559894434967,-2.3301186581605,0.020000705073129205,-0.21183982833671616,0.1325364718731046,-1.5983511960356058,0.11028489878553945,5.953661432777015e-17,2.0460364998194243e-16,0.2909851037995883,0.771123846855618,3.319500099683479e-17,1.5722538710123575e-16,0.211130031916925,0.8328293892491094,-0.8880468929971144,0.26466738219443114,-3.355331834372901,0.0008228976234794231,-0.6492707736954352,0.18798050915453163,-3.4539260299677896,0.0005759678645326412,0.0,0.0,,,0.0,0.0,,,-0.9914910083908414,0.3303028814516593,-3.001763121270102,0.0027517642624693968,-0.8524499069357913,0.17019133120987953,-5.008773953854043,6.487200578599983e-07,0.0,0.0,,,0.0,0.0,,
2.754,0.07569689613386299,0.06820507766281014,996,-0.050071719423308646,0.11842557329859298,-0.42281171227315945,0.6725247408326926,-0.2670704974610395,0.5296152643400807,-0.5042726587456251,0.6141823363778323,-7.4280511561742e-16,4.0002487406504413e-16,-1.8568973175819055,0.06362352253380085,0.7920818483801098,1.3708751216238866,0.5777928535473309,0.5635357679871593,-0.9179792915098055,0.49717588864067097,-1.846387390224521,0.06513522099482272,-0.19097802624480756,0.1314314370791742,-1.4530619955845308,0.14652439130272493,2.2060182590727479e-16,2.028977485874065e-16,1.0872561546055872,0.27718905830238905,-7.236364364155389e-17,1.5591450624873815e-16,-0.46412386751306245,0.6426613503336571,-1.0963281496533004,0.26246069401260497,-4.177113658019391,3.213612152398563e-05,-0.6902971266792883,0.18641320469666595,-3.7030484390982337,0.00022482859979286584,0.0,0.0,,,0.0,0.0,,,-1.3878119134726807,0.32754895137202805,-4.236960331148833,2.477765692200404e-05,-1.0669446955275053,0.1687723456283687,-6.321798109489355,3.909725199905775e-10,0.0,0.0,,,0.0,0.0,,
2.808,0.07113811696728634,0.062302332110851344,850,-0.2545986431161177,0.13383387484039125,-1.902348291265938,0.057466995165265475,0.28477879062523215,0.530534187134227,0.5367774547452154,0.5915633140009788,1.1189515690344148e-16,1.2098182356854372e-15,0.09248922987182939,0.9263313746877956,-0.13528798488219468,1.364843078781774,-0.09912347213054666,0.9210638573389271,-1.3485716966351353,0.5704317312311907,-2.364124614394166,0.018299101360607268,-0.00837484226844218,0.1472558225293279,-0.05687274108821213,0.954660077627224,-9.06856387629941e-17,2.705130653885158e-16,-0.33523570712841444,0.7375308900250253,-3.1833244898914367e-16,2.167580109202118e-16,-1.4686075390603266,0.14231319187036442,-0.8984972847287596,0.2855314946836873,-3.1467536907762756,0.001709086006374672,-0.5106775396591536,0.20462417529485954,-2.495685267507014,0.012761986409129029,0.0,0.0,,,0.0,0.0,,,-1.0071680060225106,0.3469944149910809,-2.902548175158377,0.003798132420364223,-0.8761781553824785,0.18244327543602334,-4.802468894994841,1.85502575092625e-06,0.0,0.0,,,0.0,0.0,,
2.862,0.05137951752598213,0.04078040598995947,725,-0.22808241656404282,0.14857931909243627,-1.5350885840454347,0.1252038147557515,-0.2570001393275967,0.5754452284358448,-0.44661094858005085,0.6552910346818408,-1.153003016329587e-15,5.622568042417632e-16,-2.0506697431336205,0.040662624167268305,1.4739098777284412,1.3698336378069973,1.07597728443,0.2822998347226847,-0.6484755723138259,0.6968987798549721,-0.9305161539366976,0.3524175264543701,-0.0159776925794162,0.16256934361263392,-0.09828232201938047,0.9217356222097314,9.251340430548458e-17,2.903239530317074e-16,0.31865577517601806,0.7500804843793278,-2.1391386630974786e-16,1.541003009536689e-16,-1.3881469730163747,0.16552405059240854,-0.09548759993989153,0.32613691286782776,-0.29278378549744055,0.7697722503720603,-0.30063367825374204,0.23131317866645684,-1.2996824477832378,0.19412810584487508,0.0,0.0,,,0.0,0.0,,,-0.8210936186424584,0.36215508704707033,-2.267243090073559,0.0236727062473996,-0.8393521034663936,0.19892173182963202,-4.219509330359454,2.763049683689194e-05,0.0,0.0,,,0.0,0.0,,
2.916,0.05082399366869339,0.03821035903306136,611,-0.5356079888869396,0.16788173209279808,-3.190388746947629,0.0014947137541447583,0.9193396766955112,0.8224491615239725,1.117807300079197,0.26409518481055344,3.7116285324825747e-16,4.63034089369335e-16,0.8015886125226576,0.4231072480994056,1.7561270441572512,1.4045993442734737,1.2502690189319465,0.21168706448499694,-0.32455930059556487,0.7171910738856204,-0.4525423034577902,0.6510413867566811,0.21205628923580586,0.1833478685236412,1.156578971674617,0.24790316886726685,-8.532119796615606e-17,1.6894980895399423e-16,-0.5050091414390968,0.6137372341737212,7.957326078016378e-19,1.6437884803321708e-17,0.04840845506113044,0.9614067764726111,-0.7016030170523264,0.36908535669133646,-1.900923470228791,0.057789351104661615,-0.22409466053454064,0.2560910817698929,-0.875058432280347,0.38189109683211164,0.0,0.0,,,0.0,0.0,,,-0.5937724116227698,0.40876948669579705,-1.452584967685346,0.14686003052243962,-0.5122417291434982,0.22208665639415745,-2.306494849624716,0.02142168680815952,0.0,0.0,,,0.0,0.0,,
2.9699999999999998,0.04344328216188886,0.028467834524501634,520,-0.6053759988184872,0.18720882775758838,-3.233693656809668,0.0013009936292049382,1.2242632533363222,0.8231513471696188,1.4872881609753963,0.1375554897258317,3.730486413393219e-16,2.661145186269505e-16,1.4018349816616948,0.16157164630673423,1.4507793416238617,1.4009425864969554,1.0355737312915319,0.30089086228916456,-0.35558808454892255,0.823151347169633,-0.4319838457066193,0.6659353710040772,0.2824148050019777,0.2033890906413433,1.388544509007066,0.16557625008741178,4.2550910195715533e-16,2.641858572154981e-16,1.6106430012643136,0.1078750515356688,-2.924852986999415e-17,2.004174375971657e-17,-1.4593804920699067,0.1450748511563752,-0.05356504875769618,0.37700881207628156,-0.14207903646256992,0.887073575275386,-0.30822745206146956,0.2774010463691214,-1.1111257729407742,0.2670367406590075,0.0,0.0,,,0.0,0.0,,,-0.47656554298618453,0.4585661033506724,-1.0392515702839633,0.2991792321395655,-0.35631736093446265,0.24445833136410697,-1.4575791258418922,0.14557084776608234,0.0,0.0,,,0.0,0.0,,
3.024,0.07273272136788322,0.055278278475984544,434,-0.3530643283253853,0.2104815608632341,-1.6774121537173419,0.09419714692847184,1.3903015583694165,0.8419262434529398,1.6513341509197517,0.09940902128574318,5.507644696493455e-15,8.975962722615878e-15,0.6135993281942189,0.5398083888505693,0.3463874777229887,1.4275554011377338,0.24264380734150467,0.8083983959602012,-0.6382943282803502,1.0203472229542427,-0.6255658014457832,0.5319355436433535,0.10826769835734718,0.22816601927108912,0.47451280739886126,0.6353779834118448,-2.120239506975749e-15,3.986032568474515e-15,-0.5319172562072619,0.595061236884874,-1.0355036334125952e-15,9.351375921652491e-16,-1.107327565577762,0.2687786496988977,-0.5914895691580868,0.4320918189741931,-1.3688978665745437,0.17175425159351207,-0.8027321903918717,0.3068269640363676,-2.616237438299997,0.009207173005881681,0.0,0.0,,,0.0,0.0,,,-1.0585053501402701,0.5155724243794929,-2.0530682016483204,0.04067757868377015,-0.6112231780782227,0.27558505287092105,-2.217911210026722,0.027088919222729296,0.0,0.0,,,0.0,0.0,,
3.078,0.0856283344310288,0.06536525042950037,370,0.05511791789047432,0.23239863344226339,0.23716971599218847,0.8126596616669366,0.005967165951784665,1.0262445781117333,0.005814565142711023,0.9953638861722309,2.3151118391740104e-16,7.182257465759694e-16,0.32233762855355014,0.7473835197639251,-0.44327333448284156,1.4326013902623314,-0.30941847292335195,0.7571817349235311,0.16044306240963074,1.4326013902623618,0.11199421102072765,0.9108902418443265,-0.2853125723523058,0.25195221615728963,-1.1324074727494748,0.25821475010076866,1.158411432384229e-16,7.980708360109739e-16,0.14515145524855394,0.8846722997508818,-2.003172629971431e-18,2.0230896486903345e-16,-0.009901551477307015,0.9921053035235653,-1.0138680865701548,0.4557712180209219,-2.2245109969265626,0.026731874316414137,-1.0266726676400724,0.3264918940694979,-3.1445579087532636,0.001801273307332875,0.0,0.0,,,0.0,0.0,,,-1.0117394688090573,0.5511817550910997,-1.8355822910753574,0.06724187304861441,-1.2336878097008732,0.2964443522044148,-4.161616844871368,3.954472576945894e-05,0.0,0.0,,,0.0,0.0,,
3.132,0.06814895101726715,0.04744114992876203,323,0.04264431050322649,0.23464125189845547,0.18174259708468254,0.8559016283228498,-1.0268335030333664,0.9531172708674481,-1.0773422478210135,0.2821517511323614,8.3258887510042445e-16,4.2795365497851854e-16,1.945511775433293,0.05260273840690177,-0.9513235061332539,1.3273313629079955,-0.7167189239385096,0.47407860509475475,1.384722242628761e-16,1.1776938045039018e-16,1.1757913961448316,0.24056612975550712,-0.3419608234038981,0.2534415184506157,-1.3492691548505333,0.17821953242223376,3.45113907887428e-16,2.4676652826634913e-16,1.3985442446834888,0.16293344038404425,-1.241510112465863e-16,3.1511985024667593e-16,-0.39398029400369683,0.6938621555089204,-0.6712926440072763,0.45849295799925005,-1.4641285810290992,0.1441560469537489,-1.0948650138737652,0.3292301900279041,-3.3255304253263325,0.0009867549034234268,0.0,0.0,,,0.0,0.0,,,-1.0736438785474318,0.5180738565357356,-2.072376100439985,0.03904357257707102,-0.9812407996383262,0.29644336982463815,-3.310044681447191,0.0010410338457079173,0.0,0.0,,,0.0,0.0,,
3.186,0.0455445388323088,0.02070740787255476,277,-0.4035890851596993,0.2789569791265555,-1.4467789492966996,0.14912309185778047,0.32547419462986804,1.0622365296625313,0.3064046335643061,0.75953360345382,3.6941757268762074e-15,3.3983705774617205e-15,1.0870432292982677,0.2779907741843974,1.7391189285948612,1.4761015865094043,1.1781837676276905,0.23976455766938198,-6.181035836532887e-16,5.882358204992828e-16,-1.0507751519257271,0.2943049208957228,0.11864938914901109,0.3015768796057476,0.3934299913976224,0.6943135638331056,-3.9074544795895215e-16,3.528313284487606e-16,-1.1074567830381807,0.26908576872936174,0.0,0.0,,,0.12675706438887813,0.5365844630182904,0.236229472012419,0.8134343808662574,-0.5171215114664319,0.4023174767557331,-1.2853568172987972,0.1997731338258764,0.0,0.0,,,0.0,0.0,,,-0.15089108920884972,0.7057115385919714,-0.2138141166147093,0.830853988571072,-0.5783209555513672,0.3500291087911387,-1.6522081764818295,0.09965884219753414,0.0,0.0,,,0.0,0.0,,
3.2399999999999998,0.12403927622205935,0.09666550360399873,232,-0.22250498923935585,0.2918671997453205,-0.7623501011196558,0.44665307606459936,-3.630922404006344,1.488236546879071,-2.439748178218459,0.015474820145706615,-1.6498277037594226e-15,2.6502376917658098e-15,-0.6225206549908244,0.5342327617295284,1.8718946954788256,1.4882365468790764,1.2577937958883647,0.20977597464809686,2.842252704680344e-16,8.891704227523583e-16,0.3196521872468914,0.7495299355745622,0.1258192114863261,0.3186980926605581,0.3947912283878485,0.6933726192311882,-2.207330043552105e-18,8.278515949693613e-19,-2.6663354361644958,0.008227407061741536,4.3199658147088923e-16,1.6201884264506238e-16,2.6663354361644958,0.008227407061741536,0.23944988951888102,0.6240383222194884,0.38371023219734424,0.7015571777512599,-0.7072473000799901,0.4319709682269783,-1.6372565568072355,0.10298092376351348,0.0,0.0,,,0.0,0.0,,,-0.9509103347026927,0.7858764862126937,-1.209999728182901,0.22755434384221834,-1.0023184674384442,0.3670333435055112,-2.730864879646538,0.006819688279576932,0.0,0.0,,,0.0,0.0,,
3.294,0.15649604426192598,0.12558228672178706,199,0.3650044051414597,0.337141575173233,1.0826443014449048,0.28033122563210966,-3.1716297479270574,1.5077429602574155,-2.1035613042328967,0.03672593023095719,-1.711628439546334e-16,2.5697802960397466e-16,-0.6660602239748281,0.5061762563612499,-0.5790730187048976,1.507742960257403,-0.3840661398983006,0.7013566504567055,9.099588987081633e-16,4.402433136109606e-16,2.0669454153533984,0.040087966774343724,-0.7366886100484183,0.36370577857621783,-2.025507026400018,0.04420685576679778,9.1925958620765e-17,1.0197162946300489e-16,0.9014856299233264,0.36846551541099737,-9.363220755386973e-31,3.7314175843578984e-31,-2.5092931958721514,0.012928705385083358,-1.7014845130163023,0.8084370970175505,-2.1046591247399977,0.03662898458004511,-1.1971018356027794,0.4833669151138747,-2.4765903461157626,0.014133944466131677,0.0,0.0,,,0.0,0.0,,,-1.5027309254700572,0.8084370970175443,-1.8588099569080583,0.06459250235566286,-2.0661521793961213,0.41671813995612905,-4.95815272071823,1.5659479730801513e-06,0.0,0.0,,,0.0,0.0,,
3.348,0.12244158454362863,0.0858766505662798,176,0.02943149570035155,0.3476946085117008,0.0846475469560268,0.9326423842728946,-0.05067825777908111,1.4335815963515266,-0.03535080103431682,0.971841982951649,9.929146631239335e-17,4.540663594088851e-16,0.21867170790113907,0.8271712063165011,0.3592035012417552,1.4335815963515268,0.2505636945646694,0.8024576215313368,7.2858332341315175e-16,1.7865770526691405e-15,0.40780962809560917,0.6839326694466497,-0.23488161306650218,0.37422276248574027,-0.6276518603687351,0.5310842159963806,-3.2589647256277995e-19,4.825231998846499e-18,-0.06754006286965838,0.9462320833368403,-1.3035858902511198e-18,1.9300927995385996e-17,-0.06754006286965838,0.9462320833368403,-1.1431880125213203,0.7774687800423395,-1.470397322525368,0.14332457704036933,-0.9917278494472382,0.4917144309212516,-2.0168776571986844,0.045300722703671165,0.0,0.0,,,0.0,0.0,,,-1.0767671653646416,0.7774687800423398,-1.3849651497337327,0.16789950219066624,-1.3990574105916225,0.423681037067056,-3.302147814489497,0.0011721858413226345,0.0,0.0,,,0.0,0.0,,
3.402,0.1810008445154183,0.13970676944896876,126,0.4003816768601708,0.46900530706272714,0.8536826147398408,0.3949960283551168,6.027673851107178e-15,4.917904919099735e-15,1.2256588832568556,0.22274721605326156,-3.01315134149356e-15,1.778700560829247e-15,-1.6940183231790296,0.09287760037978827,1.307398376387605,1.407015921188178,0.9291994189259426,0.3546667774639075,-1.4649732152695183e-15,9.614736504895016e-16,-1.5236748448838688,0.13024309947343282,-0.4357992661887536,0.49437500167495796,-0.8815155796960851,0.3798158597558613,0.0,0.0,,,0.0,0.0,,,-1.19913608885687,0.8123410208520853,-1.4761486347187853,0.14254526964847433,-1.4200937589541531,0.5960953420845113,-2.382326548615808,0.018788029406466008,0.0,0.0,,,0.0,0.0,,,-2.240706208714909,0.8980767893268804,-2.4950051435961798,0.013966583938280128,-1.5827252151342965,0.5388460735961281,-2.9372492306969447,0.003976944818828421,0.0,0.0,,,0.0,0.0,,
3.456,0.14667016731118077,0.10364513373023188,126,0.0087458057714573,0.5180799452048366,0.01688118957779656,0.9865596698824188,-2.462179124180079e-15,5.432492708806432e-15,-0.4532319243040535,0.6512070985417865,4.970060253156213e-16,1.964815909784537e-15,0.2529529727648242,0.8007410003334545,-0.8239172590584201,1.554239835614506,-0.5301094722827411,0.5970237809928918,4.272680044147216e-16,1.0620779949828457e-15,0.4022943761504283,0.6881890902055714,0.09925192848134062,0.5461042123008378,0.1817453999542943,0.8560917537337023,0.0,0.0,,,0.0,0.0,,,-0.36898515246039837,0.8973407874772763,-0.41119846284680595,0.6816665957404054,-0.8458049231189096,0.658468118619174,-1.2845039861498324,0.2014605863174851,0.0,0.0,,,0.0,0.0,,,-0.6680097409629953,0.9920475670480577,-0.6733646280195301,0.5020210347474772,-1.3445019140520738,0.5952285402288346,-2.258799474795315,0.025716914256785857,0.0,0.0,,,0.0,0.0,,
3.51,0.2798415837755075,0.2361956191558413,106,0.24256232102400158,0.5885985817831194,0.41210143641388924,0.6811560316186349,1.619263613709937e-15,3.3114414518120022e-15,0.4889905611418511,0.6259299509978485,-1.6394345550310763e-15,2.10550837074604e-15,-0.7786407206019225,0.4380485202523702,0.18559027963518,1.5572854694434484,0.11917550332085697,0.9053778107928852,2.1663694602425217e-15,2.6066564946829046e-15,0.8310912713898104,0.40792202837256486,0.04243266618268499,0.6173274005945382,0.06873608095448018,0.9453383392155342,0.0,0.0,,,0.0,0.0,,,-1.4343966564795314,0.9306560729897744,-1.5412746965390425,0.12644037697740046,-1.4190335696951268,0.74452485839182,-1.9059586173660492,0.059556275429989425,0.0,0.0,,,0.0,0.0,,,-2.1974594625988395,1.0194826489113487,-2.155465289130119,0.033549380423533136,-1.8665720439373508,0.6640287553110525,-2.8109807429393445,0.005954353909744278,0.0,0.0,,,0.0,0.0,,
3.564,0.24584321616240123,0.19197487445971562,91,1.198758241014737,0.636338627532612,1.8838369841901534,0.06304678169167398,3.560527768611342e-15,2.0674003791645422e-15,1.72222458914813,0.08870912244023016,-2.448852846118613e-15,1.8654192146113294e-15,-1.3127627435899685,0.19283823808874428,-2.344544589623671,1.558704941077855,-1.5041619025101716,0.13629045713200508,-6.925984781644926e-16,5.791452297460417e-16,-1.1958977517059075,0.23510141582052654,-1.2268409899747426,0.6668024891717091,-1.8398866379438743,0.06931699242820065,9.362903808175313e-17,9.120589124620021e-17,1.0265678762900514,0.30757110694048795,0.0,0.0,,,-1.9328059193104716,1.0391366273852372,-1.8600113482420115,0.06638395971296303,-2.215108855959163,0.793653708732329,-2.7910269070590834,0.006501990261738665,0.0,0.0,,,0.0,0.0,,,-3.125462282493612,1.0391366273852376,-3.007749125693087,0.003471904362686454,-2.7408601568561366,0.7151828758900947,-3.8323906363738733,0.0002441719864557714,0.0,0.0,,,0.0,0.0,,
3.618,0.17213252628572984,0.09799514057997427,74,1.981381276722371,0.8093886236510183,2.447997437602579,0.01699100931214951,1.8069296289537957e-15,9.12956324719797e-16,1.9792070880371802,0.05190421453875491,9.841409377715732e-19,1.0345227229623445e-16,0.009512994890566506,0.9924381120955039,-2.576196738853194,1.618777247302038,-1.5914461011524934,0.11621682783348952,1.1694994683365985e-15,9.964230317026444e-16,1.1736977479717712,0.24467150614820676,-2.2157412754831975,0.8371471131363935,-2.6467764634364745,0.01011946877571234,0.0,0.0,,,0.0,0.0,,,-2.891703865567154,1.144648368797763,-2.526281384216135,0.0138970305500911,-2.733691427668478,0.9490922890486322,-2.880322028965933,0.005330224040126009,0.0,0.0,,,0.0,0.0,,,-3.0413890082639563,1.1446483687977627,-2.65705092600478,0.009845159401409636,-3.065533635463984,0.8979360567233753,-3.413977657440673,0.0010907835795370803,0.0,0.0,,,0.0,0.0,,
3.672,0.25102383943396056,0.15540986148935976,54,-1.3731651924318848,0.8712616814103669,-1.5760651727607884,0.12171874000937903,-4.358729695675856e-15,2.7300329900058657e-15,-1.5965849905962093,0.11706094478909787,2.360406693885591e-15,1.6323092331419841e-15,1.4460536312363519,0.1547981297356307,0.6944513012074225,1.509069498890647,0.46018510195715323,0.6475053449006355,1.1488797586533757e-15,7.259730354937431e-16,1.5825377837511672,0.12023363419223457,1.18092823739093,0.8989276456818156,1.3137077751071096,0.19532125331193045,0.0,0.0,,,0.0,0.0,,,0.7276586016483096,1.1247939940970075,0.6469261086626614,0.5208268776289733,-0.14315559308106102,1.006046332593762,-0.14229522880122333,0.8874550598299012,0.0,0.0,,,0.0,0.0,,,-1.622277682792173,1.2321500862265296,-1.3166234381076194,0.19434923393877562,0.4127748220419935,0.9632160304841169,0.4285381565281165,0.6702170388598208,0.0,0.0,,,0.0,0.0,,
3.726,0.3711436862194891,0.29086415680070055,54,-1.769219043453859,0.9295301247600755,-1.903347719806842,0.0631294399972111,-6.4778445992270255e-15,2.9126127774739523e-15,-2.2240665320589317,0.030985527192151356,4.066298820054466e-15,1.7414751933923832e-15,2.3349737254272,0.023866573226262757,4.11583128220461,1.6099934032502914,2.5564274200723283,0.013866356706649992,1.6788970962890487e-15,7.745248306600441e-16,2.1676478659287213,0.03528384737434986,1.8503758114992768,0.959046339887566,1.9293914533016265,0.059731761973361545,0.0,0.0,,,0.0,0.0,,,0.6305451510548892,1.2000182309979581,0.5254463097035749,0.6017432688741586,-0.34057260499103703,1.0733289355001916,-0.31730496935901925,0.7524175391144721,0.0,0.0,,,0.0,0.0,,,0.6109958683229179,1.314554109070056,0.4647932436612666,0.6442256904873637,0.2850369595306399,1.0276342183871379,0.27737200107836296,0.782710869582528,0.0,0.0,,,0.0,0.0,,
3.78,0.3038561067650015,0.1939386499384228,45,1.8650962698550662,1.1401771803626881,1.6357951220018128,0.11013996872220026,5.474524327544193e-17,2.0903068725539279e-16,0.2619005084576621,0.794812635642392,-5.593537583949429e-16,8.966802073546764e-16,-0.623805180271693,0.5364824944736216,0.0013591369023664985,1.6124540319772236,0.00084289962716016,0.9993318730356663,1.2243953797023804e-17,8.029057312941961e-17,0.152495533657331,0.8796029527316064,-1.9030851653967424,1.162757138324508,-1.6367004791207052,0.10994972272379078,0.0,0.0,,,0.0,0.0,,,-2.237942480351905,1.316563204012532,-1.6998367214967391,0.09733443122200951,-3.543524183903184,1.2490015224745605,-2.837085560058121,0.007263123775358646,0.0,0.0,,,0.0,0.0,,,-1.5611037315780405,1.3964261541269243,-1.117927881087329,0.2706157953089932,-2.398194148494568,1.2093405239829211,-1.9830594451562729,0.05462266871526611,0.0,0.0,,,0.0,0.0,,
3.834,0.307106099079142,0.18832428749270913,42,1.3837546802701102,1.2592248620908781,1.0988940275309182,0.27931615779248103,-1.2774581949083115e-15,7.805654383654585e-16,-1.6365805249888725,0.11068016688232028,2.169293858181484e-16,5.721040053002105e-16,0.37917823299334374,0.7068462812930015,-1.3759033771515945,1.7808128780463095,-0.7726265876182722,0.4449298662579616,-1.0697653713490386e-15,1.604568627245685e-15,-0.6666996681752027,0.5093354312879581,-0.9338632409596536,1.2875255836130586,-0.7253162599993108,0.47308000412424966,0.0,0.0,,,0.0,0.0,,,-1.878338127477414,1.454027626196877,-1.2918173586497488,0.20488593509297837,-2.7034549316646523,1.379411723877011,-1.9598607760605735,0.058012790735482204,0.0,0.0,,,0.0,0.0,,,-2.995031880456128,1.542229191774585,-1.9420147773301177,0.060217782221174,-2.129354398732723,1.3356096585347323,-1.5942939504261975,0.11986204921716534,0.0,0.0,,,0.0,0.0,,
3.888,0.36521532476097784,0.2628306997224258,37,0.09610350271105828,1.3857750390249528,0.06935000270944251,0.9451564493271044,-3.853476460857159e-15,2.141868749917822e-15,-1.7991188587092497,0.08174222470891147,1.2585979147897668e-15,8.62477062953831e-16,1.459282766870683,0.15454696558279288,1.2875393816292768e-15,7.714613997889415e-16,1.6689615086140737,0.10519533039536251,-6.850184451157172e-16,7.900269912689248e-16,-0.867082330966256,0.39255922475134664,0.4295002401604191,1.4217751908995606,0.302087308112806,0.7646030074514886,0.0,0.0,,,0.0,0.0,,,-1.4242014272744865,1.6001551836346417,-0.89003956731216,0.38030011191866053,-0.4423725860283502,1.5180404970031363,-0.2914102666573567,0.7726786390131875,0.0,0.0,,,0.0,0.0,,,-3.1751753467107635,1.6972208719482909,-1.8708085666339256,0.07083788275174628,-1.0208525478928507,1.4814558317641895,-0.6890874003831555,0.49589393312660157,0.0,0.0,,,0.0,0.0,,
3.942,0.3020033222071469,0.13581363701837224,27,1.2776503864664155,1.5024392041603456,0.850384084047144,0.40470349469127676,6.150016564415058e-16,4.564961933310133e-16,1.3472218726598613,0.19226702222437403,1.0251445493101935e-15,2.187071123089864e-15,0.4687294064135799,0.6440923170239572,-2.5868776604989234e-16,5.528142925111549e-16,-0.4679469571504837,0.6446426043651947,-5.488649048301315e-17,5.192597125828322e-16,-0.10570142291610514,0.9168224271323318,-0.8391797734608609,1.5486788837055108,-0.5418681576215223,0.593612862574236,0.0,0.0,,,0.0,0.0,,,-2.3601113493600003,2.1247698991646002,-1.1107609112346375,0.279227927609722,-2.1833975187180212,1.7348673579260434,-1.2585385901364676,0.22200954431700864,0.0,0.0,,,0.0,0.0,,,-2.2837949973550105,1.8401047098730432,-1.2411223041283228,0.22824651211839353,-2.917822084789579,1.6797780962816078,-1.7370282963258847,0.09702937067491213,0.0,0.0,,,0.0,0.0,,
3.996,0.39244862192364616,0.2477935319054666,27,-0.872855165906163,1.202162893364092,-0.7260706271373878,0.47581068218733,1.2189951026541083e-17,3.6526122525616475e-16,0.03337324135074024,0.9736921244732633,-3.285409194746248e-16,1.7499648185738944e-15,-0.1877414425636076,0.8528815450976762,4.0243809694969526e-17,4.4232926532933307e-16,0.09098156701209062,0.928369497137833,1.030584405967646e-16,4.154808772011808e-16,0.2480461707190978,0.8065080589310534,1.2429344203082837,1.2391611471345734,1.0030450221768457,0.3272576613230719,0.0,0.0,,,0.0,0.0,,,0.30601425263372645,1.70011506797718,0.17999620049119755,0.8588811283506061,-0.09479851335359582,1.3881381401870743,-0.06829184402412584,0.9461993942065945,0.0,0.0,,,0.0,0.0,,,0.04370802429922381,1.472342838224945,0.02968603722209031,0.976597769906122,-1.0186027268839346,1.3440589747949696,-0.7578556789439378,0.45695827301810343,0.0,0.0,,,0.0,0.0,,
4.05,0.377532577490564,0.22191572186320507,26,-0.18916060530309123,1.0945856913227008,-0.17281479814934267,0.8645339298672324,-9.982731364419222e-17,2.0003981931621778e-16,-0.4990372116182918,0.6231978894449524,-1.5810140084481689e-15,1.5549155596183182e-15,-1.0167844798184777,0.3213992302799062,6.454668809643904e-16,6.224325230628979e-16,1.0370069960164419,0.3121087129727342,1.6582017704129074e-16,2.0722292867688185e-16,0.8002018796860578,0.43299660785683525,0.6976423844459391,1.1304832409306007,0.6171187322260947,0.5441187925905905,0.0,0.0,,,0.0,0.0,,,0.9076474736539814,1.547977929848095,0.5863439369210193,0.5642042034118362,-0.6710850589969473,1.2639186870725478,-0.5309558802008816,0.6012965442723222,0.0,0.0,,,0.0,0.0,,,-0.8235866205661556,1.340588211746096,-0.6143472047195211,0.545911870399904,-1.0250645156974676,1.2237840064980814,-0.8376188201958453,0.4121430656604753,0.0,0.0,,,0.0,0.0,,
4.104,0.4005547599203537,0.18646717417762282,20,-0.18008084779744546,1.7888228700690219,-0.10067002765371455,0.9212398868308824,-9.36092817688836e-18,6.840131108106622e-16,-0.01368530519216832,0.9892741598500095,-1.1488504324318823e-16,2.2414446389376474e-16,-0.5125491000198829,0.6162575596370845,-8.701423959655627e-17,2.0702819680377985e-16,-0.42030139343303013,0.68064493268626,4.6841915904657946e-17,8.36283601243335e-17,0.560119986031249,0.5842496372161193,1.0648816522484448,1.8683645528493569,0.5699538939680925,0.5777412890107383,0.0,0.0,,,0.0,0.0,,,0.282731852491649,2.529777563534774,0.11176154637745983,0.9125990404533487,-1.447716475866011,2.065554731133818,-0.7008850717169498,0.4948599103627064,0.0,0.0,,,0.0,0.0,,,-2.0955610478136886,2.190851635945018,-0.9565052299444157,0.3550436343621646,-1.0936056068182491,2.1908516359450174,-0.4991691764406153,0.6254122693993296,0.0,0.0,,,0.0,0.0,,
4.158,0.5019723545947676,0.19070507621649746,14,1.7809399817043465,1.7034080104284135,1.0455157958641004,0.3263438170012128,1.114414199177539e-15,6.77072509371192e-16,1.6459303601212716,0.13839591022252612,-1.1243717448628402e-15,7.875678013885135e-16,-1.4276507278237225,0.19124067412481344,1.1468067558543507e-15,9.975932937264384e-16,1.1495734414678511,0.28352417224714555,-2.1112782965864745e-17,3.695438695864148e-17,-0.5713200705911776,0.583472385861902,-1.1425679445516208,1.8210197614026788,-0.6274330288824179,0.547861285639885,0.0,0.0,,,0.0,0.0,,,-1.2027964046018302,2.408982710602833,-0.49929640395834884,0.6310099594322495,-4.168797528443266,2.086240224659547,-1.9982346611707051,0.08073673133696081,0.0,0.0,,,0.0,0.0,,,-3.1850993773741596,2.40898271060283,-1.322176105023648,0.22266008251270092,-3.1956063436797337,2.0862402246595515,-1.5317537769176208,0.16411903351368337,0.0,0.0,,,0.0,0.0,,
4.212,0.4260050622662829,0.06725822618270971,14,0.6005133956539424,1.968147054018714,0.3051161214949706,0.7680651752294554,7.896108105704894e-16,7.823012786823875e-16,1.009343627688316,0.342360002995349,-6.166914460302938e-16,9.099694486894867e-16,-0.6777056602487436,0.5170750256658112,6.725747670808833e-16,1.15263653225554e-15,0.5835098474319164,0.5756272543709199,-2.4193674394303543e-17,4.2697737347980134e-17,-0.5666266152964673,0.5865088584349256,0.22315346971806233,2.1040377036932836,0.10605963444778295,0.918146289320706,0.0,0.0,,,0.0,0.0,,,-0.1523433724647441,2.7833802565379178,-0.05473322306821096,0.957693194787628,-2.6578178741337277,2.4104780105538817,-1.1026102965871951,0.30225815672765716,0.0,0.0,,,0.0,0.0,,,-3.3797230877384647,2.783380256537914,-1.214251297428655,0.2592761998096328,-1.5426133705093943,2.4104780105538866,-0.6399616025349795,0.5400883398450895,0.0,0.0,,,0.0,0.0,,
4.266,0.41889004160157484,0.08682720823104617,12,0.9650756441668022,1.6082096741246776,0.6000931717389881,0.5673547975282706,6.966890115086175e-16,8.789723975439248e-16,0.7926176219587168,0.45402094260988646,1.2109262760375154e-15,1.2944566508771164e-15,0.9354707051927916,0.3806860910669784,-1.1009132963649255e-16,3.988689877060305e-16,-0.2760087473073507,0.790512242443338,0.0,0.0,,,-0.07511121786433378,1.7370649811121726,-0.04324030400765037,0.966717557862112,0.0,0.0,,,0.0,0.0,,,0.0,0.0,,,-1.5981932048275485,1.9696465505065377,-0.8114111663417674,0.44384033209315965,0.0,0.0,,,0.0,0.0,,,-3.0387507857786034,2.2743519322867347,-1.3360952377864002,0.22331677973458497,-2.042073142390261,1.9696465505065357,-1.0367713648243637,0.3343240572972948,0.0,0.0,,,0.0,0.0,,
4.32,0.11214906479282127,-0.4797515586786312,11,0.06521731890575129,1.7119126311185853,0.03809617250334643,0.9708469192244411,-5.556740689983552e-17,1.3784502241602952e-16,-0.40311507754068726,0.7008351140299445,1.6141650724517947e-16,1.9295145232635306e-15,0.08365653914444955,0.93605080536118,4.7713695678751105e-17,4.584128850643383e-16,0.10408454306875446,0.9204942943982516,0.0,0.0,,,0.18711411890367144,1.8490769767681163,0.1011932554753433,0.9226939275207955,0.0,0.0,,,0.0,0.0,,,0.0,0.0,,,0.8610430638560623,2.4210100605257114,0.3556544757476517,0.7342691661813893,0.0,0.0,,,0.0,0.0,,,0.04838478977607421,2.4210100605257123,0.019985373280756898,0.9847030733640844,-0.8012735499007997,2.096656215232969,-0.3821673501260036,0.7155072195392383,0.0,0.0,,,0.0,0.0,,
4.374,0.4335803477559892,0.05596724625998195,11,-1.4430010506832154,1.5043765539480431,-0.9592020341557733,0.3744979480420812,-1.5501062505955448e-16,1.211339971629385e-16,-1.279662429128366,0.24791565342058486,-1.4127573887495424e-15,1.6955984531776134e-15,-0.833191010585073,0.43664100285159324,4.4324452518389753e-16,4.028392476243718e-16,1.1003012437288675,0.31337494184874287,0.0,0.0,,,2.3654806028012976,1.6249123931502754,1.4557588536913404,0.1957074271717632,0.0,0.0,,,0.0,0.0,,,0.0,0.0,,,2.5058574575488555,2.1275097255094217,1.1778359588691611,0.28345855280075,0.0,0.0,,,0.0,0.0,,,1.633116306498385,2.127509725509422,0.7676187266816573,0.47183170373012095,0.2517409983092502,1.8424774690896186,0.13663179199343872,0.8957911267079776,0.0,0.0,,,0.0,0.0,,
4.428,0.3708906054746479,-0.1323969101456337,10,1.2358363698026822,0.9347256383291963,1.3221380896449095,0.24337391837518824,1.8003158962761678e-16,1.2611186639453409e-16,1.4275547160994175,0.21277570857433867,5.359754699875643e-16,3.69774205855657e-16,1.4494668949320515,0.20688947313689998,-4.3742934720163423e-16,5.602955826599737e-16,-0.780711754186891,0.4703007749114591,0.0,0.0,,,-1.4070957430366668,1.0239406343826327,-1.3741966045571097,0.22778095950566388,0.0,0.0,,,0.0,0.0,,,0.0,0.0,,,-0.9325853039683847,1.3219016748229973,-0.7054876483859951,0.5120082237746761,0.0,0.0,,,0.0,0.0,,,-1.2613009051789872,1.3219016748229975,-0.9541563712353078,0.38382319761732575,-1.8880659555362547,1.1448004317019131,-1.6492533573990436,0.16000969318499372,0.0,0.0,,,0.0,0.0,,
4.482,0.47312426291465537,-0.05375147417068926,9,0.7611677047185291,1.0922486371986082,0.6968813499010325,0.5242544072626405,6.752138557487909e-16,1.0002655117567402e-15,0.6750346261193495,0.5366622263309666,4.648447633351601e-16,6.887243592185476e-16,0.674935853673871,0.5367187955682843,1.4223393409595202e-15,2.128876685567182e-15,0.6681172989503504,0.5406341583658484,1.9153588503738726e-17,1.4651649680177744e-16,0.13072649784721285,0.9023026365353792,-0.17204464398428637,1.2211711005537969,-0.14088496190768413,0.894770946173667,-8.48794385728295e-17,1.3171732344814687e-16,-0.6444060382554309,0.5544058220517916,1.911255678612937e-17,3.8176057720366636e-17,0.5006424949932158,0.6429159381801894,0.0,0.0,,,-0.7733288626683223,1.5446728362098026,-0.5006424949932157,0.6429159381801894,0.0,0.0,,,0.0,0.0,,,-0.20372219786460233,1.544672836209802,-0.13188695566400974,0.9014416016826916,-1.826027648412653,1.3377259166934476,-1.365023750848885,0.2439814578118919,0.0,0.0,,,0.0,0.0,,
4.536,0.6882173262888791,0.3764346525777582,7,1.1971209248485954,0.8913537677801897,1.3430368144736544,0.2718278438454125,5.927835828460523e-16,2.630224476662479e-16,2.2537376110127374,0.1095584833725793,-3.550048423204724e-16,1.8001786388173933e-16,-1.9720534099531852,0.1431602432131203,-4.142931009374563e-17,2.0840458228407725e-17,-1.9879270234698174,0.14096735449709358,-1.2979691444500358e-15,6.701954376944156e-16,-1.9367024474461758,0.1481895442215464,-1.1219195267202169,1.0292466755421592,-1.0900394952738048,0.35542058734989085,0.0,0.0,,,0.0,0.0,,,0.0,0.0,,,0.0,0.0,,,0.0,0.0,,,0.0,0.0,,,-3.025359194234441,1.2605645872671023,-2.4000033197770567,0.09587419605714274,-1.8708324328559518,1.0916809556843567,-1.713717202003545,0.18509531220079256,0.0,0.0,,,0.0,0.0,,
4.59,0.6856703209004515,0.3713406418009031,5,-1.025282357912124,0.22513077005391793,-4.554163598634576,0.04498648020830969,-6.991274048717911e-16,3.28667724339305e-16,-2.1271556441302297,0.16724746880514776,2.88187748372765e-17,1.5387425328090234e-17,1.872878290084496,0.20195849650789202,2.132401623741505e-31,1.0177277195049534e-31,2.0952574867261697,0.17113568938285506,0.0,0.0,,,0.4340875782766528,0.38993793208049166,1.1132222401667957,0.3814729201661119,0.0,0.0,,,0.0,0.0,,,0.0,0.0,,,0.0,0.0,,,0.0,0.0,,,0.0,0.0,,,-0.61492012233403,0.5034077056674343,-1.2215151166960168,0.3463345042138066,-0.8444498138547469,0.38993793208049166,-2.165600585070637,0.16271954674400818,0.0,0.0,,,0.0,0.0,,
4.644,0.6806350833979589,0.3612701667959177,5,-0.39865494185392314,0.4970452109256809,-0.8020496588458846,0.5066792612657987,-1.4924120879971385e-15,7.256347869710066e-16,-2.0566986517099948,0.1760017025706546,5.931398514719154e-17,3.397245994393414e-17,1.7459431917817947,0.22293602944564236,4.526300177688741e-31,2.2469460255703876e-31,2.0144231887099906,0.18155474717908332,0.0,0.0,,,0.7896651011155418,0.8609075589820683,0.9172472617724914,0.4558424901046195,0.0,0.0,,,0.0,0.0,,,0.0,0.0,,,0.0,0.0,,,0.0,0.0,,,0.0,0.0,,,0.7004953043899401,1.111426879520543,0.6302666574809904,0.5929301551225055,-1.8888153473594056,0.8609075589820684,-2.193981604241841,0.15948379697508244,0.0,0.0,,,0.0,0.0,,
4.6979999999999995,0.9666595487879548,0.9499893231819322,4,-0.5424930341508678,0.19448755971272932,-2.7893456782128636,0.10808609319552542,-3.9561002076719906e-16,4.880322247903146e-17,-8.106227430722937,0.014879363602397886,-3.313334155983338e-33,4.087393530837371e-34,-8.106227430722937,0.014879363602397886,0.0,0.0,,,0.0,0.0,,,1.9502678187872422,0.30751183263011383,6.342090325782988,0.02397159226248562,0.0,0.0,,,0.0,0.0,,,0.0,0.0,,,0.0,0.0,,,0.0,0.0,,,0.0,0.0,,,0.0,0.0,,,-2.49276085293811,0.30751183263011383,-8.106227430722939,0.01487936360239788,0.0,0.0,,,0.0,0.0,,
4.752,0.8218319892194396,0.7327479838291593,4,-0.17032552179474672,0.2643552972086876,-0.6443053102896145,0.5854074302974375,-2.0465828098022396e-16,6.633529878333734e-17,-3.0852093038530453,0.09095295595733822,-1.714064955588289e-33,5.5557493407258745e-34,-3.0852093038530453,0.09095295595733822,0.0,0.0,,,0.0,0.0,,,1.1192377457578768,0.41798242535510255,2.677714846041705,0.11574821398789918,0.0,0.0,,,0.0,0.0,,,0.0,0.0,,,0.0,0.0,,,0.0,0.0,,,0.0,0.0,,,0.0,0.0,,,-1.2895632675526234,0.41798242535510255,-3.0852093038530453,0.09095295595733822,0.0,0.0,,,0.0,0.0,,
4.806,0.9557360917484689,0.9336041376227033,4,0.06380775694227855,0.19254170975473053,0.3313970620888333,0.7718473389430812,-2.961415237046198e-16,4.831494575556751e-17,-6.129397830701161,0.025599649469282157,-2.480260291669591e-33,4.046499118145617e-34,-6.129397830701162,0.025599649469282146,0.0,0.0,,,0.0,0.0,,,1.9298120502327336,0.30443517370400425,6.3389917359189525,0.023994196375967124,0.0,0.0,,,0.0,0.0,,,0.0,0.0,,,0.0,0.0,,,0.0,0.0,,,0.0,0.0,,,0.0,0.0,,,-1.8660042932904548,0.30443517370400425,-6.129397830701161,0.025599649469282157,0.0,0.0,,,0.0,0.0,,
4.86,1.0,,2,-0.6480207106750503,inf,-0.0,,0.0,,,,0.0,,,,0.0,,,,0.0,,,,0.09022679459136457,inf,0.0,,0.0,,,,0.0,,,,0.0,,,,0.0,,,,0.0,,,,0.0,,,,0.0,,,,-0.7382475052664149,inf,-0.0,,0.0,,,,0.0,,,
4.914,1.0,,2,-0.1197699016894359,inf,-0.0,,0.0,,,,0.0,,,,0.0,,,,0.0,,,,-0.044246144013036545,inf,-0.0,,0.0,,,,0.0,,,,0.0,,,,0.0,,,,0.0,,,,0.0,,,,0.0,,,,-0.07552375767639935,inf,-0.0,,0.0,,,,0.0,,,
4.968,1.0,,2,0.19954059138174943,inf,0.0,,0.0,,,,0.0,,,,0.0,,,,0.0,,,,1.077180417882901,inf,0.0,,0.0,,,,0.0,,,,0.0,,,,0.0,,,,0.0,,,,0.0,,,,0.0,,,,-0.8776398265011517,inf,-0.0,,0.0,,,,0.0,,,
5.022,1.0,,2,0.4611945940270484,inf,0.0,,0.0,,,,0.0,,,,0.0,,,,0.0,,,,2.243742843972602,inf,0.0,,0.0,,,,0.0,,,,0.0,,,,0.0,,,,0.0,,,,0.0,,,,0.0,,,,-1.7825482499455543,inf,-0.0,,0.0,,,,0.0,,,
5.076,1.0,,2,-1.328279078102948,inf,-0.0,,0.0,,,,0.0,,,,0.0,,,,0.0,,,,1.309741741536114,inf,0.0,,0.0,,,,0.0,,,,0.0,,,,0.0,,,,0.0,,,,0.0,,,,0.0,,,,-2.6380208196390624,inf,-0.0,,0.0,,,,0.0,,,
5.13,1.0,,2,-0.4717765859204876,inf,-0.0,,0.0,,,,0.0,,,,0.0,,,,0.0,,,,1.501981710167459,inf,0.0,,0.0,,,,0.0,,,,0.0,,,,0.0,,,,0.0,,,,0.0,,,,0.0,,,,-1.9737582960879472,inf,-0.0,,0.0,,,,0.0,,,
5.184,1.0,,2,-0.07117479190750153,inf,-0.0,,0.0,,,,0.0,,,,0.0,,,,0.0,,,,1.796839764317117,inf,0.0,,0.0,,,,0.0,,,,0.0,,,,0.0,,,,0.0,,,,0.0,,,,0.0,,,,-1.8680145562246189,inf,-0.0,,0.0,,,,0.0,,,
5.2379999999999995,1.0,,2,0.21271325758662799,inf,0.0,,0.0,,,,0.0,,,,0.0,,,,0.0,,,,2.06446687574499,inf,0.0,,0.0,,,,0.0,,,,0.0,,,,0.0,,,,0.0,,,,0.0,,,,0.0,,,,-1.8517536181583627,inf,-0.0,,0.0,,,,0.0,,,
5.292,1.0,,2,0.22284521066236887,inf,0.0,,0.0,,,,0.0,,,,0.0,,,,0.0,,,,1.9028583750817039,inf,0.0,,0.0,,,,0.0,,,,0.0,,,,0.0,,,,0.0,,,,0.0,,,,0.0,,,,-1.6800131644193352,inf,-0.0,,0.0,,,,0.0,,,
5.346,1.0,,2,0.09222823236599866,inf,0.0,,0.0,,,,0.0,,,,0.0,,,,0.0,,,,1.7855907946636902,inf,0.0,,0.0,,,,0.0,,,,0.0,,,,0.0,,,,0.0,,,,0.0,,,,0.0,,,,-1.6933625622976922,inf,-0.0,,0.0,,,,0.0,,,
5.4,1.0,,2,-0.3451139416257512,inf,-0.0,,0.0,,,,0.0,,,,0.0,,,,0.0,,,,1.7395586331502277,inf,0.0,,0.0,,,,0.0,,,,0.0,,,,0.0,,,,0.0,,,,0.0,,,,0.0,,,,-2.084672574775979,inf,-0.0,,0.0,,,,0.0,,,
