peth_time,r_squared,r_squared_adj,n_trials,Intercept_beta,Intercept_se,Intercept_tstat,Intercept_pvalue,C(word_l2)[T.LR]_beta,C(word_l2)[T.LR]_se,C(word_l2)[T.LR]_tstat,C(word_l2)[T.LR]_pvalue,C(word_l2)[T.Ll]_beta,C(word_l2)[T.Ll]_se,C(word_l2)[T.Ll]_tstat,C(word_l2)[T.Ll]_pvalue,C(word_l2)[T.Lr]_beta,C(word_l2)[T.Lr]_se,C(word_l2)[T.Lr]_tstat,C(word_l2)[T.Lr]_pvalue,C(word_l2)[T.RL]_beta,C(word_l2)[T.RL]_se,C(word_l2)[T.RL]_tstat,C(word_l2)[T.RL]_pvalue,C(word_l2)[T.RR]_beta,C(word_l2)[T.RR]_se,C(word_l2)[T.RR]_tstat,C(word_l2)[T.RR]_pvalue,C(word_l2)[T.Rl]_beta,C(word_l2)[T.Rl]_se,C(word_l2)[T.Rl]_tstat,C(word_l2)[T.Rl]_pvalue,C(word_l2)[T.Rr]_beta,C(word_l2)[T.Rr]_se,C(word_l2)[T.Rr]_tstat,C(word_l2)[T.Rr]_pvalue,C(word_l2)[T.lL]_beta,C(word_l2)[T.lL]_se,C(word_l2)[T.lL]_tstat,C(word_l2)[T.lL]_pvalue,C(word_l2)[T.lR]_beta,C(word_l2)[T.lR]_se,C(word_l2)[T.lR]_tstat,C(word_l2)[T.lR]_pvalue,C(word_l2)[T.ll]_beta,C(word_l2)[T.ll]_se,C(word_l2)[T.ll]_tstat,C(word_l2)[T.ll]_pvalue,C(word_l2)[T.lr]_beta,C(word_l2)[T.lr]_se,C(word_l2)[T.lr]_tstat,C(word_l2)[T.lr]_pvalue,C(word_l2)[T.rL]_beta,C(word_l2)[T.rL]_se,C(word_l2)[T.rL]_tstat,C(word_l2)[T.rL]_pvalue,C(word_l2)[T.rR]_beta,C(word_l2)[T.rR]_se,C(word_l2)[T.rR]_tstat,C(word_l2)[T.rR]_pvalue,C(word_l2)[T.rl]_beta,C(word_l2)[T.rl]_se,C(word_l2)[T.rl]_tstat,C(word_l2)[T.rl]_pvalue,C(word_l2)[T.rr]_beta,C(word_l2)[T.rr]_se,C(word_l2)[T.rr]_tstat,C(word_l2)[T.rr]_pvalue
-2.16,0.09534414223952792,0.09165868926114462,3698,0.8311377580506405,0.04621695446065652,17.983395222594556,2.2523977782380055e-69,-2.1561599854139297,1.5439506720273068,-1.3965212907888778,0.16264174841970522,-0.7021866961918616,0.11585955549253991,-6.060671415549102,1.4919973017983986e-09,-1.0585691570075455,0.22980287547582437,-4.60642259073433,4.235174927315003e-06,-0.29955962685581,0.585125104929553,-0.5119582535975378,0.6087109306474553,0.10942171947062349,0.06495912662120283,1.6844702994345362,0.09217556720092042,-1.336937711887902,0.2855245393518601,-4.682391625331912,2.9377275835052243e-06,-0.7499726721695545,0.11540126231263648,-6.498825551299297,9.180500158644214e-11,0.2224136174871984,0.14939699366684303,1.4887422566426154,0.1366408937393928,-0.17289984112125278,0.14662535958321485,-1.179194660546604,0.23839686133058438,-1.468050046113409,0.14556506533442473,-10.085181102627027,1.2980427086933788e-23,-1.3286645057341144,0.22525776653695764,-5.898418181803835,4.0008976443893565e-09,-0.18829812300288323,0.1411010168638949,-1.3344916088345016,0.18212531361920078,0.11894012085377645,0.14609189893438054,0.8141459021434191,0.4156140213159697,-1.3020844212207372,0.22308957908227894,-5.836599031550945,5.787978957635619e-09,-1.2301193348604014,0.11656001057839133,-10.553527996062563,1.1338322818227408e-25
-2.106,0.10441517570731662,0.10076667696630892,3698,0.818813212675783,0.042300826494049475,19.356908139630953,1.4155075362145606e-79,-1.7505125982444132,1.413126205630782,-1.2387517769249992,0.2155164013615923,-0.7948492329985182,0.10604236068258682,-7.495582217164277,8.222097537355017e-14,-1.0291658087484077,0.21033085534901813,-4.893080508994431,1.0352202951206241e-06,-0.2855718387311916,0.5355453605669265,-0.5332355758415799,0.5939027011694837,0.09073270686407774,0.059454907327302464,1.5260759951165899,0.12707682833952405,-1.227619809608983,0.2613310232113652,-4.6975663069902,2.7289499859381747e-06,-0.7694272600518909,0.10562290032409426,-7.2846632471838335,3.9248800283860203e-13,0.21702261818765256,0.13673805168649714,1.587141366363958,0.1125664963419892,-0.11934046158331775,0.1342012680787336,-0.8892647833499066,0.3739188867920591,-1.3148668116069144,0.13323081635654382,-9.869089205969823,1.081302385269818e-22,-1.3350226792992523,0.20617086975794627,-6.475321566362057,1.071086307317599e-10,-0.2180291047158222,0.12914502269020306,-1.6882501560965066,0.09144790232833433,0.13597733432042186,0.13371300945998463,1.0169342150743743,0.3092515411955279,-1.3215978095830399,0.20418640058646476,-6.472506522408657,1.0910100589081342e-10,-1.1606868995762962,0.10668346370201442,-10.879726429002135,3.712761513193472e-27
-2.052,0.11852215676396671,0.11493112807071837,3698,0.796235306989538,0.038678865537040634,20.58579784939729,3.241521691498057e-89,-2.132621497423437,1.292128854790823,-1.6504712277853106,0.09893188155442326,-0.8289114399524872,0.09696260215268178,-8.548774698179459,1.7968282110651608e-17,-1.1181288842953396,0.19232151110522225,-5.813852427997994,6.624298462903739e-09,-0.12610936932357336,0.489689888051431,-0.25752904521959086,0.7967847874604735,0.09103977418056597,0.05436414738500297,1.6746289339521663,0.09409198210716453,-1.0336303897189407,0.23895484663571634,-4.325630571095707,1.5613035060862346e-05,-0.7904960152630545,0.09657905761823787,-8.184963021566885,3.7139595001234964e-16,0.23931670576507114,0.12503000894611194,1.9140741313408758,0.05568812334084246,-0.13843231096733033,0.12271043459748644,-1.1281217560789727,0.2593420044733572,-1.2736076538661227,0.12182307671860321,-10.454568117730311,3.1387442416356794e-25,-1.2428984623095851,0.1885177196276319,-6.593006030226816,4.923689695420127e-11,-0.22626376792177275,0.11808712456516911,-1.9160748367355143,0.055432921177668064,0.11986250762611951,0.12226398257687288,0.9803582796818887,0.3269737057925711,-1.2846752466616733,0.18670316840942025,-6.8808433065501955,6.963066007276526e-12,-1.1127444674795548,0.09754881144311538,-11.40705305393127,1.2062244412047905e-29
-1.998,0.1365265374994401,0.13300885636486415,3698,0.7691334136827406,0.034655317135636285,22.193806816785287,1.5740938462803977e-102,-1.1731835470584773,1.1577158383820736,-1.0133605399214543,0.3109545649656304,-0.8562174502631201,0.08687611907023927,-9.85561348074111,1.2323865397181854e-22,-1.0501763250479195,0.1723153682719469,-6.094501817101644,1.2108305513652513e-09,-0.06424022684474091,0.4387501580749566,-0.14641641868939462,0.8836006821949862,0.08067417836686143,0.04870894588755555,1.6562497277830137,0.09775646463923457,-0.7762813069956302,0.21409769589358213,-3.6258274698177186,0.00029193726839091874,-0.8608748080474298,0.08653247255185664,-9.948575172534566,4.982530141174386e-23,0.2665239512218346,0.11202382881032323,2.3791719498635264,0.01740225391566833,-0.1820393598818116,0.1099455469487644,-1.6557229004158172,0.0978631630696933,-1.2001417621722488,0.10915049600095275,-10.995293710454353,1.080550338324759e-27,-1.2451479603104432,0.1689072641783176,-7.371784549159023,2.06836452733197e-13,-0.22139278751776315,0.10580317428189057,-2.09249664785962,0.0364624114989199,0.056857869555025455,0.10954553686197963,0.5190341038417908,0.6037681533227253,-1.213259368715362,0.16728147068482027,-7.252801901779655,4.952143398601986e-13,-1.065074048223698,0.08740134825123418,-12.186013940679208,1.6177594419027956e-33
-1.944,0.15534841111167785,0.15190740789784707,3698,0.7493042937402957,0.031424312997235714,23.844731110150583,5.542624729421884e-117,-1.0096532696765197,1.0497790201944281,-0.9617769552010319,0.3362248118936265,-0.9048099047054167,0.07877643557447113,-11.485793919300354,5.018884519071316e-30,-1.1138257529030935,0.15624996434510854,-7.128486445238425,1.2155558101927587e-12,-0.03665301299316312,0.39784435505154814,-0.09212902615751338,0.9266005389133138,0.04324679549449604,0.04416768588050204,0.979150132780388,0.3275701327549245,-0.892203916891495,0.19413681835358526,-4.595748114438067,4.456593592531371e-06,-0.8484118891029837,0.07846482810275761,-10.812639364887191,7.559303152346505e-27,0.2692895087619908,0.10157955980914775,2.6510206311973006,0.008059259430021577,-0.1666007252004355,0.09969504149819151,-1.6711034239697635,0.09478623273466072,-1.1266753486907009,0.09897411519026021,-11.383535447878135,1.5656778815597585e-29,-1.1073201434421303,0.15315960654095973,-7.229844529183991,5.851763476039197e-13,-0.2570435349588296,0.09593887286393649,-2.6792428062332645,0.007411706866325061,0.08661465763227427,0.09933232537818086,0.8719684886315958,0.3832824224193563,-1.2807407823001902,0.15168538994647374,-8.44340237877975,4.374987866855345e-17,-1.043364997445107,0.07925269629123986,-13.165041017796066,1.031220342987394e-38
-1.89,0.1626066635865404,0.1591952295707333,3698,0.7029775045233733,0.029149932510726048,24.115922198609027,1.9800930946470384e-119,-0.8789357636330584,0.9737997324726101,-0.9025836979861566,0.3668059223180893,-0.924943249827998,0.07307487615189526,-12.657472698351045,5.6526640856216855e-36,-1.0790651532825184,0.14494114528021426,-7.444850468073542,1.2020461224010832e-13,0.042841225889025496,0.3690497895863665,0.11608521965841584,0.907591333226963,0.02355983471951888,0.040970985194961555,0.575037056282849,0.5653013706142427,-0.8187232191304743,0.18008588297067632,-4.546293166487616,5.635455635018305e-06,-0.827259037547311,0.07278582172543617,-11.365661854693496,1.9083081184904181e-29,0.2984124565764631,0.09422759101102353,3.1669328842499254,0.0015531516934472454,-0.14558364478339922,0.09247946746145112,-1.5742266773333646,0.11552096854799303,-1.1354149903162247,0.09181071924654972,-12.366910962402617,1.889317208526817e-34,-0.9711228637331808,0.14207445662952337,-6.835309363635317,9.537735246692466e-12,-0.3746341862570518,0.0889951570105887,-4.209601947356277,2.6193220042007525e-05,0.05741968696730296,0.09214300344965895,0.623158403976634,0.5332190290911318,-1.0870982622784218,0.14070693861125388,-7.725974802720031,1.421455945503919e-14,-0.9546424150698548,0.07351666680464684,-12.985387621103541,9.860046134092785e-38
-1.836,0.16235550441930147,0.15894304721297048,3698,0.6622633634358337,0.02711645119414178,24.422936419457006,3.178993402201271e-122,-1.1664327700643997,0.9058680636308666,-1.2876409014676458,0.19795191974218737,-0.9154371254225838,0.06797721785330706,-13.466822478643826,2.1829703951454907e-40,-0.9621112625549493,0.1348301403637126,-7.135728405826731,1.1540641062585242e-12,-0.18233323302741938,0.3433051038401098,-0.531111337955345,0.5953736628707756,0.005129497050552771,0.03811287453260071,0.13458698965792096,0.8929457848531919,-0.859434097579655,0.16752320282496058,-5.130239173361849,3.0430814924898206e-07,-0.8091729433390866,0.06770832768539177,-11.950862929282886,2.526543740919246e-32,0.26186481527751876,0.08765433236772631,2.987471448404249,0.0028315144686604206,-0.12494924359114162,0.0860281568389882,-1.4524226507025926,0.14646932974400995,-0.9916545524071496,0.08540606008717341,-11.611056070201274,1.2298385470520639e-30,-0.819251181261516,0.13216343014554463,-6.198773596896795,6.318529273471294e-10,-0.3364044421153896,0.08278690973657096,-4.063497999693828,4.935134262420185e-05,0.08153468276914835,0.08571516434917746,0.951228214846569,0.34155097341931506,-0.9007791801226384,0.13089130934094695,-6.8818868468668155,6.9128789512905824e-12,-0.9195303444202492,0.06838818946255378,-13.445747747478263,2.8646826562083955e-40
-1.782,0.1708448512450056,0.16746697855860548,3698,0.6205400147400674,0.025398874473253733,24.431791865168144,2.638222562428383e-122,-1.9085078789388357,0.8484896888889519,-2.249300025599505,0.02455227043200154,-0.9193910865817878,0.06367148897677917,-14.439603994765811,5.153274136528966e-46,-0.9269949588741555,0.12628989633602763,-7.340214742180487,2.610929365118547e-13,-0.4165605240207063,0.3215598964641087,-1.2954368022916727,0.19525079947613952,-0.0008081340314439741,0.035698775962155614,-0.022637583773199382,0.9819405906422822,-0.8607069156198996,0.15691215526122476,-5.4852787802640846,4.4060893038870146e-08,-0.7544349766475769,0.06341963051738578,-11.895921980194398,4.768134777127099e-32,0.19899195000430286,0.08210224003521947,2.4237091450725474,0.015410783317089604,-0.08921043754059327,0.08057906770598713,-1.1071167746206725,0.2683157654180211,-0.9417918654452102,0.07999637503737655,-11.77293177353572,1.9570153819954603e-31,-0.7929545361118684,0.12379209757899765,-6.405534372707808,1.6877096744525483e-10,-0.3460946600544924,0.07754312366959058,-4.463254040799202,8.314083803690126e-06,0.06178249701722155,0.08028590039943738,0.7695310971147121,0.44162745401545833,-0.7816335616730201,0.12260055387737302,-6.375448861795699,2.050275829141307e-10,-0.9213215338203323,0.06405642933053694,-14.382967384370275,1.120030883068164e-45
-1.728,0.16555179145715782,0.1621523555179556,3698,0.5560618677429015,0.02399905691001628,23.17015497016563,5.527350403135017e-111,-1.1352651398343148,0.801726562830615,-1.416025353863906,0.15685266660954184,-0.9064944109086673,0.06016233865434925,-15.067472960397213,7.878437381090335e-50,-0.8702417255926876,0.11932963456786266,-7.292754467439368,3.6993015597310443e-13,0.1132652421571647,0.303837646953514,0.37278211996716076,0.7093320684300378,0.0002190133813579159,0.03373129611849061,0.006492883658800722,0.9948198165186548,-0.7571938641594129,0.1482641976105263,-5.107058051522848,3.4380057823344787e-07,-0.7272292016327787,0.059924360963384396,-12.135785679502495,2.921781160600394e-33,0.1669452003323428,0.07757730891264306,2.1519849382805174,0.03146336121292708,0.018483172842779005,0.07613808374337412,0.2427585767075139,0.8082059482991721,-0.8532408504876563,0.07558750523133177,-11.288120276973759,4.488239213343329e-29,-0.6742540428518461,0.11696949791760065,-5.764357844186229,8.870353999165025e-09,-0.33902867395385783,0.07326946081357343,-4.627148476177289,3.835007666714095e-06,0.0632536883151978,0.07586107387502532,0.8338095558652766,0.40444239741635035,-0.7101756628172049,0.11584362420472516,-6.130468273006927,9.686276118216493e-10,-0.7884890542697481,0.060526063648010796,-13.02726473102901,5.839861097230641e-38
-1.674,0.14680814660549324,0.14333235143957312,3698,0.5012519155262677,0.023452724353790675,21.37286517185583,1.233168540325319e-95,-0.9058214103424908,0.7834754572097767,-1.156157990664353,0.24769155033325677,-0.8427813383510744,0.05879275799170983,-14.334781478867042,2.1634598074784104e-45,-0.7755718188843967,0.11661312514287281,-6.65081068648299,3.3451728439795214e-11,0.00410005338453218,0.29692085855803313,0.013808573114208562,0.9889834509510077,0.015644389567229113,0.03296341155943002,0.4745986178955933,0.6351012375449038,-0.6556710364948186,0.14488900006084718,-4.52533343607496,6.220480552870744e-06,-0.6908987144530907,0.058560197803637574,-11.798093933524491,1.4675936784338116e-31,0.14746063806967355,0.07581128078736041,1.945101527611427,0.05183878558965037,0.020937432848964658,0.07440481922078883,0.2813988807208163,0.778420289135923,-0.7085474083943434,0.07386677449151198,-9.592234306586143,1.5359935832541315e-21,-0.5771009715913378,0.11430671641592102,-5.04870570764604,4.663629231328387e-07,-0.30003189302036554,0.07160149977786938,-4.190301794671339,2.8512222381157574e-05,0.03633451844527963,0.07413411541313408,0.4901187293163866,0.6240790876140905,-0.5632889365844592,0.11320647293784386,-4.975766155118476,6.796330621597877e-07,-0.7208514554979495,0.05914820287643647,-12.187208071289064,1.5951392372027543e-33
-1.6199999999999999,0.11873008544110564,0.11513990382285921,3698,0.4344012463632878,0.02312215001562652,18.787234148628425,2.8634426314905856e-75,-0.39630088268994146,0.772432097093999,-0.513055949100099,0.6079429640583718,-0.7568440121272096,0.05796405354062915,-13.057127062321646,4.01594328984414e-38,-0.639845403524742,0.11496942242911416,-5.565352856488834,2.8028613230960558e-08,-0.20616477944294664,0.29273565538827473,-0.7042694514595313,0.48130952566183804,0.027204181712894664,0.032498780764495104,0.8370831481350591,0.40260015866016996,-0.49654181503611117,0.1428467390177441,-3.476045854812491,0.0005147455380208697,-0.6250089592894132,0.057734771369604955,-10.825520643153624,6.596735794630197e-27,0.15139982516347372,0.07474269431554577,2.0256136944207537,0.042876377067618404,0.01816205340611123,0.0733560573158138,0.24758764402944444,0.8044672767794069,-0.5737767377480623,0.07282559651485164,-7.878778413178524,4.3178527783945766e-15,-0.5140870422542957,0.11269552333843945,-4.561734370853621,5.2385692513938064e-06,-0.2001406424214361,0.07059225163920678,-2.835164451820353,0.004605188767131261,0.026625881998829933,0.07308916917284278,0.36429312715081624,0.7156600501073089,-0.4210650173383025,0.11161078817633012,-3.7726193338324614,0.00016408327889952138,-0.6045995873009083,0.05831448830560381,-10.367913787263886,7.599938715272633e-25
-1.566,0.10084824066777731,0.0971852106867932,3698,0.36415109992462835,0.02251135216272759,16.176331714429807,6.49901443438858e-57,-0.2753695541547574,0.752027425984419,-0.36616956328992006,0.7142595896847808,-0.6909250982998174,0.05643286723554906,-12.243310186879523,8.220081811242587e-34,-0.44374068453674187,0.11193237456283554,-3.9643640749141698,7.498910127391782e-05,-0.3450650930004924,0.2850027105861141,-1.2107431971115599,0.22607155110462954,0.03760888799045089,0.03164028856115885,1.1886392223558606,0.23465832287911456,-0.35839992586096847,0.13907328017301362,-2.577058119396496,0.010003094139763658,-0.5790927264181445,0.056209641813472294,-10.302373538330356,1.4767969719916479e-24,0.1860620373014976,0.07276828115859614,2.5569112577495314,0.010600373088768565,0.04534650855489284,0.07141827375004033,0.6349426578637689,0.5255052664344869,-0.4803228754838097,0.07090182567358934,-6.774478243974586,1.4476728664929647e-11,-0.3733812359911144,0.10971854309914857,-3.403082336353151,0.00067341469782464,-0.16769355145161416,0.06872747713928405,-2.4399782798918124,0.01473501006665847,0.02823215139801105,0.0711584357604755,0.3967505903733261,0.6915743830997663,-0.23061466923762447,0.10866246244829932,-2.122302992602887,0.03387887908555915,-0.5047195866644749,0.05677404486821193,-8.889970546154796,9.384051644573967e-19
-1.512,0.07430647241802613,0.07053531464677965,3698,0.307259140373237,0.02261055575442974,13.589190098215097,4.4715910847857915e-41,0.6868002327553411,0.7553414793196822,0.9092579337413397,0.3632735024535898,-0.6139859880365479,0.05668155701123859,-10.83220046186821,6.146513540981449e-27,-0.3517058253537181,0.11242564096034534,-3.128341740811346,0.001771691472301861,-0.1621581959441547,0.2862586676841422,-0.5664743613041616,0.5711058828968463,0.04025760448376614,0.03177972177890027,1.2667701990548783,0.20531759504935462,-0.23042848399783372,0.13968615179455063,-1.6496158068463813,0.09910683959014259,-0.530134078620133,0.05645734787376929,-9.389992597694075,1.0208122313978591e-20,0.14612327424039023,0.07308895824634908,1.9992523870415044,0.045654418177338243,0.06963981159576627,0.07173300159126267,0.9708197071213682,0.3317018356258963,-0.3832804031608963,0.07121427761846652,-5.382072471679585,7.82284870463137e-08,-0.2116671912608717,0.1102020535286013,-1.9207191198659164,0.054844271354201654,-0.14336616320836773,0.06903034711046831,-2.076857052144629,0.03788394106901357,0.03692830725503861,0.07147201854112398,0.5166820247813567,0.605409176939893,-0.14240883429245346,0.1091413189150343,-1.3048113739885963,0.19203862763715585,-0.3374729390087906,0.05702423815405598,-5.9180613355513465,3.5552538435341534e-09
-1.458,0.053467461265095606,0.04961140801115105,3698,0.2617796165659824,0.022265498673021827,11.757186327165886,2.342517518711403e-31,-0.15633562633731576,0.743814300193653,-0.2101809904657837,0.833538044953885,-0.5568821069150521,0.055816546312502345,-9.977007602677777,3.771161248363871e-23,-0.25706931753309903,0.11070992623106053,-2.3220078477568005,0.020286795887183313,-0.04011397058498737,0.2818901071997563,-0.14230357703387345,0.8868480070770862,0.035947209382862416,0.031294735113199475,1.14866635722699,0.2507681989028492,-0.2130078808410827,0.13755441755613473,-1.5485353696776483,0.1215793947677768,-0.4257256497358539,0.05559575880479927,-7.657520265720402,2.4069752009594245e-14,0.11435499893473677,0.07197355609128754,1.5888474204288976,0.11218070158673023,0.00462136405950793,0.0706382925341949,0.06542292988283656,0.9478408194854654,-0.2698621517482834,0.07012748474807073,-3.848165276677879,0.00012102349324586602,-0.07386619330420635,0.10852027271044128,-0.6806672288900295,0.49612487641886216,-0.10266769632253024,0.06797688295146168,-1.5103325110661407,0.13104440854402427,0.03462900729724051,0.07038129231625884,0.49202005472753785,0.6227344984779462,-0.04709866482510712,0.10747572584537021,-0.4382260687670993,0.6612481208936951,-0.2434848858547412,0.05615399783795525,-4.336020501289518,1.4896944223883368e-05
-1.404,0.03865908185206779,0.03474270114261124,3698,0.1915820180052237,0.022301179177359753,8.5906676271055,1.2578009791450602e-17,0.3400194239052214,0.7450062640366558,0.456398073840211,0.6481306699950602,-0.48734854782153125,0.05590599243504728,-8.717286405169226,4.23788913558241e-18,-0.0063253783779069934,0.1108873391002331,-0.05704328762176688,0.9545138079341033,0.12430782182760466,0.28234183663732537,0.44027418432954707,0.6597643796999644,0.029983270282530474,0.03134488498625458,0.9565602265147501,0.33885207202008494,-0.11986837892192942,0.13777484877415452,-0.8700309235571869,0.3843402195837362,-0.3804005572500252,0.055684851114939544,-6.831311382423155,9.803979876828506e-12,0.07061494321615412,0.07208889385299878,0.9795537071237312,0.3273708213209522,0.0014078488056553354,0.07075149053349432,0.019898503834189167,0.9841254168487243,-0.15537590626371925,0.07023986417691294,-2.2120758359152632,0.027022593052095187,0.09131485174271034,0.10869417665564639,0.840108040304722,0.40090235936188423,-0.11657536862185153,0.06808581603679907,-1.712182880481961,0.08694717426595115,0.05258765230352723,0.07049407847221598,0.7459868040441687,0.45572300878960026,0.09839597152500235,0.10764795590222018,0.9140533203842562,0.3607486794037612,-0.0933444946454157,0.05624398472721709,-1.6596351609534032,0.09707302947946611
-1.35,0.03065928701686438,0.02671031616006181,3698,0.12561423064807786,0.022268188549975244,5.640972114376026,1.8182634962427654e-08,1.0532986448333017,0.7439041597999028,1.415906378473029,0.1568875000690701,-0.401272778363033,0.05582328946448606,-7.188268233786487,7.907258311919035e-13,0.14863509492332555,0.11072330100803979,1.342401225127247,0.179548696615251,0.07915718686270305,0.28192416211646343,0.28077475257336426,0.7788989446885082,0.03611169902555494,0.03129851580493158,1.1537831138901788,0.24866398495725822,0.11983474214148974,0.13757103539447998,0.8710753815137608,0.38376978485106994,-0.32452568677722216,0.05560247528362208,-5.836533088173728,5.7902480988323756e-09,0.05297124128855683,0.0719822511586035,0.7358930908098666,0.4618426381213311,0.03393301407690842,0.07064682628939646,0.4803190158593367,0.6310291035486445,-0.038787950658521864,0.07013595679299527,-0.5530394455586262,0.5802699746781719,0.1993744116931272,0.1085333829571431,1.8369869828148153,0.06629237023004476,-0.16343223201946952,0.06798509518391609,-2.4039420931506514,0.01626845888279288,-0.022272279261411305,0.07038979502347116,-0.31641346950910587,0.7517066309221123,0.11803048700449818,0.10748870990120694,1.098073342893223,0.27224426489205766,-0.023854280306978646,0.056160781757185835,-0.424749790879228,0.6710439010035334
-1.296,0.0199073119864297,0.015914538949981072,3698,0.035830057745588964,0.022611929324799572,1.5845643788693629,0.11315122079124654,1.1469727136498677,0.7553873656166122,1.5183901212242408,0.12900193463616993,-0.2801834658339988,0.05668500036345303,-4.942814925245086,8.043457623426414e-07,0.1833836167329236,0.11243247071415194,1.6310556511664474,0.10296410138325508,0.09571851065600417,0.28627605763369984,0.3343573732543129,0.7381289446119159,0.04889219453137817,0.03178165236763374,1.538377991358615,0.12404214712034968,0.4194654910821174,0.1396946375992016,3.002731517050836,0.0026936688325388475,-0.17970330580824517,0.056460777605485804,-3.182798987713286,0.00147073335133311,0.008386366437921528,0.07309339833302804,0.1147349367956813,0.9086614772423031,0.06941686608556816,0.07173735930482775,0.9676529322831733,0.3332812864845903,0.029749555562752435,0.07121860382002956,0.4177216902191735,0.6761749689672478,0.2818402004634848,0.11020874820152601,2.557330566427596,0.01058762569346659,0.031756238431532066,0.06903454064027095,0.46000506611623954,0.6455397455885497,-0.044473315108131184,0.07147636040020992,-0.6222101245658916,0.5338422366557574,0.14555803963273875,0.10914794914931136,1.333584742243937,0.1824224765461556,0.11099995224350154,0.05702770232383321,1.946421611258079,0.051680079183063894
-1.242,0.01780149953690835,0.013800147688199371,3698,-0.047356457569559765,0.022500165428495127,-2.104715972869498,0.035383638140275855,2.1514170055039434,0.7516537153832432,2.862244889466165,0.004230262570288848,-0.15544634759948409,0.05640482362967516,-2.7559052151295473,0.005881807160460742,0.20028900925180115,0.11187675117259263,1.7902647972214947,0.07349348725777795,0.08694882249768572,0.28486108206216704,0.30523236753945326,0.7602064352515796,0.04918427270035708,0.03162456531643265,1.5552552962617359,0.11997122332879419,0.35231540035066516,0.13900416944999325,2.5345671410051525,0.011299720673806747,-0.06723757615572297,0.05618170913667332,-1.1967876589897617,0.23146638072568712,0.021648597678686606,0.07273211987357024,0.2976483803348262,0.7659883374008393,0.08938429348086718,0.07138278333427109,1.2521827996296904,0.21058279418070983,0.15349728448570818,0.07086659190021698,2.1660034773767385,0.030374900207047337,0.35211081548277684,0.10966401984469673,3.210814412798535,0.0013349776306626102,0.11763569979259716,0.06869332388115601,1.7124764554429583,0.08689309652123314,-0.020901154120333106,0.07112307446793757,-0.29387304017285404,0.7688714836266147,0.1547612642086122,0.10860846399988684,1.424946624866856,0.15425738575954556,0.23644862185359536,0.05674583171839082,4.166801590414692,3.159984783405439e-05
-1.188,0.02885226980446942,0.024895937389224132,3698,-0.15028711273628925,0.022448194489157844,-6.6948418862316865,2.486719331550123e-11,1.6983825478970027,0.7499175437195739,2.26475905533969,0.023585358020761813,-0.011025117476250748,0.05627453962458622,-0.1959166178844029,0.8446862413666208,0.3340975914014699,0.11161833796816882,2.9932141750466434,0.0027789009234236795,0.3488401228407791,0.28420310921025826,1.2274324647965102,0.2197385588237541,0.04875118215120183,0.03155151881502574,1.5451294892334981,0.12240088383771053,0.4892861677768665,0.13868309726583206,3.528087974837969,0.00042368685808797963,0.05941507848568675,0.056051940482007824,1.0600003849065398,0.2892139519127047,0.0019481391744064175,0.07256412303808768,0.026847140058233354,0.9785831093324899,0.15157510240400582,0.07121790319975911,2.1283286307777525,0.03337606913571068,0.2894990212457233,0.07070290406599235,4.094584587013739,4.3201083484610204e-05,0.5062208818953027,0.10941071761272231,4.626794275193011,3.84153128999274e-06,0.21365289019738323,0.06853465586692965,3.1174431022492106,0.0018383426235213669,0.037703360361207715,0.07095879420962566,0.5313416156681705,0.5952141231255873,0.2754317596433091,0.10835759989348763,2.5418776340012195,0.01106652609374053,0.3898518138269755,0.05661476005195119,6.886045502431472,6.716375386318588e-12
-1.134,0.041249531326857825,0.03734370377930285,3698,-0.22743513410572808,0.02265458453510179,-10.039254251312014,2.0441296225195504e-23,1.1282764213125114,0.7568123305754705,1.4908272179637776,0.13609252370749075,0.15466055905452566,0.05679193111565703,2.7232840302535006,0.006494128666695158,0.4740385542910792,0.11264456365917323,4.208268369926575,2.6347503296479956e-05,0.33769808768717785,0.28681608963483757,1.1774028720533816,0.23911084401836624,0.04403451748708054,0.03184160537058279,1.3829239127422357,0.1667720541471636,0.5605766738174114,0.13995815797640138,4.005316173937723,6.3157498039444e-05,0.18959373463980606,0.056567285383216544,3.3516498689197896,0.0008114176039939947,0.027423675688021037,0.07323128193565277,0.37448034450793594,0.708068542485931,0.1334027350460248,0.07187268487142225,1.8560978386250309,0.06351945114281518,0.40486903680142133,0.07135295080474449,5.674173698987376,1.5010457487828043e-08,0.5716109828968445,0.11041664630982784,5.176855139150946,2.3772687720752842e-07,0.2837492447896281,0.06916476760174912,4.102511359879887,4.1753406110964374e-05,0.05401430215794042,0.07161119361769944,0.7542717755313358,0.4507342815068245,0.32624212151567633,0.10935384616314617,2.9833621126499037,0.0028697200773334323,0.4757667413307637,0.05713527955002804,8.327022202003564,1.155062358715525e-16
-1.08,0.06721738736766891,0.06341734956498424,3698,-0.33476664005635004,0.022584288052772,-14.822988410088966,2.5071046621620494e-48,1.7268105960971214,0.754463965080582,2.288791348587054,0.022147856742461357,0.3206731786165637,0.05661570749187083,5.664031994347286,1.591751979978985e-08,0.567216102659312,0.11229503102631719,5.0511237894968,4.605370162098339e-07,0.4421183138559908,0.2859261080884678,1.5462677291406908,0.1221258620815709,0.0493317412374557,0.03174280184382568,1.5541079669075042,0.12024460911496271,0.6043785247702919,0.1395238720964792,4.331721272416886,1.5189369710591644e-05,0.3471128696455608,0.05639175882826144,6.155382929315566,8.292819440414761e-10,0.04544554387469393,0.07300404750949938,0.6225071817940027,0.5336469715799241,0.21390606093540013,0.07164966613037095,2.985443931395088,0.002850306392748711,0.5778878160687075,0.07113154478259244,8.124212933023918,6.084905403723031e-16,0.6324460824916522,0.11007402683630772,5.74564318821705,9.899739587926163e-09,0.3582357617356909,0.06895015144509319,5.195576140553707,2.1515969279663816e-07,0.06876520318424609,0.0713889862760039,0.9632466683079971,0.3354870056703092,0.381733927641755,0.10901452452594769,3.501679517493052,0.0004678270087005279,0.5722291590818237,0.056957990526560275,10.046512417164465,1.9028121591654126e-23
-1.026,0.0940187379395716,0.09032788543253567,3698,-0.38610952016493316,0.022813208217837336,-16.92482339520486,6.128721769643993e-62,1.124643823641065,0.7621114063024848,1.475694779451562,0.14011135498870927,0.5043658120372237,0.057189578896364314,8.819190869567455,1.7466831461661358e-18,0.5660517014751907,0.11343328240614788,4.990172985107162,6.311663336280733e-07,0.3659844728236751,0.2888243288208263,1.2671525086472735,0.20518090268085196,0.01837845292008198,0.03206455506539038,0.5731703709158649,0.5665643456307673,0.5316558604706699,0.14093812202794695,3.7722644010060433,0.00016431602613829104,0.5291913350058914,0.056963360231375215,9.29003016775009,2.5673196723143873e-20,-0.02447664922537885,0.07374403535269644,-0.33191361319344814,0.7399733824338073,0.20161357346435127,0.07237592561480166,2.785644145504636,0.005369483322715144,0.6391033983630712,0.07185255245549027,8.894651289652789,9.004831699975261e-19,0.722245577706758,0.11118976554517886,6.4956120211737804,9.376363287352961e-11,0.39144854441358,0.06964904795284267,5.6203000029321055,2.04771343648104e-08,0.04151972261609026,0.07211260344223748,0.5757623582311481,0.564811006180864,0.39878356249300484,0.11011952384630198,3.6213702036125968,0.0002969959501903113,0.6162011477657221,0.0575353314001208,10.709960867009594,2.2267581863943704e-26
-0.972,0.12920584275235836,0.12565833803787851,3698,-0.45474125214992267,0.022867622975302822,-19.88581203394188,1.1483116658254496e-83,1.2777676151510167,0.7639292175870548,1.6726256644391357,0.0944859679515807,0.669746666474302,0.057325989217766014,11.683124453903702,5.441353460915922e-31,0.5844835855597309,0.11370384691823691,5.140402909850764,2.884092239087994e-07,0.32868103638750773,0.2895132413864263,1.135288440741135,0.25632837923358476,-0.003974228205565474,0.032141036416477066,-0.12364965939704703,0.9015994207161029,0.5247839345389784,0.14127429191929067,3.7146456542764694,0.00020650689566723996,0.6896348167194779,0.05709923096914308,12.077830209169761,5.7633973981255294e-33,-0.0753875035361854,0.07391993186667757,-1.019853531144411,0.30786493484070443,0.22921128917751712,0.07254855887186325,3.1594189152999554,0.0015936503327555196,0.6978086867733658,0.07202393734698855,9.688566225025221,6.149717299107401e-22,0.6960745305061597,0.11145497875267743,6.245342633376423,4.70998063045552e-10,0.49699052852908904,0.0698151769784434,7.118660297639052,1.3041586372593242e-12,0.03297167748516393,0.0722846086152515,0.4561369026795444,0.6483184369120758,0.467346789508837,0.11038218428077899,4.233896915104051,2.3528560804829095e-05,0.6740808408466509,0.05767256642090083,11.688067354713047,5.144513199310567e-31
-0.918,0.15751169958863742,0.15407950933709735,3698,-0.5130216445149111,0.023256511042282293,-22.059269491549895,2.1900238769448667e-101,0.29354694477074567,0.7769206403098021,0.377833886165892,0.7055757778165522,0.8443835880334795,0.05830087817577708,14.483205304175074,2.829669852403068e-46,0.6716605588029452,0.11563750085699208,5.808328213816918,6.844511239016716e-09,0.3393118055183482,0.2944367196565257,1.1524099504782266,0.24922746779101662,-0.008129884575619068,0.03268762866772328,-0.24871441909295652,0.8035955657040871,0.5632068102893479,0.14367681037771204,3.919956246305394,9.017595241142449e-05,0.8385542586344347,0.05807026366377802,14.440338406066035,5.101568810154072e-46,-0.057802393535660954,0.07517701833543443,-0.7688838266736099,0.44201159449143324,0.24851732235478896,0.07378232369526862,3.3682501432348553,0.0007642406352587307,0.7550466463288179,0.0732487804275908,10.307975667597773,1.3954883365229321e-24,0.6766011046003635,0.11335038831444857,5.969111483971144,2.611200791456134e-09,0.5005060369978349,0.07100245775748629,7.049136787734127,2.1398998502929767e-12,0.07956150534987272,0.07351388468592629,1.0822650127902191,0.2792056595890694,0.521113932318699,0.11225934984015018,4.64205371811551,3.5699136525740663e-06,0.7200552466971906,0.0586533492900863,12.2764557422963,5.548870966613992e-34
-0.864,0.18329706496880904,0.17996992101838316,3698,-0.5726239510929998,0.024163597210200775,-23.697794087184334,1.1511750442799808e-115,0.13089420595345427,0.8072232925483139,0.16215365334693932,0.8711937535029668,0.9916543328658672,0.0605748185821691,16.370735498294536,3.3596139971858865e-58,0.7646510668309636,0.12014777229578763,6.364255052091151,2.2037505843889818e-10,0.09617887740285777,0.3059207928798115,0.3143914360886349,0.753241572092169,-0.011531431916329573,0.03396256177237687,-0.3395336309909506,0.7342271311601578,0.5971046962857117,0.14928071403752255,3.999878350900881,6.461993851172141e-05,0.9672588785481224,0.06033520928872689,16.031416646280636,5.798164564121355e-56,-0.13632598166874965,0.0781091878837148,-1.7453258107318335,0.08101158812077612,0.19169008034529147,0.07666009522080758,2.500519726634278,0.012444261988840516,0.7720783458479403,0.07610574187902978,10.144810717109364,7.177638924526582e-24,0.661163155785121,0.11777145427663405,5.61395084951665,2.1236644876499585e-08,0.48934546774486454,0.07377180468157725,6.6332316236133355,3.763703826613049e-11,0.07689555185393232,0.07638118614087462,1.0067341938381138,0.31412867921017906,0.6790020795498735,0.11663786144382059,5.8214551531101195,6.332468517302166e-09,0.821663045805267,0.06094103731630828,13.482918604429198,1.7733329809865954e-40
-0.8099999999999999,0.18351343972393475,0.18018717725675903,3698,-0.5857577209510603,0.025137137542354995,-23.302483027913727,3.7650465805942526e-112,-0.45370116579100384,0.8397459515511859,-0.5402838381690596,0.589033979529723,1.068324135182138,0.06301535044874777,16.95339512633572,3.905721578665356e-62,0.6617665825326053,0.12498847134944722,5.294620978941448,1.2623728609930466e-07,0.08114637814506954,0.31824620236757456,0.25497987891571267,0.7987528804799001,-0.054230054678516146,0.035330897926181395,-1.5349186650116196,0.12488972641905408,0.6106648227697209,0.15529516605243018,3.932284811515321,8.569115430265017e-05,0.940240953502465,0.06276608740594466,14.980079089865548,2.7295069841479617e-49,-0.19237150122945706,0.08125617150768062,-2.3674694199845905,0.017961611859507103,0.10658694401932495,0.07974869556102236,1.3365352658059015,0.1814569631354626,0.8099533194910442,0.07917200757545001,10.230299120799332,3.0523810060017566e-24,0.6161992818368199,0.12251641255901916,5.029524363031619,5.151644473952745e-07,0.30028507526231424,0.07674403711073725,3.912813119656711,9.287498402302251e-05,0.007142748600432119,0.07945854936122035,0.0898927636843837,0.9283773209163246,0.724825932390134,0.12133714778699133,5.9736523036009865,2.5401923257593423e-09,0.8190314796397583,0.06339632396898,12.919226673781791,2.2486404246381913e-37
-0.756,0.17312102694290354,0.1697524271069838,3698,-0.5987598886469396,0.0263526166318235,-22.72107916311716,4.625272716668041e-107,-0.6229964625178457,0.880350958499828,-0.707668295811786,0.4791960598826922,1.1326440191807596,0.06606238954207831,17.145065854139656,1.8700326620887179e-63,0.6477183594600859,0.13103215365392226,4.943201660035429,8.027616588514302e-07,-0.0669238169460328,0.3336346531658714,-0.200590125489035,0.8410301584766319,-0.06911525952929726,0.03703928527016839,-1.865998736886076,0.062120993705463035,0.5946496078635186,0.16280429578982447,3.6525424896109233,0.00026327059283187286,0.8854423203264468,0.06580107365452334,13.45635065128727,2.4987098446328435e-40,-0.26563479764275105,0.08518522576819207,-3.1183200519489422,0.0018328955160991302,0.0035740764292211814,0.08360485745310274,0.04274962649420246,0.9659034374622669,0.8772885642895528,0.08300028434391876,10.569705528410394,9.591633375180089e-26,0.5572774068700393,0.1284405611352549,4.338796108833532,1.4711013759573916e-05,0.23235999431314536,0.08045491199425658,2.8880771671185568,0.0038986530059280182,-0.0420081097050333,0.0833006815477245,-0.5042949100118235,0.6140843286129691,0.6432129613129822,0.12720427429104675,5.056535756348045,4.477512959249911e-07,0.7357563672874833,0.06646178462469819,11.070367301182358,4.815346146966931e-28
-0.702,0.1642804686934337,0.16087585354688327,3698,-0.6193005046926834,0.02807046034318238,-22.06235655280574,2.0619190881597047e-101,-0.5220718518301848,0.9377382524819152,-0.5567351555174542,0.5777422294261891,1.1800851849632013,0.07036878772703713,16.770008736555063,6.961685323545014e-61,0.7083308802226096,0.1395737252285787,5.0749586217791505,4.067450623669673e-07,-0.0528996700097839,0.3553832407478832,-0.1488524610740215,0.8816782053750785,-0.09422990485723126,0.039453759102635926,-2.388363162356707,0.01697370472861632,0.5376727519162366,0.17341699279870626,3.1004617439096074,0.001946798631608332,0.8890632819247235,0.07009043748344888,12.684516088727031,4.062338130610719e-36,-0.31381110435424486,0.09073818115137255,-3.4584240104034527,0.000549505967285147,-0.04739747231745475,0.0890547936253397,-0.5322281978088628,0.5946000684699994,0.8735954192937496,0.08841081030774348,9.881092778732688,9.622584820119062e-23,0.4663110205958422,0.13681319499215838,3.40837753714157,0.0006605208015520341,0.10472416584590283,0.0856995131869277,1.2219925405816316,0.2217886724321219,-0.12287214666144555,0.08873078945495459,-1.3847746359094808,0.166205290623981,0.620616997260544,0.13549631851958696,4.580323687324607,4.7962331952933455e-06,0.7027936945629543,0.0707942181116011,9.927275324307692,6.135739460263744e-23
-0.648,0.13445104485120785,0.13092490842338822,3698,-0.6058681052845897,0.03063632556768889,-19.7761348352943,8.234856701034527e-83,-0.5357436773169217,1.0234550502228985,-0.5234657615888866,0.6006816734300082,1.1432821313069077,0.07680105934325016,14.886280750336914,1.0285201354030892e-48,0.734440257758641,0.15233188321531857,4.82131673459667,1.4837901133256487e-06,-0.2776234407743871,0.3878681194302839,-0.7157676201441135,0.4741802371794652,-0.1296501055147829,0.0430601491375645,-3.010907024510969,0.0026223689503645756,0.3154251059754363,0.1892686968933549,1.666546614167082,0.09568964607152568,0.8186474603527758,0.07649726565479054,10.701656501646594,2.4290667507402413e-26,-0.39297992084272393,0.09903237870655535,-3.968196320994873,7.379870000915443e-05,-0.20767634387409964,0.097195116058433,-2.136695260996922,0.03268851551543841,0.7642001723606805,0.09649226750031058,7.9198073810237775,3.1239755605633697e-15,0.23123183141531428,0.14931901837347203,1.5485758876137565,0.12156964797808678,-0.0057356517285378815,0.09353313607572658,-0.06132213640195028,0.9511059898979206,-0.19606113276748643,0.09684149530808367,-2.0245570573208673,0.042984913573117865,0.6260196118951977,0.1478817688288301,4.2332440087310665,2.3596668045167032e-05,0.5696161070489433,0.0772653774772794,7.372203768970703,2.0619632439118095e-13
-0.594,0.10911674946619432,0.10548740433908754,3698,-0.601549337445895,0.03364589870634139,-17.878831018786798,1.2701194132514133e-68,-1.0181483760494496,1.1239946146352058,-0.9058302973986145,0.3650849524596944,1.1278855999686443,0.0843456457431047,13.37218525072291,7.375032129010307e-40,0.6509272962379826,0.16729627386563492,3.890865475944665,0.0001016533937636299,-0.3677805186984127,0.4259705175458128,-0.8633943044165215,0.38797694583305653,-0.13130790789856125,0.047290182138893536,-2.7766420419550006,0.005520140315571438,0.18719402814027988,0.20786159194858825,0.9005705497847808,0.3678755967307503,0.7786067546325031,0.08401200874584291,9.267803094531175,3.147728685225832e-20,-0.44472238991471735,0.10876086870296825,-4.088992624077672,4.425087006605426e-05,-0.3294300362841026,0.10674312173722689,-3.0861945099851167,0.002042430179636651,0.6641051287573686,0.10597122853677643,6.2668437266148755,4.109665477010597e-10,0.12653610613588032,0.16398743889909514,0.7716207228148773,0.44038861417636266,-0.1694232811075028,0.10272140551376645,-1.6493473805203838,0.09916179133976182,-0.2656375551133394,0.10635476289437458,-2.4976554682102514,0.012545076862281792,0.5960778690910047,0.1624090005028875,3.6702268177582122,0.0002457702198119327,0.4301521157834103,0.08485557637661195,5.069226256554773,4.1909930571893537e-07
-0.54,0.08972699810858986,0.0860186615989833,3698,-0.5845725136056428,0.03699438234159456,-15.801656267913408,1.799172993777971e-54,-0.600362799235068,1.2358560217584853,-0.48578700808595704,0.6271470930213177,1.0862828208499575,0.09273983419800891,11.71322798066076,3.865326131557866e-31,0.5789833483252631,0.18394581680598532,3.1475755109774473,0.0016594622453739115,-0.6677814756489017,0.46836365792680207,-1.425775600534031,0.154017896452109,-0.13118201127828502,0.051996562621765934,-2.5228977583101195,0.011681009328589004,0.030246223340569908,0.22854824814738187,0.13234064835651374,0.8947220885928595,0.6973483684071222,0.09237299321249297,7.5492667732759955,5.486571684719352e-14,-0.5323549212927963,0.11958489192750374,-4.451690449455163,8.772191931423198e-06,-0.5585222864599071,0.11736633615728263,-4.758794597723758,2.022338085586866e-06,0.550190407306923,0.11651762314076991,4.721950143474988,2.422991125813695e-06,-0.02840488000538625,0.18030768227655042,-0.15753560606374892,0.8748313867198656,-0.2770248832945035,0.1129443735002992,-2.452755057282863,0.014222755662795308,-0.3071489798258021,0.11693932733687298,-2.626567014029272,0.008660833222102992,0.6010096331929164,0.1785721556365397,3.3656402424585896,0.0007714849860164996,0.34610328875421026,0.09330051379192633,3.7095539422866497,0.00021068841237004284
-0.486,0.07711408967504274,0.0733543697796396,3698,-0.5937025497539103,0.04086167457915751,-14.52956972196002,1.493239145058496e-46,-1.5368049737618859,1.3650490531641832,-1.1258239915991095,0.26031340211559206,1.0839514457973674,0.10243460454435918,10.581887347726944,8.455006256109962e-26,0.4977553609677281,0.2031750128200551,2.449884727747365,0.014336445455826807,-0.5503976627787266,0.5173251224521979,-1.0639298941635773,0.2874302273721211,-0.12654151806958194,0.05743214203353572,-2.203322278937323,0.02763374830782034,0.02875360288534917,0.2524400611747672,0.11390269338210433,0.909321140523338,0.6328125030924823,0.10202941499871304,6.202255527001348,6.181679868959396e-10,-0.5423893126830477,0.13208597168633682,-4.106335485580966,4.1071581011044486e-05,-0.7143667874906732,0.1296354941224349,-5.510580202795276,3.821770292452503e-08,0.5668635647628553,0.12869805895264033,4.404600732723216,1.089932266093811e-05,-0.12561579097695835,0.19915655758962897,-0.6307389146371737,0.5282503965051877,-0.46975461706302063,0.12475127150121583,-3.7655296928852735,0.0001687916342621449,-0.2818435381918393,0.12916384695987662,-2.1820621236172304,0.029167954587069677,0.5930662345890265,0.19723960370909768,3.006831404223062,0.002657694469267588,0.26681084094595764,0.10305389605998125,2.589041765006766,0.009662220108302727
-0.432,0.06712570898590697,0.06332529769714779,3698,-0.5816085185552804,0.044643535312048614,-13.02783290996027,5.798446236867326e-38,-1.213452839354952,1.4913881096468322,-0.8136398778466213,0.4159038976673275,1.0415352622575664,0.11191520984517914,9.306467491759179,2.2074589091101164e-20,0.3137756242228165,0.2219794208821942,1.4135347455894982,0.157583088393486,-0.8762991584841988,0.5652049900026577,-1.5504094514099713,0.12112921457219532,-0.11794049783100247,0.06274764525261431,-1.8796003795232237,0.06024146660190065,-0.08989151892330431,0.27580408540035395,-0.3259252624659959,0.744499423218947,0.5160020985638065,0.11147251888903431,4.628962399938791,3.801765244442844e-06,-0.6151843080885604,0.14431089283386908,-4.26290972225334,2.068413214498162e-05,-0.9257346954483617,0.14163361680976705,-6.536122682595528,7.180404750929535e-11,0.44005253981143266,0.1406094194283208,3.1296092509347178,0.0017640859375880702,-0.31049256840642414,0.21758904653197306,-1.426967824691486,0.15367396123933824,-0.7086075273948098,0.13629734590780254,-5.198982582347148,2.112824647688847e-07,-0.3567403724837385,0.14111831740088676,-2.5279522818452826,0.011514476432107885,0.5056197513382613,0.21549467328030222,2.346321343547004,0.019012500120154353,0.07734719676920435,0.11259181849939782,0.6869699574984485,0.49214492371204843
-0.378,0.06147614219699582,0.05765271529122584,3698,-0.5948546935898475,0.04810701841286763,-12.365237198544325,1.9274854643808633e-34,-1.845273695241897,1.6070912563268434,-1.148207164949327,0.2509576432491685,1.0074990294544814,0.12059768616149318,8.35421525505334,9.216782365116219e-17,0.3891020351690213,0.23920077146702518,1.62667550268608,0.10389160436749063,-1.3081060218236706,0.6090540695544839,-2.1477666552339683,0.03179736954329845,-0.09743825658376762,0.06761566046309347,-1.4410604868224597,0.14965262886272115,-0.09801119448938006,0.29720119882884993,-0.32978061621420995,0.7415844944708437,0.42104174655762133,0.12012065086781377,3.505157052644968,0.00046177858480077577,-0.6566889352015017,0.15550665354369161,-4.222899279463927,2.4701131291612418e-05,-1.099487590261588,0.15262167218888736,-7.204006970260698,7.056959441720981e-13,0.25732131816785525,0.15151801671126333,1.6982885847708358,0.08953779911981673,-0.2868941479979577,0.234469788173942,-1.223586843457736,0.22118642155898313,-0.859073013458626,0.1468714088922534,-5.8491507635012345,5.371465416782833e-09,-0.42109725840906187,0.15206639541750555,-2.769167094760938,0.005648128030137607,0.4382341363409364,0.23221293167999954,1.887208146292403,0.05921092646103478,-0.08745502420699783,0.1213267866854389,-0.7208220591363752,0.47106476296629396
-0.324,0.057155463369332415,0.053314434567197644,3698,-0.5650290521735836,0.05152548060026521,-10.966012264050095,1.4789674727611664e-27,-1.4486637237546607,1.7212904079828755,-0.8416149401844997,0.4000581805010228,0.8489712742963933,0.12916730123288647,6.5726485433469914,5.6374802444378946e-11,0.2021618453790399,0.2561982662075772,0.7890835811326067,0.430113963345664,-1.9682264693329388,0.6523331663586983,-3.0172104851260473,0.0025685785359584683,-0.07905618814677545,0.07242039761361231,-1.0916287503496924,0.2750677384614485,-0.1632711384612327,0.31832017676105756,-0.5129148272111881,0.6080416711396883,0.27744143677503336,0.12865636803475783,2.156453201757411,0.031112847363802775,-0.6633786704281718,0.1665568834803209,-3.982895552356751,6.939646930494828e-05,-1.3004528120266488,0.16346689670223088,-7.95545054235376,2.3552846323687022e-15,-0.029076084673879544,0.16228481598349562,-0.1791670064612612,0.8578164275738367,-0.30621097771296596,0.2511311014584367,-1.219327179846122,0.22279814043449572,-1.1081424968406335,0.15730802239008104,-7.044411848829566,2.2127775034038013e-12,-0.5112218995608587,0.16287216222365514,-3.1387923668554953,0.00170987437875733,0.38582320318114927,0.24871387379950718,1.5512733459017587,0.12092213502460045,-0.33731554577304185,0.1299482112984365,-2.595769056015474,0.009475437097172825
-0.27,0.056773052514558886,0.05293046581920802,3698,-0.5862324250734139,0.05418153938464182,-10.819781640231248,7.00957090059294e-27,-2.2262659027139895,1.8100202646542674,-1.2299673910773752,0.21878789670753554,0.7623043063989846,0.135825675712795,5.612372641612224,2.142964077319946e-08,0.12652742676011214,0.2694048903394672,0.4696552709220667,0.638629140970872,-2.194255625622844,0.6859599315370577,-3.1988101997533414,0.0013916651798153673,-0.00892118273162013,0.07615355703316155,-0.11714728870426032,0.906749726017632,-0.07260629568537968,0.3347290892424322,-0.2169106241997198,0.8282900152576957,0.15244509921754112,0.1352884046990204,1.1268157057265156,0.259893838797059,-0.6432602303351976,0.17514263306116074,-3.672779260493176,0.00024333639656547084,-1.436503858122173,0.17189336224670773,-8.356947815474395,9.009742941583545e-17,-0.21002966484616625,0.17065034709630364,-1.2307602558091462,0.21849115981900696,-0.2217918885578965,0.2640765210894264,-0.8398773493490141,0.4010316889170811,-1.270478034659697,0.16541700749520855,-7.680455921054536,2.0185779353547982e-14,-0.4940440167670664,0.1712679701261694,-2.8846258667228604,0.0039415462178422215,0.2787278358699483,0.26153468908556815,1.0657394506422624,0.2866113169463402,-0.48721586304516185,0.13664684048369174,-3.5655113672628906,0.00036776335391426634
-0.216,0.06239142096899086,0.05857172279260159,3698,-0.5932936636650744,0.056729743666369216,-10.45824686172156,3.0226385756889e-25,-2.3107040646878962,1.895147070588333,-1.2192742719279073,0.22281821181239989,0.6498207941844932,0.14221367377174213,4.569327104420902,5.05337204571291e-06,0.13175723939468892,0.28207523346515406,0.46709963783816366,0.6404562323103393,-2.5079709756279747,0.7182212156291747,-3.491919928083643,0.0004851989805919448,0.07965163781875037,0.07973512415555453,0.9989529540752794,0.31788312595767537,-0.15046430758940238,0.35047168548671787,-0.429319439544581,0.6677158908458303,0.15872267835625262,0.14165113444124386,1.12051822939752,0.26256606849759534,-0.6433896041106629,0.1833797413557613,-3.5085097151624343,0.0004560165273076382,-1.6345447348165538,0.1799776545472277,-9.081931526047502,1.700079038684236e-19,-0.3324503500549254,0.17867617932786864,-1.8606305065706772,0.06287603565352554,-0.3149091687982683,0.27649626643786696,-1.138927381751946,0.2548075368901297,-1.4063269669055587,0.17319671127544675,-8.119824888989834,6.304976055111598e-16,-0.5501891522192354,0.179322849698712,-3.068148610975298,0.002169562663740334,0.23925401161791793,0.2738348898941298,0.8737163175606236,0.38232974207045944,-0.6356933444115984,0.14307345862632365,-4.443125583983326,9.126954036228927e-06
-0.162,0.0659264882336158,0.06212119147193851,3698,-0.5889160045057551,0.05832975314681984,-10.096322592406908,1.162302766860964e-23,-2.0854612996134736,1.948597925180986,-1.0702368470497965,0.28458286355049295,0.5364846167401868,0.14622467772802114,3.6689061318230545,0.0002470384793985411,0.10414399182801932,0.2900309021951033,0.3590789500008583,0.7195566176880138,-2.7517813134692,0.7384779747787618,-3.726287590762064,0.00019723723920155717,0.1152352439185372,0.08198397892429951,1.405582473923844,0.15993251534604322,-0.09651783420280148,0.36035641231901433,-0.26783992431736364,0.7888375405408606,0.1274979275007727,0.14564627250066253,0.8753943737227654,0.381416460336231,-0.6281811618308818,0.1885517958324633,-3.3316106009886477,0.0008719662892731906,-1.8287807349731477,0.18505375634029017,-9.88242968497356,9.49831189927762e-23,-0.5391309411546182,0.18371557422689347,-2.934595738131475,0.0033604694126852025,-0.3450359830003603,0.28429458560905074,-1.213656539610777,0.22495675138229423,-1.441743882604188,0.17808156289144067,-8.095975008277986,7.645569768461262e-16,-0.49968041907498056,0.1843804833320798,-2.7100504893190216,0.006758471978777425,0.10774174276165138,0.28155814742346885,0.3826624935118845,0.7019921148488963,-0.7459626039850145,0.14710871201208303,-5.070825471735104,4.1561676047532764e-07
-0.108,0.07403753412329939,0.07026528073162353,3698,-0.5880523389685781,0.060074096496064294,-9.7887837398787,2.3516171243678424e-22,-3.0639334882499885,2.0068704815997562,-1.5267220861246638,0.12691602433464103,0.5788867492394945,0.15059750686460724,3.8439331519607105,0.00012312231318011647,0.24457652873056268,0.2987042369518265,0.8187916288914466,0.4129582973477398,-3.084100166687607,0.7605620583617398,-4.0550276374958765,5.11659253543623e-05,0.15626128278193033,0.08443569868421756,1.8506542282113922,0.06429935807583101,-0.04203330176301068,0.37113282190888647,-0.11325676222010324,0.9098331697733053,0.2306518181197487,0.1500018045074464,1.537660289335377,0.12421762315153011,-0.6016577982457765,0.19419041168980447,-3.098287876369774,0.0019610991426392715,-1.932864112921986,0.1905877638014976,-10.141596051964369,7.411208887819108e-24,-0.6385722427603158,0.18920956353366597,-3.374946967977625,0.0007459401952491515,-0.38348806240545885,0.2927963765970072,-1.3097431971751343,0.19036443762206084,-1.55249152895123,0.18340706785407704,-8.46473119665393,3.65689038415974e-17,-0.5993547879042733,0.18989435665537754,-3.1562538163890212,0.0016109988327951085,0.1393884271750728,0.28997810559897325,0.4806860396827365,0.63076821366077,-0.818661993374941,0.15150797807392108,-5.40342497987475,6.952549539562742e-08
-0.054,0.0813713568623492,0.0776289805323479,3698,-0.393582645192418,0.06074333151551635,-6.4794379131457545,1.0425915560018678e-10,-3.2182137002001046,2.0292273389497315,-1.5859305847248035,0.11284092802430876,0.6308406045981017,0.15227518711806837,4.142766898122226,3.508494939448516e-05,0.19926892671075166,0.30203184980805925,0.6597613027811032,0.5094482847236136,-2.995426598282089,0.7690348410353097,-3.895046672072112,9.99228281631737e-05,0.15725795014765237,0.08537632583880293,1.8419386006908691,0.06556450292576411,0.04892906378963903,0.37526730075711623,0.1303845650578208,0.8962693002180759,0.22050999144545516,0.1516728485416078,1.4538527730292052,0.1460723570607522,-0.6798863880067362,0.19635372385802233,-3.462559174575891,0.0005411579686098415,-2.0741787358574593,0.1927109418974574,-10.763160178839984,1.2737768079432013e-26,-0.6196357621555035,0.19131738825875796,-3.2387843457147882,0.0012110640472168916,-0.4551985551792234,0.29605817494632114,-1.5375307750301315,0.1242493096439659,-1.6341964606406312,0.1854502518515427,-8.812047674914155,1.859230322351902e-18,-0.6757754746855684,0.19200981008510032,-3.5194841054530452,0.000437621402302707,0.19452050270386947,0.29320850795972975,0.6634203900065054,0.5071028834438167,-0.9156200994692785,0.15319580112191455,-5.976796314023124,2.492132925004555e-09
0.0,0.0845341830797528,0.08080469170175064,3698,0.04158685270953949,0.0615489424664984,0.6756712795215866,0.49929180680830354,-3.3124621914242423,2.056140050608829,-1.6110100041305127,0.10726325517523821,0.6115571718696756,0.15429474309638708,3.963564536269646,7.523973983817892e-05,0.193433830727622,0.3060375597301201,0.63205912012304,0.5273874888531909,-2.7819276415129277,0.7792341974776958,-3.5700789961705386,0.0003614316467711433,0.23034238402525245,0.08650863289760793,2.662651995644029,0.007786479073436871,-0.12240669747742434,0.38024429888172817,-0.3219159309880881,0.7475346583250277,0.16062993731717345,0.15368441597959973,1.045193400341227,0.29600220431712604,-0.751593937416936,0.1989578732561455,-3.7776536566075323,0.00016081525719868861,-2.044447729653597,0.19526677874889845,-10.470023332963546,2.6788435991232996e-25,-0.7809981623598516,0.19385474304732714,-4.02878026135879,5.719901775182251e-05,-0.6483135544557356,0.299984658758023,-2.161155697560806,0.03074758515765262,-1.6503881850519697,0.18790979350042014,-8.782874773625249,2.3981404127297342e-18,-0.7115179913922879,0.19455634814683023,-3.657130688202014,0.0002586211179236144,0.12283187489787525,0.29709719794495265,0.4134400315705234,0.6793083274706512,-0.9941251626384784,0.15522756678160277,-6.404308095849763,1.7011781477428652e-10
0.054,0.09439988057716109,0.09071058079678551,3698,0.20443149987489995,0.061679722291883565,3.3144037015517025,0.0009272736903778799,-3.1363240799670393,2.0605089581157685,-1.5221113539030908,0.1280670535072194,0.5625565275816848,0.15462259015193933,3.6382557492336063,0.00027825521883740744,0.13416438162451008,0.30668783148165496,0.43746235700432523,0.6618017272353074,-2.891499687478537,0.7808899223073428,-3.70282623053304,0.00021633555363578254,0.3924716730877079,0.08669244732968882,4.527172610494541,6.166904306385442e-06,-0.21188605973933952,0.38105224587510705,-0.5560551395064783,0.578206948819884,0.30997592830655374,0.1540109662058229,2.012687381574482,0.04422019813958459,-0.7716464811210734,0.19938062098958717,-3.870218064780595,0.00011062213826741378,-1.9152568557941856,0.1956816836068041,-9.787614356602917,2.3782696071621603e-22,-0.9243204466676644,0.19426664759726503,-4.757998648249065,2.0302777046863485e-06,-0.629099478852009,0.30062206924337714,-2.092659000170422,0.03644789660754351,-1.7402770046733793,0.18830906616047477,-9.241599675239936,4.000332942073794e-20,-0.6912569711349301,0.19496974347449272,-3.5454576634110673,0.00039680935357363763,0.11404901774082338,0.2977284731239017,0.38306385863659437,0.7016945293008326,-1.0337479195139425,0.15555739591050635,-6.6454437184630395,3.4678686860954844e-11
0.108,0.10357565156219961,0.09992373270653232,3698,0.36020623534416474,0.06200407520800816,5.809396142685186,6.8013921288436085e-09,-3.128834784935279,2.0713444817600384,-1.5105332852586077,0.1309932125453286,0.5456989015309008,0.15543569835267318,3.51076945202605,0.0004521707696552376,-0.06260833140563027,0.30830059964572454,-0.20307560698089777,0.8390871583598548,-3.185204464333469,0.7849963597889205,-4.057604120852161,5.060738360036135e-05,0.4317542604325204,0.0871483337547978,4.954245730587488,7.587718715741724e-07,-0.4450114755890559,0.3830560714850949,-1.161739778366551,0.24541648415721284,0.4073910464323017,0.15482085808191845,2.6313705496758315,0.0085395877524133,-0.8867740056081859,0.2004290966219947,-4.42437760062664,9.951979890521721e-06,-2.0046446929845656,0.19671070777149927,-10.190826496914326,4.5337548122496805e-24,-1.0869989082847256,0.19528823056347452,-5.56612605454182,2.7905628247642436e-08,-0.6637844800823967,0.30220293960380235,-2.1964858480617004,0.02811931296666654,-1.788032144863008,0.18929932020949286,-9.445528609845177,6.091103446446624e-21,-0.7673518962759753,0.19599502378546352,-3.9151600966967406,9.197986973958e-05,-0.05326362799368455,0.29929412703547525,-0.17796416027692794,0.8587609122326495,-1.0142142644948042,0.15637541994034151,-6.485765249306669,1.0002314599527075e-10
0.162,0.11076134179517783,0.10713869652818364,3698,0.5809277007381339,0.06223508255185378,9.334408775855797,1.7066907704218087e-20,-3.089273600540824,2.0790616484997315,-1.4858980265304158,0.13739170933225903,0.48138035074379776,0.15601480202762974,3.0854787141193616,0.0020473398010283877,-0.2938060705883516,0.3094492290284102,-0.9494483845082632,0.3424549246070797,-3.3765019065029023,0.7879210050383652,-4.285330489873785,1.8713605985068855e-05,0.3725462942210214,0.087473020560201,4.258985134332091,2.104878121912523e-05,-0.6798220159937021,0.3844832158352179,-1.7681448448065955,0.07711948798868891,0.5423549186250041,0.1553976710587659,3.490109696817172,0.0004884866213491629,-1.0123097622179034,0.20117583130168626,-5.031965100717435,5.086915254270624e-07,-2.0951748178701974,0.1974435889241629,-10.611511010747195,6.218138887829103e-26,-1.2559112897025788,0.19601581202123253,-6.407193770503259,1.669649975262441e-10,-0.7478390754191632,0.3033288510563321,-2.4654399764969264,0.013729798148746235,-1.898776870779721,0.19000458890363392,-9.993321117853307,3.213064013826651e-23,-0.9252652560105169,0.19672523852860335,-4.703337827576128,2.6533457409403167e-06,-0.1670825581533367,0.3004092011831521,-0.5561832243995435,0.5781194028306829,-1.0231756931479814,0.15695802471723683,-6.518785484152556,8.050566890992544e-11
0.216,0.11768862725345985,0.11409420286693128,3698,0.7196693430186913,0.06325520448997383,11.37723526184729,1.6788477667807284e-29,-3.555522665650011,2.113140439936563,-1.6825775506699159,0.09254168694740242,0.6029538640770862,0.15857210758092818,3.8023954734243866,0.00014562563223850873,-0.44459109244751793,0.31452154410091293,-1.4135473413066824,0.15757938796664123,-3.411299724659318,0.8008361562647742,-4.259672466051179,2.098447933806809e-05,0.31436595116778077,0.08890682836776258,3.535903337676245,0.00041138966001180466,-0.9450399149011296,0.39078544517645253,-2.4183088867969813,0.015641050708948574,0.6422810199595973,0.15794486095359295,4.066488875179744,4.872532245076868e-05,-1.0224065342685793,0.2044733906607407,-5.0001935751383,5.994392661704472e-07,-2.230920988298127,0.20067997149720562,-11.116809373919967,2.9132713567553085e-28,-1.3436852031004336,0.1992287912905164,-6.744432842244499,1.7767271898657097e-11,-0.7764760420191099,0.308300844387738,-2.5185660569990724,0.011825424455963905,-2.0125521627219283,0.19311903563587024,-10.421303918048945,4.410962853102054e-25,-1.1343022736403379,0.19994984631212676,-5.6729339609977165,1.5118583209479795e-08,-0.2051779534596439,0.3053333372809024,-0.6719801882323877,0.5016384699507166,-1.0186176888163339,0.15953079103830076,-6.385085175010386,1.9265618501029568e-10
0.27,0.12330605880382894,0.11973451911943389,3698,0.7610828878518268,0.06355049546746724,11.97603389640668,1.8870056150487656e-32,-3.178395730348971,2.12300510342348,-1.4971210974592604,0.1344474648701225,0.8314963256834528,0.15931236149407746,5.2192831609891375,1.8953952638595518e-07,-0.5087362735471191,0.31598980864845727,-1.6099768398324985,0.10748863391093977,-3.205468769797708,0.8045746579944298,-3.9840538574605464,6.906034809678068e-05,0.2705900030515138,0.08932186748535356,3.0293813896791115,0.0024675645843079104,-0.9737491111308157,0.3926097285224125,-2.4801960837687913,0.013175395537524668,0.8059675091348877,0.15868218672397189,5.079130340804229,3.979760678266596e-07,-1.064564790513341,0.20542792314366343,-5.182181537068119,2.3108328789997128e-07,-2.380926229803696,0.20161679535896632,-11.809166124104905,1.292794649696e-31,-1.2541854686922496,0.20015884068327952,-6.265950903846433,4.1330344905994286e-10,-0.6401272002673789,0.30974006916671615,-2.0666593185359994,0.038836024020007166,-1.9773457594213917,0.19402056317443886,-10.19142366700385,4.5067473312142306e-24,-1.250409665602018,0.20088326176850274,-6.224558754143421,5.371258417624374e-10,-0.2668238950284171,0.30675870900096847,-0.8698168534396026,0.384457198849227,-0.9575573206399807,0.16027552032351655,-5.974445247203994,2.5279869060476208e-09
0.324,0.12319443698562171,0.11962244256812693,3698,0.8337069695784252,0.06447613352302224,12.930474022309925,1.9551019381966107e-37,-2.7850756804133088,2.1539275108950666,-1.2930220104092398,0.1960845693682777,0.9830250884956286,0.1616328089340938,6.081841273305222,1.3094107633955342e-09,-0.646967537506242,0.3205923249608955,-2.01803813483419,0.0436596800293122,-3.026983596023464,0.8162936055257837,-3.7082044689958713,0.0002118099158872341,0.22140473988997422,0.09062287574861737,2.4431440523266796,0.01460659264212496,-1.0098481394494034,0.39832824421655844,-2.535216003664508,0.011278847753120207,0.9843363864616291,0.1609934554196752,6.114139136250456,1.0720829366847976e-09,-1.0423294259576625,0.20842006194504767,-5.001099300279858,5.966485928636628e-07,-2.4273214913986547,0.20455342357957304,-11.86644275574496,6.696778767217595e-32,-1.1505959987115437,0.20307423321844958,-5.6658886776336255,1.574757069993387e-08,-0.5783541682461749,0.31425155555627104,-1.8404178373036333,0.06578734419774587,-1.9129916386508032,0.19684654927436487,-9.718187317495081,4.633132893558052e-22,-1.2911613948733267,0.20380920578277295,-6.33514757056407,2.657308283280235e-10,-0.42276156976837054,0.31122677070269944,-1.358371482034928,0.17442905703952288,-0.9277891899980013,0.16260999655212866,-5.7056098005670615,1.2506634598973926e-08
0.378,0.12287657379667283,0.1193032844449482,3698,0.8935124757329607,0.06573476294054742,13.592693359844947,4.27234731495464e-41,-3.244158203452327,2.195974022996499,-1.4773208469130872,0.13967517733967055,1.233944052455306,0.16478801997181888,7.488068930413316,8.699132733570316e-14,-0.793410473255826,0.3268505620663277,-2.4274410551413386,0.015253403640504535,-2.831082489254336,0.8322283567137653,-3.4018096913129483,0.0006765483078393215,0.16671907798212474,0.092391911996382,1.8044769761735566,0.07123824495196884,-0.9502570854369096,0.4061039531278737,-2.339935570973606,0.01934021705924116,1.1742895620427656,0.16413618572852473,7.154361220413625,1.0095445591261065e-12,-1.1201365892681845,0.2124886002836996,-5.271513802494149,1.430786130970902e-07,-2.3650991189843777,0.2085464818215163,-11.340872779664242,2.509822160944804e-29,-1.0334476962553247,0.20703841639607212,-4.9915745794650075,6.26633169674981e-07,-0.5435281400335241,0.3203860154054328,-1.6964789781654979,0.08987973462371672,-1.7836152431002734,0.20068916272088255,-8.887451713478502,9.594606511086834e-19,-1.3862778250198033,0.20778773625512278,-6.671605601004887,2.90865535388882e-11,-0.49035162528661314,0.31730218415763173,-1.5453774028955711,0.12234094168309034,-0.8317243067874169,0.1657842831301397,-5.016906856812947,5.499139836827673e-07
0.432,0.12587098899644922,0.12230989851164387,3698,0.9102205269159584,0.06756093965670916,13.472585365759766,2.026488185603425e-40,-2.8629561039756664,2.256980352839344,-1.26848959955455,0.20470335481545998,1.5658523770623556,0.1693659941169011,9.24537647139225,3.86463904505221e-20,-0.8318681473734694,0.3359307938859777,-2.476308104269309,0.013319515662008594,-2.6138858505578657,0.8553484834104234,-3.0559308881169085,0.0022597130312071827,0.041108682762669116,0.09495865067317708,0.4329114037661981,0.6651044911613633,-0.815617096430928,0.41738592252075196,-1.9541078230552358,0.05076406660792426,1.3755214297830345,0.1686960512737634,8.153844855270561,4.784705548912728e-16,-1.1350322478287322,0.21839174371845801,-5.197230575217948,2.1326809361891927e-07,-2.4415431210558523,0.21434010930724026,-11.390976373703745,1.4417362908715136e-29,-0.7807115761008708,0.2127901483330301,-3.668927261045035,0.00024701814067626897,-0.379760019436973,0.32928665572639065,-1.153280926611619,0.24886995594763955,-1.714358591709006,0.20626450611229846,-8.311457089838045,1.3139542423226263e-16,-1.480679611208294,0.21356028503872848,-6.933309772178744,4.833910945704162e-12,-0.3512076840762173,0.326117152597086,-1.0769371720540266,0.2815788891128198,-0.7193390597977174,0.17038993445091266,-4.22172273330471,2.4829817387786266e-05
0.486,0.13978182440614628,0.13627740489666562,3698,0.8958383537519782,0.06992371857297444,12.811652069348328,8.522280849585018e-37,-2.8671423790003034,2.3359127303227023,-1.2274184483785113,0.21974382357030578,1.9739841070751778,0.17528915625859254,11.261301892303532,6.02551203911225e-29,-0.7966277367662935,0.34767915323608656,-2.2912726556986143,0.022003871150743932,-2.542449415717139,0.8852622083072459,-2.8719732886583778,0.0041024860580139485,-0.09190123417253283,0.09827959764146425,-0.9350998211022348,0.34979818057965006,-0.6683988229161204,0.431982976124343,-1.5472804713575725,0.12188156954039842,1.6563926849173627,0.17459578380016366,9.487014227177518,4.13406055762122e-21,-1.1332752360925946,0.22602946175740687,-5.013838582285867,5.586999515682404e-07,-2.607359246933702,0.22183613132461383,-11.753537313172584,2.4421159932097102e-31,-0.5641409411816561,0.220231964249519,-2.5615761231757177,0.01045932278906726,-0.2908396356727133,0.3408026525658537,-0.8533960445525407,0.3934952267897801,-1.726219906267893,0.21347810362429828,-8.086168449884116,8.275027206628011e-16,-1.5931991499511504,0.22102903460623097,-7.208098939532883,6.851019440069213e-13,-0.29983220273842437,0.3375223038028588,-0.8883330060272148,0.37441967735176696,-0.5858226471659798,0.17634890640586323,-3.321952254230154,0.0009026220184686909
0.54,0.15343973606340522,0.14999095715002964,3698,0.8123046193653469,0.07156983311806817,11.349818547505828,2.2736743669450726e-29,-2.983854367248475,2.39090379773055,-1.248002688389535,0.21210943027726736,2.343220980347607,0.17941573927796303,13.06028662690139,3.8597803958090015e-38,-0.6136244707707096,0.35586406849585644,-1.7243226419692732,0.08473354502935884,-2.3326460905285966,0.9061026759919776,-2.574372808219418,0.010080931695331438,-0.17861514876058637,0.10059325427279366,-1.7756175605593707,0.07587855260657667,-0.47252980859670524,0.44215253624991097,-1.0687031507371578,0.2852735094368853,1.8713534951016242,0.17870604373900753,10.47168554542372,2.6335488620555976e-25,-1.1631539618287534,0.23135055154227394,-5.027668851769364,5.201384188266917e-07,-2.7195716470775753,0.22705850350179818,-11.977404964514081,1.8572138456500015e-32,-0.31092378413417376,0.22541657180535643,-1.3793297522182684,0.16787687591871076,-0.133908503327184,0.34882568416148746,-0.3838837259047461,0.7010867944966392,-1.683527918259867,0.21850371465595764,-7.704802277209088,1.6737259644083618e-14,-1.6622580286274096,0.2262324064545635,-7.34756816973194,2.473243116185218e-13,-0.17228812181789166,0.3454681108183079,-0.4987091902919606,0.618014059931306,-0.44726539026101686,0.18050043761401985,-2.4779185921833844,0.013259649612180655
0.594,0.17229376719502598,0.16892179720804212,3698,0.680573921727359,0.07301161397021869,9.32144743444466,1.9232083881872536e-20,-3.440237074806244,2.43906877401623,-1.410471533831113,0.15848496983673513,2.760481510391978,0.18303008580073132,15.082118867590827,6.393445107490903e-50,-0.4268729776514958,0.3630329827935786,-1.1758517762398928,0.23973013418835615,-2.123236343622976,0.9243561975025338,-2.296989352545728,0.021675238942353323,-0.2509223764263166,0.10261971460597288,-2.4451673578491113,0.014525036568588397,-0.3383808313421405,0.4510597396444369,-0.7501907210980093,0.45318777965312695,2.167701999276982,0.18230609338005424,11.890452804328186,5.078578145735511e-32,-1.2020308725013704,0.2360111296212789,-5.093110966547378,3.6989948022470293e-07,-2.7250158014681087,0.231632617879385,-11.76438718525847,2.157657296458774e-31,-0.01478827867927798,0.2299576093183296,-0.06430871638957862,0.9487279041143989,0.054074343005984044,0.35585280956127224,0.15195704952463862,0.8792291370248945,-1.6144218449504972,0.22290549202764734,-7.242629287708433,5.332640582755074e-13,-1.785044131008671,0.23078987903136874,-7.73449918384874,1.3308096956202898e-14,-0.012947899670798525,0.3524275975951564,-0.03673917638445598,0.9706949630852115,-0.18491008973146325,0.1841366354842505,-1.0042004365137807,0.3153479999310652
0.648,0.18839522023377941,0.1850888455199029,3698,0.5671582710684686,0.07449146731531994,7.613734720349999,3.363401725382499e-14,-3.620929187271053,2.488505622318642,-1.4550616863373955,0.1457374303976589,3.059712148852835,0.18673987483288265,16.38488914909595,2.704619877136401e-58,-0.2903301113162636,0.37039120355813127,-0.7838472094564674,0.4331801885262542,-1.8470345529829177,0.9430917319819823,-1.958488756020825,0.050248078946307895,-0.30435560180257687,0.10469968681416061,-2.906938989634235,0.0036716397562417498,-0.32942556967798464,0.46020215176568646,-0.7158279647630001,0.47414297504912484,2.4052407827680367,0.18600120799881698,12.931318073930653,1.934677072249474e-37,-1.1878638870090479,0.24079477760081322,-4.933096551530178,8.451566206172376e-07,-2.7567888421539006,0.23632751894736015,-11.665119891382394,6.673727154314538e-31,0.2242690522464026,0.2346185600750137,0.9558879407268458,0.339191606205254,0.10943514016957723,0.36306549726884346,0.3014198291845465,0.7631113967058739,-1.7244722293413552,0.22742350525980393,-7.582647305393317,4.260608555704955e-14,-1.8529135813366073,0.23546769884561633,-7.869077544056115,4.660170659629502e-15,0.20613617521066768,0.35957086057548077,0.573283872004405,0.5664875136306335,0.012470411540796653,0.18786885288309077,0.06637828117552241,0.9470802649669792
0.702,0.20361535493306104,0.20037098511339668,3698,0.4739526422798461,0.07571667757825311,6.2595541357452795,4.3043029113740563e-10,-3.489856411988492,2.5294357145522346,-1.3796976107796726,0.16776354661962978,3.307571284993738,0.18981130864120888,17.425575476358365,2.078129768937984e-65,-0.17518061412862257,0.37648327182117997,-0.4653078296977533,0.641738546776631,-2.0818178436725296,0.9586033833234789,-2.171719691260493,0.02994044615089898,-0.33075197194389205,0.10642175157451225,-3.1079358030704163,0.0018983591108263744,-0.24200456339251655,0.4677713998915223,-0.5173564767932332,0.6049384136667435,2.610029723366405,0.18906049246684153,13.805262481394236,2.6363384105261392e-42,-1.2074925286907046,0.24475528802448895,-4.933468602197837,8.435581721093494e-07,-2.8896763535950356,0.24021455342343212,-12.02956403936664,1.0125186788849469e-32,0.40493178566011323,0.2384774861780761,1.6979874794459309,0.08959462190348982,0.2831442573938494,0.36903707481191644,0.767251522189625,0.442981179681165,-1.7831050822395706,0.23116408955380185,-7.713590314487688,1.5640730615534755e-14,-1.8576230280987005,0.23934059129373667,-7.761420735435916,1.0802957599641325e-14,0.29375729418099245,0.3654849595254176,0.8037466016725735,0.4215952196167764,0.16692354999687692,0.19095885573755872,0.874133589417218,0.3821025167386026
0.756,0.2110264949941022,0.20781231721705484,3698,0.4091566296425482,0.07709797569475309,5.306969812832497,1.1804083496613893e-07,-4.177573063746936,2.5755801691171856,-1.6219930227133466,0.10489045853062673,3.5476101906484017,0.19327403325489162,18.35533791531002,4.47823486411265e-72,-0.1260448208694659,0.38335145002040016,-0.32879703692984175,0.7423278017100587,-1.9897725383718667,0.976091169240746,-2.0385109517173627,0.041570160454390305,-0.3109026773457139,0.10836320185609093,-2.8690798354094458,0.004140118756459041,-0.2926486334482503,0.47630494592508854,-0.6144144333413598,0.53897946310506,2.7367191582466353,0.1925095199532775,14.21601985663277,1.0869580857982675e-44,-1.2308203783083582,0.24922035475965085,-4.938683196624797,8.214588103311978e-07,-2.9186662172512197,0.24459678361118364,-11.932561721215414,3.1227245181756794e-32,0.48597164758389966,0.24282802707634757,2.0012996581778646,0.045433366753131185,0.2171115340594705,0.3757694121603102,0.577778624426319,0.5634489189381668,-1.8175896389986335,0.23538121227650843,-7.721897688518418,1.466933235553883e-14,-1.781874225880352,0.24370687780458303,-7.31154673159923,3.22338056403781e-13,0.3960784384149756,0.3721524956924631,1.0642906953451798,0.28726682172359536,0.30340214462352993,0.19444251503423973,1.5603693696828767,0.11875855985306205
0.8099999999999999,0.2187738444704631,0.21559122841045686,3698,0.38024179079386655,0.07773954330997324,4.891227483517841,1.0449518466596114e-06,-3.20175603346263,2.5970127529433946,-1.2328611131515752,0.2177062937132581,3.6543249966224773,0.19488235512692437,18.751441064238282,5.29573544959309e-75,-0.14052246296975696,0.38654149325259246,-0.36353784890547325,0.7162240155134452,-2.2307926141441023,0.9842136715249382,-2.2665734877343433,0.023474068140654645,-0.3200654371626256,0.10926494175737815,-2.9292601269428955,0.0034185627670140885,-0.3774027028951214,0.4802684978279891,-0.7858160687238961,0.4320258161722146,2.840608354051115,0.1941114799594986,14.633901893096734,3.520308490578781e-47,-1.2545946936856578,0.2512942316316003,-4.992532799260212,6.235520929207929e-07,-2.9225234045821056,0.24663218562709707,-11.849724305654505,8.116682491536785e-32,0.5392633237375586,0.24484871045792939,2.2024348126195927,0.027696370107054263,0.3650017778837812,0.37889636177811675,0.9633288009704556,0.3354458052954289,-1.980543330267228,0.2373399272968062,-8.34475409521152,9.970548691943893e-17,-1.8004416193949364,0.245734874506142,-7.326764762280152,2.8825249921017897e-13,0.5153352142893346,0.3752493472895134,1.373314085718427,0.1697383424200572,0.3922959137838012,0.19606056037905953,2.0008915256864723,0.045477362163500054
0.864,0.22527639304478764,0.22212026754116776,3698,0.33548328741977274,0.07877090159066567,4.258974832649718,2.10497463973794e-05,-3.1255683111319605,2.631466912226685,-1.1877665254347352,0.23500201961051664,3.808343587597095,0.19746782864738963,19.285893877921254,4.936175335625378e-79,-0.15000565419561626,0.3916696783810757,-0.38299021465140837,0.7017491279916706,-2.2242366191777885,0.9972710793366938,-2.2303229936810918,0.02578604597774874,-0.3430071481836885,0.11071454253547267,-3.098121893732161,0.0019621949928970883,-0.3992523094964527,0.4866401443684837,-0.820426169350589,0.41202631139678636,2.888372594896074,0.19668672640049498,14.685142448376249,1.725539942381314e-47,-1.2882503106731604,0.25462811263537827,-5.059340452787732,4.4126068655380996e-07,-2.9949761070654985,0.24990421600059107,-11.984496120139145,1.710430006846333e-32,0.6545865295807238,0.2480970797471693,2.6384289982284344,0.008364180235476805,0.4034574949369357,0.38392312015108454,1.0508809544425557,0.2933822340165489,-2.019358692483695,0.24048867874213534,-8.396897114017404,6.458262536225412e-17,-1.8572350632603174,0.2489950003942795,-7.458925120261115,1.0820990051242783e-13,0.5699788043850649,0.38022772129549787,1.4990458939791504,0.1339474556332086,0.46236256838826234,0.19866166496309176,2.327386959503043,0.019998622222013148
0.918,0.22867554350904506,0.2255332657123682,3698,0.29185126379677173,0.07941659240005598,3.674940651275866,0.00024129315707856674,-3.3804205753073457,2.6530372378942637,-1.2741700444394861,0.20268357346928834,3.915884093983692,0.19908648680075763,19.669261118172436,5.568335850963117e-82,-0.10533389298582524,0.39488022322111965,-0.26674897042600637,0.7896773843301382,-1.9250628028112577,1.0054457829060988,-1.914636110210872,0.05561634080922991,-0.37369292933216913,0.1116220776929664,-3.347840651739781,0.0008226178891842853,-0.47594475041650053,0.49062916902548137,-0.9700702291342604,0.33207520503987253,2.8661344763115544,0.1982989818019352,14.453601578117553,4.2518499629957e-46,-1.2707836650549489,0.25671531779389517,-4.950166885153313,7.747407986730425e-07,-3.044927803392389,0.251952699034821,-12.085315279641305,5.2801591463824976e-33,0.6776910898351899,0.25013074955409587,2.709347375495812,0.00677278378883214,0.519322122127997,0.3870701658899057,1.3416743730016838,0.1797843369774795,-2.09920189723012,0.2424599819326604,-8.657931426445217,7.070175306581752e-18,-1.8205397024227727,0.2510360305220567,-7.2521052003442,4.977329437214764e-13,0.6095059075483076,0.3833444755811314,1.5899691957848787,0.11192760037065745,0.6091610671781313,0.20029010907956796,3.0413936563194635,0.002371445344727156
0.972,0.2281969046934762,0.22505267698310194,3698,0.2382202926343246,0.08054522370563401,2.957596759615946,0.0031201926504037083,-3.8641145048164063,2.690740956866089,-1.436078227804191,0.15106503410603764,3.9197520685112024,0.20191581043112686,19.412804079788607,5.281862403438318e-80,-0.0838968431311881,0.4004920754602076,-0.20948440249356193,0.8340816995403683,-1.8379767075327835,1.0197347060688158,-1.8024067402965782,0.07156318284161467,-0.39178617325426807,0.11320839822713545,-3.460751846945212,0.0005447919228723952,-0.40340928323507474,0.49760176030467473,-0.8107071063978407,0.41758628795550223,2.913332862613483,0.20111711378118832,14.485753140745322,2.732127507710142e-46,-1.3040749720254141,0.2603636352994369,-5.008667859955305,5.738134454651583e-07,-3.063152438194261,0.25553333243977894,-11.987291086246639,1.6557951493740775e-32,0.7681366618697114,0.2536854902688869,3.0279093260538716,0.00247958582246902,0.5451577858812803,0.3925710252629442,1.3886857429585728,0.16501232607695068,-2.198542167705937,0.2459057093013266,-8.940590171543757,6.000460328073342e-19,-1.8040381265740355,0.2546036366647125,-7.085673049320082,1.650513970819167e-12,0.6173699549912038,0.38879238719362896,1.5879167785343933,0.11239102071152826,0.7122367418443671,0.2031365380243671,3.5061971064946045,0.00045998386404444034
1.026,0.22946697874581545,0.22632792515569788,3698,0.17145008982073745,0.08202626118403589,2.0901853546154974,0.03666958459034141,-2.8676737463427813,2.740217363019653,-1.0465132383449591,0.29539282973089787,3.9633481925480343,0.2056285679227852,19.27430722581454,6.04989239060176e-79,0.10266859773678835,0.4078561840475431,0.2517274513724682,0.8012657856305062,-1.9182953264593239,1.0384852321488545,-1.8472052053065298,0.06479758051235616,-0.39348603798135595,0.11529003476534902,-3.413009969007487,0.0006494294779996094,-0.3178224565640274,0.5067514879039591,-0.6271761684975299,0.5305826504976612,2.9583439321407328,0.20481518511744212,14.443967767548108,4.8535328764925245e-46,-1.346791792438089,0.26515111100750244,-5.079336787693044,3.9754688744199703e-07,-3.1640448986116607,0.2602319902237261,-12.158554741450022,2.235562348668944e-33,0.8846130574991268,0.25835017057554427,3.4240854400382785,0.000623610288085066,0.6793602391000564,0.39978948434220557,1.69929491821888,0.0893481005529683,-2.2949507257961015,0.2504273377092292,-9.16413817592377,8.095082519639222e-20,-1.7807994250618824,0.2592851995270362,-6.868110591388363,7.604947228165987e-12,0.6515430840580742,0.39594136599410407,1.6455544684557568,0.0999408725926246,0.9004669732028554,0.20687174182920615,4.352778998430261,1.3807517183942184e-05
1.08,0.224695888136776,0.22153739772994585,3698,0.09004404797784944,0.08382105013906023,1.0742414683240686,0.2827848632801447,-3.8832894428165132,2.8001751349151585,-1.3868023447519726,0.1655859920991817,4.01444101584166,0.21012785726278396,19.10475397282159,1.1743140789848682e-77,0.15322333614269218,0.4167803476483263,0.3676357030921717,0.7131660194230351,-1.9823070799223137,1.061207977251607,-1.8679722753839787,0.061845308840567104,-0.3855043532139143,0.11781265713084935,-3.2721811272429884,0.0010770573064295787,-0.25397996502991593,0.5178395462928643,-0.4904607360486862,0.623837132933593,2.9734202731129145,0.20929667710261618,14.206724704258322,1.23272198043666e-44,-1.2339058989649572,0.270952793036883,-4.553951576343388,5.435141255728598e-06,-3.1498317629103942,0.2659260386303655,-11.84476623324814,8.592600844329865e-32,0.9113149613643089,0.2640030435211648,3.4519108159116727,0.000562898426313963,0.6309175053673202,0.4085371432074851,1.5443332775421452,0.12259355229338458,-2.422365124582465,0.25590685382112716,-9.465807923517518,5.040838336476453e-21,-1.7125743830266664,0.26495853152577636,-6.463556289977624,1.1567944708180742e-10,0.5849458887093015,0.40460482547970805,1.44572148395852,0.14834044328344503,0.9793455547777348,0.21139823263815172,4.6327045527105755,3.7340565376243075e-06
1.134,0.22433204306388888,0.2211720703984783,3698,0.017529188956541437,0.08553480658816312,0.20493632540658885,0.8376332017690981,-4.0049468992929755,2.857425887418463,-1.401592572156347,0.16112123286293512,4.100220607026193,0.21442400924277996,19.122021929847183,8.690184831494582e-78,0.17634102660196574,0.4253015962780762,0.4146258282244212,0.6784399922022206,-2.2298703107621956,1.0829048184607926,-2.0591563291145607,0.03954943807180255,-0.3534587970886409,0.12022138621034648,-2.940065892021977,0.0033018461069817748,-0.1763532081316227,0.5284269925320562,-0.3337323994116832,0.7386005031427022,2.9703123240669056,0.21357583525638965,13.907529943643478,6.808757057750448e-43,-1.1820197755016946,0.27649253628394377,-4.275051295734871,1.9593730074126873e-05,-3.303581358314535,0.27136300777989425,-12.174029855219281,1.8631863609103297e-33,0.9107300445025024,0.2694006962309148,3.380577916999431,0.0007308684567285801,0.7231147018287154,0.41688985607267076,1.7345461668001454,0.08290490921511742,-2.5351005733465644,0.2611389765442141,-9.707859802833148,5.114368468653849e-22,-1.6325621032810598,0.2703757195876512,-6.038123932766125,1.7137471962632469e-09,0.6124442735343404,0.412877140463279,1.4833571867096642,0.13806512445051433,1.120132005472124,0.2157203579743477,5.1925187589635105,2.1869812185917647e-07
1.188,0.2164606066407222,0.21326856674382122,3698,-0.0432780598322162,0.08781417169096468,-0.49283685080490414,0.6221572583380115,-3.696482540508078,2.933571694153996,-1.2600621105918106,0.2077268124026755,4.088550104092504,0.22013806441360712,18.57266309206171,1.1257834639130093e-73,0.20710033687656845,0.43663520016859114,0.4743097597184195,0.6353071592578305,-2.4654388017130042,1.1117624911593451,-2.2175948741912013,0.02664329454737932,-0.33683467785999527,0.1234250929031984,-2.729061570358086,0.006381667164962432,-0.14078831284221646,0.5425087224640046,-0.2595134548303189,0.795253610568376,2.958785986155741,0.21926728795387526,13.493968999051727,1.5373414597941977e-40,-1.1607488299996414,0.28386061792847433,-4.089150648900936,4.422087434869005e-05,-3.3457622205129427,0.2785943957352434,-12.009438350987221,1.279919936488512e-32,0.9609442152407974,0.27657979173779784,3.474383320643282,0.0005179352370101566,0.8234770674104976,0.4279993006081485,1.9240149837637837,0.054429700838091455,-2.641315544164153,0.2680979105017332,-9.852055688241096,1.275648158280208e-22,-1.506811149239338,0.27758079789969176,-5.428369543716954,6.054369685015103e-08,0.7410396715391604,0.42387965257799903,1.7482312893110623,0.08050732669895592,1.183260997823023,0.22146895875505768,5.34278485108921,9.707752630056785e-08
1.242,0.2096904895446653,0.2064708690512297,3698,-0.12402327079119897,0.0895279115889985,-1.3853028467877204,0.16604379798847774,-3.0227749659771463,2.9908218937425852,-1.0106837094851464,0.31223424738334943,4.137188746256557,0.2244341749023468,18.433862614981354,1.1882483163631192e-72,0.1300915498686241,0.4451563665020645,0.29223787338110724,0.7701212211503647,-2.3995598022587052,1.1334591228253852,-2.1170236790518726,0.034324723302983536,-0.2957910910115746,0.12583379871973924,-2.3506489831906707,0.018793177128644308,-0.06549776724042199,0.5530960664520547,-0.11842023694106255,0.9057411515042515,2.926685024886112,0.2235464047805149,13.092069307755702,2.588717017127307e-38,-1.1076607312768985,0.28940030767395786,-3.827434532394497,0.0001316366881034967,-3.324414139998927,0.2840313123757637,-11.704393125504561,4.273764683658958e-31,0.9995388307662327,0.28197739231824853,3.5447481180977864,0.00039787532271901005,0.8288591077975428,0.4363519328047376,1.8995197350677202,0.05757424618239651,-2.685609759029366,0.27332998269417175,-9.825522002956728,1.6493823737112137e-22,-1.3937212083530777,0.2829979336435994,-4.924845882826466,8.813633214521734e-07,0.8545714625911672,0.4321518876694379,1.9774794163223626,0.04806192770508591,1.231102277367937,0.22579104234915254,5.452396448324194,5.296167590529605e-08
1.296,0.2022334621514833,0.1989834626762721,3698,-0.17576972567923266,0.09164722059045548,-1.9178947768061179,0.055201624286951856,-3.1247486960073276,3.0616207725353988,-1.0206191191404974,0.3075019808591855,4.088764270086124,0.2297469914158011,17.7968131155467,4.903560517207336e-68,0.3192756680617461,0.45569412928284664,0.7006359036580294,0.48357453672554696,-2.318757959748912,1.1602904213461755,-1.9984289425217143,0.04574358382193343,-0.2707378965552018,0.12881254241632556,-2.101797631477296,0.03563877379083861,0.0449607989245729,0.5661889829682298,0.07940952628372805,0.9367112070304413,2.864545525786355,0.22883820595722082,12.517776539123258,3.0831061519957396e-35,-1.093101139921726,0.29625100558695594,-3.689780352832854,0.0002276935229116875,-3.3936344512585945,0.2907549151754917,-11.67180423832316,6.186808907412114e-31,0.9898783490723735,0.2886523746242232,3.4293095643541074,0.0006117663354542966,0.8091376099747116,0.44668127661029405,1.8114428617088458,0.07015377441346851,-2.8457406297050474,0.2798002631062865,-10.170614559515437,5.548807968735147e-24,-1.374870928068996,0.28969707425259694,-4.745891658091784,2.1548014564175643e-06,0.9161526560639113,0.4423818078058415,2.070954636692485,0.03843255288349555,1.266526637761089,0.23113597869364907,5.479573733692761,4.5493486058041396e-08
1.35,0.1941220342951422,0.19083898989384585,3698,-0.21349435134522377,0.09370123679961471,-2.2784582000960483,0.022756320794850838,-3.7807389948946133,3.1302384420355827,-1.2078118216566316,0.22719722653368626,4.042773720270338,0.23489612786896671,17.210899800466436,6.540619909130272e-64,0.40188726678113035,0.4659072390960552,0.8625907327837721,0.388418705309015,-2.4575807138001515,1.1862950870351363,-2.0716436750507774,0.03836816250692881,-0.23530070440405923,0.13169951540210206,-1.786648217236368,0.07407661005834909,0.10465847925202428,0.5788785259895186,0.18079523518880586,0.8565382536123521,2.848003535673799,0.23396697452524443,12.17267326490349,1.8932011089812414e-33,-1.125832864042384,0.3028906435763562,-3.7169615104289973,0.00020463093585383616,-3.43763403909701,0.2972713736650727,-11.563959209103315,2.0902427010815594e-30,0.9388270079161414,0.2951217105459304,3.181151959913264,0.0014790975472252187,0.8157956219263643,0.45669238853026684,1.7863131561087935,0.07413082492205758,-2.893189542769523,0.28607120369831557,-10.113529447796562,9.798026560802228e-24,-1.2907463703540671,0.29618982419555384,-4.357834958914307,1.3494058905022216e-05,1.0211761217801405,0.4522965591536309,2.2577578827728364,0.024019085688365714,1.2742717126647143,0.23631624541311883,5.392230696781265,7.396403023682631e-08
1.404,0.18575694890717176,0.18243982621124766,3698,-0.23676713728211876,0.09624262127169426,-2.46010690641646,0.013935180764746858,-3.4626854502856705,3.215137421410937,-1.0769945406458237,0.2815532621806402,3.9953014535917006,0.24126702960204027,16.559666110126116,1.8337601357605202e-59,0.4073100509198228,0.478543672331193,0.8511449935919946,0.39474416350906194,-2.523505213208227,1.2184700296129245,-2.071044138861485,0.038424183750000944,-0.23038967058005855,0.13527149710538602,-1.703164935038523,0.08862159944867709,0.23111356612571965,0.5945789900113138,0.38870119867727243,0.6975196703444171,2.8040388386252544,0.2403126755676914,11.668293534667967,6.4379746807666965e-31,-1.0805484726656305,0.31110570673469323,-3.4732518538694235,0.0005201165718403992,-3.4732605993472645,0.30533402981380436,-11.375281692202119,1.715561983312361e-29,0.8666119307347092,0.30312606308354884,2.858915930616795,0.004274808845728114,0.7845535803227284,0.4690788946679586,1.6725407799003218,0.09450269148246987,-3.0394133205960925,0.29383008650306197,-10.344118795896073,9.677259373970648e-25,-1.2824629851850933,0.30422314633417524,-4.2155338955582495,2.5517300929642136e-05,1.0016322359106158,0.4645638406908663,2.1560701634054418,0.03114276293856318,1.2835152365215043,0.24272566387018135,5.287925537235221,1.309089181881272e-07
1.458,0.1769875550896851,0.1736347069979809,3698,-0.2272542513101766,0.09812805787646021,-2.3158947219385686,0.02061868647936321,-3.7021615654381406,3.2781234218292763,-1.129353928770699,0.2588221298256215,3.8896417492852833,0.24599356014665905,15.81196575620238,1.543599234622907e-54,0.40183336151892357,0.4879185599316174,0.8235664607127082,0.41023927879463107,-2.4160542997642147,1.2423404101707962,-1.944760292738169,0.05187987667277074,-0.2526988814148716,0.13792152709058345,-1.8321931807563678,0.06700337105897661,0.1380994289860721,0.6062270621167835,0.22780149157951754,0.8198132156195854,2.6934031009559067,0.24502050988389812,10.992561815466647,1.1126970085684937e-27,-1.1288023126665083,0.3172004086420039,-3.5586407895851355,0.0003774831067409398,-3.5501845280819175,0.31131566195229804,-11.40380957969889,1.2504412789720832e-29,0.794206261033721,0.30906444015229984,2.569710901203498,0.010217345971233966,0.6225482029132586,0.4782683629808945,1.3016713023481499,0.19311020622357314,-3.1521837724446433,0.29958635117410076,-10.521786990932682,1.573274774298124e-25,-1.2303933516345782,0.31018301576142476,-3.966668995767735,7.4270970402558e-05,0.918697992461278,0.4736648570484375,1.9395527846122873,0.05251034821697937,1.2206268794062383,0.24748076972172525,4.9322089986173365,8.489816242738359e-07
1.512,0.16899753508822024,0.16561213667060026,3698,-0.22046757250418178,0.10028768977849714,-2.1983512930761777,0.02798609342358284,-3.7230131835689195,3.35026935107522,-1.1112578701691769,0.2665299256861507,3.8278732571365515,0.25140746063225916,15.225774316760196,8.165141931055874e-51,0.38407222471947916,0.4986568187989318,0.770213522086308,0.4412226572959439,-2.3011121527451914,1.2696822127199947,-1.81235283104077,0.07001311371861436,-0.21153042095541158,0.14095694566839193,-1.5006739820614956,0.13352564743882944,0.08237531489121908,0.6195690901927268,0.13295581751115915,0.8942355881232308,2.6332031508797957,0.2504129951857555,10.515441296992174,1.6795656715886352e-25,-1.1609808104370674,0.32418145093171125,-3.581268475109724,0.0003463489220013129,-3.6083005657755476,0.3181671909614869,-11.340894561979901,2.5092185709768787e-29,0.8013447377207735,0.3158664235929423,2.536973473171267,0.011222484560710285,0.46673256493190474,0.4887942374023457,0.9548651134111446,0.33970859808421505,-3.1793274516563708,0.3061797379730627,-10.383859731227819,6.461886515224563e-25,-1.254824725154687,0.31700961715153636,-3.958317531278106,7.690433635895505e-05,0.9485322599549433,0.48408941612249373,1.9594154062540527,0.05013950312347761,1.229838253876177,0.25292740116433027,4.862416045927483,1.208078914425193e-06
1.566,0.161313400403292,0.15789669779765625,3698,-0.1769344494640446,0.10210443221154293,-1.7328772672420985,0.08320121371942608,-3.178029807716778,3.4109605137261343,-0.931711110383127,0.35154692939600773,3.696848517331249,0.25596178432566274,14.442970567151976,4.92046140293618e-46,0.2920948836111828,0.5076901408770509,0.5753408626501582,0.5650959473338839,-2.5935448308285096,1.292682897623861,-2.0063271786111057,0.04489435308968785,-0.20152691029057912,0.14351042421589763,-1.4042667032145433,0.16032378954934678,-0.10526113262888213,0.6307927753612932,-0.16687117662150255,0.867480575976622,2.5658363080734783,0.254949303830863,10.064103998399974,1.599197580874001e-23,-1.2304693199374712,0.3300540979057796,-3.7280837527693196,0.0001958423975252046,-3.6505489632596912,0.32393088776115786,-11.269530326330997,5.505234142520578e-29,0.6804195911897686,0.321588441282084,2.1158086045540823,0.034428044882750745,0.40909335321315043,0.4976488957764536,0.8220521670702495,0.4111004356720467,-3.289717644777525,0.31172627836444156,-10.553225291232879,1.1373845910601993e-25,-1.2344119294967715,0.3227523441445983,-3.8246412516952466,0.0001331320399832998,0.8549859030585486,0.49285884520796325,1.734748014307798,0.08286913029258429,1.2058932535155145,0.25750925904928235,4.682912210487661,2.9303179353692925e-06
1.6199999999999999,0.15597908739144228,0.15254065347261325,3698,-0.14002180644875403,0.1036231383188199,-1.3512600440448488,0.17669516452454606,-3.519295311953744,3.461695300176382,-1.0166392494955945,0.30939187220336134,3.6843697134823934,0.2597689718949497,14.183255554371401,1.6932253442759743e-44,0.1330524243809273,0.5152415478126169,0.2582331043484013,0.7962414432534668,-2.584871989786631,1.3119103235922696,-1.970311494088057,0.04887749800275626,-0.18479100184021474,0.14564500498770033,-1.2687767895357638,0.2046008892363221,-0.34113881163614884,0.6401752166482942,-0.5328835024608068,0.5941463848586386,2.509345163490366,0.2587414317178458,9.698273472594735,5.605201254663844e-22,-1.284424648564956,0.3349633380177346,-3.834523073975792,0.00012791267461419582,-3.6922440797376828,0.3287490509586111,-11.231193121231335,8.380567158792424e-29,0.5521622774421262,0.32637176282088753,1.6918200051061165,0.09076491456793749,0.32276057307620115,0.5050509487620624,0.6390653732407081,0.5228201573122087,-3.2919242641073945,0.3163629096300653,-10.405531634402912,5.181435620603311e-25,-1.1807996124874731,0.327552977629096,-3.6049118558908333,0.00031639540050341756,0.7787022603271557,0.5001896507570508,1.556814018739829,0.11960059120480807,1.171719668610676,0.26133946383009204,4.483516004197747,7.5660013564012974e-06
1.674,0.15028889796703893,0.14682728293974545,3698,-0.07993381591322506,0.10503212974643888,-0.7610415603891457,0.4466809795120248,-2.9927335648607727,3.5087648937257567,-0.8529307763573067,0.39375317220212325,3.581568789998986,0.2633011198350677,13.602558136640235,3.757509936355082e-41,0.04626839787578634,0.5222474244517465,0.08859478421431899,0.929408771534474,-2.3833474550405924,1.3297487178904537,-1.7923291994758181,0.07316231859492989,-0.17392101265031754,0.14762537893537803,-1.1781240725989957,0.23882328247885085,-0.4124061870339058,0.6488798496778051,-0.6355663336420171,0.5250986161723972,2.492231598093907,0.26225960792033304,9.502918188038228,3.56178525290127e-21,-1.341266904171273,0.3395179237935633,-3.9505039651067198,7.944785725177767e-05,-3.761352160527723,0.3332191394171695,-11.287923518158857,4.49795918709721e-29,0.5029349161371913,0.3308095266590825,1.520315697121666,0.12851751430629857,0.21648783500835098,0.5119182611100743,0.42289531641029127,0.6723963364520517,-3.294032270226388,0.3206645804240332,-10.272516739673899,1.9961348426770112e-24,-1.1570447330783182,0.33200680275983563,-3.4850030886725287,0.0004978733089241785,0.7956394902164996,0.5069908627405371,1.5693369421209558,0.11665537570749383,1.1291353360566365,0.26489296616759334,4.262609734009515,2.0711791481073934e-05
1.728,0.14700548993336393,0.1435304987190783,3698,-0.02690913224732204,0.10631728797321273,-0.2531021319326915,0.8002034211454416,-3.3609858792462584,3.551697642779527,-0.9463040543665144,0.3440556225175011,3.520493232808332,0.26652283495301976,13.208974133225368,5.911890266925642e-39,0.01197711755123776,0.5286375697869492,0.02265657652002441,0.9819254415381815,-2.0330043717205033,1.3460193344005107,-1.5103827409923214,0.13103159881246942,-0.17157793799407905,0.1494317021116996,-1.148203062465455,0.2509593362199744,-0.6072772323191039,0.65681945138839,-0.9245725458273756,0.35524888771372853,2.4542481605609,0.26546857924637357,9.244966645499634,3.8791403905148034e-20,-1.3561391830658351,0.3436722169032416,-3.9460250679723874,8.09415175337972e-05,-3.759106953563152,0.3372963614955402,-11.14481916405984,2.149550327661896e-28,0.41949667627211884,0.3348572650578699,1.2527626545585673,0.2103716526226848,-0.006449539142202177,0.5181820202691965,-0.012446474192314951,0.9900700811183285,-3.4683648321732203,0.32458818670110096,-10.685431492203644,2.878386650698956e-26,-1.1401523909207867,0.33606919085899867,-3.392612063029454,0.0006996018133833601,0.6947863680691625,0.5131943309528177,1.3538465375858566,0.17586843468477875,1.0826681453082705,0.2681341588912546,4.037785225818099,5.505699819405437e-05
1.782,0.14235115607979698,0.13885720370098031,3698,0.028278056919129782,0.10712753060703907,0.26396629100747426,0.791820666056259,-2.9971154534964266,3.5787650831507065,-0.8374719725547892,0.4023816796502808,3.469942195949948,0.268554001923923,12.920835925330678,2.204097702870731e-37,-0.07148532061248354,0.5326663096565333,-0.134202819507353,0.8932495311711236,-1.8789691560061734,1.356277329797841,-1.3853871289629547,0.16601804089072894,-0.14414030644464812,0.15057051912071362,-0.9572943447786725,0.33848155900917865,-0.784031153001409,0.6618250636682611,-1.1846501379923615,0.23623226496888827,2.4384115553500685,0.26749171174859576,9.115839662508233,1.252790512960728e-19,-1.3608156486562029,0.346291338285145,-3.929684338612226,8.66192199771912e-05,-3.8056937249867406,0.33986689256840813,-11.197600614248515,1.2098043023837994e-28,0.36874389282028225,0.3374092078093134,1.0928684940592304,0.274523040292013,-0.13385024418426145,0.522131078535338,-0.2563537197589023,0.7976920419237599,-3.4082368137042307,0.3270618689433331,-10.420770922380877,4.435041701947474e-25,-1.0824878433244118,0.3386303696808107,-3.196664978232026,0.0014020264774778645,0.641737547571793,0.5171053781051935,1.2410189000997895,0.2146778282884718,0.9789945656562785,0.27017760574040295,3.623522249275294,0.0002945433622943699
1.836,0.138418654460702,0.13490868157012903,3698,0.09796497659300309,0.10806556521145769,0.9065327738887939,0.36471324599402966,-3.0388039189841147,3.610101617000203,-0.8417502445566046,0.39998243411877543,3.395755041292949,0.2709055258088877,12.534831215249959,2.50865888284696e-35,-0.31124535563775996,0.5373304648763397,-0.5792438284871665,0.5624600962495641,-2.1813677256794524,1.3681532225896353,-1.5943884717462915,0.11093488057852881,-0.12147455935286687,0.15188895105450473,-0.7997590246658312,0.42390201960035634,-0.8442909947532233,0.6676201642206078,-1.264627762911961,0.2060848348955821,2.3572303051986316,0.2698339339634973,8.735855681952566,3.608421880636824e-18,-1.3812561371654348,0.3493235491153698,-3.9540882390074783,7.827136019993631e-05,-3.9227002495716663,0.3428428493959283,-11.441686056697012,8.207775900442151e-30,0.22572253788864607,0.34036364455382856,0.6631805173685288,0.5072564629685756,-0.14700327985711642,0.5267029847198009,-0.2791009052954584,0.7801830632765776,-3.421052235148192,0.3299257018825992,-10.3691595278186,7.504294909123247e-25,-1.089831749955565,0.34159549921443966,-3.1904160109305577,0.0014326155535807463,0.525332887555183,0.5216332780394591,1.007092357162543,0.31395657076135336,0.8376739955182159,0.2725433462936237,3.0735441055888058,0.0021308111226795924
1.89,0.13534179522315481,0.13181928759913175,3698,0.18837286514935314,0.10929269509468562,1.723563180376845,0.08487067880920074,-3.6031488469341344,3.6510958371945996,-0.9868677809626311,0.323772305128999,3.3112168486586193,0.27398177184157324,12.085537028256361,5.266474471151165e-33,-0.4104451038877979,0.5434320779973028,-0.7552831724626957,0.45012740298246223,-2.2183909648663986,1.3836891770908601,-1.6032437064590321,0.10896663098028318,-0.11411179509216801,0.1536137138909033,-0.7428490087363578,0.45762049048046716,-0.9288755003486289,0.6752012716025714,-1.3757016454426527,0.16899770003990183,2.292834803745092,0.2728980116206829,8.401801061606996,6.198996031650811e-17,-1.3765318149752355,0.35329026474023995,-3.8963196905166457,9.940148515108999e-05,-4.0020438236464715,0.3467359739534275,-11.542049640871742,2.6733960452782268e-30,0.04852998202041485,0.3442286166990174,0.14098183493805203,0.8878920047797962,-0.291413137134639,0.5326839183397779,-0.5470657684633876,0.5843667025488068,-3.5312217645816846,0.33367214680455815,-10.582908397955158,8.36603880011114e-26,-1.1017001998988698,0.34547445958670964,-3.188948326938065,0.0014398886486989876,0.3180965064064109,0.5275566430106766,0.6029618063210955,0.5465712336990356,0.775289707753233,0.2756381904658391,2.812707870571069,0.004938657141530809
1.944,0.13356033192303496,0.13003056684395986,3698,0.2616228923487004,0.1099482757289358,2.379508824619497,0.01738638079181739,-3.4702692390311825,3.6729965481486353,-0.9448060169782525,0.3448199127246502,3.2436251831474556,0.275625222427189,11.768245135854043,2.064654185300852e-31,-0.6432240029911865,0.546691797652461,-1.1765751850553505,0.23944116551746178,-2.391550998991258,1.3919890897935019,-1.7180817123689083,0.08586578513838207,-0.13492703432838518,0.15453514945340707,-0.8731155002963659,0.3826570625766801,-0.9754365229850126,0.6792513947832675,-1.4360464041391487,0.15107408824637739,2.1974628584231386,0.27453496138561373,8.00430971462526,1.5960942886166583e-15,-1.466343991443823,0.35540943890491916,-4.1257879812137075,3.776381730169529e-05,-4.043237900848429,0.34881583290031143,-11.591325620829695,1.5362189976096555e-30,-0.08484367892208822,0.34629343552947167,-0.24500516099118347,0.8064660885629422,-0.43384869630478895,0.5358791662997401,-0.809601722904299,0.4182214329914825,-3.6373285083541935,0.3356736437705195,-10.835907363763187,5.909959432712142e-27,-1.142648542784984,0.34754675147352676,-3.287754922008015,0.0010193794655351824,0.22627811903181147,0.530721135553643,0.426359728062762,0.6698706658384679,0.6507596951094738,0.27729157690280654,2.3468426353879894,0.01898596320444779
1.998,0.1322250782738491,0.12868987354112438,3698,0.328999676963307,0.11031251469827917,2.982432934859378,0.002878423899372146,-3.1594685928916384,3.685164528667017,-0.8573480419433183,0.39130836394731194,3.219183199097267,0.2765383194837488,11.641002249189002,8.768739756082052e-31,-0.6296782086421591,0.5485028897828762,-1.1479943321564194,0.2510454834190038,-2.3741425997282333,1.3966005006413953,-1.699943970117365,0.08922592310233848,-0.10626143179036879,0.15504709675945672,-0.6853493810027605,0.4931666219806987,-1.049175031468588,0.6815016331459942,-1.5395047941782836,0.12376703761317194,2.143148324359446,0.2754444466023746,7.780691717677818,9.30095237994615e-15,-1.5224810751957782,0.35658684679843433,-4.26959403821303,2.0076877793451145e-05,-4.113578831585049,0.3499713973566335,-11.754042937952336,2.4280681164420115e-31,-0.17598604513293434,0.3474406437345244,-0.5065211808305402,0.6125211526888936,-0.4425484041057776,0.5376544381167062,-0.8231093667820066,0.4104991084242883,-3.595935493437993,0.336785670505201,-10.67722236532169,3.13619887638628e-26,-1.2089834013985472,0.3486981116901021,-3.4671349252186516,0.0005320583664694667,0.19966718861328295,0.532479319737444,0.37497641920015834,0.7076996007126338,0.5905668309305823,0.27821019429365745,2.1227361291701086,0.03384252106846743
2.052,0.131445721753772,0.12790734202164444,3698,0.3887795041955302,0.11050520205927654,3.518200925844047,0.00043973590519529287,-2.7098868275624564,3.69160155559739,-0.7340680695763581,0.46295399373230306,3.190934638041115,0.2770213602261497,11.518731391096185,3.472138363983403e-30,-0.8678151133970912,0.5494609821137488,-1.5793935177319598,0.11433172105706409,-2.3401644648378133,1.3990399996009852,-1.6726930363000647,0.09447269637084636,-0.09538096114776153,0.15531792383638987,-0.6141014429746997,0.5391862347837519,-1.240837155324255,0.682692039797184,-1.8175649970854886,0.0692118858352366,2.114157362785892,0.27592557663247463,7.662056517514838,2.3247321938235887e-14,-1.5630838709225898,0.35720971156281667,-4.375815719242325,1.2433411123409142e-05,-4.11812829002179,0.3505827066461158,-11.746524320661086,2.6454905537087903e-31,-0.32409909352952115,0.3480475324536107,-0.9311920450771146,0.3518152822492343,-0.5295394673811374,0.5385935810153392,-0.9831893398782563,0.32557885939935416,-3.6029912157891046,0.3373739477487111,-10.679518201781097,3.061874226364077e-26,-1.2763063073642478,0.34930719687966655,-3.653821961772877,0.0002619662108576984,0.16856598129976008,0.5334094230460896,0.3160161294810778,0.7520081774580469,0.45692551793196334,0.2786961553678623,1.639511378723,0.10119223050886174
2.106,0.1319140066661657,0.12837753466725,3698,0.43564092151906586,0.1102431256517863,3.951637972376439,7.907383562723735e-05,-3.2993434960680306,3.682846477505615,-0.8958677795069725,0.37038194829586935,3.163160468084681,0.27636437067694114,11.44561601894149,7.856387638733413e-30,-0.9524753069767792,0.5481578691601054,-1.7375930558767205,0.08236615666339672,-2.020797058008011,1.3957220075951982,-1.4478506801578668,0.14774395535668972,-0.10479604916653679,0.15494956865727308,-0.6763235940225887,0.4988776960756829,-1.3978775117232005,0.6810729533299581,-2.0524636970071746,0.04019516076923209,2.126404374443236,0.27527118586614924,7.7247619206944576,1.4348377778194198e-14,-1.5730773550799582,0.3563625456721395,-4.414261190420444,1.04262887973754e-05,-4.141659761280339,0.34975125749644836,-11.841729436304876,8.897681008538056e-32,-0.5199007992822408,0.34722209577514235,-1.4973148472063929,0.13439706875847307,-0.5672644713608646,0.5373162414134073,-1.0557366921734557,0.2911577942724966,-3.565497514160896,0.3365738247630135,-10.593508026571628,7.495563390321953e-26,-1.3123702444072247,0.34847877275516603,-3.7659976647394497,0.0001684769676975738,0.1806665497058006,0.5321443782997041,0.3395066396887671,0.7342474592508977,0.4155993760839026,0.2780351938400876,1.4947725514307921,0.13505950654934243
2.16,0.13010329406538546,0.12655944545348452,3698,0.5029228702337096,0.11114706918553177,4.524841490819769,6.234886568083644e-06,-3.9546921629735814,3.7130441450648033,-1.0650808362270523,0.2869091886799048,3.1374037826678403,0.27863043293120027,11.260090111701945,6.106147571553564e-29,-1.158187167154348,0.552652514593727,-2.095687862753632,0.036178007011339844,-1.9943348185099279,1.407166293814522,-1.4172701743045022,0.15648856140158274,-0.10956222646952446,0.15622008470819496,-0.7013325250346447,0.4831398424281914,-1.4448244397769057,0.6866574420545988,-2.1041415286401604,0.03543373524391028,2.0960153876942473,0.27752828450172407,7.552438813425614,5.3565339601006434e-14,-1.570378507587381,0.35928455660864805,-4.370848895957199,1.271815602412287e-05,-4.185575461676887,0.3526190588742129,-11.869963793335332,6.430782766142644e-32,-0.6292363724627954,0.35006915917609194,-1.7974630325725913,0.07234404887423825,-0.6286204073738213,0.5417219904261503,-1.1604114628599655,0.24595655465990562,-3.552526993530055,0.3393335771804431,-10.469128999989803,2.7035325590845263e-25,-1.3583666425696006,0.3513361403362936,-3.8662878270063326,0.00011241183836914953,0.1668357783434711,0.536507720385109,0.3109662209962519,0.7558439039892858,0.3366443172280038,0.28031495608503026,1.200950252279392,0.22984774923516865
2.214,0.13080192304317229,0.12726092055692773,3698,0.5640586702628595,0.11120865551846605,5.0720752591887805,4.129146103957771e-07,-2.6576828857516523,3.715101534203296,-0.7153728804673417,0.474424024236774,3.087480826385733,0.2787848214070626,11.074780939661,4.5911608734124645e-28,-1.2526747474091555,0.5529587380687151,-2.2654036570328837,0.023545768437658772,-2.1055533032593416,1.4079460013902574,-1.495478733687401,0.13487524624168654,-0.12441821013318258,0.15630664589436352,-0.795987972368545,0.426090340711455,-1.582497731920149,0.6870379173487119,-2.3033630196525805,0.021313886458227484,2.0706034328562306,0.27768206227970105,7.456741770991934,1.0999031654398816e-13,-1.5530409532732472,0.35948363534714817,-4.320199309694579,1.6000315072725427e-05,-4.2466949824608475,0.35281444427589675,-12.03662449584967,9.325241133040684e-33,-0.7076049062679425,0.35026313168427436,-2.020209500398616,0.04343393712300487,-0.6424320629143335,0.5420221573230796,-1.1852505552303525,0.23599488666294421,-3.6140669026416385,0.33952160112757146,-10.644586060619138,4.408099970357264e-26,-1.4510603211560813,0.3515308148757948,-4.127832496473402,3.743124453886323e-05,0.1317398823270212,0.5368049980671168,0.24541478339691192,0.8061489608312513,0.24660232110093797,0.28047027795126045,0.8792458256264574,0.3793253791782
2.268,0.1308398355289181,0.12729898749332158,3698,0.6070023700221145,0.11135349849297474,5.451129764552571,5.333730012814782e-08,-3.8797089366028845,3.7199402435133506,-1.042949263329735,0.29704026266734146,3.092039541176997,0.2791479228454553,11.076706248281287,4.496641228750641e-28,-1.34292822354903,0.5536789355032498,-2.4254638156469075,0.015336609274267792,-2.068277184428341,1.409779771305362,-1.4670923973559746,0.1424363273819712,-0.11914616541193383,0.15651022644680584,-0.7612676060655297,0.4465459971922292,-1.7126049929299951,0.6879327453194765,-2.4894948010283477,0.012836290287660373,2.0215157783150177,0.27804372743679506,7.270495892681301,4.3528444159380634e-13,-1.5178607739748065,0.3599518424195935,-4.216844019388144,2.5370272208515514e-05,-4.306740828117324,0.35327396510474146,-12.190937497588951,1.5264973862400308e-33,-0.7515229272592776,0.3507193295729851,-2.14280441335893,0.03219417442911019,-0.6490046720485525,0.5427281104806848,-1.195819157908995,0.23184414265006748,-3.6046388931047058,0.33996380878117544,-10.603007731993332,6.792077615791503e-26,-1.4298757632304313,0.3519886638500558,-4.062277880174989,4.960890996493863e-05,0.02914808434393956,0.537504156170312,0.05422857481069185,0.9567559967924373,0.2246789418812526,0.28083557460133096,0.8000373250440322,0.4237407844041928
2.322,0.13135313133894655,0.12781437440523769,3698,0.6438864026404991,0.1116470350022439,5.767160790499794,8.725432351285073e-09,-4.332918957444543,3.7297462962063395,-1.1617194879586614,0.24542472762860398,3.0957596342655656,0.2798837785477974,11.060875518860714,5.334934362821354e-28,-1.4000374904060338,0.555138476372491,-2.521960825980698,0.01171211249197444,-1.971415479957953,1.4134960607664726,-1.3947088603055229,0.16318778570403675,-0.10498807600372898,0.15692279961386282,-0.6690428431182167,0.503510094003044,-1.780328039871953,0.6897461897052024,-2.5811350123338346,0.009885943145066177,1.9932323627181097,0.2787766723938961,7.149925227250658,1.0422491224556617e-12,-1.460306088643053,0.36090070355784964,-4.046282188554883,5.310571101886382e-05,-4.307638288375901,0.3542052228374212,-12.1614194558421,2.1614502993870083e-33,-0.8299648050745398,0.35164385308710316,-2.3602426085035395,0.018314854766620915,-0.6491312074421289,0.5441587841208381,-1.1929077070599678,0.23298238455270087,-3.6635534590465517,0.34085997990339456,-10.747971821405564,1.4943858374458448e-26,-1.5401713080416586,0.3529165334283554,-4.364123417738162,1.311365835283607e-05,-0.0786579467711822,0.5389210590593564,-0.14595448711630113,0.8839653072380937,0.2031904276359245,0.28157587908536363,0.7216187277686683,0.47057474215065875
2.376,0.13175057198098195,0.12821343416993214,3698,0.6937773578969741,0.11133532112069941,6.231421896604091,5.143451408161807e-10,-3.958918660640456,3.7193329995599638,-1.064416297521313,0.28720995163877006,3.0411879651337905,0.27910235467039013,10.896317835531429,3.112143128301544e-27,-1.4662922611402198,0.5535885528186654,-2.6487040847835623,0.008114598569733424,-2.3049024277812804,1.4095496385113675,-1.6352048660134448,0.10209158639473388,-0.1129570402279403,0.1564846776792366,-0.7218408978001056,0.47043813839042503,-1.9755475626722538,0.6878204470102064,-2.8721849884799067,0.004099744887526402,1.928375125568512,0.2779983395108579,6.936642603554812,4.722718290660034e-12,-1.441365950755283,0.35989308379297286,-4.004983745629364,6.324599379468296e-05,-4.365240054461631,0.35321629657644377,-12.35854658115101,2.0878646774210383e-34,-0.9331450966340612,0.3506620780640151,-2.661094982913182,0.00782250805563331,-0.6957359378979968,0.5426395154114503,-1.2821328306149302,0.19987677303731916,-3.6645693294667288,0.33990831300604496,-10.781052387505326,1.0550153649926701e-26,-1.6075748204200864,0.3519312051346486,-4.56786666531895,5.0884998542924925e-06,-0.15078592079573777,0.5374164138606542,-0.2805755777210683,0.7790517132782627,0.13250195762354214,0.2807897309335812,0.47189032584273716,0.6370330362456396
2.43,0.1337185036891183,0.13018938298171379,3698,0.7163961539210464,0.11125748009400736,6.439083046962103,1.3571140320167799e-10,-4.373691628951656,3.7167325965936713,-1.176757142270627,0.23936852064249764,3.0178796257597367,0.27890721791036627,10.820371191431866,6.966006888595806e-27,-1.4170849204199567,0.5532015067232968,-2.561607123620438,0.010458391051240301,-2.359507120158524,1.4085641400196878,-1.675115142520627,0.09399655778291476,-0.10106838000501356,0.15637527009995705,-0.6463194592112255,0.518112769827712,-2.1030668924734908,0.6873395515563997,-3.059720465250898,0.002231390304759489,1.9824041946569637,0.27780397463232354,7.135982115737172,1.151966155679536e-12,-1.4235411767133255,0.35964146151479714,-3.958223200176699,7.693457898461177e-05,-4.453586195509802,0.3529693424302383,-12.617487300302912,9.202074182376618e-36,-1.0090020788889553,0.3504169097211774,-2.8794331862917413,0.004006889706508719,-0.7265436998611885,0.5422601244277254,-1.3398434941679453,0.18037891399502992,-3.6094221004627993,0.33967066324854467,-10.626240329214726,5.335524525907179e-26,-1.7309678191520066,0.3516851494709392,-4.921924686771687,8.945371285147673e-07,-0.2597978433639969,0.5370406746523331,-0.4837582247046439,0.6285862341617062,0.07096348762247182,0.280593414430243,0.2529050361590497,0.8003557157295041
2.484,0.13371273516370075,0.13018359095605692,3698,0.7579028938758702,0.1113158448432694,6.808580529959442,1.1462023455027001e-11,-4.049171226941643,3.718682363619591,-1.0888725712513851,0.2762813460687794,2.8890832957893577,0.2790535303185473,10.35315085421564,8.829677922071756e-25,-1.3452796204085955,0.553491711635398,-2.430532548416502,0.015124105073534264,-2.9089876946522697,1.4093030610592643,-2.0641321054577206,0.03907509009785151,-0.10651949656006944,0.15645730326682777,-0.6808215042439237,0.4960272522616548,-2.1797825281158083,0.687700124171837,-3.169670109832846,0.0015386357952461693,2.012851879593754,0.27794970828825133,7.241784465218074,5.365501904858197e-13,-1.4127342080748675,0.35983012643609324,-3.9261143086243857,8.790878817766493e-05,-4.5096292339714,0.3531545072133227,-12.769564431036306,1.4313747505005634e-36,-1.0967157126218692,0.350600735519279,-3.128104426242889,0.0017731187956327784,-0.7686897260216169,0.5425445895816214,-1.4168231345084195,0.15661924496254642,-3.67495408400828,0.3398488516550717,-10.813495664649649,7.491202314375708e-27,-1.7432692841896795,0.3518696405770717,-4.9543043308047,7.585447759245861e-07,-0.27651476160962063,0.537322401726262,-0.5146161051935643,0.6068521964240396,0.027498308935451236,0.28074061140310236,0.09794916666320035,0.921977989759537
2.538,0.13263084611139897,0.1290972944252694,3698,0.7792862071936365,0.11176266682197118,6.972688012491469,3.6694079819767194e-12,-4.30582855242306,3.7336091605568598,-1.1532617280649844,0.24887783255642254,2.8795568680768033,0.28017365163421637,10.277757566711658,1.8934053561058235e-24,-1.3645664721693451,0.5557134282484838,-2.4555218621767545,0.014113920325675093,-2.7964214362826763,1.4149600057935885,-1.976325426042192,0.04819245158872234,-0.08029366347481055,0.15708532313162293,-0.5111468205564431,0.6092789007130825,-2.0915047627505245,0.6904605535668488,-3.029144462990716,0.0024694957774341417,2.0452141312319014,0.2790653988605306,7.328798695871445,2.83974018180851e-13,-1.3744667752136797,0.3612744851373821,-3.8044944543786707,0.00014440121502344813,-4.506664625295793,0.35457206996840657,-12.710151213256447,2.968348047617048e-36,-1.0932192225001893,0.3520080474307108,-3.1056654257751832,0.001912955067440802,-0.7499576291738499,0.5447223644293273,-1.376770402954788,0.16866694885075137,-3.685802780825155,0.341213005487528,-10.802058308295868,8.45323430774158e-27,-1.6996454041318567,0.35328204587542883,-4.811015515719615,1.5618534750652892e-06,-0.20209021482690281,0.5394792147035894,-0.37460241158306523,0.707977752126738,-0.028542552427798386,0.28186750466493493,-0.10126230216472752,0.9193477544139395
2.592,0.13257719517279432,0.1290434249195601,3698,0.7975478680185394,0.11212908617917601,7.112765252934484,1.3603253162996804e-12,-4.473615547445588,3.745849980390235,-1.19428582854766,0.23244310983559927,2.860579700788499,0.2810922146236005,10.176659302424966,5.2236719643514294e-24,-1.3739098297933978,0.5575353618418658,-2.4642559446894436,0.013775164156600855,-2.854912111901199,1.4195990212227685,-2.011069371858348,0.044390884568012774,-0.03783200110420766,0.15760033502928897,-0.2400502581239871,0.8103046579957309,-1.9980421738939147,0.6927242621862597,-2.884325384515955,0.003945300864335838,2.0781037603237347,0.2799803283891134,7.422320604737666,1.4217830163776014e-13,-1.3818292547823812,0.36245894116713495,-3.8123745832640394,0.00013989044058970458,-4.532464608821727,0.35573455180294944,-12.741142477867532,2.029791779863412e-36,-1.1232232969810165,0.35316212299223926,-3.1804749826064995,0.0014825481783442465,-0.7324766802657939,0.5465082632836132,-1.34028473030731,0.18023548929974118,-3.673803334919276,0.34233168897724664,-10.73170685978609,1.7727564766761105e-26,-1.7215980109245324,0.35444029830302953,-4.8572298893977575,1.2399355328691245e-06,-0.14410023792704024,0.5412479236356332,-0.2662370267567958,0.7900715758083755,-0.041769506858918934,0.2827916210341405,-0.14770418835668486,0.8825843134794519
2.646,0.1321126024332271,0.1285769394882239,3698,0.825387559479049,0.11218823413271918,7.357166871016187,2.304205524134204e-13,-4.749435009618288,3.7478259115974666,-1.2672506999114848,0.20514580570158925,2.829461854771341,0.28124049041731686,10.060648986114563,1.65477474575397e-23,-1.3623760309365003,0.5578294610520225,-2.4422805284740003,0.01464152263712019,-2.906768778621752,1.4203478579413968,-2.04651893011246,0.040776207801017816,-0.04015303352314451,0.15768346901006364,-0.25464326587450886,0.799012859716999,-1.8909285306315562,0.6930896733732603,-2.728259564781028,0.006397172918520029,2.0778105649359677,0.28012801766422357,7.417360756204482,1.475220026298729e-13,-1.3451480503075597,0.36265013780793515,-3.709216983725427,0.00021096792391954845,-4.503174113228508,0.35592220133672087,-12.652130427144305,6.033419482988885e-36,-1.1323869886131694,0.3533484155730115,-3.204732039838982,0.0013634285639488207,-0.8008742282915758,0.5467965457129911,-1.4646658516236275,0.14309748080241416,-3.6992600365824675,0.3425122685175421,-10.800372356276652,8.605047093484433e-27,-1.8229085840697108,0.354627265119689,-5.140350907464679,2.88488489875283e-07,-0.11235911750197314,0.5415334312423873,-0.2074832522235951,0.8356439450457281,-0.0778004143880897,0.28294079326262545,-0.2749706519550025,0.7833542136195599
2.7,0.13546495853883,0.13194295266650036,3698,0.8824800687097151,0.11266837688427765,7.8325444380557245,6.206401677429876e-15,-5.544163713767354,3.7638658418046553,-1.4729971648269753,0.14083727647858432,2.8553490858517216,0.2824441423328901,10.109429291992159,1.0205292779277495e-23,-1.3566613762346793,0.5602168573275808,-2.421671819563591,0.015497302002636944,-2.811694431148332,1.4264266569701383,-1.9711454615694228,0.04878201519717204,-0.05686556083968042,0.1583583220841945,-0.3590942369889892,0.7195451829628162,-1.7896592489129062,0.696055955759491,-2.5711427854390623,0.010175273034845625,2.1461991825395557,0.28132690842339897,7.628844302762219,2.997258359700985e-14,-1.3971890985350621,0.36420220640377543,-3.836300478053827,0.00012699460298650034,-4.585905801961959,0.357445475737211,-12.829665258746914,6.82289332423564e-37,-1.148481844709086,0.35486067469558,-3.2364303136556907,0.001221068216508698,-0.8415828239199745,0.5491367233620191,-1.5325560795997974,0.12547118162177973,-3.8170624971897373,0.34397815114168606,-11.096816715017091,3.6177289249420377e-28,-1.8119438358179933,0.3561449974573849,-5.087657692102791,3.80615731069552e-07,-0.15588277175216197,0.5438510838353502,-0.2866276750849598,0.7744135483169042,-0.16585556573218158,0.2841517221274522,-0.5836866463114005,0.559466905482058
2.754,0.13510606607886744,0.13158259812427286,3698,0.89946191356604,0.11330140561478613,7.938665091447532,2.6907540944449052e-15,-4.5027543073407275,3.7850131706428884,-1.1896271173545032,0.23426968730474507,2.812068644366999,0.2840310583940328,9.90056742479849,7.961346783899796e-23,-1.2758806713671047,0.5633644429750403,-2.2647518622747587,0.023585800123946465,-2.8924850293198827,1.4344410535630057,-2.0164544385670253,0.04382495123475955,-0.04587489840785718,0.15924806036184247,-0.2880719445098453,0.7733078815423062,-1.8385033938031852,0.699966755135698,-2.62655816196123,0.008661058069774984,2.158083720327632,0.2829075472913934,7.628229578848303,3.0113583095531386e-14,-1.4373424986768375,0.36624848120371295,-3.9245009124757733,8.849751423367034e-05,-4.672748443593102,0.359453787758643,-12.999580482180486,8.25766459944997e-38,-1.1689093800313155,0.3568544639789798,-3.275591306881253,0.0010641752934592433,-0.8391004489270497,0.5522220551337058,-1.5194982545995632,0.12872298663239434,-3.8166314546343543,0.3459107968259629,-11.033571341673401,7.160560307284173e-28,-1.8329429374922763,0.35814600272480746,-5.117865126364888,3.2480946773365873e-07,-0.16465134343466908,0.5469067181730983,-0.3010592811598197,0.7633862895904171,-0.2315315478790697,0.28574823224772217,-0.8102641477702978,0.41784074034527996
2.808,0.13387665521207326,0.1303481787938715,3698,0.9249350514626029,0.11429781726673693,8.092324714338867,7.874157057216708e-16,-4.09911420527421,3.818299882361526,-1.0735443342755486,0.2830973085094441,2.817351916725549,0.28652892551725234,9.832696338212848,1.5387796847343046e-22,-1.3535430323178568,0.5683188642571877,-2.3816612775769532,0.01728525938028255,-2.8363326934234823,1.447056023095389,-1.960071101709179,0.050062794052303884,-0.060052795077844376,0.16064854274804155,-0.37381475144801135,0.7085636665292474,-1.789739367397904,0.7061225042811824,-2.5346017957887073,0.011298605015611255,2.1330798096134096,0.2853955338703452,7.474117694436188,9.658194751519449e-14,-1.5010976850624447,0.36946939670957535,-4.062847148995119,4.9488579035288194e-05,-4.744312745124439,0.36261494838606084,-13.083610497141915,2.8793336130106983e-38,-1.1529767102655784,0.35999276525626694,-3.202777448721261,0.0013726894917017232,-0.8550394918272591,0.5570784864128571,-1.5348636012369357,0.12490325418456016,-3.786306370372512,0.34895285571854906,-10.850481113203413,5.064333017711176e-27,-1.8797777208221371,0.361295662239429,-5.2028792960609005,2.0693001913043233e-07,-0.18051848988590816,0.5517164045451334,-0.3271943491235102,0.7435394944521391,-0.23678039712294208,0.2882612007902662,-0.8214091819287861,0.4114664165100377
2.862,0.13338804788904668,0.12985758094671518,3698,0.9330214866145954,0.11481495832999862,8.126306016093526,5.982617068257723e-16,-4.519045050404224,3.835575799857031,-1.1781920854158767,0.2387961765895864,2.815951385531468,0.28782532711739334,9.78354272618596,2.4734248378372037e-22,-1.2355777082104122,0.5708902258873731,-2.1642999865514785,0.030505415410275613,-2.9113043208521434,1.453603235529345,-2.0028190978757427,0.04526989125210608,-0.07759424065278517,0.1613753979076137,-0.4808306697233201,0.6306654195842079,-1.674215037619838,0.7093173591908329,-2.3603187147847757,0.01831110325703355,2.080864172388987,0.2866868074341388,7.258318549823848,4.757085405251703e-13,-1.46563767022258,0.371141062899063,-3.949004345609638,7.994503589052016e-05,-4.81036173511424,0.3642556015887841,-13.206006205897033,6.138641490880874e-39,-1.239503940585426,0.36162155437790594,-3.427627378898176,0.0006155570732453288,-0.8351692844025091,0.5595989908955581,-1.4924424418027278,0.13566886998944047,-3.8149396197048944,0.35053169471259,-10.883294370378866,3.574583371434503e-27,-1.8980264473633421,0.3629303463251828,-5.229726493200778,1.7921365328210018e-07,-0.16914750254794342,0.5542126482607902,-0.30520325199858916,0.7602286070649602,-0.2685620495767588,0.28956544007880725,-0.9274658243182189,0.3537455185389382
2.916,0.13078940133530592,0.12724834783721506,3698,0.9606473066018715,0.11559069886775408,8.310766489100791,1.321482720056334e-16,-4.509745810134846,3.861490642982532,-1.1678769229521209,0.24293203145603334,2.74176161365633,0.289770002073386,9.461854553743498,5.230447943219676e-21,-1.2175212186285265,0.574747412244192,-2.1183587654175295,0.03421150248742127,-3.534306621157256,1.4634244206084843,-2.415093373723878,0.015779594158242097,-0.11309296127551925,0.16246572132691547,-0.6961035248041785,0.4864079356967279,-1.661640397288946,0.7141098203619329,-2.3268695513062334,0.020026184950422417,2.015087528507035,0.2886237900486093,6.981709748069135,3.4441510983132776e-12,-1.4892084405071135,0.37364865574153,-3.9855849007450135,6.86184283981231e-05,-4.861574399108349,0.36671667321539886,-13.257031256533024,3.2106417325158807e-39,-1.3328639068946728,0.3640648292188966,-3.661061986554265,0.00025469870068256826,-0.8498499127656737,0.5633798886848256,-1.5084846474544806,0.1315163298521376,-3.788539520761803,0.3529000415666221,-10.735446513248952,1.7045167502843356e-26,-1.9262991098386846,0.36538246394226953,-5.272007553550901,1.426970132708872e-07,-0.1507521877088772,0.5579571535416876,-0.27018595738393697,0.787032337760881,-0.2686211583705066,0.2915218720060524,-0.9214442694197904,0.3568788945513318
2.9699999999999998,0.1316475915980262,0.1281100342579855,3698,0.9638192538422541,0.11622823970583245,8.292470541424613,1.5371858600231542e-16,-4.072443630284156,3.882788705931139,-1.0488450283331954,0.294318288346154,2.7180062766576807,0.29136822936832774,9.328423632700748,1.8034986897155488e-20,-1.1115259400573352,0.5779174332794031,-1.923330005378036,0.054515644935076206,-3.8492207223497394,1.4714959422855574,-2.615855478589395,0.0089367612856886,-0.14375988836473,0.163361801488627,-0.8800092007723014,0.3789117567167676,-1.8052080957337104,0.7180484951671992,-2.5140475996866534,0.011977751694162096,2.0007675774278635,0.290215695407772,6.89407088964177,6.35252082973915e-12,-1.5293625180647252,0.3757095159963923,-4.070598302544487,4.787745164954697e-05,-4.903851660646713,0.36873930010034006,-13.298966666455932,1.881590180278168e-39,-1.3338714005605659,0.36607282985050993,-3.6437323171601337,0.0002724190289818621,-0.8878348626728864,0.5664872121105586,-1.5672637328653622,0.1171389900437305,-3.9055297782121934,0.35484646277924653,-11.006252528553066,9.605997738502878e-28,-1.9813994554989263,0.36739773199205794,-5.393063927628596,7.362441055974019e-08,-0.169577954925755,0.5610345678558598,-0.30225936981716023,0.7624714209981533,-0.2937038165771786,0.2931297617447376,-1.0019583642037033,0.3164295435490801
3.024,0.13057713190477582,0.12703521364800552,3698,0.9809161810151403,0.11675250391051277,8.40167146879336,6.205713485135972e-17,-5.200784553418397,3.9003025832642964,-1.3334310460255836,0.18247287549703947,2.6723806308763947,0.2926824877054196,9.13064752123504,1.0960510763820315e-19,-1.0182064761556595,0.5805242130456283,-1.7539431659771787,0.0795234357678102,-3.8201471650610452,1.4781333365352265,-2.584440165604779,0.009791867582667198,-0.16591025641542237,0.16409866840796902,-1.011039626494406,0.31206389829065745,-1.8360981009216388,0.7212873562580452,-2.545584758960842,0.010949916316794095,1.9651369836933243,0.29152475507454306,6.740892323846864,1.8200284967412782e-11,-1.5881055723893367,0.3774042078466105,-4.207969967931028,2.638214397991174e-05,-4.9180121445345995,0.3704025517884906,-13.277479112354797,2.4746707397562832e-39,-1.352305304345728,0.36772405404079617,-3.677500260006652,0.00023889429510655458,-0.8207125777501879,0.5690424342189755,-1.4422695538982708,0.14931139871762872,-3.9741797984713756,0.35644704882497363,-11.149425452033464,2.0445847906465308e-28,-1.9641835225581836,0.3690549323441554,-5.322198270274086,1.0864049937960738e-07,-0.2842501559188436,0.5635651950275313,-0.5043784790594767,0.6140256188483977,-0.35945585711942224,0.2944519657271621,-1.2207622938829095,0.22225420306516974
3.078,0.13026585384445033,0.12672266748042715,3698,0.9803297669605416,0.11732733905084745,8.355510104389952,9.118096220531349e-17,-4.875942978227492,3.9195058629174406,-1.2440198200387786,0.2135714577804999,2.6710539524250763,0.29412352043070145,9.081402087509707,1.7081881890935513e-19,-0.9521925528604545,0.5833824448290729,-1.6321926744632167,0.10272441514825062,-3.9462825072230316,1.4854109790309442,-2.656694048267717,0.007925154240102322,-0.1783744738677744,0.16490661408727822,-1.0816696155884216,0.27947019548418456,-1.9185863241602614,0.7248386404255694,-2.6469150748279855,0.008157568191602302,1.9413686864008919,0.29296008766169473,6.626734385206599,3.9310247102652763e-11,-1.525977216186071,0.37926237099955395,-4.023539725716332,5.848169219472938e-05,-4.9250705051027825,0.37222624203671734,-13.231389807860353,4.448003534905542e-39,-1.3827789386648202,0.36953455660929774,-3.741947576845452,0.0001853840491520135,-0.7883580638604533,0.5718441350525727,-1.378624026261938,0.1680944558776895,-4.04534088976337,0.35820202865384515,-11.293461695250913,4.2321905730055927e-29,-2.002080656095841,0.37087198753971556,-5.3983064867670665,7.152198122662995e-08,-0.2699394398231687,0.5663399284775281,-0.4766385455972308,0.6336478148980867,-0.3649842085927156,0.2959017105409464,-1.2334643416743942,0.21748130680554936
3.132,0.13117822311485283,0.12763875362727073,3698,0.9819856485330763,0.11747909866182787,8.358811564938827,8.871170014589497e-17,-5.335798013943867,3.924575633439843,-1.359585981342677,0.17404422877784398,2.69121370784983,0.29450396092651304,9.138123981026398,1.0244464003234794e-19,-1.0016011149250375,0.5841370336026382,-1.714668061272727,0.08649025125692104,-4.043025213855747,1.4873323163266454,-2.7183065744453474,0.00659244297329639,-0.19291331699225014,0.16511991615143853,-1.1683225227374818,0.2427523340062461,-1.9877698040047806,0.7257761988069701,-2.738819221782519,0.00619570699855946,1.9193356250468674,0.2933390232899634,6.543062711262997,6.8584911648181e-11,-1.5548258351965616,0.3797529362024131,-4.094308922914607,4.325227560037729e-05,-4.923610259293789,0.37270770620478916,-13.210379547635236,5.807441868179166e-39,-1.3395344349801217,0.3700125391580245,-3.6202406492176604,0.00029829089658291874,-0.7866617747040899,0.5725837993471785,-1.373880601583539,0.16956238421543965,-4.108520021183537,0.3586653528966062,-11.455023430623685,7.074746038208983e-30,-2.034195259844645,0.37135170001770995,-5.477813242130393,4.594461167408636e-08,-0.3893967473509071,0.5670724732358405,-0.6866789797235677,0.49232828799012773,-0.37965664093304136,0.29628445107561985,-1.2813923901667814,0.2001365668897131
3.186,0.13136259205912504,0.12782387366718773,3698,0.988637958843221,0.11813524406300135,8.368696121844739,8.170644887434923e-17,-5.313037182749179,3.9464952113287715,-1.3462672316179747,0.17829922295945036,2.7040453002308253,0.29614882730521713,9.130697307958542,1.0955582605039999e-19,-0.8615695362297536,0.5873995614277518,-1.4667520931333276,0.14252890731933937,-3.7784061167914196,1.4956393792041336,-2.526281515001298,0.011569288971673287,-0.20681211724519238,0.1660421455084818,-1.2455398995951181,0.21301261236038035,-2.098754743684515,0.7298298110712179,-2.8756769206289863,0.004054769292540848,1.8963254742485063,0.2949773832476822,6.428714816607577,1.451867571007617e-10,-1.5707745375365811,0.38187393598458375,-4.113332672172717,3.985128699288914e-05,-4.960012081045651,0.3747893569000515,-13.234132692749817,4.2956875139744577e-39,-1.3156771679203372,0.3720791367801592,-3.5360143524996874,0.0004112174090500618,-0.7876071145565222,0.5757817999362839,-1.3678916468767839,0.1714294706462816,-4.20661050388882,0.36066857410398717,-11.663368549198799,6.8074751970872845e-31,-2.0089634998667703,0.3734257771340655,-5.3798200951337165,7.92058099034136e-08,-0.37546582673334655,0.5702396919128992,-0.6584350967815421,0.5102997569028453,-0.41046812794979,0.29793926186517217,-1.3776906251970948,0.16838255481330192
3.2399999999999998,0.13064756052467774,0.12710592918515307,3698,0.9910395463492657,0.11890157570844648,8.3349572151958,1.0815137314752923e-16,-5.117121387448564,3.972095735482478,-1.288267385334559,0.1977338505487969,2.723066467714279,0.29806991546079264,9.135663569081208,1.0474846374390702e-19,-0.8195534874872905,0.5912099642928157,-1.3862308435000943,0.1657603627408693,-3.3453163846009577,1.505341443948223,-2.2222974050504,0.026323749317274152,-0.20282164019620735,0.16711924448592916,-1.2136342575033854,0.2249652627654251,-2.0993162744272023,0.7345641448803125,-2.857907357796858,0.004288388759131653,1.9532135577380756,0.29689087236150447,6.578893928944289,5.408363163146613e-11,-1.50271758420269,0.384351114442518,-3.909752119184841,9.40547910125136e-05,-4.937607240045815,0.37722057839408224,-13.089442948914357,2.6756807786935916e-38,-1.3107427158374754,0.374492777344295,-3.5000480520147024,0.00047069000056231843,-0.6555616275912043,0.579516839531472,-1.131221015287861,0.2580357517218246,-4.240858278989453,0.36300819547647156,-11.682541418722115,5.477469779108942e-31,-2.040781065374724,0.37584815322100323,-5.429802030115923,6.00635832391769e-08,-0.4637405540828162,0.5739387804014174,-0.8079965493157167,0.4191447661335782,-0.44137538001500826,0.299871964392676,-1.471879443311468,0.14113889883665795
3.294,0.1297574538410604,0.12621219632004355,3698,0.9941601638852224,0.11987972068530697,8.292980315619566,1.530730077113652e-16,-4.9454928538074,4.004772219945544,-1.2348999099565885,0.21694655389649734,2.6873026741477544,0.30052199053905837,8.94211657964674,5.919873132184941e-19,-0.9622098139561523,0.5960735588532519,-1.6142467647907195,0.10655959849970456,-3.770234868092225,1.5177251500773021,-2.484135462801151,0.013030778727505965,-0.23301716221972998,0.16849405258713937,-1.3829399829956697,0.1667671265625443,-1.9938765323735144,0.7406070440110888,-2.692219238929708,0.007129948935515457,1.9852004604636422,0.2993332480301686,6.632074697774842,3.7929786716519096e-11,-1.5388617891627918,0.3875129826490802,-3.971123183133035,7.290160179956079e-05,-4.899027058265153,0.3803237871760191,-12.881200764857276,3.605432018539744e-37,-1.3624077038340063,0.37757354584418484,-3.6083240439631803,0.0003122784730857235,-0.5994533291257077,0.5842842404865588,-1.0259618308830596,0.30497697165463317,-4.330296407312755,0.3659944859511677,-11.83158920020046,9.996458423998728e-32,-2.0667061768103414,0.37894007173381483,-5.45391298247838,5.2515333499179016e-08,-0.5305371601464055,0.5786602933984499,-0.9168369874327836,0.3592881137248587,-0.4702074232899746,0.3023388640441257,-1.5552331479996198,0.11997649620613747
3.348,0.12968304197508673,0.12613748130958602,3698,1.0015154059156566,0.12037987419079073,8.319624959304653,1.2280594966066998e-16,-3.84621854666381,4.021480641128204,-0.9564185159386406,0.3389236239996277,2.6928935406830914,0.30177580666562104,8.923490489305257,6.980779439937154e-19,-1.0067026433236999,0.5985604538700433,-1.6818729617280572,0.09267827558693083,-4.045720869989731,1.5240572932440744,-2.6545726908849336,0.00797506192161602,-0.24022368396115815,0.16919703129423733,-1.4197866364652931,0.15575446487152023,-2.011484633374673,0.74369695118747,-2.7047100706314726,0.0068678601067484754,1.9788885255411537,0.3005821045711605,6.583520760041345,5.244525397697877e-11,-1.5500933451069243,0.3891297363050316,-3.9834872549854037,6.922457388571651e-05,-4.8411090639258205,0.381910546590268,-12.67602873800601,4.506454843227746e-36,-1.403895003454362,0.3791488309003424,-3.7027544041758356,0.00021639660362735147,-0.7186628434561582,0.5867219489614175,-1.2248780614536325,0.22069952170581497,-4.418652879921797,0.36752146169059846,-12.02284312757137,1.0949879753726444e-32,-2.089794496823728,0.38052105811051373,-5.4919286391156685,4.2446234224181706e-08,-0.6400227900463811,0.5810745380477784,-1.1014469713242807,0.2707741675979879,-0.4762646656474032,0.30360026039899873,-1.568722849649354,0.11679846030080357
3.402,0.1270358566903138,0.12347951172843297,3698,0.9792250186666777,0.12059673110577947,8.119830526813917,6.304688331847539e-16,-3.8573770748728227,4.028725090346849,-0.9574684269510992,0.33839373708160103,2.6352329538623542,0.3023194371594362,8.716716922414069,4.258817333354604e-18,-1.1294042893292475,0.5996387235918972,-1.8834745737633496,0.05971482850894455,-4.047349570337058,1.5268027884117732,-2.65086598024047,0.00806294327401134,-0.24062648347661084,0.16950182930535312,-1.4196099503040083,0.15580592186026618,-1.9390992713794404,0.745036675353201,-2.602689687001204,0.00928665442286687,2.0037658485339036,0.3011235846843131,6.654297273441992,3.2677531394433986e-11,-1.5399439396721133,0.38983072951268144,-3.9502887358242957,7.951903345717354e-05,-4.814439836956774,0.3825985348731264,-12.58352920392989,1.3904053371731545e-35,-1.4106280794314574,0.3798318441228045,-3.7138225803294764,0.00020717751049222983,-0.6159672401925473,0.5877788923472056,-1.047957400669452,0.29472701774984994,-4.338920624546686,0.36818352892492756,-11.784667926933228,1.711304860169332e-31,-2.071317582920791,0.381206543315618,-5.43358349755779,5.8813845081858495e-08,-0.6264534959837492,0.5821213079712944,-1.076156270875831,0.2819278803328819,-0.43696195069077953,0.30414717753363174,-1.4366792887383,0.15089410413682394
3.456,0.1281602638328777,0.12460849956277809,3698,0.9525098974988807,0.1209349491649446,7.8762169585877215,4.405755301606037e-15,-3.647455234193995,4.040023801086958,-0.9028301351127329,0.36667511280174525,2.6677960512188297,0.3031673033689628,8.799748592848912,2.070038453235085e-18,-1.1757925318997036,0.6013204329005485,-1.9553510367643971,0.050617191242459295,-4.120188833921214,1.531084764142704,-2.6910259512824686,0.007155451239610599,-0.2373612637483998,0.16997720354814508,-1.3964299846900856,0.16266922350511112,-1.855029106761846,0.7471261586752967,-2.4828860363434915,0.013076493037858449,2.0890310297610113,0.3019680970806851,6.918052105361407,5.376609563006523e-12,-1.5312951486770352,0.3909240244264802,-3.917117017618908,9.123975724919676e-05,-4.755645694645163,0.3836715468255873,-12.395096102362329,1.348571313971308e-34,-1.4833338192807766,0.38089709678720424,-3.8943164224469546,0.0001002230538531568,-0.5359382839481387,0.5894273403139546,-0.9092525020347286,0.3632763685636976,-4.405309220114102,0.36921611345211786,-11.931519399099598,3.160602916373751e-32,-2.042493903478266,0.3822756513755053,-5.342987177260594,9.697002520779219e-08,-0.6057233446038159,0.5837538890302952,-1.037634790939064,0.2995082510575277,-0.37355670523725226,0.3050001697096448,-1.2247754012493572,0.22073820524346957
3.51,0.12777606478740122,0.1242227353392239,3698,0.9645321811218195,0.12102718073331481,7.969550106658937,2.1056102962966123e-15,-3.2493279201960688,4.043104942923955,-0.8036714272981916,0.42163863950906555,2.621632134870182,0.30339851523998407,8.640886501361113,8.184645505799006e-18,-1.3651784517589243,0.6017790325609645,-2.268570983520636,0.023352077441597674,-3.9769345680830694,1.5322524526403607,-2.5954825924605696,0.009483324599402699,-0.2500297242763608,0.17010683740650182,-1.4698393555978495,0.14169070637088477,-1.9959836465202951,0.7476959577107356,-2.669512421374478,0.007629495365270914,2.074293360616994,0.30219839437178114,6.864011851979213,7.823655060245244e-12,-1.5325440613775505,0.39122216434496876,-3.917324224059545,9.116172155657185e-05,-4.724118050073404,0.38396415561028596,-12.30353922637577,4.021948010697525e-34,-1.5878157391147478,0.38118758962543603,-4.165444474923681,3.178753232398801e-05,-0.5749725540776887,0.5898768696552478,-0.9747331751009836,0.3297566645118032,-4.454296308173355,0.369497697737276,-12.05500422722659,7.525313915920116e-33,-2.0121017078811834,0.3825671955744285,-5.259472665605823,1.5269637360675771e-07,-0.7081600901867192,0.5841990914891315,-1.2121896464809787,0.2255175706429176,-0.39331169622980866,0.305232779424204,-1.288563099191896,0.19763097831224166
3.564,0.12424895891510523,0.12068126048591632,3698,0.9716755641848488,0.12100695325566885,8.029915125057729,1.3005060249359157e-15,-2.8538862498156226,4.042429211948832,-0.7059829870069092,0.48024338286434554,2.5303448371257695,0.3033478077324006,8.341398133188168,1.0252270095041826e-16,-1.4108546360829644,0.6016784562122867,-2.3448648053058774,0.01908681878979255,-3.5209686010120405,1.5319963646934551,-2.2982878302825274,0.021601192575349922,-0.2667179622813243,0.17007840716273162,-1.568205904151769,0.11691901634491418,-2.0465328731990295,0.7475709940192827,-2.7375766175676977,0.006219114031166256,2.010408836115644,0.3021478874424305,6.653724615230664,3.280347509780395e-11,-1.4996458368655758,0.39115677872220245,-3.8338740843620065,0.00012824945010276716,-4.6901121870264735,0.38389998303080913,-12.21701587480945,1.1219441416548139e-33,-1.613269078335637,0.3811238810981337,-4.232925718764509,2.3629938130900522e-05,-0.5988799176566544,0.5897782825352097,-1.0154322995453826,0.3099665217305844,-4.388768383906459,0.36943594296139887,-11.879646438097192,5.75220693611556e-32,-2.0718256123202914,0.3825032564712479,-5.41649143443574,6.467068704254128e-08,-0.7584231435106887,0.5841014533057722,-1.298444198723232,0.19421605750840615,-0.37586909253228373,0.3051817653529416,-1.2316236918598085,0.21816834012899775
3.618,0.12387347923371916,0.12030425114803356,3698,0.9997545996692851,0.12161948700973532,8.220348763592938,2.7813416710750017e-16,-3.0181992300220988,4.062891873590361,-0.7428696908330292,0.4576079691338599,2.523461089351818,0.3048833457032276,8.27680857257499,1.7491625943829144e-16,-1.337915010338421,0.6047241354365701,-2.2124385846986847,0.026997520567208517,-3.3184272731921927,1.5397512866978065,-2.1551709694031067,0.031213087693553344,-0.3104033608977563,0.17093933922012278,-1.8158684964731393,0.06947184518868085,-2.114524791350282,0.7513551771184998,-2.8142812557166828,0.004914600167976825,1.9189227418845423,0.30367735145089403,6.318952443165129,2.9479112596113157e-10,-1.5328596619304053,0.39313680320553135,-3.8990490064320653,9.82923855336935e-05,-4.663644182618079,0.38584327382084405,-12.086887342718112,5.1839004505154435e-33,-1.6934696946055259,0.3830531193391808,-4.420978734038228,1.0108988056955832e-05,-0.5943274543760888,0.5927637234189653,-1.0026380341700132,0.31610142356194737,-4.510018208440684,0.371306017192184,-12.14636445308762,2.580216606312727e-33,-2.154231767412119,0.3844394770711828,-5.603565439803263,2.253833401680497e-08,-0.8784068290771674,0.5870581582415055,-1.4962858734616309,0.13466488173565716,-0.46164579958367746,0.3067265867650576,-1.5050726591799584,0.13239117116607987
3.672,0.12469212028622301,0.12112622724013211,3698,1.0038494185923819,0.12210996023695958,8.220864347546827,2.769623930102966e-16,-2.2005620269556623,4.079276909723128,-0.5394490434592784,0.5896096669674096,2.5026313767484836,0.30611289470208186,8.1755176605158,4.011184609403356e-16,-1.5386150664072793,0.6071628975591585,-2.5341058760221187,0.01131457972247292,-2.967088260362535,1.5459608736750061,-1.9192518458175936,0.055029678121019006,-0.3057832532927435,0.17162871204538524,-1.7816555845963733,0.07488781292230477,-2.0594442681704446,0.7543852803328264,-2.729963483993008,0.006364270241201101,1.9686978306839436,0.30490203685504397,6.45682085626702,1.2088426218326067e-10,-1.5769139744726388,0.3947222652178272,-3.994996263011462,6.596018474779321e-05,-4.715435902576551,0.38739932211842093,-12.172029307617445,1.9076164323981165e-33,-1.6946437517181165,0.3845979153604431,-4.406273887704008,1.0815953185251461e-05,-0.6426242673472122,0.5951542509861757,-1.079760862469483,0.2803194063919204,-4.545018236334828,0.3728034389049186,-12.191460061863884,1.5171167685500356e-33,-2.1569142387702236,0.38598986406612557,-5.588007457109582,2.4634431299094427e-08,-0.9899265102030848,0.5894256761164821,-1.6794763959475967,0.09314407616427471,-0.44438056068421866,0.30796356927982593,-1.4429647043103326,0.14911547833645275
3.726,0.12252591334037544,0.11895119544252253,3698,1.0031887215736566,0.12255026246582953,8.185936948550998,3.684575996521388e-16,-2.5758210096884477,4.093985904075787,-0.629171929274128,0.5292755365156792,2.4483330543343924,0.30721667190061347,7.969401657753925,2.1080979963803102e-15,-1.6577623843659908,0.6093521962581644,-2.7205323859432617,0.006548314604203551,-2.9249883240293597,1.5515352757721317,-1.8852219280504081,0.059478555358732796,-0.3215065330893532,0.17224756823291507,-1.8665374285842369,0.062045642771357996,-1.9115925792846475,0.7571054312501853,-2.5248697214179177,0.011615785849640212,1.9012606834108978,0.30600144796085177,6.213240806802114,5.768620660069647e-10,-1.6348819162389705,0.396145548730677,-4.126972829752681,3.757074260923938e-05,-4.668450249183791,0.3887962006749322,-12.007448223721264,1.3099021390541966e-32,-1.7644726091393461,0.38598469264726987,-4.571353845764553,5.005007727867058e-06,-0.5709700772045614,0.5973002490908522,-0.9559180296235137,0.3391764053099694,-4.583754243162778,0.37414768784875324,-12.25118954902036,7.48759068582938e-34,-2.15117293492966,0.38738166042032735,-5.55310990353941,3.004754746572354e-08,-0.9993082980740291,0.591551018213422,-1.6893019660283888,0.09124624071972276,-0.456380274882483,0.309074019612473,-1.4766051040288257,0.13986703980566847
3.78,0.12130353861508836,0.11772384091797439,3698,0.992637668481676,0.12296008577864989,8.072844632433007,9.212766058950545e-16,-1.1575933305030692,4.107676701892854,-0.2818121810729749,0.778103367627012,2.392366313808906,0.30824404264383864,7.761273480873633,1.0815307909899711e-14,-1.7321439083869297,0.6113899457555554,-2.833124621057265,0.0046346142550174885,-2.987264052574691,1.556723802617204,-1.9189428770552783,0.055068786395748755,-0.31962854861072715,0.17282358551446228,-1.8494498170446758,0.06447297843447232,-1.8824026360764226,0.7596372859336933,-2.4780282260140827,0.013255582900712316,1.9126458485943911,0.3070247548441489,6.229614447751236,5.202513867943454e-10,-1.6181746611108143,0.397470308693432,-4.0711837481146524,4.775780549517395e-05,-4.610721865970275,0.39009638350413667,-11.819442735032128,1.149128222054665e-31,-1.782812873528656,0.3872754734441104,-4.603474776426662,4.295243708753483e-06,-0.5621646441326367,0.5992976953786486,-0.9380390554938635,0.3482858652339008,-4.634953055231725,0.3753988842300014,-12.346741692476522,2.4038373152028187e-34,-2.1822518041160572,0.38867711285106843,-5.6145621441626865,2.1162345318900303e-08,-0.9719600202959843,0.5935292383584346,-1.637594169723133,0.10159183045558205,-0.45464592392428504,0.31010760155734735,-1.4660908718169832,0.1427089250435607
3.834,0.1203735686668177,0.11679008239033817,3698,0.9926043278615488,0.12335007941197869,8.047050578267854,1.1335479190440466e-15,-0.6914756402839212,4.120705057813124,-0.16780517668277142,0.8667457656286316,2.3746565504927757,0.30922170310480346,7.679462750025477,2.0340395766964654e-14,-1.7141373791493142,0.6133290968615097,-2.794808509690464,0.005219935796720844,-2.6354432423206493,1.5616612777989067,-1.687589543127554,0.09157474358206037,-0.3350024149495002,0.17337173166784922,-1.9322781847233776,0.05340179957312322,-1.827313948262014,0.7620466344899932,-2.3979030489189954,0.016538724716962282,1.8888973021466362,0.30799854807880145,6.132812358788658,9.54599660779138e-10,-1.62066314407151,0.39873096892187976,-4.064552970273633,4.912966104060954e-05,-4.612469421281653,0.3913336557863395,-11.786539064761582,1.6750693216848699e-31,-1.7943209634326283,0.3885037986199686,-4.618541619943899,3.996574801288114e-06,-0.5251838421300017,0.6011984933830273,-0.8735614741392969,0.38241408311420455,-4.662926281981541,0.3765895403187747,-12.381985644196272,1.577700764736234e-34,-2.2064164834127262,0.3899098836195063,-5.658785724872414,1.6407418948165737e-08,-0.9635614687658485,0.5954117404947048,-1.6183111672693289,0.10568120598149526,-0.4680189236766782,0.311091172685233,-1.5044429568248379,0.13255312002189062
3.888,0.11907176832605759,0.11548297868045487,3698,0.993808665046992,0.12401862109304489,8.013382637929732,1.4844724336836168e-15,-0.3981994889107218,4.1430387530945625,-0.09611290471596348,0.92343613286641,2.369486876248985,0.3108976452541829,7.6214371913680665,3.1715667250982074e-14,-1.7002805084274555,0.6166532622565973,-2.757271569772296,0.005857334969159608,-2.7462432321260666,1.5701252825315561,-1.7490599397891506,0.08036397831168654,-0.34888485087120824,0.1743113843173742,-2.0015035290866754,0.045411403548092664,-1.9345889288921851,0.7661768299507616,-2.5249901240376995,0.011611813975867075,1.8567773908907588,0.3096678608841125,5.996028730878286,2.2168608717736035e-09,-1.6623558113286132,0.40089203986343847,-4.146642103182904,3.449935952193282e-05,-4.602226412621491,0.393454634235193,-11.696968372395496,4.649958120669262e-31,-1.7897067092699765,0.3906094396042968,-4.5818316912233925,4.761963804112353e-06,-0.5402701541193681,0.6044569124560978,-0.893810862256635,0.3714815138977462,-4.705778974292766,0.3786306075443237,-12.428416722073617,9.0442467375005e-35,-2.127980994229207,0.39202314540500294,-5.428202439503333,6.05999453644787e-08,-1.0127014359755404,0.5986387961059737,-1.6916735810691887,0.09079284763794156,-0.4863139021205637,0.3127772471210444,-1.5548250603163627,0.12007368288423717
3.942,0.11798750347013498,0.11439429666732448,3698,1.0038337129188668,0.12440245189977175,8.06924379374478,9.483686134991617e-16,-0.43783846457426184,4.155861230016862,-0.10535444769229826,0.9161002990696887,2.3034365737914686,0.31185985635551317,7.386127219803511,1.860074800198787e-13,-1.6921383534505203,0.6185617701648181,-2.7356012528864238,0.0062564881143901685,-2.7703207438191915,1.5749847338667244,-1.7589508547284856,0.07866890991971381,-0.3510033850340194,0.17485086845834055,-2.007444333155534,0.044775315442565425,-1.9554926650090843,0.7685481050717357,-2.5443985250950036,0.0109871105930017,1.8222742354490387,0.31062626587050046,5.866452504723929,4.844825927213713e-09,-1.7221917945748237,0.40213277866310404,-4.282644653589976,1.8939865184787927e-05,-4.6184523610505295,0.3946723546737682,-11.701991047404602,4.3920402034564795e-31,-1.8082797438559823,0.391818354322079,-4.61509708238312,4.0630470012359025e-06,-0.5964430719087566,0.6063276733329309,-0.9836975914857398,0.3253288573736164,-4.7568712623036316,0.3798024484361539,-12.5245934613907,2.839284834398747e-35,-2.06803099915739,0.39323643546443293,-5.25900148778161,1.530851656140619e-07,-1.0256619249254102,0.6004915502329121,-1.7080372313775067,0.08771372585411859,-0.4815202530315609,0.3137452754867058,-1.5347490166492217,0.12493140836014077
3.996,0.11643106559650562,0.11283151806362879,3698,1.0164261847515585,0.12517663589654116,8.119935301597637,6.299343562889075e-16,-0.5185802108029061,4.1817240744217745,-0.12401110201767974,0.9013132538755158,2.2836407803896934,0.3138006292770932,7.277362016929501,4.1399986915811804e-13,-1.8011096834485687,0.6224112169897148,-2.893761606931855,0.0038289298368717863,-2.847553658230005,1.5847862125152168,-1.7968061784880422,0.07244832325811652,-0.36135649492545346,0.17593900411896837,-2.0538737088741703,0.040058380318628024,-1.805350982351511,0.7733309500607826,-2.3345127751703374,0.019622380763488434,1.7591886108107406,0.31255936188541605,5.628334407259436,1.9553767957993412e-08,-1.774819792401946,0.40463533996364986,-4.386220423953542,1.1856517854835602e-05,-4.709926243081039,0.3971284881043368,-11.859955616791735,7.215783623101112e-32,-1.8015713192581202,0.39425672667667755,-4.569538570576006,5.0483049646066495e-06,-0.6336389455383878,0.6101009846650176,-1.0385804341658194,0.2990681057478439,-4.723872473149672,0.3821660431484993,-12.360785469665878,2.0327725482132087e-34,-2.037874920808202,0.3956836328518967,-5.150263371067898,2.7375337128641384e-07,-1.0788532757202485,0.6042285420790223,-1.7855053189115215,0.07426167115445988,-0.5188078720358131,0.3156977817889088,-1.6433687595014965,0.10039204015686988
4.05,0.11302820656787194,0.1094147962198323,3698,1.0237771857150948,0.12626116896357686,8.108408896566042,6.914945126298773e-16,-0.5743526963585143,4.217954621787484,-0.13616853377031238,0.8916954939232978,2.2493964103204984,0.3165194046817055,7.1066619519978875,1.4209771406654518e-12,-1.8386760666852036,0.6278038011671423,-2.928743125267709,0.0034242401341014997,-2.8170689139437286,1.5985168343628562,-1.7623016870301327,0.07810129988298342,-0.36370757368893186,0.17746334343661915,-2.0494800032820844,0.04048590562510533,-1.7289346705131883,0.7800311060531218,-2.216494518098672,0.026718547745959217,1.6776465502451336,0.3152673829226365,5.321345122012865,1.0914739751334203e-07,-1.7793349089383743,0.4081411092562879,-4.359607176499978,1.3385801639205888e-05,-4.723646048394162,0.40056921787092864,-11.792334102707349,1.5676107901311586e-31,-1.801514418704688,0.3976725754404638,-4.530144973435302,6.081250300186147e-06,-0.6354899731260858,0.6153869127246847,-1.0326673511992526,0.3018274201546997,-4.713441984647133,0.3854771379700226,-12.227552610431811,9.905290671390358e-34,-1.9711563765385307,0.39911184436149005,-4.9388571258566385,8.207313998102312e-07,-1.1383462756674279,0.6094635911697576,-1.8677838876028239,0.061871581042600786,-0.5440047350878405,0.3184329941637076,-1.7083805543346606,0.08765003727569957
4.104,0.1116351376511584,0.10801605211741783,3698,1.0173441765432059,0.12702340531554215,8.009108038128836,1.536069074430512e-15,-0.09741252866508414,4.243418336166636,-0.022956145481777646,0.9816864984837907,2.2615215073542365,0.3184302264991433,7.102094333875433,1.4680970297606852e-12,-1.9915377005429815,0.6315938411539385,-3.153193667791931,0.001627937270035229,-3.0490168024252324,1.6081670510556174,-1.8959577616167589,0.058043853669120314,-0.34860073755913384,0.17853468637300296,-1.9525658830845956,0.05094673001395601,-1.6823870307435238,0.7847401394762868,-2.1438778853166616,0.03210797642200657,1.6606483698267323,0.3171706463077705,5.235819862772867,1.73442410885348e-07,-1.7466170571614414,0.4106050496170517,-4.253764192112136,2.1543378572642002e-05,-4.739637074143019,0.40298744686283355,-11.761252393939378,2.2362820345723396e-31,-1.8114027292291501,0.4000733174553569,-4.52767692869515,6.152290565156677e-06,-0.589488750533398,0.6191019921846077,-0.9521674263287148,0.34107457726686397,-4.6843616597044875,0.3878042563534826,-12.079190939654628,5.672392920599628e-33,-1.899535103359269,0.40152127521635567,-4.7308454635080635,2.3198033969375277e-06,-1.20793173121019,0.6131429116465299,-1.9700655561138565,0.04890568594164458,-0.5286824853632659,0.32035536828560995,-1.6503000658066818,0.09896686932028005
4.158,0.11018640603033947,0.10656141854811652,3698,1.0366518184210252,0.12797079386933874,8.100690689466783,7.359926452554751e-16,-1.0427812969533343,4.275067353532122,-0.24392160654305797,0.8073051246599152,2.222999283882065,0.32080519945014185,6.929436579245824,4.966359440210734e-12,-2.0106614235576217,0.636304506674763,-3.1599044207073947,0.001591004458351444,-2.998785247701387,1.6201613685829908,-1.850917634410796,0.06426143859292109,-0.36083428753308383,0.17986626552493387,-2.006125420350507,0.044915879744113124,-1.7418212837969886,0.7905930279577263,-2.203183208301864,0.027643553393600577,1.5862236886632899,0.31953622483375793,4.9641435473819575,7.213291601108707e-07,-1.7804794594744056,0.4136674972279619,-4.304131872592415,1.7200374949373017e-05,-4.807915678693416,0.4059930795140221,-11.842358703376275,8.833592787755111e-32,-1.8668085314912615,0.4030572154282941,-4.631621665692215,3.753529936385045e-06,-0.45391319087681625,0.6237194887756597,-0.7277521370509562,0.4668116022438117,-4.681388600394316,0.39069664703274526,-11.982157092845378,1.757526183544119e-32,-1.9321582275612865,0.40451597260539846,-4.7764695547537475,1.8535267720589436e-06,-1.255497620243474,0.6177159631632361,-2.032483690099651,0.0421763369961608,-0.5282244598093688,0.3227446996714844,-1.6366634691353206,0.10178626716791224
4.212,0.1102325818516885,0.10660778248389258,3698,1.0536518978359761,0.12828945131282207,8.21308289226947,2.9517669436970423e-16,-0.7110168658502726,4.285712610878783,-0.16590400019950916,0.8682416080556561,2.2209449975860838,0.32160402988341497,6.905836964764406,5.853760531374903e-12,-2.060208771798444,0.6378889554481366,-3.229729491633985,0.0012499649385077272,-3.029186359010371,1.624195699105862,-1.8650377911220748,0.062255596621100334,-0.37792377951625167,0.18031414681571956,-2.095918629737291,0.03615751435871516,-1.757492815696236,0.7925616674066774,-2.217483999001475,0.026650868979792904,1.5811588141562063,0.3203318954194214,4.936001805520931,8.32751894265158e-07,-1.7483734997617968,0.41469756216022613,-4.216020684216803,2.546257663449265e-05,-4.834340223809253,0.40700403453647793,-11.877868064170192,5.871269722115272e-32,-1.881800705663053,0.40406085991593427,-4.657220959373708,3.3182471727443745e-06,-0.561114091454859,0.6252725998546371,-0.8973911404166861,0.3695689105376577,-4.67646618533734,0.39166951272308465,-11.939826903616215,2.8709414797871515e-32,-2.004356493551514,0.4055232495143018,-4.942642612851782,8.050525403409482e-07,-1.282030646133546,0.6192541249864832,-2.0702819640668997,0.03849550250710295,-0.6321289623927561,0.3235483596143939,-1.9537387336660574,0.05080774014416647
4.266,0.11024235375159408,0.10661759419327632,3698,1.0708027258383024,0.1291947127988729,8.288285972703088,1.5912042458024184e-16,-1.6878543658932803,4.315954306725238,-0.39107327046146423,0.6957657048988641,2.214622660258414,0.3238733960630417,6.837927064028869,9.367262829870543e-12,-2.0581882885360168,0.6423901540878931,-3.203953664978513,0.0013671096039822182,-3.3971054809555965,1.6356566711278304,-2.076906199766971,0.03787940106690474,-0.36410610575520447,0.18158651528274466,-2.005138460795188,0.045021309203658794,-1.8732599043454055,0.798154298332146,-2.346989683899268,0.01897848340478986,1.579919561229516,0.3225922849113818,4.897573919548417,1.0119832274289464e-06,-1.780993460486591,0.4176238333971918,-4.264587693664341,2.0530068450370587e-05,-4.928217002344368,0.409876017177005,-12.023677394659853,1.0843989461970787e-32,-1.9358362370246913,0.40691207434361587,-4.757382144895458,2.036447920139528e-06,-0.44502067541138424,0.6296847724622745,-0.7067356475386996,0.47977549322641455,-4.638267451276751,0.3944332888675779,-11.759320478738662,2.286147477419428e-31,-2.042969289076623,0.4083847831456861,-5.002559775465041,5.921750226221577e-07,-1.2814134480361377,0.6236238288373589,-2.054785896211048,0.039970102718848315,-0.5714886662407344,0.32583144575933054,-1.7539395711451806,0.07952405190075221
4.32,0.109390057446207,0.10576182574107207,3698,1.0875085170466043,0.1303768403098766,8.341270692416229,1.0263121663273828e-16,-1.8001336902271654,4.3554451512937575,-0.4133064767656291,0.6794061536986449,2.2519252284431515,0.32683682733104064,6.890059626488363,6.531899823819834e-12,-1.9876235335666266,0.6482680035562951,-3.066052192400119,0.0021847931344317695,-3.62453044865744,1.650622877620406,-2.195856181202751,0.02816440347307086,-0.36070232460614426,0.18324802611931582,-1.968383137569433,0.049098881023218244,-1.975685610244887,0.8054573847638108,-2.4528741651853245,0.014218055207164952,1.5292491356482936,0.32554399405310924,4.697519117489269,2.7295765885704554e-06,-1.7412210251774336,0.42144507818356475,-4.131549080326493,3.683379536751047e-05,-4.960631155143856,0.41362636969150657,-11.993024426473644,1.5490892170542152e-32,-2.021028835339023,0.4106353068755076,-4.921712287033659,8.955023559113089e-07,-0.4032891923557493,0.6354463680931002,-0.6346549647706269,0.5256929029289994,-4.661612803744864,0.39804234090945134,-11.711349081843812,3.94880991027698e-31,-2.0017641870612533,0.41212149091625366,-4.857218638636895,1.240005513034166e-06,-1.3626417882406692,0.6293299670268819,-2.1652262876947406,0.03043438597337724,-0.6012334572593918,0.3288127931197434,-1.8284977648069833,0.06755573938129246
4.374,0.10725777486556187,0.10362085651221675,3698,1.1026841751763954,0.1307893397882554,8.430994276457186,4.85501316104934e-17,-1.7192462780863567,4.369225350666177,-0.39348995304721984,0.6939804261036688,2.2129385656007527,0.327870906853666,6.749420333864579,1.7174367195272677e-11,-2.0069790980908744,0.6503190596539967,-3.0861452825305333,0.0020427674828442724,-3.5496983312862556,1.655845285790448,-2.1437379215001613,0.03211920405288688,-0.36825823266307794,0.18382780482087435,-2.003278192991079,0.04522059520400604,-2.0745296386818426,0.8080057725777949,-2.5674688338716125,0.010283535711632215,1.5249485307556487,0.3265739831786096,4.6695346515757965,3.1265364657339563e-06,-1.7079116010041258,0.4227784888913473,-4.039731551817561,5.4604123889316016e-05,-4.919259356228084,0.41493504277589754,-11.855492665354198,7.595850029497706e-32,-2.067974663590261,0.4119345165318198,-5.020153885139462,5.407613343448734e-07,-0.5529124386922986,0.6374568577993479,-0.8673723279110735,0.38579456170155035,-4.603616585444096,0.3993017076620708,-11.529168288306291,3.0889226652335326e-30,-2.0112436294329505,0.4134254027124561,-4.864828373479997,1.1935307225755173e-06,-1.4253347418137818,0.6313211050427269,-2.257701715385101,0.024022593091674236,-0.6530867131923652,0.3298531244034576,-1.9799318692932757,0.04778552574475042
4.428,0.10751748027011354,0.1038816199235768,3698,1.1155678634829351,0.1304856572023075,8.549352376356099,1.788032755351442e-17,-1.9976789263448524,4.359080352188261,-0.45827990423301473,0.6467784054311114,2.152651361425766,0.32710961633097047,6.580825674191452,5.339359144142957e-11,-2.000723334914565,0.648809069818077,-3.0836858299091885,0.002059684720816274,-3.7185712443822716,1.6520005429457132,-2.2509503766576358,0.02444743365061869,-0.37981144747343015,0.1834009710802384,-2.070934767882236,0.03843441097859422,-2.1621687701640377,0.8061296465657322,-2.6821600959291025,0.007347507076777137,1.4431819752787942,0.32581570401093773,4.429442649671503,9.722320131729366e-06,-1.7749699852906888,0.4217968304091076,-4.208115986953048,2.6365187614843724e-05,-5.008513714859218,0.4139715961601826,-12.098689285245596,4.514820051491214e-33,-2.1780384074916377,0.4109780369026382,-5.29964672542251,1.22837091165794e-07,-0.6011764134219824,0.6359767329870342,-0.945280514584861,0.3445777095789003,-4.568478009000032,0.3983745604239813,-11.467795544318646,6.135725105401607e-30,-1.9716688131553464,0.4124654613625301,-4.780203429984598,1.8196401350046342e-06,-1.479791567187709,0.6298552269669353,-2.3494153955245207,0.01885546811904226,-0.6663062021367679,0.32908723132712575,-2.024709981756883,0.042969190992607424
4.482,0.10579363553616394,0.10215075246529004,3698,1.1362903023509825,0.13124902939594316,8.65751394566964,7.095591291862104e-18,-1.3819669794397142,4.384582011160059,-0.3151878505002756,0.7526368909118545,2.1378218790960544,0.32902328554743265,6.497478971857941,9.262081539824246e-11,-1.9912724647470503,0.6526047575089459,-3.051268691861711,0.0022950095096015244,-3.684672111415302,1.6616651398477356,-2.217457671256762,0.026652667831541077,-0.3728647123468687,0.18447391047151088,-2.0212327661610003,0.043327897214308284,-2.181697139304355,0.8108456971252165,-2.690644036269014,0.00716363060937969,1.3735278095085295,0.3277218035319461,4.191139541848148,2.8407633304510848e-05,-1.76839566660506,0.42426444239498856,-4.168144887708243,3.1415111995779834e-05,-5.013861310932292,0.41639342866069795,-12.041163394578648,8.844477580275807e-33,-2.250907526948202,0.4133823563680338,-5.445098205749793,5.5161628291994156e-08,-0.5761335070566588,0.6396973484490758,-0.9006345085742103,0.3678415827450774,-4.56272226257418,0.40070514654815587,-11.386732368873735,1.511182099114942e-29,-1.9530360346230906,0.41487848261551796,-4.707489340759655,2.60021077779535e-06,-1.442781264270395,0.633540030159804,-2.2773324424448256,0.022823480349734606,-0.7150343995091684,0.33101247006264584,-2.1601433908935346,0.030825902532867235
4.536,0.10652371340883804,0.10288380458242097,3698,1.1749826969236938,0.13167306751640315,8.923485410388276,6.981092925187924e-19,-1.5882644259524892,4.398747677173528,-0.36107195559192634,0.7180663722628133,2.1275143371153225,0.3300862908605631,6.4453277704103105,1.3029909673393862e-10,-2.0293093389625807,0.6547131867754399,-3.0995394318498946,0.0019528542057062747,-3.924827348517792,1.6670336318356596,-2.354378024272945,0.01860596985002857,-0.378212534858263,0.1850699070333922,-2.043619845716041,0.04106214060619569,-2.377861990723671,0.8134653697199357,-2.9231262684757366,0.003486476451210958,1.3495181804137761,0.32878060402931375,4.104616160062333,4.137681119839049e-05,-1.8089782344238987,0.42563515193515933,-4.250067754506038,2.190022528036623e-05,-5.021923756413394,0.41773870860428153,-12.021686410608881,1.1098398944425703e-32,-2.3566223353412736,0.41471790816778703,-5.682470635890237,1.4305928249951637e-08,-0.6864998717960219,0.6417640765806893,-1.069707540275056,0.2848210901248803,-4.60145609679398,0.40199974093855195,-11.446415577410383,7.786746891185984e-30,-1.96066390165754,0.41621886808577435,-4.7106559841335365,2.560369545464947e-06,-1.4675776036316222,0.6355868652858353,-2.309011849972112,0.020998027098296828,-0.7608044660548924,0.3320819020142586,-2.2910145402088964,0.022018811047136717
4.59,0.10849624547966163,0.10486437249818281,3698,1.216498047647252,0.13170872959922325,9.236275008869468,4.19967754753301e-20,-1.669111448739231,4.399939025616509,-0.37934876802192935,0.7044507650815248,2.073683251924189,0.33017569080289366,6.280544902871497,3.766823015365923e-10,-2.2126493280047943,0.6548905080479719,-3.3786553642379467,0.0007359822326870227,-3.8504196224332468,1.6674851280494545,-2.3091178192019535,0.020992140936511104,-0.42051010589481597,0.18512003101452687,-2.271553778325682,0.02317093770653987,-2.5425310419817952,0.8136856871313352,-3.124709064191037,0.0017936562640355187,1.3162650110976133,0.32886965034190974,4.002391250543055,6.394018193216782e-05,-1.8918810679286162,0.42575043014903985,-4.443638652969386,9.105321826038002e-06,-5.093376789560054,0.4178518481604899,-12.18943224011725,1.5538417974595257e-33,-2.4466800486542715,0.4148302295761587,-5.8980273717132405,4.010293949351316e-09,-0.7629622782824971,0.6419378907408793,-1.1885297460817277,0.23470141868725175,-4.673330015340863,0.40210861778273443,-11.622058838505014,1.0862020147866564e-30,-2.014961692573522,0.41633159601127145,-4.839800082141665,1.3530326845963573e-06,-1.4979446043495317,0.6357590064218832,-2.356151606534239,0.018517505789881067,-0.8110148038035028,0.33217184244411313,-2.44155193238558,0.014671052010560272
4.644,0.10798802217881609,0.10435407876020719,3698,1.2404846595694108,0.1318195051648477,9.410478805986376,8.440489459716111e-21,-1.0991657853687689,4.403639659095845,-0.24960393457680177,0.8029075791345908,1.9736134608658646,0.33045338992743484,5.972441261078471,2.5589442364246104e-09,-2.3422672679544942,0.6554413133489708,-3.57357282833867,0.0003566574419291992,-3.653977088616559,1.6688875909597878,-2.1894686666794216,0.028625348638512665,-0.4091950989519127,0.18527572894135713,-2.208573682532534,0.027265691005355842,-2.6658568317812046,0.8143700494549774,-3.273520230226231,0.001071981711140062,1.3059459911234672,0.3291462510018978,3.967676943450701,7.39589790965283e-05,-1.9087717156153565,0.426108513814854,-4.479543716520825,7.707391056335482e-06,-5.127540037911401,0.4182032886076649,-12.260879284289354,6.6751710998322e-34,-2.5206577678754503,0.4151791286465487,-6.071253572145103,1.3978237935827194e-09,-0.9212582387097328,0.6424778020524451,-1.4339145037644911,0.15168157708205227,-4.66989992531195,0.40244681715427866,-11.603769060302286,1.3351945981324589e-30,-1.9580371664728455,0.41668175782800004,-4.699119003143626,2.7084094682692762e-06,-1.5054331876770577,0.6362937208918468,-2.3659406626974113,0.018035834803670717,-0.8134227754034897,0.33245122046137304,-2.4467432373225413,0.014461794024063107
4.6979999999999995,0.10931102303514928,0.10568246935386927,3698,1.2796866622714917,0.13225280410888654,9.676064495524031,6.928749471795018e-22,-2.0359768741091857,4.418114697610271,-0.4608248118163234,0.6449515154842107,1.9390472655134374,0.3315396108530144,5.8486141686795285,5.388658875078797e-09,-2.354118464779996,0.6575957898704717,-3.579886764852452,0.00034817897932262276,-3.821322745185726,1.674373328673475,-2.282240573082453,0.02253193159575957,-0.41895929168662466,0.18588474183065543,-2.25386595780037,0.024263172711954308,-2.8151708835714917,0.8170469346552701,-3.4455436574880163,0.0005762840270676342,1.24716803332042,0.3302281752802139,3.776685718176955,0.00016143879587678634,-1.9573768346909608,0.4275091591051776,-4.578561167643659,4.836585977138585e-06,-5.2094116669943595,0.41957794892914513,-12.415837582241679,1.0517730117767933e-34,-2.6782854558827283,0.41654384836541386,-6.429780361401947,1.4418390314990387e-10,-1.153334341976439,0.6445896667028971,-1.7892535384189325,0.07365615903890778,-4.68925616073691,0.40376968497028715,-11.613690515378801,1.1938172387560942e-30,-2.000746904038967,0.41805141678280594,-4.785887151001891,1.7691984304311973e-06,-1.6062482801699038,0.6383852580814015,-2.5161111724248006,0.011907969484509322,-0.8282805444129575,0.33354400838065856,-2.4832721428102484,0.013062350957425353
4.752,0.11138961221017163,0.107769526436992,3698,1.304325669764599,0.13225244750145154,9.86239343321252,1.1539278571102462e-22,-1.25840941519326,4.4181027845732626,-0.2848302713977732,0.7757901978830776,1.8762156312334173,0.3315387168871661,5.659114714713568,1.6376271913276788e-08,-2.3924161412040426,0.6575940167243409,-3.6381355066479073,0.00027838466264783315,-3.4129542800553816,1.6743688138809003,-2.0383527522498093,0.041585976148081655,-0.4010567808746304,0.18588424060966857,-2.1575620373154423,0.031026385549697916,-2.857645577039883,0.8170447315638982,-3.497538710726509,0.00047512547450507555,1.2650331324039628,0.33022728485053005,3.8307953050474057,0.00012985852016176907,-1.9527958345218572,0.4275080063663325,-4.567857924158974,5.0887108071875534e-06,-5.300221390922026,0.41957681757607357,-12.632302760533335,7.683196025926561e-36,-2.774544018336507,0.41654272519351343,-6.660886988357643,3.126190322470174e-11,-1.229869756394617,0.6445879286265725,-1.907993776760772,0.05646972641754997,-4.74828454536698,0.4037685962427349,-11.759915430650377,2.270674385452713e-31,-2.0433841775405943,0.4180502895458869,-4.887890831890703,1.0626975104545823e-06,-1.6347434484469396,0.6383835367346901,-2.560754396657214,0.010484047244917243,-0.856786958491492,0.3335431090101379,-2.568744295255251,0.010245835198156167
4.806,0.1116825387276198,0.10806364629983989,3698,1.3130630953514189,0.13240318577339363,9.917156356031414,6.772647345822332e-23,-1.721888609585179,4.423138435645065,-0.38929114126496045,0.6970833014573432,1.820846176796762,0.3319165970263213,5.485854558373793,4.391876450898668e-08,-2.4807258172507685,0.6583435271310909,-3.76813276810239,0.00016704830592098122,-3.2544104546327204,1.6762772206164003,-1.9414512197666263,0.05227976694624735,-0.3819677434996779,0.18609610715535546,-2.052529466297789,0.04018877191468113,-2.9106027258092793,0.8179759801968128,-3.5582985274322607,0.00037797352834635845,1.2430843309414181,0.33060367024986986,3.7600439523308875,0.00017252175105751327,-1.9805082843268327,0.42799527007553806,-4.627406943018991,3.8302539671710845e-06,-5.331912187689916,0.4200550415002674,-12.693365537636385,3.645572276124359e-36,-2.830517822181422,0.41701749092958823,-6.7875278225664255,1.324102221375949e-11,-1.3256871746630368,0.6453226149957971,-2.0543014359905407,0.04001696613204083,-4.745462108313757,0.4042288023229396,-11.739544735663326,2.864585843841859e-31,-2.074661999974547,0.4185267735688412,-4.957059215790641,7.479422756399323e-07,-1.6887125289517624,0.639111151481953,-2.642282997309659,0.008269772678110722,-0.8805608744707929,0.33392327370894115,-2.6370155775315007,0.00839904436951317
4.86,0.11164754339815608,0.10802850840385192,3698,1.3378230486099683,0.13276542990834725,10.076591847241527,1.4133069902497005e-23,-1.7457479907511324,4.4352397755564965,-0.39360848096021833,0.6938929094293895,1.7358929166474721,0.3328246933071187,5.215637395767544,1.932779754983887e-07,-2.3753877371002607,0.6601447004192932,-3.598283430271462,0.0003245385065401118,-3.6318945717250983,1.680863376064079,-2.1607315760722727,0.030780376601472363,-0.3733385679357406,0.18660525066999947,-2.0006862968500716,0.04549949876089354,-2.9812331734798905,0.8202138946369257,-3.634702109989928,0.0002821046977308967,1.2210485579371728,0.33150817447189906,3.6833135710222957,0.00023352896670490714,-2.061127081486894,0.4291662296371766,-4.802631099910636,1.628292493023187e-06,-5.42692123137678,0.42120427725507464,-12.884297535493264,3.469602988888228e-37,-2.9271852156926643,0.418158416197964,-7.000182472249656,3.02441604721389e-12,-1.3619252354414546,0.6470881641483323,-2.104698109003366,0.03538519513112726,-4.705378086157181,0.4053347387999623,-11.608622789371484,1.2640671859144037e-30,-2.040820305483326,0.41967182810934034,-4.862895645574797,1.205173033246562e-06,-1.7482395834768922,0.6408597065854837,-2.727959903723009,0.0064029751798854945,-0.845143545751416,0.33483686009071145,-2.5240457263948066,0.01164300039901215
4.914,0.1141124698722551,0.11050347667510241,3698,1.35082993383792,0.13199948346842538,10.233600150117573,2.95285348471201e-24,-2.502714836511668,4.409652119804298,-0.5675538043628574,0.5703725849516481,1.674555609658029,0.33090457080887004,5.060539374130464,4.3851394031408593e-07,-2.439290518189795,0.6563362128975904,-3.7165258753906403,0.0002049825946814814,-3.971195928248541,1.671166188175785,-2.376302223169933,0.017537988104770627,-0.34234294423760075,0.18552869310889275,-1.8452291044634734,0.0650844676423069,-2.9218420406256485,0.8154819405958376,-3.58296351540389,0.00034411615772039826,1.2686530865443169,0.32959564719565676,3.8491196632557787,0.00012055487414186615,-2.092093798437491,0.4266902963618336,-4.903073297601768,9.84226960597811e-07,-5.523721061798625,0.4187742778428323,-13.190210941923468,7.49910462368421e-39,-2.931895387076377,0.4157459888783575,-7.052131506996249,2.0949341628663592e-12,-1.4278246716669851,0.6433550020142801,-2.2193418364613766,0.026524196233192035,-4.7130056870332435,0.4029962934653988,-11.694910755892353,4.759911339447092e-31,-1.912872717587908,0.41725066965794405,-4.584468897691771,4.70259646978241e-06,-1.7720181926798297,0.6371624774868593,-2.7811088306222107,0.0054449146362052355,-0.8267660125980152,0.3329051290586337,-2.4834883587882453,0.013054437438066835
4.968,0.11405747643500375,0.11044825920157764,3698,1.3772126397147457,0.13177819366234328,10.450990421401531,3.255898709537108e-25,-3.1535939839105076,4.40225958282733,-0.7163580258220772,0.47381573742605054,1.5923224468573796,0.3303498276660797,4.820109815425459,1.4927383377930322e-06,-2.4259882152946006,0.6552359016731792,-3.7024653397344567,0.0002166424623528136,-3.9174445151630093,1.668364570836117,-2.3480746256795326,0.018923376160716814,-0.34565935787264984,0.18521766455452304,-1.8662332164916005,0.06208818594257492,-2.85354350279486,0.8141148303939172,-3.5050872386321057,0.00046189928991720417,1.2204027934282158,0.32904309839063905,3.708945118123575,0.0002111936939020741,-2.1418160920315996,0.4259749737676993,-5.028032687196349,5.191594670922187e-07,-5.544927551627743,0.4180722260142872,-13.263085195805978,2.97255926744653e-39,-2.897371854983218,0.4150490138081459,-6.980794457019267,3.466371457475458e-12,-1.5590465798020938,0.6422764530692628,-2.4273762059185544,0.015256126287842798,-4.790572223465216,0.4023206925517475,-11.907347328024995,4.179121312160292e-32,-1.8556202972421179,0.4165511720739378,-4.454723504925693,8.649751604346406e-06,-1.7335392450049116,0.6360943099654341,-2.7252865146665335,0.006454949360483903,-0.8367198173477037,0.33234703209099864,-2.5176088141464272,0.01185755099101762
5.022,0.11476358297433653,0.1111572423292021,3698,1.4173433677807978,0.13169075479901227,10.762664166850294,1.2804428158833153e-26,-2.933942276713562,4.399338548904246,-0.6669053186289394,0.5048744019013731,1.5096458979925824,0.33013063044816415,4.572874367771279,4.96901484669036e-06,-2.494246762060507,0.6548011326050679,-3.809166841445996,0.00014171036583638982,-3.4986838825878603,1.6672575598987123,-2.0984663478151564,0.03593192815690321,-0.3562592433701108,0.1850947669672411,-1.9247396844728903,0.054338895925102264,-2.814796523063311,0.8135746402955997,-3.4597889162825903,0.0005467373406978938,1.1919788715413833,0.328824768227578,3.6249668112482953,0.0002929077204896724,-2.1529835532708996,0.42569232633963433,-5.057604800592913,4.452665279907003e-07,-5.563629762976578,0.4177948223011461,-13.316655607010654,1.5012008496385898e-39,-2.950907043715474,0.4147736160888006,-7.11450036658962,1.3435514497741875e-12,-1.6679433692290138,0.6418502829918026,-2.5986486466195355,0.009396474857398808,-4.862129577547394,0.40205374046298686,-12.09323303881811,4.8127535754093e-33,-1.9168951915602064,0.4162747776266238,-4.604879504084581,4.266517860019626e-06,-1.795507151572164,0.6356722419290698,-2.8245800793870623,0.004759733019198265,-0.8996049622042777,0.33212650966684143,-2.70862137173777,0.006787590109198495
5.076,0.11377539930649727,0.11016503292670299,3698,1.4419751540070236,0.13157969407248946,10.95894897895579,1.595108232127075e-27,-2.687376639177816,4.395628389172784,-0.6113748482008405,0.5409891927347112,1.4229080325019903,0.3298522164644266,4.313774355539144,1.6470281607380037e-05,-2.6056329103965505,0.6542489094089442,-3.9826324093539696,6.947304464496042e-05,-3.641761522388453,1.6658514867374978,-2.186126165136542,0.02886913521605566,-0.35604928050495466,0.18493866823938188,-1.9252289631722108,0.05427766089179667,-2.837370251490576,0.8128885162714063,-3.490478946000066,0.0004878143290414576,1.198038101597302,0.3285474555360851,3.6464689694293457,0.0002695458685511834,-2.1284758669295747,0.425333320886969,-5.004253752071333,5.870267288909434e-07,-5.527487309390878,0.4174424771682395,-13.24131493969447,3.920983553845811e-39,-2.9821578696397038,0.41442381887474705,-7.195913298943402,7.482359483539126e-13,-1.6845183120754514,0.6413089818286593,-2.6266875403368513,0.00865777230314491,-4.8304853841800455,0.40171467049117926,-12.02466760368442,1.0719625723640788e-32,-1.9006808332936531,0.41592371441564224,-4.569782312037775,5.042470551955597e-06,-1.8959256546884,0.6351361509853528,-2.985069660650009,0.0028537877289583286,-0.9378987331161497,0.3318464124685425,-2.826303669035621,0.004734250743968931
5.13,0.11470369925591417,0.11109711465212235,3698,1.4615155971433311,0.13175712956714952,11.09249724811647,3.790848413895632e-28,-3.548512925036984,4.401555903316,-0.8061951280372563,0.42018241263144507,1.3830105404686905,0.3302970228732395,4.187172286440677,2.89061762445657e-05,-2.5747924356015157,0.65513116544161,-3.9301937862563796,8.643666152682634e-05,-3.9092951062421593,1.6680978909768678,-2.343564563799554,0.019153377061494826,-0.35119905024592174,0.1851880584231191,-1.8964454470573877,0.057979370108183846,-2.9327237321188036,0.8139846981481376,-3.6029224367373494,0.00031881910645835604,1.1993749489879788,0.3289905024720373,3.645621803595744,0.00027043224131626973,-2.208437329725811,0.4259068837662489,-5.185258595016912,2.2732745133956236e-07,-5.568559480816866,0.4180053992281408,-13.321740559091758,1.4067625302706297e-39,-3.060132031598749,0.41498267026758007,-7.374120055725656,2.0329495225791173e-13,-1.6444330111719117,0.6421737883417221,-2.560728950675972,0.010484813704009721,-4.818530365769674,0.4022563835706422,-11.978754253687235,1.8283515828561533e-32,-1.9326861507028947,0.41648458842077196,-4.640474592424326,3.5971438297842097e-06,-1.8984218480599644,0.6359926334230189,-2.98497458664315,0.0028546726926410057,-0.9703726918420033,0.3322939080548682,-2.920224139895384,0.00351903474488656
5.184,0.11261388736216182,0.10899878913034011,3698,1.4832048654102152,0.13227903730276763,11.212697761137868,1.0259190664897046e-28,-2.844019961226854,4.418991059062357,-0.6435903406942651,0.5198811979585203,1.3434155003270458,0.3316053738661269,4.051247676309972,5.199595015543891e-05,-2.481426940370839,0.6577262282227418,-3.7727352717497116,0.00016400731985720203,-4.075801360173515,1.6747054513869128,-2.4337422182498583,0.014990886564031986,-0.35069676553350987,0.1859216132641561,-1.8862614161767326,0.059338366697092686,-2.8748670771391627,0.8172090011671387,-3.5179092166548274,0.00044021793086529155,1.1475042998772094,0.3302936781616499,3.474193954495267,0.0005182997173042211,-2.1830896836054565,0.4275939582951253,-5.105520415465478,3.465882905610485e-07,-5.580542189176349,0.41966117491256866,-13.297732844452403,1.9114471310124056e-39,-3.03869573927762,0.41662647251548596,-7.293573355842558,3.677194074582277e-13,-1.7430911550054247,0.6447175252070271,-2.703650958527451,0.006889742121421732,-4.790094181034576,0.4038497752829312,-11.861079228479714,7.123111532735587e-32,-1.9512820701093505,0.41813433996876503,-4.66663912429463,3.1706370188927676e-06,-1.908249570435756,0.6385118859011965,-2.9885889559321988,0.0028212053608073955,-0.9688961165422275,0.33361016897890583,-2.9042763279901425,0.0037029402392905687
5.2379999999999995,0.11114257306921638,0.10752148088997637,3698,1.4970631570892905,0.13294288903926677,11.260949479194103,6.048853050772319e-29,-2.611399250805312,4.4411680793064505,-0.5879982932807889,0.5565694993697641,1.3004049939606797,0.3332695589687869,3.901961517230777,9.712173814586784e-05,-2.536655093028741,0.661027073977669,-3.8374450803726607,0.0001264066812227896,-3.7528770509346088,1.6831100795479352,-2.2297276313279464,0.02582560553765018,-0.3272572458732806,0.18685467407511158,-1.7513998378318874,0.07996031848806906,-2.7000309858466442,0.8213102225365218,-3.2874678918617506,0.001020416105309181,1.129772564002866,0.33195128042632643,3.403428848208973,0.0006725638292769775,-2.1921352333347923,0.4297398689210172,-5.101074840551249,3.547713863132171e-07,-5.603328062908238,0.42176727430206845,-13.285355228616318,2.2383171641176845e-39,-3.004683648682949,0.4187173420356342,-7.175923581467616,8.643873388538667e-13,-1.7627613717511064,0.647953085862647,-2.7205077191727063,0.00654880218141809,-4.771188289677124,0.40587652404126034,-11.755270401379748,2.394298270196123e-31,-2.00321405740896,0.4202327768287404,-4.766915309477015,1.9430204348607092e-06,-1.9517906402810128,0.6417163031155481,-3.0415163691572467,0.002370481370579339,-0.9777074024768088,0.3352844152881189,-2.9160538274248102,0.003566305215925664
5.292,0.11129619627589371,0.1076757299380714,3698,1.512245439348841,0.1336151492458423,11.317919022538511,3.233067570478086e-29,-1.899939110279261,4.463625997830769,-0.4256492616546711,0.6703883162209839,1.2702760427457567,0.3349548229507628,3.792380212815992,0.00015160378799582716,-2.445812955843185,0.6643697288613989,-3.68140336561516,0.00023527936334055542,-3.9088438631102074,1.6916211622989057,-2.3107087746514745,0.02090394255278271,-0.3115751677917229,0.18779955320855843,-1.6590836477960467,0.09718410500720244,-2.585605253320788,0.8254633907417195,-3.132307601185674,0.0017479947347600882,1.149653671158632,0.33362987819086354,3.4458954257715977,0.0005755368379258571,-2.23057429775819,0.43191296005167,-5.1644069617437385,2.5398118309804433e-07,-5.6353842503456795,0.4239000499397738,-13.294134433686278,2.0012424823044888e-39,-3.016229997181507,0.42083469489961856,-7.1672560122472,9.200922075043744e-13,-1.8152931832505836,0.651229628733809,-2.7874855552565583,0.005339127408303079,-4.801668390091857,0.40792894397788104,-11.770845047838076,2.004235358951932e-31,-2.0176777541381243,0.42235779288189135,-4.77717657432297,1.8470640343379552e-06,-2.1163885377626457,0.6449613080767983,-3.2814193832394025,0.0010424892308278978,-0.9930234038889041,0.33697986791376916,-2.9468330260697115,0.003230613234244376
5.346,0.11313208577849176,0.10951909862115261,3698,1.537387851535688,0.13418899167979273,11.45688504169005,6.929477965289744e-30,-2.61249085135328,4.4827961145525395,-0.5827815462925758,0.5600760568829888,1.2557496421321273,0.3363933670975185,3.732979793766542,0.0001920872289333766,-2.4843369022005226,0.6672230246471286,-3.7233980399798154,0.00019950078293932356,-3.6654829850051067,1.6988862367352602,-2.1575800108011025,0.031024985762241126,-0.31165156953690787,0.18860610361333113,-1.6523938704329375,0.09853954629334023,-2.5015935858509364,0.829008542050937,-3.017572749807963,0.0025655180488690222,1.1203623861654266,0.3350627320432914,3.3437391838035615,0.0008348377970182403,-2.2722557631382516,0.4337679142664406,-5.238413650260276,1.710406652213268e-07,-5.715978436586187,0.425720590782501,-13.42659612982276,3.6659896110782126e-40,-3.0420555247930845,0.42264207083696564,-7.197711100480006,7.385744351486667e-13,-1.901448368757366,0.6540264911953076,-2.907295643762462,0.003667465494209374,-4.909198606356577,0.40968089306009464,-11.982981607190707,1.7407794122660143e-32,-2.0837608883196355,0.4241717101302966,-4.912540932254884,9.381510197553017e-07,-2.221579324260754,0.6477312497257776,-3.429785617416603,0.0006106975208298313,-1.0417950168873429,0.3384271091037643,-3.0783438704017083,0.0020968729679684216
5.4,0.11246153333437803,0.10884581443161201,3698,1.5250429271730854,0.13459500596460627,11.330605591518884,2.810984761414508e-29,-2.7639213329005656,4.496359665747246,-0.6147020119310745,0.5387895143319092,1.2952330433753592,0.33741118913081936,3.8387376740881525,0.00012574583003656297,-2.631405715447669,0.669241834653613,-3.931920539321388,8.582058850288899e-05,-3.335016233462908,1.7040265397642418,-1.9571386686995613,0.05040662179336692,-0.2716256593006981,0.18917676720735208,-1.435829902955133,0.15113569590657583,-2.501044908582476,0.8315168648730378,-3.0078102011368757,0.002649171251466791,1.16206488516374,0.3360765279874688,3.457738902869973,0.000550900585038659,-2.2265894708664935,0.43508036148943047,-5.117651054724943,3.251756209009489e-07,-5.663285776356085,0.4270086892996239,-13.262694456276662,2.987381116134966e-39,-2.983988976046181,0.42392085470719887,-7.039023777462458,2.2988580332870733e-12,-1.9985743709102288,0.6560053725830255,-3.046582321484394,0.0023309975022639184,-4.880014006338238,0.4109204604248639,-11.875811686993229,6.011999674897586e-32,-2.093017567294089,0.42545512221478143,-4.919479066084616,9.057119033140496e-07,-2.280465984356222,0.6496910836645878,-3.5100773916939647,0.00045334533138258106,-1.0073895798809567,0.3394510846098338,-2.967701756024299,0.0030196737490572998
