peth_time,r_squared,r_squared_adj,n_trials,Intercept_beta,Intercept_se,Intercept_tstat,Intercept_pvalue,C(Q_diff_bin)[T.1]_beta,C(Q_diff_bin)[T.1]_se,C(Q_diff_bin)[T.1]_tstat,C(Q_diff_bin)[T.1]_pvalue,C(Q_diff_bin)[T.2]_beta,C(Q_diff_bin)[T.2]_se,C(Q_diff_bin)[T.2]_tstat,C(Q_diff_bin)[T.2]_pvalue,C(Q_diff_bin)[T.3]_beta,C(Q_diff_bin)[T.3]_se,C(Q_diff_bin)[T.3]_tstat,C(Q_diff_bin)[T.3]_pvalue,C(Q_diff_bin)[T.4]_beta,C(Q_diff_bin)[T.4]_se,C(Q_diff_bin)[T.4]_tstat,C(Q_diff_bin)[T.4]_pvalue,Reward_beta,Reward_se,Reward_tstat,Reward_pvalue,Q_chosen_beta,Q_chosen_se,Q_chosen_tstat,Q_chosen_pvalue,RPE_abs_beta,RPE_abs_se,RPE_abs_tstat,RPE_abs_pvalue,Port_beta,Port_se,Port_tstat,Port_pvalue
-2.16,0.0279319188768562,0.02752515328165872,19127,0.18931382954797032,0.03257312469316862,5.81196404493776,6.2725855977948395e-09,0.19083882653668277,0.038523316256284294,4.9538524997974775,7.337946488690712e-07,0.023862528160171523,0.052047614100735586,0.4584749670558727,0.6466164546509146,0.08479800688378276,0.049734956276510665,1.7049981186739684,0.08821102162430891,0.026036274336242195,0.04988927013452932,0.5218812435225825,0.6017590645055281,-0.005741991208956955,0.01382180800322739,-0.4154298198626548,0.6778319430357964,0.26175475976623624,0.01781043649864758,14.696706607168911,1.2468435423991081e-48,-0.021455547877465633,0.01328226048220789,-1.6153536445250551,0.10625063396596582,-0.01289268446446793,0.018463288436170306,-0.6982875509441024,0.4850058762974305
-2.106,0.02940139122957186,0.028995240540683698,19127,0.17293608254579115,0.030259372333259073,5.715124578301692,1.1125573205137345e-08,0.17358725229376365,0.035786906570718785,4.850579972614748,1.240696690383691e-06,0.016623380188502526,0.04835053894790278,0.3438096151609406,0.7309932497066222,0.07517679442267546,0.04620215512406524,1.6271274407179817,0.10372651387383221,0.01864997477871761,0.04634550767405708,0.4024117053562312,0.6873855559495862,-0.0051809195120974556,0.01284000962843435,-0.40349810179458506,0.686586343520663,0.2497375685207945,0.01654531564002736,15.094155587858072,3.4902867918702925e-51,-0.02120373206340159,0.012338787547844704,-1.718461557197764,0.08572865097929955,-0.008195134205053432,0.017151793834614966,-0.47780041458488076,0.6327977287784949
-2.052,0.032315237773481886,0.03191030639479098,19127,0.15139066894812725,0.027737188857651356,5.458039375405769,4.87408764923406e-08,0.15086842669978187,0.032803991280814536,4.599087513720243,4.270655524151434e-06,0.009943347604070802,0.0443204179980016,0.22435139498276271,0.8224862853688409,0.08028911466761667,0.042351106566018995,1.8957973280452078,0.058001915175519524,0.021060760226933352,0.042482510374021294,0.4957513113399327,0.620075578830515,-0.0025865012135919876,0.011769767332764329,-0.21975805812165566,0.8260619321272797,0.23902353179448213,0.015166228154457681,15.760248979521513,1.3079735612135585e-55,-0.019730295585769265,0.011310323185812897,-1.7444502037322824,0.08109668710052811,-0.011406631293780183,0.015722155092930037,-0.7255132153549061,0.4681461209882245
-1.998,0.034999579247537826,0.03459577114177259,19127,0.12456920821336234,0.025185693641888916,4.946030472084298,7.638473568000193e-07,0.1310071715544579,0.029786409822200988,4.398219602041904,1.09732000881143e-05,0.01004150337760384,0.04024346070204626,0.24951888337707645,0.8029621166199197,0.08739959211901369,0.03845530276484775,2.2727578730417966,0.023051824050934613,0.022127423123673613,0.03857461896767956,0.5736264859080908,0.5662273324537922,-0.004795818120603848,0.010687087137799247,-0.4487488553959179,0.6536179232147025,0.2286728182233664,0.013771113502578104,16.605252594901373,1.7216480602144493e-61,-0.015701345394024017,0.01026990644980441,-1.5288693690411415,0.12631337545592503,-0.015326104118114931,0.01427590169980652,-1.0735646994769266,0.2830313762209224
-1.944,0.03770370020271796,0.037301023646677645,19127,0.10426511490583062,0.02311230509686387,4.5112382546377185,6.483391728915653e-06,0.10269982792581527,0.027334271644038777,3.7571817995820886,0.00017234798254343298,-0.011855224911402397,0.03693045564376944,-0.3210148562952404,0.7482026415172507,0.08213495227707718,0.03528950612720846,2.327461086618907,0.01995112238358883,0.01351629938735795,0.03539899973584433,0.3818271558015695,0.7025938184649616,-0.007068356369081438,0.00980728273906935,-0.7207252566425123,0.4710873821759448,0.21556582274950864,0.012637419533514813,17.057740480785785,9.230357101477994e-65,-0.014291907995777637,0.009424446058906624,-1.5164719397243505,0.12941659410492962,-0.018915213303707077,0.013100651517097538,-1.4438376044902048,0.14880104762066118
-1.89,0.03719136319568883,0.03678847225027426,19127,0.07170165070764206,0.021593206557622514,3.320565221117241,0.000900035259408009,0.08566487520907917,0.0255376766288873,3.3544506203112525,0.0007967731338866112,0.0037065156907436056,0.034503133877859554,0.10742547920037065,0.914452569232223,0.08911749628983423,0.032970038770589606,2.7029842733861162,0.00687807078219928,0.006510978708859736,0.033072335711466117,0.1968708459439831,0.8439307014722846,-0.01013569566744161,0.009162681137437293,-1.1061932108527417,0.2686568200538994,0.20589277480663615,0.01180680201299119,17.4384879648265,1.4043000468405436e-67,-0.012814936592086252,0.008805007098524146,-1.4554146803850088,0.14557091415253431,-0.02254108919511565,0.012239587226914154,-1.8416543611494578,0.06554120445914625
-1.836,0.03503222807833095,0.03462843363459345,19127,0.054198095540000414,0.020339039278997925,2.6647323305956405,0.007711430491996701,0.05712587978305942,0.024054408346588573,2.3748611464459937,0.017565360878497447,-0.0141547331597935,0.03249913778750865,-0.4355418058270458,0.6631741179660887,0.0879513240483856,0.0310550872467984,2.832106809084971,0.00462907277312484,-0.00510206771779834,0.031151442621024848,-0.16378271079987908,0.86990393396731,-0.01175418470239278,0.008630498256845712,-1.3619358179082373,0.1732341882320819,0.18343825303223218,0.011121044447972886,16.494696508983814,1.0524189435743223e-60,-0.014481682577135458,0.008293598486674044,-1.7461277635280126,0.08080481486253277,-0.030857155905299482,0.011528692818392488,-2.6765528747605294,0.00744472682751655
-1.782,0.031501980158625265,0.03109670846918433,19127,0.04353346411262113,0.01943840659114518,2.2395592925014762,0.02513099726737959,0.03408591584385461,0.022989255457766235,1.482688985142392,0.1381735456907269,-0.0274030244895605,0.03106004396321555,-0.8822596813453947,0.37764748688990735,0.07067080670785776,0.029679937402456114,2.381096892138644,0.01727090338879466,-0.03441968680086224,0.029772026065827236,-1.1561083120362325,0.24765130349819886,-0.010647968323252729,0.008248331295272571,-1.2909239386826619,0.1967456634346313,0.16443035607548465,0.010628593648526809,15.470565675288164,1.159544215154661e-53,-0.011293922418563017,0.007926349778681346,-1.4248579401503414,0.1542145935892909,-0.03259629309839193,0.011018190947678315,-2.958406988332365,0.00309612186491454
-1.728,0.027058369288499584,0.02665123815314585,19127,0.022709912198441085,0.018756328227563294,1.2107866701259693,0.2259921429048324,0.023005402688830095,0.022182580606662852,1.0370931631786833,0.29970555800416776,-0.026533304613378304,0.029970171505826884,-0.8853237495894751,0.3759931791097727,0.06467038210113304,0.028638491796317705,2.2581629843177797,0.02394672549349021,-0.033951824827512384,0.028727349141086548,-1.1818641762164426,0.2372742984938921,-0.011802766458168492,0.007958903852453075,-1.4829638197640334,0.13810050740547278,0.1476401690417995,0.010255644676142088,14.395991057028114,9.628334765868775e-47,-0.007931350121085232,0.007648220413454292,-1.037019030875846,0.2997401039868369,-0.03198331393192704,0.010631571313194045,-3.0083336686304265,0.002630264412571796
-1.674,0.02156788657075881,0.021158457921975793,19127,0.0021942669779376578,0.018309109929842773,0.11984563893852271,0.9046066871213307,0.007857175332675707,0.021653668134157627,0.362856550862225,0.7167160565560042,-0.02249687425282477,0.029255574868328752,-0.7689773437738612,0.4419162599344465,0.059592235605137434,0.02795564719075088,2.1316707568427717,0.033046636399595965,-0.03963099494065921,0.028042385856960395,-1.4132533209838283,0.15759753442468338,-0.009153995830310657,0.007769134970749208,-1.178251615498437,0.2387109761501418,0.12775424298967664,0.010011113235955906,12.761242429147101,3.825943583831311e-37,-0.006382331893542292,0.007465859341905656,-0.854869024616958,0.39263437286200353,-0.033282758418657694,0.010378076430448614,-3.207025756816379,0.0013433573027733607
-1.6199999999999999,0.018272231674719475,0.017861423946578303,19127,-0.022307477255474616,0.017908440736753937,-1.2456403984793845,0.2129117094075263,0.01796755350858602,0.02117980797536394,0.8483341081036065,0.3962625485275506,-0.02646819113741387,0.028615357641999396,-0.9249645406690957,0.35499602736079383,0.05948584123969376,0.027343877058553612,2.1754720851147775,0.029606966846848156,-0.039516773757033705,0.027428717570700315,-1.4407080336576141,0.14968356096361973,-0.0019458383036235084,0.00759911834778631,-0.25606106058215927,0.7979064439469155,0.10944116001310335,0.009792034062935405,11.176550174325644,6.529146405817859e-29,-0.00624873661775505,0.007302479480749196,-0.8557006745760772,0.3921740910336593,-0.027196022997021896,0.010150966782566467,-2.6791559444100486,0.007387117954245638
-1.566,0.013168152663191268,0.012755209113725074,19127,-0.02898194494784556,0.017574440265392507,-1.6490963302493709,0.09914433114539284,0.008406123107232807,0.020784795034198278,0.4044361800730672,0.6858965237973571,-0.032121112542808125,0.028081668356533657,-1.1438463033958104,0.25270170489354854,0.04685899340418704,0.026833901457625816,1.74626091842006,0.08078168433889794,-0.06288472944638021,0.026917159656076755,-2.3362319891795678,0.019489431762794066,0.00011979350094733614,0.007457391374042421,0.016063727239033158,0.9871837188736081,0.08901040868328826,0.009609408225170792,9.262839770937742,2.1960763297884114e-20,-0.006422950668989925,0.007166284955244151,-0.8962734121100965,0.3701180408074394,-0.013288021245150803,0.009961646688204866,-1.3339181423573823,0.18224657509252973
-1.512,0.008412758681809573,0.007997825219598798,19127,-0.036072545051049495,0.01737186173544593,-2.076492755951786,0.0378617272420028,0.01656307776007398,0.020545211118028827,0.8061770533737447,0.42015079532085264,-0.038330920695714296,0.02775797422982419,-1.3808976252499776,0.16732658184937693,0.035517266569096574,0.026524590194909718,1.3390316799658841,0.1805762800312589,-0.06923079373481247,0.026606888685785708,-2.6019875736841747,0.009275667530542191,0.00020524973122832245,0.007371430890580272,0.02784394702670344,0.977786905503687,0.06433063222524008,0.009498641693633228,6.772613843130831,1.301528312940437e-11,-0.009604620312510637,0.007083680021630966,-1.355880034555717,0.17515335578506458,0.0002763109953143708,0.009846819944850904,0.028060937121010245,0.9776138423491652
-1.458,0.0030767476672021177,0.0026595813308352145,19127,-0.03300684386916216,0.016925823018881046,-1.9500879710453347,0.05118023031197507,0.004384344636164888,0.020017693702901015,0.2190234650023393,0.8266341071534519,-0.052792510550665764,0.027045262409498724,-1.9520058541611414,0.050952087637602374,0.005689054336991977,0.02584354665748581,0.2201344270734641,0.8257688138885626,-0.06602557169083183,0.02592373205802039,-2.546916143981845,0.010875720973770894,0.0017287264713449293,0.007182162542503773,0.2406972079947216,0.8097923840384993,0.02731126860225,0.009254755228575018,2.951052505194694,0.003170773507427256,-0.008628051449511996,0.006901799944899888,-1.2501161317907699,0.2112724293707079,0.009106291440103907,0.009593993679172935,0.9491658786342799,0.3425482506263726
-1.404,0.0007422010558119085,0.0003240578195133903,19127,-0.04545774404260826,0.016547355565145964,-2.7471304320284773,0.006017551427132657,0.008027951677637823,0.019570090915318132,0.41021534914557245,0.6816525790370782,-0.056653732677717214,0.02644052067325926,-2.142685969683427,0.03215091105610926,0.002903906581302897,0.02526567571507837,0.1149348473419164,0.9084979709538428,-0.040870683207184,0.02534406814139047,-1.6126331013305775,0.1068407482439103,0.0014463943524651865,0.007021566820408567,0.20599310516581035,0.8367984905119261,-0.012755078742248698,0.009047815593061106,-1.4097412365511452,0.15863237078944756,-0.003091592215318824,0.006747473230717581,-0.4581851768221153,0.6468246162617108,0.012888443465322315,0.009379468550624883,1.3741123386424337,0.16942291834446951
-1.35,0.002705915893651323,0.002288594381314679,19127,-0.039258459457268635,0.01620716418430417,-2.422290476657755,0.015432250988120162,-0.0076119216613008385,0.019167756160047355,-0.39712116523930324,0.691282546049453,-0.05870048924171615,0.025896939120146442,-2.2666960357508152,0.023419923148995957,-0.020504124117426595,0.024746247394608987,-0.8285750881927033,0.4073552331980368,-0.033923049589689634,0.02482302817804258,-1.366595942540828,0.17176806088200178,0.005501883274706669,0.00687721284778112,0.800016430563409,0.4237112180098076,-0.049150748715152924,0.00886180467016243,-5.546358845015259,2.9554224162219038e-08,0.003386901977341274,0.006608754253747884,0.5124872021713519,0.6083159954303281,0.023477825487241654,0.009186639288859327,2.5556489973121406,0.01060666408892835
-1.296,0.00759542661073731,0.007180151132804791,19127,-0.047617562976717445,0.015984661300514708,-2.9789535155921105,0.002895978525769178,-0.011542210624954738,0.01890460827230558,-0.6105501081375787,0.5415047187699553,-0.046696511754387826,0.025541408469008035,-1.8282669027845277,0.06752507844746283,-0.024822672215797707,0.02440651421577191,-1.0170511035023948,0.3091419897844672,-0.023132773707089955,0.024482240900811778,-0.9448797518499592,0.34473221102630125,0.010532727465257912,0.006782797830220727,1.5528588244705437,0.12047341845487473,-0.07716221639873035,0.008740143837195756,-8.828483585172618,1.1508503849390838e-18,0.007703188622844333,0.006518024816877068,1.1818286734500505,0.23728838778040304,0.027302482538172638,0.00906051890710344,3.013346455992439,0.0025872209784040126
-1.242,0.013723379568583494,0.013310668355932975,19127,-0.04847326831863086,0.015856105909802114,-3.057072688235835,0.002238185823530541,-0.012286386424995514,0.018752569436009656,-0.6551841584653758,0.5123570755668558,-0.051246196879690405,0.02533599368521293,-2.0226637848271833,0.043121716375651244,-0.03431557501788352,0.024210226730416187,-1.417399985551214,0.15638231349467763,-0.011963495204579254,0.024285344389503007,-0.4926220115597909,0.6222853493968944,0.01564372159632365,0.006728247708150861,2.325081102078367,0.02007803751993585,-0.10289809766119075,0.008669851912659402,-11.868495413507894,2.2419176033556597e-32,0.012550227520329717,0.006465604111098271,1.9410757764749518,0.052263763907931374,0.03169958341195588,0.008987650391076515,3.527015630629019,0.0004212566160246609
-1.188,0.020149012619620987,0.01973899023762271,19127,-0.05996342947681675,0.015887933523278254,-3.7741490665832123,0.00016103971498644383,-0.0129010439466594,0.018790211057167397,-0.686583237804473,0.4923537214739615,-0.014582964645357204,0.025386850069411798,-0.5744298566180914,0.5656837124677061,-0.032105905079705836,0.024258823387308413,-1.3234733015329512,0.1856938554896978,0.00021874407573606983,0.024334091828424078,0.008989202361789399,0.9928278446085573,0.013307010184120619,0.0067417531721434025,1.9738204357739677,0.048416538855650164,-0.11745342705503613,0.008687254716168739,-13.52020067242089,1.8434340098644782e-41,0.00618776844450196,0.006478582376361406,0.955111486593032,0.3395333971697758,0.030472238591493103,0.009005691104498404,3.3836646447124985,0.0007166888185591803
-1.134,0.02316104493628779,0.022752282950697755,19127,-0.05981753602595112,0.01602972405629475,-3.7316634906426374,0.00019077010341749255,-0.011583283505252203,0.01895790272313419,-0.611000260652103,0.5412066718533439,-0.00046187064830751886,0.025613412888149535,-0.01803237430031087,0.9856132148224894,-0.017833570230099623,0.02447531922632988,-0.7286348367997895,0.46623398784233017,0.014821473557111556,0.024551259394348823,0.603695041425172,0.5460535740094734,0.010934920705548532,0.006801919384089298,1.6076228029292643,0.10793432831529728,-0.12565432258846898,0.008764783393819038,-14.336272437386295,2.2590879930689386e-46,0.0032702145397389784,0.006536399942565951,0.5003082076485076,0.6168638345642079,0.02689151997654969,0.009086061641045392,2.9596453379833885,0.0030837108265721843
-1.08,0.02628444645473671,0.02587699146842204,19127,-0.07384203566795013,0.016304983789120747,-4.528801538411838,5.967758152229813e-06,-0.0005172841661081891,0.019283444648883184,-0.02682529887823481,0.9785993548747481,0.022298865470598898,0.026053242118122173,0.8558959905833832,0.3920660396558575,-0.020032096030995154,0.02489560530283442,-0.8046438633373761,0.42103522844791264,0.033591430415208595,0.024972849502681124,1.3451180415595811,0.17860307306362924,0.00972713329263195,0.006918720802865633,1.4059149906154782,0.15976562106294245,-0.13045391681890334,0.008915290784138894,-14.632603689269745,3.1724005412770296e-48,0.004759742593266274,0.006648641906028074,0.7158969697181005,0.47406371334505504,0.028919115813068417,0.009242085967538557,3.1290680388218073,0.0017562532921162309
-1.026,0.029197363404170007,0.028791127339060307,19127,-0.08649900460415384,0.01652855910078949,-5.233305823979672,1.6826323025814498e-07,0.0005279068235530126,0.019547860866843344,0.027005861518506955,0.9784553407935007,0.0369336486327558,0.026410486369442862,1.398446363921882,0.16199528920146014,-0.014817553720382227,0.025236975940594705,-0.5871366583405735,0.5571188626145188,0.05259514882588873,0.02531527931941875,2.077604918447186,0.037759077572352195,0.004118963356127628,0.007013590885525993,0.5872830941177318,0.5570205288612049,-0.13528789794244958,0.009037538002625016,-14.969552316477593,2.2404094120493608e-50,0.006969624370532458,0.006739808644096586,1.0340982568751664,0.30110331149649333,0.02396925715858612,0.00936881422911711,2.558408841547167,0.010522873865280391
-0.972,0.03416221151953058,0.03375805301404655,19127,-0.09292342820652431,0.016905214141572675,-5.496731802882666,3.9184098918283996e-08,-0.011493638230115842,0.019993320164724503,-0.574873914658497,0.5653833376054687,0.035894590652882356,0.02701233210565777,1.3288223509351933,0.18392244563143062,-0.014282303406430314,0.025812079562403754,-0.5533185875977624,0.5800517455971552,0.05388811639043855,0.025892167329217376,2.081251666005952,0.037424151859196224,-0.0014741374711338092,0.007173417543428568,-0.20550002313530996,0.8371836679875162,-0.1498470831091327,0.009243486641232947,-16.211099655913525,1.0372240834778906e-58,0.005840341595896768,0.006893396315244026,0.847237171462413,0.39687354425791377,0.021274074266211727,0.009582312035189609,2.220140002546971,0.026420947132007027
-0.918,0.035696095500276415,0.035292578854393075,19127,-0.07995794978308408,0.017402903176771487,-4.59451787847719,4.3652067363642284e-06,-0.0326419311295849,0.020581922955548244,-1.5859514779101653,0.11276685567332485,0.011136363901543534,0.027807574413241103,0.4004795145397775,0.6888078438511502,-0.042523975434096785,0.026571986468421363,-1.6003310661260894,0.10954168188208369,0.02195515877170032,0.0266544320168675,0.8236963653101527,0.41012238029145676,-0.007495814553088824,0.007384602756840781,-1.015059956494616,0.31009009381279273,-0.15923488816578998,0.009515614631438954,-16.734062310561484,2.0582459572794844e-62,0.004297616435896936,0.00709633771146923,0.6056104727021447,0.5447806355331137,0.022605306294090313,0.009864415035591106,2.2916012974443682,0.021939481207857506
-0.864,0.03533372276034907,0.03493005447821085,19127,-0.06885946257185423,0.018011685690749495,-3.8230437591534985,0.00013223232955870238,-0.05180634595383141,0.02130191287171951,-2.432004405698687,0.015024642046661162,0.0002730484107898946,0.028780329641892786,0.009487327427704095,0.9924304204709061,-0.05300773534267977,0.027501518774572836,-1.927447563066564,0.05393867488857666,0.017786826602411012,0.02758684840550449,0.6447574706961434,0.5190921028502997,-0.005616116139495814,0.007642928450282491,-0.7348120783844622,0.46246296304112666,-0.16602005994313787,0.009848486666554648,-16.85741835920235,2.652556210320537e-63,0.009018736687426185,0.007344579413910663,1.2279446077395066,0.21948288024562712,0.010526620547276551,0.010209488689296492,1.0310624623456937,0.30252457271109295
-0.8099999999999999,0.03165904541324249,0.031253839448356246,19127,-0.042189750949154184,0.018733516844671966,-2.2520998752646624,0.024327259709404362,-0.054497450727328214,0.022155602227227546,-2.459759394865602,0.01391180422577995,0.00591130090154195,0.02993372188470469,0.19747964935033563,0.8434543047671014,-0.07054923727783204,0.028603661759549853,-2.466440761007737,0.013655035875589723,0.00828212228341686,0.028692411036316815,0.28865201578682037,0.7728508155740385,-0.0019917214378919797,0.007949224260532373,-0.25055544699887367,0.802160523646879,-0.16097280955302595,0.010243171795807169,-15.715133238214051,2.6438159697144338e-55,0.010102875670101064,0.007638918673680289,1.322553112773707,0.18599985598844118,0.004729716489855455,0.010618641232155833,0.4454163566175229,0.6560239373041599
-0.756,0.021604105109535254,0.021194691616537864,19127,0.009799444909248695,0.019590187183709116,0.5002221171933342,0.6169244443144792,-0.06286285320484629,0.023168762085514882,-2.7132590413256548,0.006668466829159706,0.019802634177899094,0.03130256959697539,0.6326200830430395,0.5269893350583279,-0.08356670971582822,0.029911686772708383,-2.7937812518174345,0.005214753662867926,0.004572506642532285,0.030004494490484986,0.15239405696310987,0.8788777523534352,0.00013698397828809056,0.008312736605748505,0.01647880653326151,0.9868525816865512,-0.129934213675744,0.0107115847226424,-12.130251222406523,9.715460389612657e-34,0.0117409671372467,0.007988240966142429,1.469781293154516,0.1416374528311219,-0.004458104617771935,0.011104224108018888,-0.4014782639835705,0.6880725254721153
-0.702,0.009855272268388116,0.009440942431488186,19127,0.06838831853019779,0.02043456263512196,3.346698422243459,0.0008193772483352389,-0.06822386488066512,0.024167381126832754,-2.822973019816242,0.004762972522516868,0.05131735447832697,0.03265177167891402,1.5716560492632283,0.11604688867264182,-0.07630072730454097,0.031200939079711765,-2.4454625262915592,0.014475604228489028,0.02742149218973855,0.03129774699196621,0.8761490786150629,0.3809600030139907,0.0013915955346001662,0.008671031840915623,0.16048788196506264,0.8724984623108315,-0.07323256951561659,0.011173275011801525,-6.554261793276036,5.7345236550062936e-11,0.011142909233915295,0.008332549803445942,1.337274843446735,0.1811488493062385,-0.007143885723244458,0.011582837924000942,-0.6167647143228625,0.5373972736010447
-0.648,0.004156226637029192,0.0037395120127533543,19127,0.12355296004828677,0.021205016386762084,5.826591113856375,5.747939030606615e-09,-0.05540584771367746,0.02507857505786812,-2.2092901046343343,0.027166279740065774,0.10249322881444789,0.03388285650499579,3.024928810218111,0.002490219063435955,-0.06561794460746226,0.0323773224943165,-2.026663712509915,0.0427106683493809,0.061723072188456914,0.032477780399992225,1.9004707658061415,0.05738639530202991,0.00032291633718096454,0.008997959758665235,0.03588772853423677,0.9713722554561599,-0.008899937807985649,0.011594546159350018,-0.7675969102773896,0.44273617844576685,0.00764132079458458,0.008646715776627036,0.8837252191450373,0.3768556758095283,-0.006966320555351009,0.012019551011162782,-0.5795824277363819,0.5622030753136941
-0.594,0.0025329783906417047,0.002115584511947488,19127,0.13317041286904127,0.02208164978019348,6.0308180862686624,1.6613057095745672e-09,-0.044440596300044564,0.026115344657778806,-1.7017043765802775,0.08882705891602834,0.10534624073524888,0.0352836025801399,2.985699674401876,0.0028328858483656636,-0.04665769728885425,0.03371582851434175,-1.383851423642382,0.16642010886741043,0.0752126738382478,0.0338204394351882,2.223882217213103,0.026168006789480946,0.0034994255893887713,0.009369943059848729,0.3734735170786905,0.7088001931851785,0.016248564331808896,0.012073874548424656,1.3457622295677185,0.1783951689182439,0.006245388913340196,0.009004178353172528,0.6936100850489816,0.48793519423583986,-0.009680778412202445,0.012516449461899906,-0.7734444533708023,0.4392689533061558
-0.54,0.0022297268643222123,0.0018122060888704494,19127,0.10714559419163601,0.023412158411108913,4.576493645318756,4.758081135248361e-06,-0.059508547381655855,0.02768889970517715,-2.14918425850375,0.03163231038904544,0.07534236695635499,0.037409582216171196,2.013985789014945,0.0440250067483483,-0.075054024489697,0.03574734342755415,-2.099569290842607,0.03577982058791735,0.046428977623654465,0.03585825757911296,1.29479179297041,0.19540770086886733,0.005264968006324699,0.009934519993022318,0.5299670250825043,0.596140948230565,0.019220796918218656,0.012801374280336826,1.5014635536234726,0.13325222177028617,0.006035603719337395,0.009546716484718467,0.6322177608394102,0.5272521535428814,-0.01990372495328551,0.013270616120788413,-1.499834278387899,0.13367384837371965
-0.486,0.0029994799199632993,0.0025822812506128834,19127,0.05993784714191366,0.02509059719453804,2.3888569362135987,0.01691052035544496,-0.07918040493801738,0.029673941934927183,-2.6683480446128223,0.007628955074005164,0.04233825904742503,0.04009150895530128,1.0560405470053196,0.29096303506089616,-0.12668286739325976,0.03831010276651787,-3.306774407924001,0.0009455082097255402,-0.005704026048210558,0.038428968453784684,-0.14843037109024446,0.8820046983150887,0.004391044236273311,0.01064673470463681,0.4124310746994519,0.6800281151079349,0.023424654937654974,0.013719116365283352,1.7074463335650236,0.08775536112637926,0.009048229281054775,0.010231129212540716,0.8843822703327788,0.3765010122823458,-0.0315892093289793,0.014221998577117695,-2.2211512086497014,0.026352391173290236
-0.432,0.005571884201869937,0.005155761964900307,19127,-0.008260121128872507,0.026740005835374343,-0.3089049860245429,0.757397169931403,-0.09248873301296118,0.03162465103346543,-2.9245771886965315,0.003453295516615163,0.025210103334360287,0.042727049304633224,0.5900267803334259,0.555179668764467,-0.15856245549753414,0.04082853682547988,-3.8836183666170476,0.00010325966501614845,-0.018469784844536888,0.04095521651933078,-0.4509751483262013,0.6520125751794202,0.00414667792447989,0.011346631007716535,0.3654545496068258,0.7147761711715235,0.029528901039333286,0.014620985256728593,2.0196245684430916,0.04343626894629124,0.009858745218390981,0.01090370439271024,0.904164755693682,0.3659194385130805,-0.06483168989509058,0.015156925998780104,-4.277364018291606,1.9003767392023347e-05
-0.378,0.008714034219337474,0.008299226827024109,19127,-0.08219595259030017,0.028318431233263715,-2.902560241181377,0.0037054881564948018,-0.09274275497075961,0.03349141025176653,-2.76915048585832,0.0056256830226053605,0.000393840112969762,0.04524916766969679,0.008703809003618763,0.9930555436737601,-0.17394907675971816,0.04323858863626689,-4.023005427467082,5.768111794272003e-05,-0.02204503655643923,0.043372746056465426,-0.5082693294941386,0.6112703405427893,-0.0008753263874742245,0.012016406873635232,-0.07284427006168931,0.9419308041314942,0.0012134802205174978,0.015484041705312326,0.07836973340760069,0.9375347688833688,0.011560637338461648,0.011547334915848112,1.001151990715648,0.31676600402447713,-0.10208861678938988,0.016051618284851153,-6.360020215889189,2.062992889866523e-10
-0.324,0.010291807974376788,0.009877660807507516,19127,-0.05001189305393355,0.0300022618388653,-1.6669374236694223,0.09554322838759381,-0.11628877620909957,0.0354828292375909,-3.277325362936447,0.0010498240442657002,-0.026128496591275356,0.04793970983895141,-0.545028259016406,0.5857404399157046,-0.18720991240842613,0.045809580591613705,-4.086697804054953,4.393423224978943e-05,-0.052540210858941644,0.045951715091059255,-1.1433786694321733,0.2528957217099167,-0.005517219295766356,0.01273090950609113,-0.4333719671109618,0.664749452084137,-0.013422215075305461,0.0164047319478986,-0.8181916728620982,0.41325794670643634,0.006886509886879968,0.01223394625332918,0.5629017607467391,0.5735083820390382,-0.12081990087585635,0.017006056965257935,-7.104521707923366,1.2498607243791124e-12
-0.27,0.013998474107269065,0.013585878008977259,19127,0.11133580356807021,0.031617043787147164,3.521385627246087,0.0004302976404361792,-0.13250883035099786,0.03739258632305858,-3.543719313934825,0.00039546583200763933,-0.029405789803622236,0.05051992123999746,-0.5820632550856232,0.5605309380736956,-0.21821330382353504,0.04827514416128684,-4.520199941702635,6.215181640580949e-06,-0.10576178820226713,0.048424928624763955,-2.1840360162798826,0.02897171044950865,-0.00757451078894191,0.013416112607312496,-0.5645831255779262,0.572363969325544,0.06748028350504516,0.017287667546492497,3.903376978043303,9.518512922654014e-05,-0.00409177830232133,0.012892401794855566,-0.31737905530946653,0.750959463716201,-0.13953112730204817,0.01792135708317698,-7.785745613708457,7.282159846219901e-15
-0.216,0.023261617452221994,0.022852897551584705,19127,0.14162862007920304,0.033415200899590984,4.238448857595725,2.261248091776686e-05,-0.16037269379718097,0.03951921604537343,-4.058094007053463,4.967146791167656e-05,-0.07717940425970639,0.0533931422884097,-1.4454928283263837,0.1483358972165796,-0.30281183678650925,0.05102069793324185,-5.935078292788627,2.9877550710662972e-09,-0.1601969492313003,0.051179001093158386,-3.13013044040665,0.0017499170524332727,-0.004492458220273001,0.014179127595955836,-0.31683601052820326,0.751371497874688,0.13288390996108498,0.018270869599333585,7.272993178492819,3.6518677749743294e-13,-0.0038980424186841577,0.013625631762210296,-0.28608159142353284,0.7748187301965475,-0.16460263167794018,0.018940598980702526,-8.690466011431011,3.895948229901658e-18
-0.162,0.020905004483008693,0.02049529844868836,19127,0.022473635065403074,0.03506565648645222,0.6409015919632324,0.521594303631328,-0.19550560326207578,0.04147116333745932,-4.714254135366466,2.4430800510477596e-06,-0.12106194029865665,0.056030355521236974,-2.1606491547741653,0.0307348327870579,-0.35217440101607456,0.05354073054362515,-6.577691365812086,4.901795342221118e-11,-0.16380140876522722,0.05370685266999014,-3.0499163630334047,0.00229218363100647,0.005927910209561844,0.014879468151378028,0.39839530212058316,0.6903432692944284,0.13456961540806367,0.019173310943249082,7.018590362737824,2.3162617959289114e-12,0.007467699151170176,0.014298633852906365,0.5222666184750425,0.6014907591877737,-0.1464812571055103,0.019876119838414363,-7.36971090415784,1.779607506666589e-13
-0.108,0.014064121248154815,0.01365155262015949,19127,-0.09599415894016637,0.03621185512473266,-2.6509042027676304,0.008034275573976362,-0.23695316487585558,0.04282674015273061,-5.532832151847718,3.192338740315962e-08,-0.1385886613603294,0.05786183177566339,-2.3951654675858296,0.016622427977821857,-0.34297072674339757,0.055290827892161984,-6.20303113225796,5.652333490277279e-10,-0.17357699217336398,0.05546238008811946,-3.1296347523777786,0.0017528707512409563,0.022521210979538953,0.01536583651981385,1.4656677461391985,0.14275527105562433,0.11327136421246854,0.019800033072434668,5.7207664147876285,1.0762947668377631e-08,0.016226596456145704,0.014766016365987332,1.0989149716454827,0.27181899410564103,-0.10648286247799409,0.020525814832771345,-5.187753243685334,2.1501902319568672e-07
-0.054,0.007162427665381221,0.006746970997388857,19127,-0.33164782810934057,0.03709253471253542,-8.941093691212755,4.196973023881071e-19,-0.21906922767460946,0.04386829507265191,-4.99379397607773,5.972589969028826e-07,-0.13961866961902833,0.059269043142829714,-2.355676120543532,0.018499071352627194,-0.32722079091724965,0.05663551192863612,-5.777661042943621,7.69229876656888e-09,-0.18106439159109142,0.05681123630844616,-3.1871228890009644,0.001439268532063058,0.04317894461133968,0.01573953674936303,2.7433427869525517,0.006087382749693038,0.06703504601592924,0.020281573852509283,3.305219136513684,0.0009507678904492453,0.024262851735444953,0.0151251288489544,1.604141821054453,0.10869931357570627,-0.04787639140795881,0.021025006770990895,-2.2771165750118056,0.02279026145774213
0.0,0.0034182797239311613,0.0030012563029556683,19127,-0.5934864911567929,0.03797150360067185,-15.629786415576444,9.956082756424502e-55,-0.19507549005294422,0.04490782679630677,-4.343908489221021,1.406907382606923e-05,-0.13185119801744336,0.06067352103456455,-2.1731258672515517,0.029783081793142083,-0.3330911347232901,0.05797758394756793,-5.745171013413068,9.32235943078988e-09,-0.1819131001626084,0.05815747240686019,-3.127940273778991,0.0017630024408038837,0.057619460682084095,0.016112511074886666,3.576069578123743,0.00034965937735421883,0.006753405027100479,0.02076217925079101,0.3252743821120407,0.7449769771763015,0.03985971402235828,0.015483543764255208,2.574327597689689,0.010050967860793788,0.017390801483253324,0.02152322904045239,0.808001506213019,0.4190997685007818
0.054,0.0034150456342967317,0.0029980208600041136,19127,-0.6203801392512565,0.038523902078521105,-16.10377209418637,5.776673037437148e-58,-0.21105807705352858,0.045561132902556374,-4.63241503465087,3.638066082108079e-06,-0.15853227325573913,0.06155618191146106,-2.5754078361091826,0.0100196382926249,-0.35441760822557494,0.05882102510962524,-6.025355858131406,1.7182880465240558e-09,-0.18211866087807638,0.05900353053431715,-3.0865722648944542,0.0020276821842928087,0.04905372264053396,0.016346911236800172,3.000794580085821,0.002696234251005037,-0.03318609348521549,0.021064221443683456,-1.5754721138847043,0.11516405670373892,0.04701470404897067,0.015708793891219777,2.9928907575296995,0.0027670162506658177,0.08127173388593525,0.0218363427660868,3.7218564828610092,0.00019833022876696594
0.108,0.0044788808735174435,0.004062301265137291,19127,-0.4305268883605689,0.039695732495249686,-10.845671846768145,2.511460986049973e-27,-0.23259332376767583,0.04694702369957396,-4.954378476814636,7.318152220596798e-07,-0.17603850421334663,0.06342861441205518,-2.775379942398504,0.005519081823193956,-0.3104718359200081,0.06061025887483734,-5.122430454572799,3.045534552621713e-07,-0.15628466292655666,0.06079831579863326,-2.5705426354930365,0.010161430609374121,-0.004453793638653261,0.01684415598027918,-0.2644118021625826,0.7914654684883673,-0.013030730043122643,0.021704958598037744,-0.6003572862977355,0.5482752641396734,0.03826466323900438,0.016186628209621152,2.363967513398516,0.018090338315719615,0.13210694421811678,0.022500566514534092,5.871271913655293,4.39619833655935e-09
0.162,0.0070838955406354875,0.006668406010576056,19127,0.011044324818061977,0.04110343357440202,0.26869591802033904,0.7881665925543443,-0.2541843095957113,0.048611872079252785,-5.228852515313752,1.723606107822194e-07,-0.20500313155435082,0.0656779375343246,-3.1213393606827573,0.0018029864078607319,-0.2961235603738247,0.06275963669110565,-4.718375949677726,2.394165035163287e-06,-0.195787897585028,0.06295436254170879,-3.1099973009068873,0.0018736406996734843,-0.023377311682425746,0.01744148811298858,-1.3403278166968329,0.18015471954556642,-0.02396551596217587,0.022474665861786328,-1.0663346947873622,0.28628583696382903,0.049957678088047554,0.016760642910099297,2.980654045075147,0.002879954733010315,0.1782916736386013,0.023298487846955377,7.652499802123436,2.0644416587170933e-14
0.216,0.008904714320926654,0.00848998671942891,19127,0.39432895997575584,0.04245611318181327,9.287919463731615,1.737519365499097e-20,-0.26937694508848453,0.05021164811549712,-5.364829779513752,8.196796529359592e-08,-0.2436576968400792,0.06783934350540237,-3.5916871279963902,0.00032936802401036663,-0.29016906010300125,0.06482500382319524,-4.4761904047767285,7.642570521870043e-06,-0.21791228591255096,0.06502613793861328,-3.3511491351103615,0.000806328016624431,-0.01802571164766084,0.018015472893375347,-1.0005683311421294,0.317048210745095,-0.04679546955226842,0.02321428831059199,-2.015804616802189,0.04383437348679561,0.09831306333868074,0.017312221644526792,5.678824206237108,1.375931897001521e-08,0.18510719826751362,0.024065221587995497,7.691896689613322,1.5197849453507044e-14
0.27,0.012143004688574544,0.011729632162029269,19127,0.6271459983600607,0.043399244777406074,14.450620087438871,4.399757597043544e-47,-0.2916254503024469,0.051327063264352504,-5.681709253468737,1.352955476808465e-08,-0.2641966054607811,0.06934634505333555,-3.8098129794379596,0.00013950719089584186,-0.31148194955264974,0.06626504401312645,-4.700546935288359,2.612744029138371e-06,-0.21823205557381894,0.06647064617625273,-3.283134257415786,0.0010284402556631927,-0.0004444193513713569,0.018415673486927714,-0.02413266892936748,0.9807470367322307,-0.04915445756205054,0.023729976797693036,-2.0714077380315516,0.03833409014855152,0.17471557127705006,0.017696800024392546,9.872721115468856,6.202271854650005e-23,0.17891270161164505,0.024599812937358655,7.272929353862613,3.653589526976077e-13
0.324,0.01794822206238622,0.01753727875118727,19127,0.7418628150120001,0.04445905616775221,16.686427444901554,4.522999050507402e-62,-0.31666126418848406,0.05258047231696572,-6.022411938021133,1.7497845491210142e-09,-0.28446504120892097,0.07103978572824471,-4.004306013775327,6.243478923168855e-05,-0.3452852679171901,0.06788323918650102,-5.08645833721282,3.6826140954932587e-07,-0.22224655992147696,0.06809386216313404,-3.2638266190429284,0.0011011144320183714,-0.006892905704571797,0.018865385011228294,-0.3653731795279704,0.7148369010791591,-0.048794638506782013,0.024309463833281673,-2.0072280837382395,0.044739431619830815,0.24928529617972814,0.01812895662837781,13.750669787003309,8.068441809657292e-43,0.1805126793051922,0.025200541408213747,7.163047665569468,8.17700867632603e-13
0.378,0.02764843450152643,0.027241550281211113,19127,0.7425657121520677,0.0453234978011593,16.38368061109957,6.406249092110381e-60,-0.348974082965689,0.05360282306601205,-6.510367607615112,7.683061326201825e-11,-0.29111402619323945,0.07242105095754024,-4.019743187155855,5.848495487692799e-05,-0.38721846304198504,0.06920312996290276,-5.5953894462513265,2.2314387876236964e-08,-0.2001033119525971,0.06941784819673752,-2.88259168428101,0.003948577877345417,-0.053880907806994144,0.01923219496266826,-2.8015995008153114,0.005090106212212732,-0.033029562122697864,0.024782125973116634,-1.3327977655560284,0.18261406250526244,0.32671967071142183,0.018481447801844696,17.678250871601673,2.199709801575054e-69,0.17873726169612095,0.02569052925445733,6.95732111727943,3.5802373623975316e-12
0.432,0.03868404487904342,0.038281778551971124,19127,0.6503826108257915,0.046230874182081994,14.068144337142225,9.965480900901646e-45,-0.3560171240485623,0.05467595153050654,-6.5114024371376855,7.630424522919195e-11,-0.2781886469181532,0.07387092032571575,-3.765874930101702,0.00016646405665322523,-0.4072588854020806,0.0705885765559646,-5.769472983765219,8.0748385607032e-09,-0.1724190170467341,0.07080759344862728,-2.435035688253245,0.01489940199724759,-0.12812345154698038,0.01961722348670197,-6.531171530661926,6.689995080322157e-11,-0.011607889639398555,0.025278264110462287,-0.4592043816250114,0.6460926253049748,0.3851750826425284,0.018851446368465048,20.432123621392492,8.280408492848619e-92,0.17340820854227532,0.026204853624592368,6.617408020151564,3.752443376011008e-11
0.486,0.05014761449259797,0.049750145139942914,19127,0.5320762635023545,0.0470715834979514,11.30355564786791,1.5636877417957104e-29,-0.3834599618550276,0.05567023473667478,-6.88806080428487,5.831639741324504e-12,-0.29055008416713984,0.07521426440017727,-3.862965176675384,0.00011238837144580271,-0.46348425287963396,0.07187223114728444,-6.4487249871210635,1.1549529327085474e-10,-0.17748973344849084,0.07209523086625642,-2.46187898028583,0.013829889575818806,-0.21451583055834775,0.01997396306449595,-10.739773066850873,7.89689882519744e-27,0.009908009813713477,0.02573794981839358,0.3849572278920497,0.7002733875428291,0.4216969993605887,0.019194260274971786,21.969953169305377,1.1311137946249617e-105,0.17251073971351588,0.026681389380252545,6.465583079462672,1.033497301575133e-10
0.54,0.06456487578463355,0.06417343938994147,19127,0.36616790384813264,0.04788784049614878,7.646364923838661,2.164997448881708e-14,-0.37870959146061844,0.05663559887610466,-6.686776497041708,2.344444873607274e-11,-0.26377116527322586,0.07651853685329296,-3.4471538024694275,0.0005677445939024791,-0.4760070690913618,0.07311855020626797,-6.51007258416014,7.698132688966708e-11,-0.18389082155885286,0.07334541690968535,-2.507188987490367,0.01217778844048016,-0.32769451104397196,0.02032032674979327,-16.126439061680237,4.02315204850102e-58,0.036695097549803476,0.026184265410462648,1.4014178734661364,0.1611053836890235,0.4448967482354207,0.01952710332188882,22.783550683460337,2.1548510494225626e-113,0.1720009333806805,0.027144064930655652,6.336594530704503,2.4014600932025963e-10
0.594,0.08175118430373352,0.08136693958537533,19127,0.19461303789074036,0.04862774092490863,4.002099093833363,6.301968240574893e-05,-0.38250343492437117,0.057510658253544546,-6.651000815154057,2.9898201452967564e-11,-0.23890166463608378,0.07770080144570825,-3.0746357848446535,0.002110568425776935,-0.4772594721667534,0.07424828264121179,-6.427885672090262,1.3244918565158535e-10,-0.1576741679169754,0.07447865459292166,-2.1170383484875748,0.03426947252341316,-0.45374146848629077,0.020634289925391493,-21.989681744654558,7.40365215936707e-106,0.064150007121982,0.026588830515158087,2.412667495300727,0.015845609405286922,0.4587405169271082,0.019828810644052685,23.135049558037895,8.245004749316236e-117,0.1588114545238889,0.027563459605220116,5.761666234880484,8.456754200383782e-09
0.648,0.0996504332508038,0.09927367854142033,19127,0.024499231629515682,0.04931894989975815,0.4967508772857271,0.6193704514641764,-0.37748875869411674,0.058328131621179266,-6.471812969182241,9.918509567778781e-11,-0.2139586338217441,0.07880526343161892,-2.715029739192494,0.00663293061267978,-0.47063503256448946,0.07530366951201091,-6.2498286685673845,4.195956117256194e-10,-0.13014652678455566,0.07553731603822386,-1.7229434882051953,0.08491491571772962,-0.5790742414468373,0.0209275917756276,-27.670371615392014,2.832219814469185e-165,0.09484255506118343,0.026966771952149995,3.5170155044687084,0.00043744001835413363,0.46543489179356534,0.02011066317548995,23.143686895458437,6.785773266022092e-117,0.14434642525599806,0.027955254706013524,5.1634809546180716,2.448289301172442e-07
0.702,0.11614288836194342,0.1157730349832895,19127,-0.12888818812156871,0.05002760895752271,-2.5763411605580573,0.009992639665592785,-0.3634954855055993,0.05916624270991586,-6.143629692488144,8.225160019635485e-10,-0.17075097995425673,0.07993760837902447,-2.136053147157472,0.03268774616347502,-0.45372077806045635,0.07638570040664797,-5.939865389006347,2.901961603846729e-09,-0.10169845041756627,0.07662270417642456,-1.3272626111368315,0.18443767700687638,-0.6996380067033757,0.0212282982484771,-32.957799938276594,9.633908215275879e-232,0.1396252820915254,0.027354254800860366,5.1043350699187675,3.351415828138798e-07,0.46438885904223176,0.020399631283000954,22.764571212088903,3.28495447607007e-113,0.1252384975937637,0.02835694096453682,4.416502391791376,1.008612469875834e-05
0.756,0.13054715748642665,0.13018333162911366,19127,-0.2520579789064745,0.050635586020791545,-4.977882132201978,6.484290461671074e-07,-0.35270812142521785,0.05988528004224107,-5.889729849746538,3.933071871879923e-09,-0.13967007546943955,0.08090907660226654,-1.726259664982098,0.08431686420781159,-0.4410378610765634,0.07731400289354873,-5.704501701765654,1.1840848607462626e-08,-0.07806936908090815,0.07755388693002074,-1.0066467609979697,0.31411729513783543,-0.805921553238745,0.02148628216368405,-37.50865538761785,3.6054832314694294e-297,0.18349340437176706,0.027686686429081,6.627496029247937,3.505368229073068e-11,0.4565985703492448,0.020647544548848547,22.113940438244892,5.088210861527323e-107,0.11645085558275194,0.028701558067975547,4.05730083736063,4.984025646952705e-05
0.8099999999999999,0.13838508614991774,0.13802454010374132,19127,-0.35470522441407415,0.05132033948191039,-6.911591544305784,4.943491214798487e-12,-0.3321446381698387,0.06069511865578369,-5.472345149426417,4.496993463108411e-08,-0.08969157222937639,0.08200322351737448,-1.0937566644605494,0.27407549559270367,-0.4263215572082582,0.07835953302827595,-5.440583177727981,5.375877081390777e-08,-0.041859803144400534,0.07860266105651639,-0.532549440206646,0.5943516984189621,-0.8867208710590083,0.021776844735076382,-40.71851922747789,0.0,0.23132242133550718,0.028061098099787067,8.243527053464186,1.779034042618239e-16,0.43664322156656116,0.02092676473181679,20.865299876129168,1.2863917009404988e-95,0.10800930900869568,0.02908969401684123,3.712975081352338,0.0002054188936365957
0.864,0.14511697702945847,0.14475924796869033,19127,-0.42094221581583524,0.052153289581386125,-8.07124956440087,7.366810361029653e-16,-0.31425153324970395,0.061680225255474966,-5.094850609706712,3.5233775585460616e-07,-0.0504991276965706,0.08333416937384537,-0.6059834528382528,0.5445329356377622,-0.4205719439969807,0.0796313402978631,-5.2814876959727215,1.2954133404795805e-07,-0.0215041796894869,0.07987841439343968,-0.2692113990091047,0.7877699140557634,-0.967617419473462,0.02213029183171422,-43.7236628794384,0.0,0.2877919375915318,0.028516541198752826,10.092105335836397,6.871829118894706e-24,0.4142800911498659,0.02126641468232455,19.480485889997823,1.0413679945363614e-83,0.10030909152089165,0.029561831648229803,3.393196088609018,0.0006922229392109006
0.918,0.14893265709550474,0.14857652472061,19127,-0.4632528512776124,0.053051615267669244,-8.7321158637733,2.7017610266242974e-18,-0.2993254376361577,0.06274264971858108,-4.770685314992574,1.8495526364479836e-06,-0.006460645649694389,0.08476957690986993,-0.07621420190127386,0.9392494815583523,-0.4131286851518944,0.08100296764863818,-5.100167279597686,3.425959534000988e-07,-0.0276475287513931,0.08125429752574366,-0.34025927973389447,0.7336650179860817,-1.0314160738161189,0.0225114798594866,-45.817337654124415,0.0,0.3470993269149503,0.029007730568558817,11.965752580836769,7.038868874525553e-33,0.3959014312557161,0.02163272267013552,18.30104500910869,3.490768360406952e-74,0.09563594713504517,0.030071025850864724,3.1803353703111217,0.001473394760123444
0.972,0.15136228203591706,0.1510071663468432,19127,-0.4716846047510843,0.053848132745700154,-8.759535023779426,2.1212608758330738e-18,-0.2872266079688713,0.06368466848401681,-4.510137444477043,6.517091086906593e-06,0.0008018094812419742,0.08604230817871682,0.009318781634455356,0.9925648928531328,-0.41450241726498466,0.08221914700866292,-5.041434171304539,4.6627695585825373e-07,-0.02356978859911767,0.08247425035503707,-0.2857836051574145,0.7750469620902366,-1.0818973018157003,0.022849467441466022,-47.34890669059225,0.0,0.39040676118706535,0.029443252923142985,13.259634124196849,5.957549857003062e-40,0.37908107273908875,0.021957516582954598,17.26429631998391,2.779797932287476e-66,0.08677247057927652,0.030522512531367927,2.8429006455513983,0.004475237316734746
1.026,0.1532432918607476,0.15288896328740753,19127,-0.46017404007658963,0.05454875959206013,-8.436012908780615,3.514194258887287e-17,-0.2874472805393176,0.06451328010277346,-4.455629601864874,8.412213094950736e-06,-0.006836565471631185,0.08716181869763266,-0.07843532378950771,0.9374825966200351,-0.4230086022779631,0.08328891375342878,-5.078810410833927,3.8337597220425525e-07,-0.03852701763585018,0.08354733629109057,-0.46113998777431614,0.6447034200717892,-1.1273244010838546,0.023146765592733817,-48.70332300067625,0.0,0.42971651832511615,0.029826343893809337,14.407281021604085,8.191468655113754e-47,0.3581757732444387,0.02224320941598307,16.10270202226609,5.8761042423375735e-58,0.08717933166111225,0.03091964592499601,2.819544954447065,0.0048141254278064914
1.08,0.1529455333905504,0.1525910802190431,19127,-0.4271309664108157,0.05533015238438004,-7.719678114087333,1.223446818245071e-14,-0.288458285801666,0.06543741132882172,-4.408155517524505,1.048226463593416e-05,-0.010392809471889176,0.0884103826870829,-0.11755191139340704,0.9064239446862461,-0.4312873637412482,0.08448199967094168,-5.105079962845544,3.3382589083855175e-07,-0.06287022141965196,0.08474412402528661,-0.7418829581729142,0.45816736565287264,-1.1599816684016884,0.023478335291750644,-49.40647000680921,0.0,0.468065040947662,0.03025359632473849,15.471385151157163,1.1450562950375936e-53,0.34194491907286484,0.02256183597405134,15.155899522811005,1.3814709991773314e-51,0.08058081366627318,0.03136255954296932,2.569331548207051,0.010197003326837402
1.134,0.15509123928932733,0.15473768399663534,19127,-0.3724096174026564,0.056246991729850475,-6.62096951231291,3.663328757261036e-11,-0.3155710096268366,0.06652173137470205,-4.743878475581094,2.1117886254588123e-06,-0.025616359445924834,0.08987537264106861,-0.28502089830801347,0.7756312185511404,-0.4707295996580445,0.08588189498921674,-5.4811273053202765,4.2796801925857445e-08,-0.09765118749646985,0.08614836283280058,-1.1335234273226331,0.25700872278951326,-1.2032841222763306,0.02386737925121931,-50.4154272495108,0.0,0.5015131497841571,0.030754908651872626,16.306767659790157,2.2236013542722843e-59,0.32838266826947066,0.022935693229736397,14.317538387883504,2.9499621873462237e-46,0.07952907116701191,0.031882247765837306,2.4944624905722446,0.012623180810659983
1.188,0.15455924966924595,0.15420547176346888,19127,-0.3111153460677772,0.056970395390144174,-5.461000295630734,4.7936055269151145e-08,-0.345221908685992,0.06737728048916243,-5.123713901476338,3.0248947441023484e-07,-0.04307336352941375,0.09103127754441129,-0.47317103188406445,0.6360965652828596,-0.4987616461185043,0.08698643898841496,-5.733786230574751,9.969404936444939e-09,-0.13984134936306475,0.08725633392751932,-1.6026498371937778,0.10902850445945278,-1.2282233295171232,0.02417434232570471,-50.8068973694952,0.0,0.524961487801696,0.03115045360114954,16.85245083501203,2.881507215513934e-63,0.3127369320550037,0.023230673706442665,13.462241173327271,4.0164958427247915e-41,0.07333847251576567,0.03229229164592551,2.271082935825621,0.02315302713292115
1.242,0.15032245399623323,0.14996690318715122,19127,-0.2737829785244174,0.057593753043394647,-4.753692267946709,2.0118900547017734e-06,-0.3457953634545406,0.06811450801164139,-5.076677106666336,3.8769769253700084e-07,-0.05553730854973896,0.09202732194877036,-0.6034871750441178,0.5461918044482262,-0.5046801754477699,0.08793822565061206,-5.739030685619221,9.666092956367798e-09,-0.15075683206872736,0.0882110737213335,-1.7090465596755051,0.0874585553242552,-1.2312553718956525,0.024438852712157674,-50.38106274453448,0.0,0.5408452009894104,0.03149129507717447,17.174435019708856,1.2822547311178125e-65,0.2960074655244984,0.02348485867647678,12.604183384803136,2.791742115410041e-36,0.06260382204223838,0.03264562686504471,1.9176786618630195,0.05516665151571465
1.296,0.14562706492752164,0.14526954931497948,19127,-0.2565776048039682,0.058259012312564334,-4.404084357410807,1.068082996212488e-05,-0.34969894339339297,0.06890129139395605,-5.0753612351606545,3.9038683403734314e-07,-0.0512895272325097,0.09309031968217304,-0.550965206775756,0.5816639642202734,-0.4718752962254903,0.08895399067089692,-5.3047119377846395,1.1410726079086039e-07,-0.1485086314064555,0.08922999038044255,-1.66433539635353,0.09606181029816145,-1.2330432800649866,0.02472114328076128,-49.8780847657874,0.0,0.5603298831514311,0.03185504765173691,17.58998728482137,1.0224208203217903e-68,0.27814929910155173,0.023756129762212325,11.708527520505035,1.477281865288104e-31,0.04834784493815247,0.03302271300238087,1.4640785248221941,0.14318893615189596
1.35,0.13940937137203602,0.13904925394191658,19127,-0.2285420028240488,0.05902951876841249,-3.8716562084925004,0.00010845784680827154,-0.3404088172366439,0.06981254765677239,-4.876040606772233,1.0910544423510487e-06,-0.048478517478773964,0.09432148872272017,-0.5139710805592539,0.6072781502328198,-0.47415946179295937,0.09013045455802329,-5.26081294184209,1.4496559572288898e-07,-0.17404553696253997,0.09041010451067424,-1.9250673130456488,0.05423575627884656,-1.2253849848606981,0.02504809356257486,-48.921287434488995,0.0,0.5808768019678066,0.03227634761705954,17.996980602005486,8.055187501158137e-72,0.2628879904114692,0.02407031722645472,10.921667044858868,1.0963921453958684e-27,0.043423469284603944,0.03345945596364916,1.297793644098094,0.1943739120300537
1.404,0.13473361467356693,0.1343715406552276,19127,-0.21818505369494962,0.05942114090750985,-3.671842215795871,0.00024146431688523855,-0.3270061120716999,0.07027570811986956,-4.653188431967476,3.290327096922432e-06,-0.03545226278041496,0.09494724993418045,-0.37338904291584285,0.7088630533365642,-0.4756982490871258,0.09072841100673347,-5.2431012932853145,1.5957940622608267e-07,-0.16958219605154468,0.09100991625339563,-1.8633375683962072,0.06243010903365705,-1.2168905935958927,0.02521427123411867,-48.261977603749195,0.0,0.5928249089111324,0.0324904800131855,18.246111127645644,9.390182664575296e-74,0.24399154947545856,0.02423000799333965,10.06980887263954,8.612115885459252e-24,0.031186505414588277,0.03368143750764457,0.9259256053875365,0.35449633120856605
1.458,0.12973603127878808,0.12937186600262052,19127,-0.19651089705305766,0.059677327431085184,-3.2928903741540134,0.0009934308481259445,-0.3274569850019752,0.07057869269875955,-4.639601166879227,3.5139655632753305e-06,-0.03336565186681142,0.09535660265801213,-0.3499039493518275,0.7264146374257847,-0.4788220945186896,0.09111957475502817,-5.254876307379465,1.4971340889476056e-07,-0.1873769118822397,0.09140229367496232,-2.050024177167532,0.040375681240764405,-1.2007699381293835,0.025322979286392672,-47.41819374999917,0.0,0.606491242796492,0.032630558493617706,18.58660319636016,1.945396190532536e-76,0.2282576600951043,0.024334472522616835,9.380012650077296,7.313640456869622e-21,0.01647316466514288,0.033826650646475644,0.48698775522604687,0.6262725915320864
1.512,0.12433891360437477,0.12397248988373633,19127,-0.1872398645459023,0.06013840988861126,-3.1134821305170717,0.0018516661527155913,-0.32131744453602357,0.07112400192220125,-4.517707607166081,6.288688216730445e-06,-0.032065309778887933,0.0960933524185584,-0.3336891571772783,0.7386177921139399,-0.4790020854691167,0.09182358814278076,-5.216547241916686,1.8419026508792773e-07,-0.19455056112870597,0.0921084914221694,-2.112189203457956,0.034683157782858895,-1.1860821510223347,0.025518631170011873,-46.4790663386426,0.0,0.6199478393799561,0.03288267062310373,18.853329964761862,1.4240282161664262e-78,0.21141680333363333,0.024522486947463285,8.621344310900051,7.125404325958052e-18,0.01255962933183487,0.034088004093108526,0.3684471903232966,0.7125438952153782
1.566,0.12010837230199523,0.1197401782952171,19127,-0.18125133625426956,0.060426132180442994,-2.9995521757543804,0.0027072497520402553,-0.3190351355400544,0.07146428296513545,-4.4642599394119555,8.08054162964247e-06,0.0004489431641898452,0.0965530951959094,0.004649702459345552,0.9962901360769778,-0.48363743948070265,0.09226290293799383,-5.24194908332481,1.6057791160740547e-07,-0.20155107115715387,0.09254916929007839,-2.1777728822765443,0.029435131937628117,-1.173578566618513,0.025640720847112487,-45.770108165686565,0.0,0.6458089571827239,0.03303999233098978,19.546280480730893,2.9477094204796877e-84,0.19200392591836182,0.02463981073701819,7.7924269779353565,6.908285759481714e-15,0.008944756048788366,0.03425109251995262,0.261152430205772,0.7939777736434779
1.6199999999999999,0.11684370554408974,0.11647414542505807,19127,-0.16972694090521953,0.06078534103181897,-2.792234739891868,0.0052397342321055425,-0.3034305187868433,0.07188910914665667,-4.2208134498903425,2.445457500310124e-05,0.011744547620786808,0.09712706419194823,0.12091941333238015,0.9037561361320368,-0.4878393091232011,0.09281136848084875,-5.256245189659764,1.4860548454985126e-07,-0.1985309917647795,0.09309933657030768,-2.132464087054486,0.03298141870924583,-1.1681053244054769,0.025793144534540294,-45.28743375361758,0.0,0.6573720155487579,0.033236401686783816,19.778675854978506,3.306142782070469e-86,0.17259848093153196,0.02478628441973771,6.9634672954083054,3.4277696224045502e-12,0.007966563487775361,0.034454701375236034,0.2312184743966827,0.8171475527270651
1.674,0.11393675464698383,0.11356597810326452,19127,-0.1665181296798258,0.06118972645219868,-2.7213412991788664,0.006507644685931521,-0.29116984835614435,0.07236736438269747,-4.0234966526673865,5.756098724749998e-05,0.036215238380225494,0.09777321946584802,0.37040038753020094,0.711088288554178,-0.4786908762906673,0.09342881281236114,-5.123589414028538,3.0268907641895933e-07,-0.1672371437700158,0.09371869666135904,-1.784458701707159,0.07436501260983429,-1.1658606362386532,0.02596473807039057,-44.90169063435177,0.0,0.6624538425747593,0.033457512830356785,19.7998532028866,2.1903624381951348e-86,0.15190411443458574,0.02495117963747581,6.088053416377598,1.1647226401158833e-09,0.0031922730059289286,0.034683917476736374,0.09203899784590623,0.9266680196140782
1.728,0.11367309311344209,0.11330220623954879,19127,-0.15033557965191113,0.06153920016261311,-2.4429238478020463,0.01457779752357615,-0.28638182360108516,0.0727806770874616,-3.9348606671649393,8.353929931520764e-05,0.05693352239299178,0.0983316329735892,0.5789949853500704,0.5625993781788452,-0.4776676242262405,0.09396241405175643,-5.083603151821231,3.738355718176589e-07,-0.1550678463492627,0.09425395351829297,-1.645213177388542,0.09994229655283017,-1.1762210553060646,0.02611303082931452,-45.0434521750588,0.0,0.6788571932972577,0.03364859917487898,20.17490207449919,1.3919994671650239e-89,0.13604709741285717,0.025093683646444334,5.42156740834399,5.979456942534473e-08,0.004870892361182642,0.03488200820266522,0.13963910371451818,0.888946613935645
1.782,0.11339039484786373,0.11301938967780312,19127,-0.12313220417080839,0.06189606948460382,-1.9893380176819886,0.04667813143045009,-0.2954930240025358,0.07320273637353607,-4.036639047134871,5.4433583957525326e-05,0.04951249249610651,0.09890186370614336,0.5006224416884371,0.6166426284024703,-0.48565912455720556,0.09450730743526894,-5.1388526214213535,2.791408433774833e-07,-0.151650682469643,0.09480053755575421,-1.599681672484758,0.10968574380387482,-1.1831980747841602,0.02626446178035963,-45.04939353712349,0.0,0.6885509367415578,0.03384372931537065,20.345007795250325,4.7295828013538357e-91,0.12776892212130472,0.025239203345197202,5.062319930379974,4.1803012411365516e-07,0.007268349668828213,0.03508429095226328,0.20716820752392412,0.835880701825007
1.836,0.11374040135496133,0.11336954264645827,19127,-0.0915857877743572,0.06230432182865272,-1.4699748763213154,0.1415850145679776,-0.31178765740571884,0.07368556491118212,-4.231326146193441,2.3339991659421498e-05,0.04778528649887746,0.09955419782081408,0.4799926828287582,0.6312380874307009,-0.5095745120257514,0.0951306560600115,-5.356575189645442,8.579475281473616e-08,-0.16026241642426742,0.0954258202594299,-1.6794449970518375,0.09308169007504931,-1.1961573962088357,0.02643769617434133,-45.244388479270995,0.0,0.6955157793285024,0.034066954827740116,20.416141766864243,1.1405546390922346e-91,0.11671311376941695,0.025405675368597114,4.593978002005061,4.37650901299555e-06,0.010845366737733602,0.03531569892598151,0.30709761005904207,0.7587724215846225
1.89,0.11446438930347025,0.11409383355048497,19127,-0.06424049911938445,0.06263701929762135,-1.0255995550194388,0.30509335354499395,-0.3256121160614021,0.07407903682815274,-4.395469082795332,1.1112936811119938e-05,0.048708109832032956,0.10008580507803258,0.48666351631040333,0.6265023827484513,-0.5215514362337869,0.0956386421445007,-5.453354674837115,5.0041071886561835e-08,-0.1722993856900794,0.09593538248469385,-1.7959941496826695,0.07251123096931034,-1.2101421226687592,0.026578870242919668,-45.53023178218526,0.0,0.7010479422740297,0.03424886820572099,20.46922946659374,3.933504932642602e-92,0.10799117304383642,0.025541338572119602,4.228093713213502,2.367744952687112e-05,0.013582348116759959,0.03550428044493048,0.38255522845554046,0.7020538245885211
1.944,0.11600740419317401,0.11563749412065305,19127,-0.05060204036840839,0.06293558883944407,-0.804029028750331,0.4213902075167517,-0.33401378727820225,0.07443214660783999,-4.487493677134126,7.248632637027949e-06,0.0697948315510697,0.10056288034917724,0.6940416912157462,0.48766449663142686,-0.5276262115462327,0.09609451929009014,-5.49070035881479,4.0543968308836675e-08,-0.16949059910199482,0.0963926740913864,-1.7583348599843482,0.07870654828686954,-1.2272571497162803,0.026705562751592336,-45.955112840417655,0.0,0.7131287224083984,0.034412121007383556,20.72318420173484,2.3296884391526064e-94,0.10205768750641249,0.025663085517305197,3.97682840738666,7.009757536365814e-05,0.010143724803787417,0.03567351737325268,0.28434888260816654,0.776146108136005
1.998,0.11773359734378497,0.11736440960337013,19127,-0.04996152956995065,0.06329916453076437,-0.7892920852955109,0.42995109971846945,-0.3181665657929291,0.07486213732785116,-4.250033156274323,2.147516019258139e-05,0.09387024962715038,0.10114382698713413,0.9280867891135959,0.353374268636791,-0.5190441458690005,0.0966496524337891,-5.370367433287743,7.949394140444622e-08,-0.15437526928847575,0.09694952966018698,-1.5923261291681239,0.11132797742475431,-1.248952908633867,0.026859839427453392,-46.49889706180874,0.0,0.7264091818447413,0.0346109180777816,20.987862275489828,1.0422169931806622e-96,0.0925686225613387,0.02581133985527873,3.5863547991061497,0.00033616888498784686,0.004178868001064416,0.03587960146621152,0.11646918667699621,0.9072819286946804
2.052,0.11763373009628408,0.11726450056603877,19127,-0.04470364255694026,0.06370213673449618,-0.7017604879293194,0.48283708619809584,-0.3024342924380026,0.07533872119240465,-4.014327395677814,5.98429145716976e-05,0.11280100792830741,0.10178772412475062,1.1081985465168565,0.26779001978349243,-0.5112389398674069,0.09726493896592381,-5.256148261672342,1.4868367300657122e-07,-0.16068251151336826,0.09756672525680407,-1.646898684878866,0.09959530764209802,-1.262495035299465,0.027030833290740533,-46.7057386548248,0.0,0.7284602769647689,0.034831256498270645,20.91398215855166,4.748826152962366e-96,0.08006079994306409,0.025975658809246873,3.082147041235538,0.0020580558421024043,0.009487693496152947,0.03610801652001261,0.26275864504754676,0.7927394435581027
2.106,0.11876215281803904,0.11839339548058447,19127,-0.05102495239181152,0.06420187341672157,-0.7947579981135242,0.42676415352922537,-0.28513704093575676,0.0759297456776384,-3.755274542157866,0.00017366481229397598,0.13214758953295883,0.10258623830579583,1.2881609825583482,0.19770552110898457,-0.49220002020417186,0.09802797236460356,-5.021016025645125,5.186110686329881e-07,-0.1413960827869766,0.09833212613776114,-1.4379439186424567,0.15046633495908257,-1.2857047085724298,0.027242887385610277,-47.19414247006507,0.0,0.7285233581425932,0.03510450410741656,20.75298816110259,1.2710668265305757e-94,0.06785871065777485,0.02617943516930925,2.592061678142207,0.009547523216693226,0.0030657319812428794,0.03639128017963925,0.084243587093101,0.9328636459139236
2.16,0.11903338341569436,0.11866473957571766,19127,-0.05000890038419135,0.06475776230399329,-0.7722456521804113,0.43997849352514473,-0.28399546269728543,0.07658717979270852,-3.7081331818974124,0.00020938300668994314,0.1343124481320946,0.10347447640269763,1.2980249120506107,0.19429443394036414,-0.46884163547821306,0.09887674293124359,-4.741677583415483,2.134837683932663e-06,-0.12705629418904835,0.09918353020547398,-1.2810221004014641,0.20020144233952197,-1.3055023879065621,0.027478768638740672,-47.509493786632504,0.0,0.7267221016062232,0.0354084547974507,20.523971061808236,1.3087065270992724e-92,0.05172351002636343,0.02640610857167571,1.9587706339223423,0.0501541699006074,-0.0007340587345665826,0.03670637235949119,-0.019998128046471924,0.9840450745648142
2.214,0.11775777190282499,0.11738859427834658,19127,-0.03639023379203501,0.06530716097054436,-0.5572165938808484,0.5773859768497862,-0.30154502064441885,0.07723693810670798,-3.9041555509077055,9.48795053548913e-05,0.10961196892082274,0.10435234397154361,1.0504025568483004,0.2935463479050651,-0.47426894802561276,0.09971560376871864,-4.756215979252724,1.9869434798530916e-06,-0.13849957975453603,0.10002499379686425,-1.3846497210068105,0.16617575930449424,-1.310783963467929,0.027711895885752704,-47.30040733668576,0.0,0.7251041481501365,0.03570885674400088,20.30600288741965,1.0295751608072466e-90,0.04271445010249043,0.02663013547319184,1.603989215356806,0.10873294830729438,-0.004948911069104361,0.037017785714597004,-0.1336900890631307,0.893649049758757
2.268,0.11548929364299854,0.11511916676514222,19127,-0.03228478125068124,0.06608012367781714,-0.48857023040831754,0.625151597266962,-0.29870785949713147,0.07815109930883633,-3.8221837202404827,0.00013269413778825998,0.11776295834896497,0.10558743778220377,1.1153122078014222,0.2647306749972644,-0.4869783274527591,0.10089581803467293,-4.826546203187615,1.399935878723867e-06,-0.1753733506210829,0.10120886994231544,-1.7327863725880737,0.0831497717738519,-1.3158197159826666,0.02803988843280546,-46.926710109274694,0.0,0.7380189628140154,0.03613149974627299,20.425915558352735,9.377408719829697e-92,0.027791014970678977,0.026945324516850982,1.0313854247069514,0.30237316035891426,0.004935609857070014,0.037455920942617474,0.131771152139908,0.8951666914351444
2.322,0.11415925914908376,0.11378857571322187,19127,-0.02427862250152349,0.06680298062050964,-0.36343621610903903,0.7162830705255294,-0.3000876752528134,0.07900600183580311,-3.798289601801148,0.00014614882871735643,0.10231422581835813,0.1067424691019711,0.958514700654126,0.3378154034019357,-0.5015722261724285,0.10199952726667434,-4.917397556765971,8.84299123611265e-07,-0.20336971675873308,0.10231600367978487,-1.987662823454411,0.04686323479083238,-1.3226480095534785,0.028346619517704754,-46.65981454075602,0.0,0.7446595228684364,0.036526745759564785,20.38669220001462,2.0563485531918134e-91,0.023146402028510545,0.027240082059906953,0.8497185132411311,0.39549224357741786,0.014972905195547358,0.03786565492904767,0.3954217938024169,0.6925360397106998
2.376,0.11163356450693729,0.11126182418452146,19127,-0.03410727944859264,0.06765138258207644,-0.5041623415044444,0.6141531112401006,-0.29762336347921997,0.08000938291716263,-3.719855754760202,0.00019990675267888238,0.08493822515725602,0.1080981050231143,0.785751287121027,0.4320229481144988,-0.48602591704989395,0.10329492753486784,-4.705225403114135,2.55360207752328e-06,-0.19260666276895355,0.10361542321788486,-1.858860937757653,0.06306220716329677,-1.3263326450757822,0.028706623328600953,-46.20301837291786,0.0,0.7427864091372124,0.03699063767672502,20.080389411739798,9.008413066576254e-89,0.01086713474080346,0.027586032777048613,0.39393612081273394,0.6936325951611781,0.021694678624576656,0.038346551074989285,0.5657530603508837,0.5715682995043668
2.43,0.10925244854750793,0.10887971183803935,19127,-0.05743835443335531,0.06858619204801132,-0.837462362586738,0.4023431931674373,-0.27422271741946264,0.08111495571789334,-3.380667781822769,0.0007245458431849335,0.102381836766021,0.1095918088909197,0.9342106659442494,0.3502070338303236,-0.45794985999171206,0.10472226090718291,-4.372994395122931,1.2320138473052808e-05,-0.15867629911644646,0.10504718521215621,-1.5105240449420838,0.13092628576416795,-1.3292903562339267,0.02910329257907852,-45.674912988694395,0.0,0.7527890792148404,0.037501775763359356,20.073424894997736,1.0333961522280362e-88,0.007647155323609441,0.027967217663200625,0.2734328246628408,0.7845234770539856,0.02461970917043587,0.03887642522630268,0.6332811987502102,0.5265576040202823
2.484,0.10768005507695222,0.10730666039344006,19127,-0.05948372342838361,0.06937081472576721,-0.857474770384798,0.39119330110979067,-0.2888924534245871,0.08204290683838815,-3.521236198927722,0.00043054005222430223,0.07982564607137026,0.11084553381695018,0.7201521191029128,0.47144014476668283,-0.4459405355286749,0.10592027844278434,-4.21015259858443,2.5636473625551193e-05,-0.14498838362631644,0.10624891986589212,-1.3646104243631036,0.17239158758721349,-1.3324122121870565,0.029436232820737145,-45.264359074113685,0.0,0.7552987651575825,0.03793079424129804,19.91254810939955,2.431826419518807e-87,0.00866579801298878,0.028287161263465255,0.30635092479856696,0.7593408054870961,0.03170279604012185,0.039321169626768675,0.8062526201799332,0.4201072322396695
2.538,0.10622779861382314,0.10585379622805635,19127,-0.06180290426697475,0.06997566948400001,-0.8832056159334928,0.37713629344512334,-0.2922693264456598,0.08275825150857288,-3.5316034488160226,0.00041402071505751274,0.07216077904739397,0.11181201300309031,0.6453759046928129,0.5186913592195075,-0.43824818248323866,0.10684381357297885,-4.101764695846396,4.117081312014787e-05,-0.1372604025152822,0.10717532047098852,-1.2807090467477302,0.20031141745834805,-1.3326554937309418,0.029692891843071764,-44.88129686977222,0.0,0.7634592364758219,0.038261518645661664,19.953709719318415,1.086384393138489e-87,0.0077269646859676544,0.028533801354903455,0.2708003952876681,0.7865474792781706,0.03693658126850199,0.0396640169270642,0.9312365244403377,0.3517429874552025
2.592,0.10597899830415058,0.10560489180694543,19127,-0.05268633076383202,0.07060959208551718,-0.7461639305325853,0.4555775686711693,-0.321161451642561,0.0835079738975144,-3.8458776647689725,0.00012051122244151028,0.05901067407815032,0.11282493881982718,0.5230286379537583,0.600960385817285,-0.4527088723599268,0.10781173154726396,-4.199068745700111,2.6922776714503967e-05,-0.13677150905556326,0.10814624162790491,-1.2646903581369784,0.20599776399145023,-1.3427602941425083,0.02996188527153809,-44.815614303751644,0.0,0.7715075372367918,0.03860813685763034,19.983029486291162,6.113519344051265e-88,-2.3916892420778974e-05,0.028792294367109793,-0.0008306699047957734,0.9993372300509531,0.04139382331567283,0.040023340631752356,1.034242086299843,0.3010360857281084
2.646,0.10563569395247518,0.10526144379825508,19127,-0.046046456883211684,0.071336596327645,-0.6454815515969234,0.5186229162892101,-0.3426716615408929,0.08436778131860052,-4.0616412590826805,4.892321239229252e-05,0.04258327861138979,0.11398659698435085,0.37358145376720053,0.7087198766415594,-0.4520250494681363,0.10892177317009447,-4.14999716137787,3.339180738022362e-05,-0.12623291574694803,0.10925972740386641,-1.1553471598948999,0.24796273017931764,-1.3556377856192119,0.030270376186882483,-44.78430585896289,0.0,0.7758250092864011,0.03900565054446986,19.890067168650155,3.7737274450826247e-87,-0.011402534598058968,0.02908874304394297,-0.391991313644378,0.6950690013602023,0.030348401798591107,0.04043542541462677,0.7505399408414072,0.4529388148046155
2.7,0.10622995403982005,0.10585595255599944,19127,-0.04329204971893386,0.07195523585434323,-0.601652530283809,0.5474125885605707,-0.3468546068551453,0.08509942884582201,-4.075874674594532,4.602693105588212e-05,0.0392432610575264,0.11497510243650982,0.3413196442177283,0.732866712035857,-0.4605856043602572,0.10986635586214767,-4.19223520017508,2.7746161694656808e-05,-0.1113003631120937,0.11020724087560338,-1.009918787802012,0.31254698201718295,-1.3716167333256692,0.030532884522873466,-44.92260573343909,0.0,0.7869831208726538,0.03934391222828441,20.0026656298529,4.157869906141029e-88,-0.017805529895302968,0.029341004115473482,-0.6068480078332738,0.5439589911957355,0.025469425110227477,0.040786086277747484,0.6244635716401984,0.532330638651104
2.754,0.10666138344404952,0.10628756249350824,19127,-0.04515775511128435,0.07245970709858031,-0.6232119466043097,0.5331526864748266,-0.34336165844854627,0.08569605276406779,-4.006738319603412,6.17961175869487e-05,0.03436601620560655,0.11578118183148037,0.29681866830160986,0.7666081766941285,-0.4505935199136567,0.11063661832579612,-4.072734025427058,4.6651668474918754e-05,-0.10625556700057398,0.11097989325132478,-0.9574307911789742,0.33836197010560276,-1.3864763522400085,0.030746947642290946,-45.093137971620216,0.0,0.794537299863418,0.03961974861627339,20.054072214306537,1.5129639115913669e-88,-0.026735793408280507,0.029546711075885104,-0.9048652941308666,0.365548157789753,0.019001495337771273,0.04107203360941556,0.4626382885851377,0.643628924411856
2.808,0.10662926307688547,0.10625542868545401,19127,-0.037094217943084366,0.07303921271648812,-0.507867165642526,0.611552361845765,-0.34561855048458223,0.08638141772064618,-4.001075226645363,6.329279282159328e-05,0.010645906103741432,0.11670715639039027,0.09121896576873517,0.9273195609533944,-0.45354314768112186,0.11152144859124136,-4.0668692292860165,4.7839881618753994e-05,-0.10568653877896277,0.11186746890114703,-0.9447477431741473,0.3447996156611799,-1.398422986938045,0.03099285022188575,-45.12082551060573,0.0,0.7972034553971646,0.039936612537238306,19.961719453642296,9.285514234818412e-88,-0.03530305775007737,0.029783014612633874,-1.185341988016952,0.23589699172835008,0.010068136533172357,0.041400512362209485,0.24318869402115378,0.8078618339630379
2.862,0.10597965466426118,0.10560554844171244,19127,-0.015057512478132851,0.07387663640982822,-0.2038196811587603,0.8384965817167311,-0.38220076561543304,0.08737181511367897,-4.374417140334716,1.224014646308575e-05,-0.012485816732602956,0.1180452504676502,-0.10577144512921036,0.9157648028566181,-0.4821310770140907,0.11280008646112673,-4.27420839947887,1.9274630661595326e-05,-0.12728978793473594,0.11315007403183813,-1.124964247914846,0.26061830785124995,-1.41057672178089,0.03134819560602472,-44.99706265421527,0.0,0.8021098557870581,0.04039450172205528,19.85690679652841,7.209236433040848e-87,-0.04972349211529619,0.030124488749170994,-1.6506003646838503,0.09883663029596071,0.002668427086714925,0.04187518574215279,0.06372334926812773,0.9491911787116472
2.916,0.10482234710197247,0.10444775659966132,19127,-0.017946163961475862,0.07454109782301803,-0.24075529453678302,0.8097473619359099,-0.3929204324298126,0.0881576548942198,-4.457020016030112,8.357912872430218e-06,-0.014358653293172383,0.11910697333103228,-0.12055258304033624,0.9040466949181523,-0.4650715734628515,0.11381463325833203,-4.086219496989021,4.402477659049173e-05,-0.10787462631291476,0.11416776868805727,-0.9448781171125682,0.3447330456842491,-1.415757830204056,0.031630147619077634,-44.75976044291826,0.0,0.7998470809107484,0.04075781804239285,19.624384212099255,6.55432579123853e-85,-0.055884392982737285,0.030395434495196213,-1.8385785204540974,0.06599270526320701,-0.009786940588271242,0.04225181963411102,-0.23163358816314705,0.8168250963650782
2.9699999999999998,0.10445645334620324,0.10408170973425479,19127,-0.011240418435091971,0.07525853863227015,-0.14935738375169813,0.881273212745646,-0.4264979976876916,0.08900615191286108,-4.791781113121734,1.665481984888737e-06,-0.024581342088453632,0.1202533503744329,-0.20441294992542577,0.838032987200369,-0.440981560993534,0.11491007275378279,-3.83762319895509,0.00012463051814573214,-0.0913680825092841,0.1152666070302634,-0.7926674070079576,0.4279814606507608,-1.42622704513188,0.03193458046709491,-44.660898132087596,0.0,0.8063495313312962,0.04115010260505266,19.595322497015783,1.1475672062077096e-84,-0.06243092336311319,0.030687983515249276,-2.0343768541224097,0.04192738673008164,-0.02443208395096858,0.04265848361620911,-0.572736812934556,0.5668296433288729
3.024,0.10236310393366244,0.10198748435167004,19127,-0.003197652972828263,0.0759198982719744,-0.042118773149208324,0.9664044544810386,-0.4376419213553417,0.08978832331334732,-4.874151840747034,1.1015306912002428e-06,-0.037102338379066416,0.12131011700745865,-0.30584702491701665,0.759724452362741,-0.444521515349932,0.11591988354330886,-3.834730520444788,0.00012610522300895717,-0.09080947239801423,0.11627955098427711,-0.7809582306547878,0.43483673166882686,-1.4214233985976215,0.03221521629946234,-44.12273335012016,0.0,0.8040957062463472,0.04151172292783954,19.370328416484156,8.53778545410513e-83,-0.06385071104771393,0.03095766445896338,-2.0625170588160056,0.03917201232029304,-0.032046625664769464,0.043033359342837266,-0.7446926327424517,0.45646670761452135
3.078,0.10059509100392294,0.10021873159017836,19127,0.014640110363388565,0.07651230808638475,0.19134320646632996,0.8482587444717131,-0.45349978187321816,0.0904889496993275,-5.0116592509923725,5.444449892077884e-07,-0.047866970514760424,0.12225671079299083,-0.39152836849839995,0.6954110874885258,-0.4543547166923059,0.11682441685090562,-3.8892102262506074,0.000100911204767518,-0.10534718417076333,0.1171868908093588,-0.8989673114729491,0.3686813944293744,-1.4171041147622072,0.032466594538152614,-43.64806764987068,0.0,0.8097187698642957,0.04183564264632279,19.35475873311264,1.1484020921693299e-82,-0.06818968287334079,0.031199229907207433,-2.1856207052593972,0.028855456733263132,-0.03606191461871379,0.04336915252752274,-0.8315107055833829,0.40569556810980945
3.132,0.09956055412529785,0.09918376180565158,19127,0.011827166092932743,0.07712076004631889,0.15335904477379791,0.8781167588822023,-0.4644378174847163,0.09120854867855023,-5.09204262334611,3.575902233855762e-07,-0.03643555058112832,0.12322893783929965,-0.29567365604208307,0.7674825287066898,-0.44741691555508084,0.11775344444370604,-3.799607881270733,0.00014537420780793154,-0.09036984056333612,0.11811880091865835,-0.7650758377200988,0.4442358308073252,-1.4181780848719543,0.03272477996704888,-43.33652010189041,0.0,0.8220299133205697,0.04216833394004929,19.494009758347328,8.036819708263596e-84,-0.07156486182080783,0.03144733682046437,-2.27570500578087,0.022874684953759387,-0.04405457981561386,0.04371403881465789,-1.007790197615915,0.3135679474517522
3.186,0.09953503361254135,0.09915823061373918,19127,0.012704921444351695,0.07754315696062875,0.16384323185090863,0.8698562893915412,-0.4783965466819672,0.09170810560067291,-5.216513235646391,1.8422401980433268e-07,-0.01787170586046052,0.12390387313643286,-0.14423847623214855,0.8853136793034038,-0.43778649105752687,0.11839839000119932,-3.6975713187746244,0.00021828077830272265,-0.08137751431930888,0.11876574756441308,-0.6851934668720329,0.49323015329720776,-1.4240493108118604,0.03290401634997934,-43.2788902018873,0.0,0.8414455699388612,0.04239929346543735,19.845745085935988,8.962156323857099e-87,-0.07941973689619591,0.03161957653942264,-2.5117267714568223,0.012022379721169702,-0.055355021646621864,0.04395346429615267,-1.2594006532374102,0.20790102894926463
3.2399999999999998,0.09863619713007998,0.09825901800972425,19127,0.019535214946947092,0.07797894462923566,0.2505190989674282,0.8021886287050128,-0.4840388276786991,0.09222349939038366,-5.248541108050503,1.5494578964040444e-07,-0.028924481548193295,0.124600205116222,-0.23213831406789193,0.8164330719332158,-0.430547456562646,0.11906378151178268,-3.616107695353507,0.0002998352355230334,-0.06373738723144191,0.11943320360141364,-0.5336655578975653,0.5935791467056479,-1.4221809355861212,0.033088934853880876,-42.980559569729365,0.0,0.8468698165131409,0.04263757482995885,19.86205406593849,6.520522339171785e-87,-0.0824520394511091,0.031797276572314646,-2.593053504553868,0.009520042588059082,-0.06204642776570677,0.04420048000306467,-1.4037500896235684,0.16040952384344137
3.294,0.09786551608797822,0.09748801447320177,19127,0.04171655050786927,0.07847176296983877,0.531612250433361,0.5950007550487724,-0.49815637162065135,0.09280634174802618,-5.367697532709247,8.067759124518532e-08,-0.03363924421073431,0.1253876646877274,-0.2682819262525656,0.7884852117625509,-0.44203101083787305,0.11981625149595028,-3.6892408610597656,0.00022554787638253028,-0.06525873620534463,0.12018800829249551,-0.5429721078872338,0.5871553367272104,-1.4219468617829378,0.033298053277380286,-42.70360341902874,0.0,0.8583154663187811,0.04290703960631546,20.0040709914754,4.044665207428437e-88,-0.08582399029183443,0.03199823185775193,-2.682147897213971,0.007321396905307184,-0.05845800107297441,0.04447982216795983,-1.3142588756814655,0.18877486917853153
3.348,0.0963686003381472,0.09599047233326718,19127,0.06420643793680342,0.07898976696364823,0.8128450102448305,0.4163170475656308,-0.5037941872675386,0.09341897046766896,-5.392846707103188,7.017322027010844e-08,-0.04528956276715265,0.12621536765532415,-0.35882764205728,0.7197279949636741,-0.45078999133154746,0.12060717672114289,-3.7376713690415264,0.00018627337725544732,-0.06830262068677884,0.12098138754061369,-0.564571311961929,0.5723720064198196,-1.414226106071616,0.03351785877085943,-42.19321155745039,0.0,0.8670323032002479,0.04319027547406517,20.074711116878202,1.0075296694054894e-88,-0.08168556379123916,0.032209457033150715,-2.5360739147874023,0.011218197888997425,-0.06293129013251615,0.0447734402116349,-1.4055495810697771,0.1598741668511494
3.402,0.09495140072807995,0.09457267969061911,19127,0.08879459122476159,0.0794712382240778,1.1173173239656287,0.26387271174001337,-0.513581355412878,0.093988392953493,-5.464306168816042,4.7052691298806074e-08,-0.05866599493818312,0.12698469606945353,-0.4619926396964883,0.6440918556874975,-0.4457895693432273,0.12134232117877251,-3.6738177167918984,0.0002396054618596675,-0.056931682261035226,0.12171881294882517,-0.4677311656413482,0.6399821824004741,-1.4065558624353764,0.03372216226901676,-41.710132678167305,0.0,0.8719851618635149,0.04345353585791171,20.0670703694818,1.1712415028974683e-88,-0.07818972638744455,0.03240578534847085,-2.4128323244335177,0.01583844793919232,-0.06775469956709074,0.04504635055839393,-1.5041107376558687,0.13256937486187095
3.456,0.09350125246852081,0.09312192461099111,19127,0.11477781494457713,0.07978535668339401,1.4385824631961095,0.15028522789115398,-0.5180514235325849,0.0943598919995367,-5.49016549886607,4.066674500559711e-08,-0.0901783320537737,0.1274866164871725,-0.7073552859005188,0.4793543387529001,-0.45995412968899985,0.12182193951403812,-3.7756263898260882,0.00016008888818495559,-0.05417483227159651,0.1221999194075603,-0.443329525373196,0.6575324193531151,-1.3946707139579482,0.033855452675627604,-41.194862385106006,0.0,0.8744908102332473,0.04362529054602972,20.04550111386785,1.7910407190099262e-88,-0.08161855451041662,0.03253387263632576,-2.5087254573956024,0.012124969654314255,-0.06885389764038359,0.045224401014778204,-1.52249440778406,0.12790178494327933
3.51,0.09190043490389255,0.09152043717814873,19127,0.12816141204389292,0.08023889139172559,1.597248040457214,0.11022695502576577,-0.5038099382682018,0.09489627471279612,-5.3090591784870815,1.1142307542091132e-07,-0.09188181182407328,0.12821130592679147,-0.7166435998751756,0.47360278897124464,-0.4528811927706572,0.12251442846317112,-3.696553936149628,0.00021915635995771796,-0.04544818284391589,0.1228945569589919,-0.3698144488130689,0.7115248449978402,-1.3881680776781102,0.03404790181031788,-40.7710315135319,0.0,0.8762563203355643,0.04387327569325652,19.972438950352824,7.525277037827821e-88,-0.08603594624710699,0.03271880933461696,-2.6295561481841503,0.00855648571809113,-0.06831597793537851,0.045481476202210144,-1.5020615784687028,0.13309772240092896
3.564,0.09033360592481121,0.08995295255350655,19127,0.16253309088953047,0.08063852658822715,2.0155761490966966,0.04385828108141004,-0.5121150756377021,0.095368911992977,-5.369832421653446,7.972977317533271e-08,-0.10797844700120285,0.12884987096114162,-0.8380175020413242,0.40203135046316385,-0.4796528810150296,0.12312461981606668,-3.895669945877381,9.826104330697273e-05,-0.07548884669428248,0.12350664156743334,-0.6112128524931703,0.5410659428466396,-1.3778401193419842,0.034217479675794665,-40.26714218571346,0.0,0.885481484453715,0.04409178949434139,20.0826842051252,8.609933299602209e-89,-0.09115759021901552,0.03288176756560624,-2.772283759902396,0.0055718350316811965,-0.055621508667959195,0.04570799975411861,-1.2168878307335536,0.22366191811236918
3.618,0.08929868652645256,0.08891760008917937,19127,0.18789775508178327,0.08106968599296477,2.3177313786325637,0.020474427572521794,-0.5243106694941874,0.09587883206549194,-5.468471592729108,4.596209522121615e-08,-0.10050483077456497,0.12953880757760303,-0.7758665735312977,0.43783736839293264,-0.49158681630093676,0.1237829445652219,-3.971361466861188,7.172470934516387e-05,-0.09550251037344926,0.12416700891679326,-0.7691456144960965,0.44181637378606275,-1.372018089724029,0.03440043426081546,-39.88374330747491,0.0,0.9014907482506888,0.04432754020205548,20.337035263889657,5.545311684216308e-91,-0.09059739258870997,0.03305758034307306,-2.740593583937062,0.0061385250312049056,-0.05192993166148526,0.04595239204152197,-1.1300811416859882,0.2584562129599312
3.672,0.0884002873883134,0.08801882501249514,19127,0.198439885183238,0.08135800250061692,2.4390948534132613,0.014733135172353237,-0.5186476954114908,0.0962198158707245,-5.390237870630687,7.119805677001475e-08,-0.07438535595765604,0.1299994998345021,-0.5721972473152088,0.5671950802029044,-0.5059776363327844,0.12422316665128057,-4.073134262896111,4.657160854107253e-05,-0.10601863679357523,0.12460859689062123,-0.8508131817472925,0.3948837938202595,-1.3670051858554433,0.03452277608250028,-39.59719758888055,0.0,0.9157625082167659,0.04448518681715371,20.585785375720693,3.7643794290289364e-93,-0.09649855264994042,0.03317514643450669,-2.908760413173903,0.0036328260568803256,-0.05297056463622837,0.0461158172852416,-1.1486420008256146,0.250718001690703
3.726,0.08700758606833603,0.08662554091133978,19127,0.21218131045662572,0.08149416052113154,2.6036382128460214,0.009231135020586135,-0.5094699372102378,0.09638084612295002,-5.286008140666487,1.263869414758492e-07,-0.07368672413712406,0.130217062631293,-0.5658761044684791,0.5714846480814593,-0.5116908378596501,0.12443106237085859,-4.1122435837973415,3.93470140461116e-05,-0.12194159186795114,0.12481713765330284,-0.9769619313548198,0.3286003610630145,-1.3530432609740317,0.03458055224107825,-39.12728899010327,0.0,0.924132178960922,0.04455963573174205,20.739222028752284,1.6817049370380277e-94,-0.0971052500216625,0.03323066724536695,-2.9221576956207826,0.0034802245079561408,-0.050739399079032,0.046192995168215366,-1.0984219337642116,0.27203412203724525
3.78,0.08570139365328422,0.08531880191509122,19127,0.24848720580834657,0.08180788368216457,3.03744816054349,0.0023891209677364103,-0.517804071307916,0.09675187766085867,-5.351876199477578,8.80498650493026e-08,-0.08170261871960476,0.13071835141380073,-0.6250279156364797,0.5319601963452679,-0.5364321459312335,0.12491007713667807,-4.294546590858824,1.7591378013444282e-05,-0.16121763552573914,0.12529763866988225,-1.2866773646907599,0.19822234543972916,-1.3420096230574845,0.03471367491011324,-38.65939364047316,0.0,0.9343976923543673,0.04473117427741021,20.889183158025197,7.891689082477287e-96,-0.09495502919282184,0.03335859334344302,-2.8464938019182466,0.004425064216283292,-0.043076211532740646,0.04637082155932223,-0.9289507945774309,0.3529263156630009
3.834,0.08431655500027635,0.0839333837710684,19127,0.2637346747864513,0.0821177272756556,3.2116655384426034,0.0013218628644663616,-0.49670278159774417,0.09711832094361016,-5.114408659166841,3.1776523243307406e-07,-0.06801667299243698,0.1312134411522742,-0.518366658134536,0.6042084720536471,-0.5333520560911444,0.12538316830370586,-4.253777148135605,2.1119378099558626e-05,-0.16055862897299839,0.125772197708376,-1.276582837053389,0.20176507050357914,-1.3336610426910778,0.034845151355821294,-38.2739345589978,6.8417486741128e-309,0.9394782946620633,0.04490059154082498,20.923517094599102,3.905782905696347e-96,-0.10067736773630467,0.033484937480097315,-3.0066464300894995,0.0026448988837908323,-0.04412203078952631,0.04654644891133749,-0.9479140046444949,0.3431852161354092
3.888,0.0838738691370684,0.08349051266427288,19127,0.28010440538989306,0.0824284999213894,3.398149980371154,0.0006798157777414289,-0.4833937560269125,0.09748586299025687,-4.958603649795097,7.161000709951099e-07,-0.07476314507480616,0.1317100153953222,-0.5676344722184388,0.5702898602565518,-0.5411007908770382,0.12585767801356945,-4.299306958600483,1.7218134884569778e-05,-0.17462514684388553,0.1262481796910529,-1.3831894231759847,0.16662294436965,-1.3331694184751675,0.03497702202780777,-38.11557820489286,1.894021222975459e-306,0.9459880127214697,0.04507051679437364,20.989065136248044,1.016755653006085e-96,-0.10843112415735574,0.033611660454029475,-3.2259972489504505,0.0012574572981064157,-0.04574575380179498,0.04672260287416128,-0.9790925802015512,0.32754662667939505
3.942,0.08420714138140073,0.08382392436764674,19127,0.29262365724706996,0.08252709972215591,3.5457886952558177,0.0003923754419157359,-0.48660560360023875,0.09760247419484701,-4.985586765237243,6.231456925035632e-07,-0.08332518504077965,0.13186756504488903,-0.6318853693280446,0.527469339979959,-0.5352449200964213,0.1260082271802886,-4.247698202519823,2.1699926103565034e-05,-0.1789193038129114,0.12639919597033183,-1.4155098253544824,0.15693535911880496,-1.3348043611914713,0.035018861044733195,-38.11672685431969,1.818449658757778e-306,0.9561662758984667,0.045124429506367754,21.189548241569167,1.617070092730106e-98,-0.12212517366836176,0.03365186624483435,-3.6290758075596563,0.00028517921014177246,-0.05028717756365539,0.04677849178805731,-1.0750063895068513,0.28238543440029057
3.996,0.08335031569653839,0.08296674014080929,19127,0.29831162838887565,0.08265546745945365,3.6090973477974866,0.00030804890161163567,-0.4820312378739976,0.0977542910987396,-4.931049393904434,8.247488867733611e-07,-0.07832976207825855,0.13207267998294894,-0.5930807347013115,0.5531341383886452,-0.5272731095162058,0.12620422814310556,-4.177935377238867,2.9547302597905277e-05,-0.17874129514761505,0.1265958050701014,-1.4119053553839205,0.1579941062222587,-1.3278798518757622,0.03507333153951843,-37.86010035515419,1.5817048356480832e-302,0.9594410656995106,0.04519461882517437,21.229099628230106,7.1122114015438305e-99,-0.13016035247342522,0.03370421043165588,-3.861842505919533,0.00011290579112684133,-0.04782560361355555,0.04685125393728163,-1.020796661655593,0.307363703317055
4.05,0.08305147399221313,0.0826677733850334,19127,0.3029350589471713,0.08287930145842141,3.6551352824703365,0.0002577347167607799,-0.4745509947296731,0.09801901325887527,-4.841417791835445,1.299230710005916e-06,-0.06210227896689196,0.13243033758290718,-0.46894299373067155,0.6391157310856622,-0.5155215144490823,0.12654599376297537,-4.073787712431816,4.64411782682443e-05,-0.17707210965613923,0.12693863109446915,-1.3949426437753232,0.16304934178094327,-1.3266026011814946,0.035168311391389255,-37.721532501736924,2.0737111744419438e-300,0.9719830168698358,0.04531700748952286,21.448526076982358,7.268964332809704e-101,-0.1416861014115846,0.03379548265398853,-4.192456810344233,2.7719087913621038e-05,-0.048155114587717346,0.04697812882950313,-1.0250539088622672,0.30535072123878015
4.104,0.08227048127349479,0.08188645385693383,19127,0.2991238447400603,0.08312665660620402,3.598410629662395,0.0003209763535715049,-0.4678862663931572,0.09831155321859389,-4.759219553299305,1.957640730940909e-06,-0.024174889079566605,0.13282557891756241,-0.1820047710431636,0.855580911334265,-0.49810866670923704,0.12692367314054884,-3.924474090484734,8.722367107379601e-05,-0.17793382693239668,0.12731748230702972,-1.397560049949026,0.1622614389757983,-1.322445918662097,0.03527327201133181,-37.49144446359416,6.580243755309329e-297,0.9862678820199747,0.04545225712227055,21.69898580320946,3.6787203011993037e-103,-0.1530123636384253,0.03389634603554654,-4.514125607461163,6.395790884086677e-06,-0.04634206450718553,0.047118336116421466,-0.9835250632085586,0.32536153255450073
4.158,0.08117693563528816,0.08079245062038498,19127,0.29358912711393953,0.08354752076582037,3.514037573141824,0.00044237028899111357,-0.44332141023983,0.09880929739495274,-4.486636601288851,7.277809380329793e-06,-0.0049481392766202335,0.13349806507217243,-0.03706525090041675,0.9704333657331841,-0.4823806466283102,0.12756627837950088,-3.7814119276354607,0.00015641585391282,-0.16286049513817946,0.12796208137287998,-1.272724649293613,0.2031312449837321,-1.3190470060826236,0.035451857997922054,-37.20671018596366,1.3359014693573228e-292,0.9904325384533529,0.04568237856318271,21.68084433439687,5.405485940984341e-103,-0.15499918592090645,0.034067960747009025,-4.549705427687347,5.405143065797116e-06,-0.0460960732385807,0.04735689279296507,-0.9733762187503215,0.3303786690892715
4.212,0.08115438143617215,0.08076988698337839,19127,0.2903639014541671,0.08391572204755836,3.4601847469012585,0.0005409824846481166,-0.4249253754170159,0.09924475867034391,-4.281590092112252,1.864669632808079e-05,0.02144713689504855,0.13408640280162934,0.1599501250456988,0.8729220525059759,-0.4850284163220311,0.12812847420261256,-3.785484993406261,0.00015387774624197557,-0.15356235922546488,0.12852602153464038,-1.1947958661746696,0.2321816177907595,-1.3233217211416803,0.03560809745823371,-37.163505371042696,5.982889267366568e-292,1.0040709244482928,0.045883704828589805,21.882952307344272,7.300056289161033e-105,-0.1615772981936009,0.03421810125026116,-4.7219831694304695,2.3521296684715347e-06,-0.04364451427201153,0.047565598790051136,-0.9175646976432105,0.3588583819184118
4.266,0.08042789431833242,0.08004309586423397,19127,0.28785721087778493,0.08441053677403798,3.410204719445887,0.0006504827696176455,-0.40446820361684477,0.09982996209727944,-4.051571242937167,5.107577745909839e-05,0.03012741389100082,0.1348770523379501,0.22336945661826216,0.8232503604443457,-0.47821493069331245,0.12888399241028387,-3.7104292142889492,0.00020749434722480874,-0.1481776421097011,0.12928388390702317,-1.1461416352270615,0.25175089804987816,-1.321679578829981,0.03581806301146186,-36.89980606731974,5.456620545416777e-288,1.0143613259052657,0.046154261195152,21.977631092745415,9.591636428187613e-106,-0.16518470859364265,0.03441987059690641,-4.799108937047809,1.6057662194979845e-06,-0.03761835923281085,0.04784607255802753,-0.7862371396771899,0.43173831639155524
4.32,0.07961166580527312,0.07922652579724099,19127,0.3073242946939906,0.08489270880545292,3.620149468881716,0.0002951933849326113,-0.3922959165914288,0.10040021336519138,-3.9073215428786856,9.364623550477863e-05,-0.0035850241141500345,0.13564750049291377,-0.026428972897567814,0.9789154610325372,-0.5054697937296725,0.1296202068547399,-3.8996218721987685,9.667227263534542e-05,-0.15068514687593523,0.13002238262193522,-1.1589169790410696,0.24650450247291816,-1.3159147801694409,0.036022663868933213,-36.530190686544884,1.7635024563678734e-282,1.0145659475046946,0.046417904748781984,21.857211198903094,1.2657438236017661e-104,-0.16245944111415167,0.03461648466383477,-4.693123599690051,2.7092914638403614e-06,-0.032996789375038194,0.04811938011988189,-0.6857276484616357,0.49289318329520626
4.374,0.0785916960053904,0.07820612918710623,19127,0.31273494260654294,0.0853121959162594,3.6657706351096246,0.0002472624431581739,-0.38152398122436215,0.10089632894474528,-3.7813465089824962,0.0001564569388821387,-0.006549669867658028,0.13631778630273866,-0.04804706740991468,0.9616792334110825,-0.5182631434236831,0.13026070951793375,-3.9786605288859627,6.956013620589088e-05,-0.15442533734985892,0.13066487258831436,-1.1818427882787337,0.23728278623441248,-1.308497832091078,0.036200665530119,-36.145684421254806,8.446195078054281e-277,1.0195589311918682,0.046647273242575484,21.85677447618322,1.277611217859501e-104,-0.15987332232496276,0.03478753785959492,-4.5957067433235235,4.3404164562774985e-06,-0.031047663716544383,0.04835715624959106,-0.6420489980075481,0.5208490677602318
4.428,0.07824812959983407,0.07786241901487734,19127,0.3167538865448112,0.0856980777681954,3.6961609267549536,0.00021949547455364432,-0.3765362919157313,0.10135270053204984,-3.715108625020432,0.00020369461205517854,-0.026745381696898534,0.13693437528237234,-0.19531532269926297,0.8451481779058266,-0.5247596873514558,0.13084990128920895,-4.010394216435929,6.0847781826922344e-05,-0.15926180671439252,0.13125589245922298,-1.213368815147633,0.22500383429064996,-1.3058525853566376,0.036364407416094945,-35.910184659812856,2.3979604212392444e-273,1.0255883991457784,0.04685826694626913,21.887032235353214,6.689867110563266e-105,-0.16165771857841577,0.03494488792413588,-4.626076321359764,3.751010859165313e-06,-0.03151516440625463,0.04857588405055245,-0.6487821070524853,0.5164870173225666
4.482,0.07841661422379154,0.07803097414186821,19127,0.32960301626801497,0.08596401633167941,3.8341974971980206,0.00012637874992578704,-0.3990862649029561,0.10166721857360529,-3.925417361684038,8.688283395748175e-05,-0.039715636105072095,0.13735931049681996,-0.2891368336185086,0.7724798027265598,-0.5236922703196222,0.13125595514347396,-3.989855315495452,6.63599806472022e-05,-0.16430320071721793,0.13166320618665378,-1.2479052081132804,0.21208105701400953,-1.3072501628922626,0.03647725356763106,-35.83740646670508,2.7734642232376274e-272,1.0330157388296355,0.04700367767803312,21.977338579879017,9.652092401831826e-106,-0.15801325489032603,0.03505332901800489,-4.5077959588136025,6.589329768872835e-06,-0.03985101946502006,0.04872662489749784,-0.817848959349254,0.4134536305206281
4.536,0.07920099032570294,0.07881567846895043,19127,0.32678421559715337,0.08635152863334902,3.78434777900329,0.00015458246609690636,-0.3987336641368046,0.10212551844784333,-3.9043489834564946,9.48037184765785e-05,-0.024348717188868798,0.1379785047229366,-0.1764674667098435,0.8599285745724676,-0.5174089603200436,0.13184763640100436,-3.9242945451550177,8.728869008720833e-05,-0.1538151125391249,0.13225672326800714,-1.1630041085127407,0.24484235153515135,-1.3163279393356988,0.03664168730504556,-35.924326529429244,1.489471384516548e-273,1.0521247981976383,0.04721556288420676,22.283432282230947,1.2893626592909467e-108,-0.1598716335224504,0.03521134392690048,-4.5403445507319296,5.650503130454757e-06,-0.04841048137023394,0.048946276879482574,-0.9890533960209499,0.32264953481478176
4.59,0.07912260385851078,0.07873725920064212,19127,0.33694704215753296,0.08678992341072209,3.8823290644349884,0.00010380841491941203,-0.41230738383454474,0.10264399559159085,-4.016868024848432,5.92021986647308e-05,-0.029437026842624402,0.13867900252323748,-0.21226736785687397,0.8319007149551603,-0.5322959943460087,0.13251700863010069,-4.016812632949065,5.9216098288067244e-05,-0.15401243281653323,0.1329281723745928,-1.1586139346181996,0.24662805850379113,-1.3159352799833062,0.03682771208773209,-35.73220288158127,9.474629325271121e-271,1.064820604990583,0.04745526977193372,22.438405894814778,4.373496870747911e-110,-0.15689421451849783,0.03539010705392494,-4.433278890042168,9.33274309555997e-06,-0.04549774641137388,0.049194770362984544,-0.9248492487243642,0.35505600212916855
4.644,0.07873116572662098,0.07834565726997345,19127,0.35046393018249883,0.08722014110657883,4.018153671114207,5.8880455128068403e-05,-0.42383377281131207,0.10315280193156152,-4.108795542873492,3.9938491756390704e-05,-0.03677262127332868,0.1393664344114639,-0.2638556509579746,0.7918939941798233,-0.5516059835272582,0.13317389551136768,-4.141997809774764,3.457725326504198e-05,-0.17245374953804363,0.13358709739475685,-1.2909461534929065,0.19673795981075867,-1.312791257599633,0.03701026707586223,-35.47100200354468,5.8481788407924334e-267,1.0751363586382237,0.04769050556907719,22.544033572488452,4.302239259060063e-111,-0.1600600344887859,0.035565535833148657,-4.500425221756474,6.8217644132500865e-06,-0.04770310156368021,0.049438628865469986,-0.9648953188707476,0.33460945112135565
4.6979999999999995,0.0780708706387111,0.0776850858790662,19127,0.34814012699097624,0.08766560170774836,3.9712283975597895,7.176475690227889e-05,-0.42303076498136694,0.10367963562590976,-4.0801721806558,4.518491827799683e-05,-0.02804534500886513,0.14007822247862517,-0.20021202805557178,0.8413168901520348,-0.5452714691163524,0.1338540563412165,-4.073626784431275,4.647326773777736e-05,-0.15544126094296765,0.13426936857614882,-1.1576822218748388,0.2470082043922751,-1.3081500855467407,0.03719929011127457,-35.165995954053415,1.4532872909845894e-262,1.0830313438213133,0.04793407593036473,22.594184258285598,1.4254638435290234e-111,-0.15786260615006412,0.03574718017323052,-4.4160855593382005,1.0105563481068223e-05,-0.055122765546751315,0.04969112744040921,-1.10930800700499,0.26731128564504864
4.752,0.07751325797138608,0.07712723987659431,19127,0.3572913576798144,0.08797134267771775,4.061451681927241,4.896292990756189e-05,-0.4332649836984874,0.10404122685148551,-4.164358656755894,3.135979087082528e-05,-0.04033666445469008,0.1405667567586382,-0.28695735310981546,0.7741480846272403,-0.5615557256545198,0.13432088333176787,-4.180703042783726,2.9190246992957618e-05,-0.17243568637307818,0.1347376440021535,-1.2797884930385317,0.20063506165273892,-1.3028426146553507,0.03732902568394205,-34.90159710264816,8.821941158221333e-259,1.0869786052058366,0.04810124994826964,22.597720565989963,1.3185303111290443e-111,-0.1550458782050597,0.03587185139349168,-4.322215670005537,1.5525058544946114e-05,-0.05626449367705205,0.04986442931944213,-1.1283492951781269,0.2591865918868887
4.806,0.07715539698887663,0.0767692291457921,19127,0.36448324591930226,0.08838921240339054,4.123616853331312,3.7454430974985325e-05,-0.4391213672058373,0.10453542959523994,-4.20069414653109,2.6730378871723782e-05,-0.05644086687011714,0.14123445819751054,-0.3996253293313656,0.6894369618057219,-0.5579883905773343,0.13495891645666397,-4.1345055608571615,3.572371338253154e-05,-0.1753008546250153,0.13537765676793836,-1.2949024145506705,0.19536953318597935,-1.3006420844713817,0.037506341037412634,-34.677925078695075,1.3379350203146753e-255,1.0936171659196028,0.048329734083086565,22.628247116764587,6.722628110096108e-112,-0.15544330386051414,0.03604224507221599,-4.312808581958765,1.6200139573783826e-05,-0.05372356213299307,0.05010128867348064,-1.0722990077784118,0.2835992876494597
4.86,0.07615874353463303,0.07577215863811015,19127,0.39680377913286513,0.08886563610632119,4.465210586667254,8.044781427236737e-06,-0.4629552013268914,0.10509888247711334,-4.404948848316308,1.0638367521423712e-05,-0.10108579423399772,0.1419957212716601,-0.7118932410688962,0.4765395745308484,-0.5821597009623505,0.13568635394562306,-4.290480833434832,1.7916251642180105e-05,-0.21801941744246767,0.13610735129488025,-1.6018195591075952,0.10921203798037399,-1.295269784179599,0.03770850269712823,-34.3495416559789,5.804848207369228e-251,1.0891331532665578,0.048590234547424165,22.414651079808262,7.357152773128399e-110,-0.15473547916207334,0.03623651515781051,-4.2701534208849345,1.9628092198214994e-05,-0.044879399570749816,0.05037133793427145,-0.8909709650617589,0.37295595942461823
4.914,0.07555874154402153,0.0751719055743778,19127,0.4055021389902884,0.08921119429618846,4.545417670836108,5.5162368612428854e-06,-0.4752155043661797,0.1055075644061147,-4.504089418053503,6.705251187342754e-06,-0.0992372283101375,0.14254787828714385,-0.6961676981977748,0.48633227734841966,-0.5912152405256977,0.13621397669062923,-4.340341974366351,1.4299154781399142e-05,-0.23306179825787107,0.13663661110780517,-1.705705347697677,0.08807919700091177,-1.2896679006951133,0.037855133976726955,-34.06850710099167,5.030125822200601e-247,1.0975441036579556,0.04877917995119469,22.50025737940014,1.1262427529991304e-110,-0.15551596657404856,0.03637742254489149,-4.275068316952208,1.9200457162487044e-05,-0.04421903644612425,0.0505672092420167,-0.8744606852731414,0.38187840623593894
4.968,0.07544908432801056,0.07506220247188666,19127,0.41196716640160475,0.08944958466550366,4.605579421549627,4.1396983703370956e-06,-0.47975307756910407,0.1057895019750796,-4.534978127433831,5.7959350176382005e-06,-0.10005971273384949,0.1429287950725099,-0.7000668597471049,0.48389406950042646,-0.5968412155205205,0.13657796800881924,-4.369967017535219,1.2492012312593926e-05,-0.22830625534671248,0.13700173179070765,-1.6664479518805446,0.09564060814992197,-1.2863146379003934,0.03795629055735996,-33.88936640045214,1.5730116762383552e-244,1.1064420940144168,0.04890952779392003,22.622219921574448,7.679451766029575e-112,-0.1469926342528483,0.03647463038145985,-4.029996540487633,5.59935676916165e-05,-0.04495276098889176,0.05070233506094052,-0.886601394883723,0.37530469496199825
5.022,0.07535956851601044,0.0749726492016537,19127,0.4137386732835911,0.08981870764632746,4.606375265526415,4.123911674865454e-06,-0.4765622330632063,0.10622605331799449,-4.486302730617194,7.289205441734302e-06,-0.09600416357766436,0.1435186055571534,-0.6689318308589101,0.5035470412789387,-0.6008952187960547,0.13714157114744527,-4.381568723243028,1.1845509152504213e-05,-0.2263625672500764,0.13756708363449446,-1.6454704226448889,0.09988927620718069,-1.2868825444822622,0.03811292112377275,-33.76499377476411,8.359937800034521e-243,1.1171157747981106,0.0491113580288785,22.746586932929514,4.896740567092605e-113,-0.14377144628162428,0.03662514672361167,-3.9254845138664534,8.685861755493711e-05,-0.040613691815011496,0.050911563500875785,-0.7977302015938453,0.4250369815650451
5.076,0.07530267559376502,0.07491573247234795,19127,0.41895769595113563,0.08997534838959002,4.65636091940499,3.240111029474981e-06,-0.48193006666333865,0.10641130790895453,-4.528936596434637,5.963949448293039e-06,-0.10331031661085592,0.1437688970792158,-0.7185859995429509,0.4724048241380525,-0.6052108418991691,0.1373807413403779,-4.405354316728309,1.0618507129614262e-05,-0.21777197776866872,0.13780699590659953,-1.5802679416672465,0.11406206150565977,-1.283511982487507,0.038179388750052154,-33.61792905827372,9.020659072999187e-241,1.1224934278260033,0.049197006551617975,22.816295268865034,1.0403088005623564e-113,-0.1371542332224825,0.03668901972240249,-3.7382910271308085,0.00018581529277174533,-0.03703696606705378,0.051000351520169476,-0.7262100154820796,0.46771892347035315
5.13,0.07500634247576388,0.07461927535262369,19127,0.41856693268710304,0.09019284952969636,4.64079951869453,3.493669642542681e-06,-0.4794095376594066,0.10666854037545402,-4.494385467092467,7.0180535354731715e-06,-0.09348766157775158,0.1441164355948897,-0.6486953496445385,0.5165431025089531,-0.5991846598831242,0.13771283750232666,-4.350971708596164,1.3623795021077574e-05,-0.19789660760665811,0.13814012247138405,-1.4325787762903766,0.1519946010180704,-1.2803081967604855,0.03827168136942322,-33.453147365074344,1.6743440732061125e-238,1.1279622926631574,0.04931593251529932,22.872167981680743,2.9959966259183205e-114,-0.13645464932146625,0.03677770961093122,-3.710254139396126,0.0002076377940227617,-0.03571781365234491,0.0511236367844113,-0.6986555710613302,0.4847758043066557
5.184,0.07464628200784329,0.07425906421602735,19127,0.4424693050808044,0.09045950745090706,4.891352136987207,1.0095955185212813e-06,-0.4880840425700243,0.10698390918111228,-4.562219181426157,5.0930335221750195e-06,-0.10666758001115526,0.14454252024936529,-0.7379667922430849,0.46054368683073577,-0.6327445436619518,0.13811998972297254,-4.581122145542063,4.654078983364058e-06,-0.20412270512630687,0.1385485379731238,-1.473293822601747,0.14068828924832533,-1.2733408693343986,0.0383848327672161,-33.1730211528221,1.1421321469008303e-234,1.1324402678749612,0.04946173657976416,22.89527918310629,1.788768818219148e-114,-0.1374642674252465,0.036886444035476834,-3.726687974938311,0.00019457116938761856,-0.03210754864881788,0.0512747853818971,-0.6261859198371927,0.5312004773804426
5.2379999999999995,0.07429514987661501,0.07390778515221974,19127,0.4557624587323053,0.09062143999274977,5.029300558110409,4.967276560362991e-07,-0.5065015255295516,0.10717542223306395,-4.725911174187979,2.3071623189775688e-06,-0.11495611703156805,0.1448012673768691,-0.7938888872593626,0.42726997312725723,-0.6447438464414303,0.13836723980917567,-4.659656775191919,3.1887210941325917e-06,-0.1933916356508127,0.13879655520818068,-1.3933460766424999,0.1635313619946657,-1.2663817654312661,0.038453545871160164,-32.93276957278059,2.1038142593566788e-231,1.1329887041086208,0.04955027856892614,22.865435610671586,3.481363736516646e-114,-0.13757543797784952,0.03695247485755981,-3.7230371851455053,0.0001974053539504851,-0.036662948538852255,0.05136657292931257,-0.7137511118233542,0.4753898079644969
5.292,0.07408367922799575,0.07369622601290127,19127,0.4655932949614904,0.09100619053512855,5.11606180001316,3.149980459537123e-07,-0.5091260782827491,0.10763045585244968,-4.730316101055158,2.2577171986864125e-06,-0.1040985075717071,0.1454160486710622,-0.7158667046935289,0.4740824023417908,-0.652897464979958,0.13895470421680697,-4.698635203895373,2.637287285404146e-06,-0.18430999041454801,0.13938584235591223,-1.3223006533470238,0.18608387423085682,-1.2677114787285768,0.03861680770667613,-32.82797191207012,5.504325278760367e-230,1.1390561582360068,0.0497606536915896,22.89069925197801,1.981337841758624e-114,-0.14164522934302004,0.03710936361087053,-3.816967351645114,0.00013552785555583018,-0.03850187359464726,0.05158465947479534,-0.7463822381818682,0.4554457234582161
5.346,0.07402600578930496,0.07363852844054009,19127,0.47948371778309623,0.09108047766971382,5.264396169746205,1.4217074812205887e-07,-0.5242096013145152,0.10771831315218247,-4.866485428284803,1.145055887651696e-06,-0.10896537030141167,0.14553474984419082,-0.7487240704922347,0.4540327437530137,-0.6790857251390019,0.13906813108098745,-4.883115346847732,1.0526593844000157e-06,-0.19918225448325158,0.13949962115238188,-1.4278336588862532,0.15335607650612737,-1.2672767127570683,0.038648330089653495,-32.789947452253045,1.7951508450764485e-229,1.139559591674706,0.04980127264680684,22.88213796776883,2.398508422652507e-114,-0.14245556360560768,0.03713965548742007,-3.835672725985845,0.00012562308413870612,-0.033723383412967524,0.05162676734150645,-0.6532150887908661,0.5136254794073294
5.4,0.0740051471566665,0.07361766107952727,19127,0.49499557238299124,0.09137947611165019,5.416922852328359,6.136573532714944e-08,-0.5433876766901997,0.10807193017994238,-5.028018614874798,5.000546523794472e-07,-0.11791510795645506,0.1460125104418988,-0.8075685268309646,0.41934905824822144,-0.6891415960179835,0.13952466310168024,-4.939209890911999,7.910172096505466e-07,-0.21963179740200986,0.1399575696660747,-1.5692741587756218,0.11660062044717212,-1.2642372705782006,0.03877520459422246,-32.60427079130288,5.668085882042527e-227,1.1518400154134965,0.049964759963834766,23.05304811325453,5.221646748106564e-116,-0.13908118357031016,0.03726157732411774,-3.7325629658809207,0.000190090438550902,-0.031101449268721437,0.051796247381491516,-0.6004575783193706,0.5482084423348883
