peth_time,r_squared,r_squared_adj,n_trials,Intercept_beta,Intercept_se,Intercept_tstat,Intercept_pvalue,C(word_l2)[T.LR]_beta,C(word_l2)[T.LR]_se,C(word_l2)[T.LR]_tstat,C(word_l2)[T.LR]_pvalue,C(word_l2)[T.Ll]_beta,C(word_l2)[T.Ll]_se,C(word_l2)[T.Ll]_tstat,C(word_l2)[T.Ll]_pvalue,C(word_l2)[T.Lr]_beta,C(word_l2)[T.Lr]_se,C(word_l2)[T.Lr]_tstat,C(word_l2)[T.Lr]_pvalue,C(word_l2)[T.RL]_beta,C(word_l2)[T.RL]_se,C(word_l2)[T.RL]_tstat,C(word_l2)[T.RL]_pvalue,C(word_l2)[T.RR]_beta,C(word_l2)[T.RR]_se,C(word_l2)[T.RR]_tstat,C(word_l2)[T.RR]_pvalue,C(word_l2)[T.Rl]_beta,C(word_l2)[T.Rl]_se,C(word_l2)[T.Rl]_tstat,C(word_l2)[T.Rl]_pvalue,C(word_l2)[T.Rr]_beta,C(word_l2)[T.Rr]_se,C(word_l2)[T.Rr]_tstat,C(word_l2)[T.Rr]_pvalue,C(word_l2)[T.lL]_beta,C(word_l2)[T.lL]_se,C(word_l2)[T.lL]_tstat,C(word_l2)[T.lL]_pvalue,C(word_l2)[T.lR]_beta,C(word_l2)[T.lR]_se,C(word_l2)[T.lR]_tstat,C(word_l2)[T.lR]_pvalue,C(word_l2)[T.ll]_beta,C(word_l2)[T.ll]_se,C(word_l2)[T.ll]_tstat,C(word_l2)[T.ll]_pvalue,C(word_l2)[T.lr]_beta,C(word_l2)[T.lr]_se,C(word_l2)[T.lr]_tstat,C(word_l2)[T.lr]_pvalue,C(word_l2)[T.rL]_beta,C(word_l2)[T.rL]_se,C(word_l2)[T.rL]_tstat,C(word_l2)[T.rL]_pvalue,C(word_l2)[T.rR]_beta,C(word_l2)[T.rR]_se,C(word_l2)[T.rR]_tstat,C(word_l2)[T.rR]_pvalue,C(word_l2)[T.rl]_beta,C(word_l2)[T.rl]_se,C(word_l2)[T.rl]_tstat,C(word_l2)[T.rl]_pvalue,C(word_l2)[T.rr]_beta,C(word_l2)[T.rr]_se,C(word_l2)[T.rr]_tstat,C(word_l2)[T.rr]_pvalue
-2.16,0.034482192341790174,0.03372436872633966,19127,0.48277387115789877,0.022056255335911597,21.88829716583191,6.5181882874953055e-105,-0.5736432284690606,0.22369125648627583,-2.5644418895928345,0.01034175788746741,-0.058184411847220174,0.05637301309559325,-1.0321323742010258,0.30202317082737623,-1.022271774600665,0.11250321370646697,-9.086600648296878,1.1192630063238174e-19,-1.1823200771010296,0.29529858296331635,-4.003812227056653,6.256529427647283e-05,-0.06729476687121957,0.0310443666580809,-2.1676965619043362,0.030194085441263778,-0.7892882094869448,0.1244419172951611,-6.342623343023951,2.3095165956191294e-10,-0.05921774902373373,0.05475103190670801,-1.0815823366514206,0.27945180404881315,-0.8788305011688075,0.07519201603535686,-11.687816705906156,1.8824672571172236e-31,-0.544385160903799,0.07111914474595692,-7.654551567631822,2.031882410966789e-14,-0.5955245684292615,0.06124569065223167,-9.723534212566868,2.6957343254067757e-22,-0.8509642841111088,0.10093973852505417,-8.430418946447851,3.6857671070308114e-17,-0.5425935074335847,0.06462560492744591,-8.39595247182205,4.9399479335323945e-17,-0.9504183637693543,0.06891266795071517,-13.791635007500691,4.602598798409344e-43,-0.7375760685562697,0.11572753981303273,-6.3733841551275,1.8912915197767858e-10,-0.618833386553152,0.05540901404511983,-11.16846053332104,7.148158375553085e-29
-2.106,0.036529608375449385,0.035773391752856654,19127,0.44610267602341086,0.020483295284631955,21.77885295429536,6.741515397032149e-104,-0.5170914264467397,0.20773852992799322,-2.4891454975924545,0.012813495552261007,-0.06297910478227821,0.052352725144661834,-1.2029766284038397,0.229000267548846,-0.9727665846427599,0.10447995417733374,-9.310557152347942,1.4057340145034648e-20,-1.151213451073657,0.2742391208231359,-4.197845470107473,2.7068487659508006e-05,-0.05798111275358131,0.028830412030391574,-2.0111094039329207,0.0443279173846729,-0.7702787891045094,0.11556723926714474,-6.665200224467907,2.715184302248211e-11,-0.0490896142075915,0.050846416882807395,-0.9654488401952682,0.3343322652978781,-0.8207090076699085,0.06982963535933055,-11.753018663876588,8.766895636041218e-32,-0.5376716428512139,0.06604722424708494,-8.140715207648482,4.168475440418295e-16,-0.5552208757412846,0.056877903680155,-9.761626920420488,1.8562739865727135e-22,-0.7994638015947914,0.09374113777128028,-8.528420078977591,1.5926313330533187e-17,-0.5382813803904389,0.060016776579546675,-8.968848563151285,3.267011577099986e-19,-0.8976234276615243,0.06399810416539826,-14.025781534741784,1.801593822480641e-44,-0.7615170080142859,0.10747433480672376,-7.085570795890558,1.4329227357615999e-12,-0.5878228506007536,0.051457474482016395,-11.423468728652603,3.9984158175681064e-30
-2.052,0.039375403937099596,0.03862142094610255,19127,0.4082252916880708,0.018776424693413996,21.741375067600575,1.4965746962367827e-103,-0.5508668144839736,0.19042770261872835,-2.892787167563069,0.003822710254047192,-0.05909975373276578,0.04799017870485221,-1.2314968463909948,0.21815224893138166,-0.9139097528348409,0.09577365186225215,-9.542392245304429,1.5587997015314894e-21,-1.0106855461556756,0.2513868070821103,-4.02043988659101,5.831247949635605e-05,-0.04766385344307666,0.02642797718074643,-1.8035377099463064,0.07131955097144124,-0.7432320792398754,0.10593703478723684,-7.015790849088586,2.3630284444450013e-12,-0.049087632835788333,0.04660939093360931,-1.0531704416757783,0.29227619810568717,-0.7410952868123581,0.06401074004321704,-11.577670970715312,6.78109425505002e-31,-0.5333726634128791,0.060543516804879176,-8.809740358027812,1.3596464297226396e-18,-0.5443050147056602,0.052138274644263335,-10.439643782219957,1.913233607681685e-25,-0.7427241314793689,0.0859296997665196,-8.64339260462252,5.880394707385002e-18,-0.5159247158917896,0.055015585633469484,-9.377791946613756,7.468855488712093e-21,-0.8532981943082046,0.05866514965902161,-14.545231696634447,1.1259342490233312e-47,-0.7167324586614885,0.0985185111053517,-7.275104451132477,3.59541032567482e-13,-0.5714933744648835,0.04716952917481772,-12.115732008832202,1.1584503525287041e-33
-1.998,0.04213636561448597,0.041384549669962745,19127,0.36541583210863104,0.017048358290114588,21.43407745721274,9.852991821087947e-101,-0.5640268923835935,0.1729019105403067,-3.262120647603302,0.001107759657228284,-0.04614747654622261,0.04357345843662786,-1.0590730734246936,0.2895798870754285,-0.8488408196487432,0.08695923523039446,-9.761364821111625,1.8610544109764655e-22,-0.9739404994209118,0.22825071474054334,-4.266976778267736,1.9909330082042925e-05,-0.04388480688907117,0.02399570904562962,-1.8288606019359943,0.0674360691981744,-0.700419422120991,0.09618724303134432,-7.28183280908412,3.4209951467322157e-13,-0.03143546515078882,0.04231974986158617,-0.7428083874220377,0.4576068269539686,-0.6743225485151685,0.05811958604957017,-11.602328824916942,5.095035136644129e-31,-0.5054725269799664,0.054971464668414544,-9.19518026359593,4.1185600747787675e-20,-0.5009254132880241,0.04733978919189968,-10.581488042911216,4.288346397962855e-26,-0.6945411787921355,0.07802125981393307,-8.901947756912586,5.968246981099932e-19,-0.5037296903762105,0.04995229021150414,-10.08421612389256,7.444011625388716e-24,-0.7879434937946821,0.053265970857647026,-14.792624279776222,3.0608196477503575e-49,-0.6612609941255457,0.08945147454625887,-7.392399035116874,1.5014926303127921e-13,-0.5562314187021052,0.04282833643139597,-12.987462625196697,2.0957429672526175e-38
-1.944,0.045820115279429974,0.04507119066686083,19127,0.32181893184208865,0.01563667964319269,20.58102737828936,4.147306683111902e-93,-0.5437081709168493,0.15858487596324242,-3.4284995187237945,0.0006082075004438212,-0.024034429814023647,0.03996538545970118,-0.6013811586593754,0.5475932780815235,-0.7770511268162816,0.0797586301376104,-9.742533509861035,2.2383941977707397e-22,-0.849584007519944,0.2093505570443784,-4.058188425741079,4.965148359786091e-05,-0.0398120157140596,0.022008759363963917,-1.8089168524076773,0.07047962990872794,-0.6571126213597087,0.08822251852339152,-7.448354823213082,9.852816066254361e-14,-0.02512716098997328,0.03881548943920179,-0.6473488123686018,0.5174139922727583,-0.6557062692953833,0.053307030072160186,-12.300559014594748,1.2164158639796984e-34,-0.4966413792716025,0.050419586913274944,-9.850167557418883,7.756080289091033e-23,-0.47008368216009233,0.04341984755207978,-10.826470120519243,3.0939988660277897e-27,-0.6626868928796317,0.07156075818609364,-9.260478922768193,2.2450413912492342e-20,-0.4706789626921609,0.04581602205849876,-10.27323939409644,1.078574562476566e-24,-0.7547986210145688,0.048855315450967454,-15.449672447046332,1.5978271379304136e-53,-0.6139357233130959,0.08204450113546118,-7.482960037741534,7.58133435835862e-14,-0.5467505635915411,0.039281962816146085,-13.91861618907724,7.99152730462697e-44
-1.89,0.04615578617317162,0.0454071250247543,19127,0.2750729453939017,0.014602473660435175,18.837421096618787,1.9140975846715086e-78,-0.5292289577065367,0.1480961129241247,-3.5735506304455193,0.0003530399868010096,-0.012886847464850535,0.03732208511149542,-0.3452874464637376,0.7298820834449432,-0.7255281291789012,0.07448341478837413,-9.740801106398072,2.2766959166411757e-22,-0.6661111080102822,0.19550416487357178,-3.40714535898016,0.0006578140971039078,-0.03699360755291525,0.020553105662112256,-1.799903535800409,0.0718916363713908,-0.6572089310273255,0.08238750376624339,-7.977046287165257,1.582719980760407e-15,-0.013944179468037485,0.03624824291898804,-0.3846856659839106,0.7004745969382946,-0.6221625074126375,0.04978131676974157,-12.497911822830783,1.0569740975102293e-35,-0.4537464821459251,0.047084848361118696,-9.636783337728996,6.271851574577515e-22,-0.4227082711061244,0.0405480699667195,-10.424867853218888,2.2332360196741933e-25,-0.5757448674724202,0.06682774798600677,-8.615356417411773,7.506535260848467e-18,-0.41622807908516624,0.04278576210560156,-9.728191309479403,2.5757289794252524e-22,-0.7372255897764287,0.04562403741228918,-16.158710004429626,2.402477648142303e-58,-0.5427313687237388,0.07661809886446569,-7.083592216035125,1.4534867328701377e-12,-0.5187680990282654,0.03668386386637304,-14.141588272106853,3.557179373049527e-45
-1.836,0.043318406410686294,0.04256751823613547,19127,0.23300112654604174,0.01375936197385339,16.93400660501618,7.382315299637371e-64,-0.5225419921035467,0.1395453997746141,-3.744602064615008,0.0001812099624640968,0.002588997201685536,0.035167197737148735,0.07361966173809346,0.9413137962616496,-0.6166489454987961,0.07018292167159865,-8.786310555497138,1.6738338898623784e-18,-0.4293747565880533,0.1842162248975576,-2.3308194314959394,0.019773230562252428,-0.037573449988926595,0.019366418804650006,-1.9401341243278782,0.052378082798418255,-0.5602460180697033,0.07763064757400627,-7.216814951023225,5.521259332630182e-13,-0.03139601971761271,0.03415535660850909,-0.9192121773892137,0.35799620440484137,-0.5651446880031197,0.04690706334405533,-12.04817883946133,2.6183529378649563e-33,-0.45531908658852066,0.04436628253197771,-10.262727923177744,1.2019909440660916e-24,-0.3801361270202058,0.03820692199054447,-9.949404642286618,2.890083636857263e-23,-0.47154996212518774,0.06296927464613665,-7.488572240590653,7.265067020906247e-14,-0.36761312093958576,0.04031541517059701,-9.118425777931582,8.359644378641094e-20,-0.6878379730980364,0.04298981529172011,-16.000021596522533,3.007553890859724e-57,-0.43936945252893395,0.07219435422650519,-6.0859253779103035,1.1802784375085037e-09,-0.5066823781876834,0.03456582585076517,-14.658477433035703,2.1776510277047737e-48
-1.782,0.038906779785132906,0.03815242897652926,19127,0.19858394729948015,0.01315632540140961,15.094180269986575,3.489857899629638e-51,-0.48743778758285555,0.13342949267512136,-3.653148774009698,0.0002597365483864564,0.007578063250664821,0.03362591214366247,0.22536379736818737,0.821698682462739,-0.5278966285147245,0.06710698918218842,-7.866492521092559,3.840325274993096e-15,-0.36838396172143045,0.17614251326311872,-2.0913972152261997,0.03650564061988106,-0.05244873977223141,0.01851763970873992,-2.8323663597081845,0.004625319886561918,-0.4636838240509405,0.07422830088681395,-6.246725554960266,4.279993178803515e-10,-0.04244367484198536,0.032658417344978534,-1.2996243631050106,0.1937454213787734,-0.5435862075567097,0.044851250381495365,-12.11975592504287,1.1033699196089995e-33,-0.4295423028608355,0.04242182529617003,-10.125502612439826,4.896130487067561e-24,-0.3697279755299164,0.03653241329424099,-10.120546172300111,5.1491396641383644e-24,-0.451156121113303,0.06020949729424809,-7.493105596090115,7.019098220648178e-14,-0.29913673272924707,0.0385484967751566,-7.760010318276071,8.917819776925323e-15,-0.6289594650914091,0.04110568498736633,-15.301033550096959,1.541844095184259e-52,-0.3476158391429541,0.0690302659493544,-5.0357018673228096,4.804330137453912e-07,-0.47189749865521685,0.03305089680214036,-14.277903001550538,5.183119522019062e-46
-1.728,0.03446762664863712,0.03370979160074472,19127,0.15930153931052488,0.012694874358746147,12.548492786049033,5.6167845470958595e-36,-0.5245516421381208,0.12874952493045044,-4.074202544991756,4.635862475101592e-05,0.013085938845562452,0.032446501347275475,0.40330816273543385,0.6867260494516518,-0.4724369145356268,0.0647532476028863,-7.295957068175968,3.0814526846602795e-13,-0.3302569181507597,0.16996440927718964,-1.9430945546496974,0.05201939920725806,-0.049323918029960515,0.017868143448154208,-2.7604388879615644,0.0057778775518495,-0.3625836810842145,0.07162478312677986,-5.062265674751449,4.181503948201904e-07,-0.0285100827727645,0.03151294090868089,-0.9047103174337756,0.3656302783201879,-0.513781559945846,0.043278116879409474,-11.871624668361875,2.1604063799301e-32,-0.38811037752596406,0.040933902573271466,-9.481392027824578,2.794513200525981e-21,-0.33915932636897667,0.03525105853207968,-9.6212522543211,7.289761019675956e-22,-0.393420604058718,0.05809768153589836,-6.771709191452412,1.3096886638297901e-11,-0.24402564014669148,0.03719642896843457,-6.560458810542678,5.501747103928066e-11,-0.5725557766688023,0.039663925178447065,-14.435176904274787,5.492815976085799e-47,-0.2898852073309074,0.06660906647109789,-4.352038283807663,1.3557761416359692e-05,-0.42639668796053326,0.031891654359818576,-13.3701652209603,1.3750500556765565e-40
-1.674,0.028570529422348168,0.027808065811931848,19127,0.12008119355263135,0.01239504411182894,9.687839145165645,3.8190510298377565e-22,-0.5211502874899738,0.1257086912239101,-4.14569814080484,3.402406003522834e-05,-0.00827741217289943,0.03168017296657349,-0.26128052336182406,0.7938790006554801,-0.39315555389233614,0.06322389160700845,-6.2184649489174175,5.12457785827202e-10,-0.24633151451418167,0.16595015365239035,-1.4843705118234671,0.13772714582724932,-0.04866910577941438,0.017446129829853118,-2.7896792156237287,0.005281252157936654,-0.28770156326035734,0.06993313374109703,-4.113952112105712,3.9057082270156564e-05,-0.013080661389029514,0.03076866155728837,-0.4251293597764903,0.6707471626891818,-0.4574470828224889,0.042255965095675974,-10.825621466383197,3.1226205864468975e-27,-0.33459633667718414,0.03996711694239414,-8.371790668800262,6.061617073642441e-17,-0.2792855827503808,0.034418491522349125,-8.11440508858533,5.174721627667354e-16,-0.379930591680998,0.05672551811718563,-6.697701568738846,2.1761419327914764e-11,-0.18172847986223337,0.036317915785327684,-5.003824584439701,5.670286924717534e-07,-0.5274728982724974,0.0387271341442163,-13.620240948071103,4.7709205535677654e-42,-0.24263265085764923,0.06503587934985675,-3.730750676137105,0.00019146238486601557,-0.3922868313973199,0.03113843047346205,-12.59815685738076,3.0118992552183434e-36
-1.6199999999999999,0.024301478874380278,0.023535664536204037,19127,0.08635799717430546,0.012129994839767694,7.119376249953898,1.1226266356526186e-12,-0.4500716879721836,0.1230206009839672,-3.658506659635322,0.00025437108395883384,-0.021047021726768277,0.031002740380790973,-0.6788761725014744,0.4972245452349454,-0.3184616874016669,0.0618719443048343,-5.147109743838844,2.6715057581772516e-07,-0.20461946607925624,0.16240156059962002,-1.2599599740529526,0.20769918697864628,-0.04141637447637138,0.01707307072897621,-2.4258304281537364,0.015282599803751221,-0.23296884245997931,0.06843771944294617,-3.4041000249021485,0.0006651875657317149,-0.02420957044380131,0.030110720264423154,-0.8040183107943036,0.42139640082240437,-0.4107669457086,0.04135238519004531,-9.933331386347291,3.3933947402958526e-23,-0.29310122977660885,0.03911248059286644,-7.493803137356272,6.981985346166168e-14,-0.2714027010126398,0.03368250413568554,-8.057675875859161,8.2295242111362e-16,-0.35177927925778824,0.05551252870394839,-6.336934877058979,2.396193955685923e-10,-0.16330516082722688,0.03554131208349041,-4.594798313680859,4.3593570458639195e-06,-0.4716940050007954,0.0378990129514771,-12.446076250184012,2.015272485474085e-35,-0.2079679763115696,0.06364518543025285,-3.2676152155998732,0.0010864906993308518,-0.3661333715393796,0.03047258223156313,-12.015173796467536,3.893669380037447e-33
-1.566,0.01748735760150877,0.01671619493937815,19127,0.04641307088509758,0.011914328041626654,3.8955676495508715,9.830261672475954e-05,-0.31458124674576365,0.12083334043933641,-2.6034308544478013,0.009236721444667494,-0.018243909802755823,0.030451523184094192,-0.5991132099521774,0.5491044948438293,-0.25422375570797945,0.0607718841399909,-4.183246238052502,2.8865816609202224e-05,-0.18953204717250116,0.15951412123544145,-1.1881835019029663,0.23477588757309953,-0.0235900140371458,0.01676951787943317,-1.4067198715401097,0.15952673180565002,-0.21003210607961326,0.06722092223739866,-3.1245049768561635,0.0017837092952795658,-0.019478841538797653,0.029575362853729227,-0.6586171616941471,0.5101495740485179,-0.3355174991568969,0.04061715515678976,-8.26048741872091,1.5444091540889415e-16,-0.23162805866528025,0.03841707523051934,-6.029299661033799,1.676969694306075e-09,-0.250860469738674,0.033083641735802215,-7.5826135387991345,3.5412594558776626e-14,-0.2921465701751007,0.05452553658396473,-5.357976986163531,8.513327023092826e-08,-0.12163025234182351,0.03490940076942717,-3.4841690106678778,0.0004947730852929337,-0.402659114099123,0.03722518259260884,-10.816847253801571,3.43437433019198e-27,-0.10906649880021853,0.06251359769751658,-1.744684401751386,0.08105589443557784,-0.2804777982225126,0.029930791049639048,-9.370878228956634,7.972314553444022e-21
-1.512,0.011678110056066782,0.010902387783597534,19127,0.0168773444434965,0.011783401141938732,1.4322982168049705,0.1520748486570433,-0.23012942548536022,0.11950549932338059,-1.9256806321743611,0.05415908244337994,-0.030288676828239366,0.03011689050423691,-1.0057039860731403,0.3145707183406568,-0.17130053949826107,0.06010406012584228,-2.850066021157344,0.004375691101641872,-0.1524347223080205,0.1577612158867863,-0.9662369895615648,0.33393783442537384,-0.01195588018053855,0.01658523715646295,-0.7208748399403847,0.47099534178667335,-0.1814152135038693,0.06648222955477685,-2.7287775202303566,0.006362770439071526,-0.01369371556522073,0.029250358325395343,-0.4681554807939485,0.6396787450974092,-0.29843656422147874,0.040170812049545944,-7.429189229567791,1.138614795367327e-13,-0.1871726825861226,0.037994908866001244,-4.926256916320945,8.452026244227626e-07,-0.2150296948437745,0.03272008462811466,-6.571795192088553,5.09952105998644e-11,-0.2154368537560663,0.05392635386599551,-3.995019843014362,6.493116797974096e-05,-0.08469045836912774,0.03452578034226289,-2.45296290278075,0.014177364680161656,-0.3267572202785361,0.03681611397118605,-8.875385939272977,7.572210700081778e-19,-0.05948520972899158,0.06182663394208884,-0.9621291979878703,0.3359968820029807,-0.19648944971498042,0.02960188071045376,-6.63773533975465,3.270918515686006e-11
-1.458,0.0057960514140636965,0.005015712382679172,19127,-0.019610032617165988,0.011484107013383624,-1.7075801012923666,0.08773052509986841,-0.0722105097319744,0.11647010284941743,-0.6199918087591488,0.5352705719023674,-0.01894597832161525,0.029351932374603706,-0.6454763550085022,0.5186262856067334,-0.08574055149778886,0.05857743873009236,-1.4637128791659217,0.14328886208553954,-0.06819179945925623,0.15375413804399113,-0.44351196219347044,0.6574004895556742,0.000850583598856952,0.01616397812930853,0.05262216962015517,0.9580335026377415,-0.12340024031989891,0.06479360496164654,-1.9045126504836942,0.056858450041134365,-0.014191048122959895,0.028507409799798135,-0.4978020880402956,0.6186292718670863,-0.22437962119123786,0.03915048794779498,-5.731208803589772,1.0121896182336358e-08,-0.10266443579422661,0.03702985191838471,-2.772477622122367,0.0055685206460278185,-0.1466664960688415,0.03188900630895547,-4.599280850832056,4.266708717192608e-06,-0.09920368464265183,0.05255664397561135,-1.8875574454237758,0.059100525665059245,0.0021528789929664504,0.03364883800483835,0.06398078271400899,0.9489861977823135,-0.244737688907249,0.03588099798768838,-6.8208161041458295,9.32324805451489e-12,-0.026391509691369195,0.06025625979422642,-0.43798785024984166,0.6614000409884377,-0.08746720602347247,0.0288500036433738,-3.0317918536402586,0.002434324167736318
-1.404,0.0022766954232809056,0.0014935940906111167,19127,-0.06264140292783528,0.011234026404262824,-5.576041988299546,2.493805693239208e-08,0.03052056462251133,0.11393382255953508,0.2678797563082121,0.7887947675263113,-0.013078090952770838,0.0287127578076514,-0.45548014023528516,0.6487690266992976,0.002677853439744783,0.05730184267884642,0.046732414082267214,0.962726984155939,-0.03754406049773125,0.15040595185484518,-0.24961818355409587,0.8028853180262143,0.014537190841113046,0.015811987548614546,0.9193778325727813,0.3579095836399854,-0.021500351155746122,0.06338264421589092,-0.3392151182981994,0.7344514082023759,0.023697417674158137,0.027886625754605814,0.8497771613779491,0.3954596347152549,-0.1156857836780406,0.03829793773540573,-3.020679193676041,0.002525417473536307,0.002584465096207913,0.03622348117378867,0.07134778360501787,0.9431217128581111,-0.05124414947733616,0.031194583824672908,-1.642725857967861,0.10045611785573672,0.010888410855293806,0.05141215816374556,0.21178669101216635,0.8322757104793839,0.09505214939070931,0.03291609301259383,2.8877105601306323,0.0038849209392774115,-0.13868398776144136,0.03509964495587092,-3.9511507291826455,7.805574357200429e-05,0.020036220180195206,0.05894410534154499,0.3399189802627011,0.7339212782985256,0.01739095295933026,0.02822175919425259,0.616224978734563,0.5377533842445584
-1.35,0.0028689599467257576,0.002086323475541607,19127,-0.09878070657389289,0.011010627859578596,-8.971396348479756,3.1926183065293913e-19,0.09886364505280087,0.11166814779305481,0.8853343321859027,0.37598747734854987,-0.0054496261312070434,0.028141779239747547,-0.19364895463006024,0.8464528214595266,0.08688231115049833,0.05616234488869334,1.5469851075963454,0.12188339504521145,-0.012817391261611018,0.14741499656000373,-0.08694767534315163,0.9307140144601224,0.03134250904886925,0.015497552200164121,2.0224167432413833,0.043147217668070434,0.04993268632990354,0.06212222431241844,0.8037813662110265,0.421533250480007,0.04850971489889057,0.027332075552786037,1.7748273381289492,0.0759423151630915,-0.001952822691944089,0.037536349392400734,-0.052024843213427666,0.9585094419323603,0.12958870163016653,0.03550314523310135,3.650062572747626,0.00026287509800998905,0.04249272447639569,0.030574251952761186,1.3898205765442493,0.1645995568969389,0.13422142964878195,0.050389781956004236,2.6636636325589156,0.007735962694250597,0.16198452476113379,0.03226152740885679,5.020981266890173,5.187065122108371e-07,0.010796647230923414,0.03440165749172368,0.313840902390266,0.7536453025123304,0.045613226114365406,0.05777194970676579,0.7895393239432864,0.4298066509357912,0.11313860267594175,0.027660544567764584,4.090252178469138,4.326696057967062e-05
-1.296,0.007111658456750325,0.0063323520299202185,19127,-0.12886725827950757,0.010863001058551366,-11.862951829325574,2.3945180000867474e-32,0.15028533896691632,0.11017093876505343,1.3641105417773502,0.17254884170626986,-0.0022675882284193725,0.02776446371357033,-0.08167232228263974,0.9349081437077631,0.12203267285781474,0.05540933902746145,2.2023845618756446,0.027650052383809246,0.08320296804210751,0.1454385057873489,0.5720834904874621,0.5672721422698497,0.03933508148634583,0.015289766224265169,2.572641131943552,0.010100056701239436,0.10277754586243514,0.06128931038917108,1.676924494823398,0.09357360201643296,0.04764443069284101,0.02696561626174913,1.7668585887438029,0.07726787245672856,0.09517676709634042,0.03703307462426662,2.5700476685231544,0.010175958425281764,0.21357946823079899,0.035027130983595285,6.09754388193619,1.0977891417306292e-09,0.10942023069504399,0.0301643226492601,3.6274718304582234,0.0002869551462866027,0.19005903871246352,0.04971417268017596,3.8230353331063585,0.00013223699992972706,0.2021747675831144,0.03182897568261907,6.351909329382425,2.1745606480628447e-10,0.1459676672279531,0.033940411619979904,4.300704094644081,1.7110061967859508e-05,0.09730605870994188,0.05699736280463047,1.7072028234618029,0.08780060384473878,0.20002323905208946,0.027289681274473107,7.329628992009963,2.399880012387578e-13
-1.242,0.01381442653793552,0.013040381035244297,19127,-0.15066888337884407,0.010772513516479069,-13.98641859658481,3.1178547194898506e-44,0.1748032586929487,0.10925322759086557,1.5999825593030226,0.10961898231353745,-0.005772759780254564,0.027533188942919475,-0.20966549832721448,0.8339309902247649,0.18722079095959904,0.05494778564369384,3.4072490595639806,0.0006575643569958053,0.162033110865769,0.14422701985998587,1.1234587736962818,0.2612568125180215,0.04545695901271418,0.015162404240496913,2.9980046892104517,0.0027210289841222745,0.14071311840860323,0.06077877752421693,2.315168618726116,0.02061424398802548,0.048111325082001014,0.02674099579795293,1.7991598160934612,0.07200917360509967,0.2103486963120903,0.03672459339701939,5.727733838685943,1.0331006785818098e-08,0.26696994843101046,0.03473535903480633,7.685826657599682,1.5934096248901752e-14,0.17217858989499885,0.029913057331315704,5.755967636071311,8.746616437102055e-09,0.22097389985294713,0.0493000593732049,4.482223807889546,7.4298328667199645e-06,0.218284746872761,0.031563843997491244,6.915657892939488,4.804128978500917e-12,0.27560708142649704,0.033657691917766824,8.188531825054017,2.809004976996744e-16,0.10395425436522712,0.056522581366518214,1.8391632485986493,0.06590668226727249,0.2690109098587715,0.027062361386612138,9.940407860780853,3.161920263868349e-23
-1.188,0.022257524121261585,0.02149010550694619,19127,-0.16891036572105878,0.010783014626781502,-15.664484521938823,5.813814180575202e-55,0.241121361634816,0.10935972828748326,2.2048460197428406,0.02747676925738338,-0.009432600235310111,0.027560028459400476,-0.34225654916160786,0.732161595572429,0.25712221477180075,0.05500134907223224,4.674834692402308,2.96199248697977e-06,0.2456157822703837,0.14436761321749933,1.7013219017505492,0.08889882427024265,0.04796529680167441,0.01517718464240924,3.1603553578472083,0.0015782263527001318,0.18049336445342626,0.060838025038351166,2.9667854000790883,0.003013033474303478,0.03455131271866958,0.02676706307984045,1.29081448403997,0.1967836289205993,0.2822156004777829,0.036760392749276796,7.677164996648058,1.7045389403203912e-14,0.3089537444593917,0.03476921926956595,8.885840722049915,6.895558036138121e-19,0.24384586716391718,0.02994221675766858,8.143881568203033,4.0612119597396417e-16,0.2845171256856863,0.04934811736455507,5.765511247041908,8.26655296705976e-09,0.23939347276803993,0.0315946126205131,7.577034592682788,3.6963775766548306e-14,0.3718699805235597,0.03369050163620562,11.037828541084359,3.0553843325724326e-28,0.16735855517556492,0.05657767991530166,2.9580314255746307,0.003099896225478637,0.3259921629972428,0.02708874193758851,12.034230447036524,3.096803615630654e-33
-1.134,0.028004150982982368,0.0272412428287645,19127,-0.17266846479901127,0.010863939101836015,-15.893725395591563,1.6126855034914877e-56,0.37743005447179717,0.11018045226033112,3.425562762984641,0.0006148168512201661,-0.011584468790106257,0.027766861234163213,-0.41720483609624553,0.6765332745334789,0.3107727089298923,0.05541412374193413,5.608185927060287,2.0728654149619803e-08,0.44366080193253893,0.14545106471217528,3.0502410058700753,0.0022897095826504873,0.055788924477981644,0.015291086528152946,3.6484604527786,0.00026451838034827283,0.22189335643992447,0.06129460285169791,3.620112475103146,0.0002952358430199993,0.03191252660343507,0.026967944800162635,1.1833503383336283,0.23668505010073543,0.3378490306337156,0.037036272509158086,9.122112128054315,8.081260143316143e-20,0.29144950352856974,0.03503015565097979,8.319960277436504,9.383912519914215e-17,0.2920180923241469,0.0301669274027849,9.68007408991838,4.1190102951618575e-22,0.31793060350161567,0.049718465604901195,6.3946181691953585,1.646772878642976e-10,0.25818764337012856,0.03183172418247978,8.111016603751404,5.320596480427107e-16,0.4396074777967653,0.03394334244683214,12.95121358438267,3.3490302592459794e-38,0.2029847202875203,0.057002284648339535,3.5609927135338637,0.00037035285599668495,0.35795600363419916,0.027292037796590868,13.115766814558366,3.947488291122321e-39
-1.08,0.03318677333269748,0.03242793295804358,19127,-0.189414205933922,0.011038655138802967,-17.159174152301862,1.6618018828537161e-65,0.4336264402147025,0.11195239628447409,3.873310930414083,0.0001077244810736379,-0.013855385653982064,0.028213413438512778,-0.4910921425434025,0.6233669178656436,0.37716578706616816,0.05630530474004473,6.698583531471861,2.163081483017734e-11,0.3859869081103402,0.1477902377654226,2.611721274330656,0.009015808572517265,0.062191726847231794,0.015537000833643313,4.002814153975191,6.282969310623958e-05,0.248621992975712,0.06228035488853527,3.991980993375473,6.57683791452241e-05,0.047090671082804035,0.02740164867096504,1.7185342257417382,0.08571541318931,0.41039956213523565,0.037631897235711885,10.90563039021522,1.306647425087011e-27,0.32487357413455825,0.03559351760581994,9.127324186734434,7.703230512479353e-20,0.3234030106308714,0.03065207795028692,10.550769548328262,5.938355008285969e-26,0.3477999508907355,0.050518047892056876,6.884667270475059,5.972068647058243e-12,0.2660392125969504,0.03234364832406928,8.225392816894162,2.068915879091078e-16,0.49326454729868646,0.03448922605480638,14.301989453600559,3.68105811179827e-46,0.2666052439907883,0.057919006767127634,4.603070026092058,4.189865739127524e-06,0.37914441375022523,0.027730953795647485,13.672245698585884,2.353689069332643e-42
-1.026,0.037736200745258075,0.03698093116288026,19127,-0.2084039939673538,0.011180395111104835,-18.64012782163291,7.295591334077452e-77,0.40106758995082537,0.11338990197234629,3.5370662023205415,0.00040555666107864886,0.011880448534518504,0.028575682971262176,0.415753791308028,0.6775948431912939,0.4172698122296303,0.05702828342122921,7.316892376849948,2.6382243416146494e-13,0.3627221456769318,0.1496879131564874,2.4231892744588746,0.015394135226490201,0.06884812461864821,0.01573650104812809,4.375059259239711,1.2204230304370713e-05,0.30846762368125175,0.06308005518407404,4.890097555893249,1.0160464914808425e-06,0.06675339797589813,0.02775349487639594,2.405224937370724,0.01617195754046022,0.45542885901972985,0.03811510320643804,11.948776750073266,8.622828898881401e-33,0.33523447700059816,0.03605055010988293,9.299011415326412,1.566296315488661e-20,0.36519716262059065,0.0310456607395885,11.763227256906216,7.775370732948677e-32,0.3711407338651027,0.05116671628679586,7.25355779692432,4.2148080132887514e-13,0.30027349363315603,0.03275895143481507,9.166150944441886,5.386625168767772e-20,0.5484189206074682,0.0349320790911819,15.699578578645458,3.369253499648894e-55,0.3412097956730863,0.05866270591450534,5.816468748822519,6.106270286239757e-09,0.3966002988298692,0.028087028387477307,14.12040794627796,4.790528896841714e-45
-0.972,0.043474763453961174,0.04272399800222171,19127,-0.2299030582472938,0.011430292721560091,-20.1134882410881,4.692178677346035e-89,0.49580908337012564,0.11592432631701913,4.277006380992311,1.903431584981246e-05,0.033146374442327084,0.029214389816653776,1.13459068117972,0.2565610899343279,0.4543376445890436,0.05830294604394596,7.7927047502297,6.893283550864085e-15,0.34696969724470955,0.15303364928120508,2.2672771568502537,0.02338441944841846,0.07061370975780307,0.016088234056646538,4.389152315236886,1.1440334411581967e-05,0.3938994171556488,0.06448998344700538,6.107916239106117,1.028916548276384e-09,0.06554466063104321,0.028373824657452147,2.31003967291482,0.02089655828402216,0.4832930164718592,0.03896702955777815,12.402613746969323,3.45508497980113e-35,0.3510417721444361,0.036856330785657906,9.524599021697483,1.8488492042750464e-21,0.4072929659290083,0.03173957507416528,12.83233833399768,1.5440670123365653e-37,0.43737845163130373,0.05231036461119294,8.361219710132112,6.628118296790459e-17,0.3204204340262104,0.03349116023452458,9.567313636865375,1.2267720612915312e-21,0.5996157476444159,0.03571286036110768,16.789911017528425,8.157829083691463e-63,0.4037541711702703,0.05997390018672867,6.73216465684543,1.719040928570328e-11,0.43779695063195667,0.028714813113246803,15.246379940045331,3.5295855413069814e-52
-0.918,0.04641160567313651,0.045663145314447595,19127,-0.23881282892905334,0.0117580628165855,-20.310559031220055,9.40964585406105e-91,0.4732256492711556,0.11924852180162085,3.968398451583351,7.262155850049884e-05,0.0494949172766917,0.03005212893319033,1.6469687517554956,0.0995809100981309,0.5265217878967487,0.059974815927823895,8.779048001254164,1.7850535886475388e-18,0.3405182912009915,0.15742197554623355,2.1630924781590233,0.030546425213106566,0.05397382528741609,0.016549573248388457,3.261342421181276,0.001110803037544259,0.4468100868260908,0.06633927012036775,6.735227656490441,1.68329704455244e-11,0.04465018117720006,0.02918746009363528,1.5297727528863203,0.12608953915380117,0.4728738091939838,0.040084431123262085,11.796944497973985,5.226964595505288e-32,0.366588842452739,0.03791320687257707,9.669159448442638,4.580430599715295e-22,0.4201246029277037,0.032649725303170556,12.86763055513077,9.822685819546345e-38,0.4420134982729128,0.05381039384028554,8.214277330599952,2.269093658921346e-16,0.3401009965673726,0.034451538156594366,9.87186682410213,6.25535065598289e-23,0.6223918310832206,0.03673694678823041,16.941849704358642,6.473734954858332e-64,0.4335524856590226,0.061693685623734125,7.02750178200135,2.173467279838029e-12,0.4738495675177167,0.029538226585853058,16.041909833025002,1.5470823635230765e-57
-0.864,0.04557438648549417,0.04482526900327355,19127,-0.2264132030995656,0.01217243350050492,-18.600487987071265,1.509408123035766e-76,0.46230290313969136,0.12345100756021173,3.7448289185830155,0.00018104642948588132,0.06084275793436386,0.03111120825718538,1.9556539698297235,0.05052048044595115,0.5414177516351678,0.06208841285970103,8.720109384316043,3.0030331262474186e-18,0.3680405602894689,0.162969747546484,2.258336690277393,0.02393590393579457,0.025524766094201543,0.01713280350429729,1.4898184110848736,0.13628849134623466,0.5206888973978854,0.06867715937638677,7.581689489284753,3.5665020856095825e-14,0.013991856141771262,0.030216067270644954,0.46306013341995744,0.6433265375981001,0.482220792946081,0.041497062897574245,11.62060057446306,4.12081528966086e-31,0.37025737482763565,0.03924932164815116,9.433471950083414,4.409156941120345e-21,0.4001802756543665,0.033800347579535026,11.839531375016456,3.160255965453586e-32,0.4535032509489525,0.055706747860959804,8.140903362028336,4.162024226838362e-16,0.33854115507451704,0.03566565885408607,9.492076298367099,2.523576039714179e-21,0.621412854354719,0.03803160850276707,16.33937871203914,1.313262165154922e-59,0.4291484976423134,0.06386785794311965,6.719318785115834,1.8772155782929894e-11,0.45859360385598874,0.030579195267775878,14.996915381198772,1.4916478337948412e-50
-0.8099999999999999,0.04114177651088491,0.04038917992502655,19127,-0.1861542389576748,0.012665516938183638,-14.697721369465965,1.2287805148833997e-48,0.5099977371595116,0.12845178634369536,3.9703436727218637,7.203165178159166e-05,0.03749854193589662,0.03237146747463398,1.1583825158769887,0.24672244612289917,0.5330111544548373,0.06460350304701706,8.250499265758437,1.6786299685838778e-16,0.4037187559953111,0.16957135957044944,2.380819243402856,0.017283925093212738,-0.003925923854953923,0.017826822629447774,-0.220225664245336,0.825697762387209,0.46637620207405706,0.07145914786159092,6.5264730413155805,6.902731824478755e-11,-0.012765177182265112,0.03144006593305892,-0.40601623449022906,0.6847352177708819,0.5083902581998434,0.04317803444909327,11.774279785691345,6.827122432613666e-32,0.341825851226006,0.04083924123522677,8.370034331861111,6.152315337608513e-17,0.36746421710357907,0.035169539005272636,10.448366043367491,1.7461278689752437e-25,0.469598727708897,0.05796332825107195,8.101652232163056,5.745141328926484e-16,0.30202016014858146,0.03711041069225546,8.138421389435331,4.247920055883623e-16,0.5829413323488859,0.03957220071550889,14.731081966852129,7.54589558058207e-49,0.4250710829860012,0.06645503025755153,6.396371822247403,1.6280197665566947e-10,0.42197738535674734,0.03181790359372058,13.262262364765812,5.7550506890164804e-40
-0.756,0.02938974066124167,0.02862792004012904,19127,-0.10392345731734486,0.013256969887834329,-7.839156171932883,4.772638807459922e-15,0.4271362884989877,0.13445021406612312,3.176910438304847,0.0014908971064019729,0.031132962334501104,0.033883146785935694,0.9188332633680841,0.35819438738407317,0.4288915462909921,0.06762035049362473,6.342640095180046,2.309265916299841e-10,0.4407266138854408,0.17748998470700889,2.483106946079065,0.013032709687918278,-0.033768148642944966,0.018659297677923656,-1.8097223821503754,0.0703545526584507,0.3917591333044656,0.07479613947342512,5.237691892422558,1.6432049453556397e-07,-0.043522082505771026,0.03290825075520852,-1.3225279833168468,0.18600822358393262,0.4707436912741244,0.045194357664298544,10.415983667049442,2.4506134108165943e-25,0.2944639356225776,0.04274634773612692,6.888633794875357,5.808326206778015e-12,0.30559913118969073,0.036811882360387724,8.30164369748551,1.094420903414408e-16,0.39361618631139006,0.06067009352824067,6.487812419939157,8.922776672284328e-11,0.1974391689549168,0.03884338866495167,5.082954287483828,3.751149438076406e-07,0.5109875447033774,0.04142013909430462,12.336693112979901,7.799075697522252e-35,0.32873231113110823,0.06955834012297511,4.72599418775561,2.3062269414356234e-06,0.3318706917371662,0.033303732638366446,9.964969853104266,2.473352515854107e-23
-0.702,0.014997173948918086,0.014224056770812954,19127,-0.0026581861726467744,0.013847625243560785,-0.1919597133727203,0.847775802043508,0.24664581966431234,0.1404405527097675,1.756229343343779,0.07906527189267476,0.014874296342143859,0.0353927875475357,0.4202634879257911,0.6742977047095935,0.35648529688480146,0.07063312962136584,5.046998466523677,4.529241199350687e-07,0.39310797512487294,0.18539793131486884,2.120347149166631,0.03398962692752145,-0.028495456746582777,0.01949065010617906,-1.4620064795862786,0.14375587705929377,0.34453705415704855,0.07812863104136505,4.409869334260241,1.0399755004297232e-05,-0.034632609759412826,0.034374455681417976,-1.0075100557340433,0.3137024837475927,0.39865917694626224,0.04720796180075599,8.444744524850003,3.262217459660304e-17,0.18748925996132593,0.04465088244064176,4.199004582061092,2.6930443192396273e-05,0.18055498778235818,0.0384520109610032,4.695592851189793,2.6768094076053324e-06,0.26881630843792437,0.06337320864263536,4.241797349315115,2.2278012699771935e-05,0.059841544298872056,0.04057402965935963,1.474873085105753,0.14026314069253462,0.4080524094994372,0.043265585466890626,9.431339137007702,4.499328153254616e-21,0.18366377038949702,0.07265746507209192,2.5278031680194575,0.01148585728736532,0.2009488235311296,0.03478755799325276,5.776456731171091,7.74748066301794e-09
-0.648,0.005954425557318177,0.005174210831943138,19127,0.1039254779701245,0.014394172755032176,7.219968784506379,5.395050150775666e-13,0.08168855273799111,0.1459835561665431,0.5595736594113242,0.5757768335858316,0.006471742429654746,0.03678969420971854,0.17591182989352327,0.8603650751939318,0.2431480095223947,0.07342092612387048,3.3116990258631844,0.0009290318461702982,0.20443335723222955,0.19271534323278627,1.0608047797485889,0.28879203531471087,-0.012437416539963272,0.02025992036913951,-0.6138926665727817,0.5392935635499738,0.2417733677315572,0.08121226510274902,2.977054850343944,0.002913966784691282,-0.02367193244486732,0.035731170127427325,-0.6625009021659969,0.5076582460588042,0.30349031768191176,0.049071197813431694,6.184693490380641,6.348677476502117e-10,0.08436812562438027,0.04641319390226096,1.8177616865162642,0.06911621523180411,0.061883371647585485,0.03996966113799506,1.5482586012909503,0.1215766059027978,0.14906625248069177,0.06587446563568518,2.262883668842095,0.023654033916330346,-0.07541365273608684,0.04217543311667815,-1.788094327981299,0.07377662768334671,0.274734874583708,0.04497322108334968,6.108854735455504,1.022896994915165e-09,0.06732523545299289,0.07552515942592614,0.8914279157401104,0.3727108699076359,0.06963135888672832,0.03616057704287069,1.925615257858741,0.05416725145446361
-0.594,0.00425641869269433,0.003474871221624709,19127,0.1394601215801646,0.014989824864259566,9.30365250048259,1.4996837640558415e-20,0.06943011821451074,0.1520245711399612,0.456703266412046,0.6478895332468476,-0.00574424974631726,0.038312106044479134,-0.14993301959564345,0.8808190425061083,0.1947291513444418,0.07645919238976774,2.5468376693251824,0.010878168857491505,0.21625410059516897,0.20069018851432274,1.077551933136659,0.2812473638749085,-0.004370974866171227,0.021098305770373353,-0.20717184184092327,0.8358778644731715,0.2004271247090446,0.08457294847280757,2.3698727350564965,0.017804081232369116,-0.03004929025584615,0.03720977867366171,-0.8075643373045918,0.4193514744920894,0.2631657803214608,0.051101836390397955,5.149830200053431,2.6330996404304343e-07,0.03221707280913947,0.04833384035512477,0.6665531348725849,0.5050656593227274,0.012097373239053577,0.0416236646967357,0.2906369087679659,0.7713321825567347,0.06302448603328245,0.06860044823071867,0.9187182833167065,0.35825453892068815,-0.1614825318047337,0.04392071477482314,-3.676682691359591,0.00023693373399079416,0.21041146655002252,0.04683427933608475,4.492680778540458,7.0744405656750625e-06,0.042817317512552626,0.07865050197095433,0.5443997996143125,0.5861727352825623,-0.01870103405343449,0.037656955080916356,-0.4966156720119872,0.6194658114332139
-0.54,0.004329303638340942,0.0035478133738112705,19127,0.12152075881568311,0.015890025446590614,7.647612599749284,2.144200334305658e-14,0.08568419459315663,0.16115427136715466,0.5316904967287153,0.594946554969644,-0.021538518332268913,0.04061290545233616,-0.5303368003933332,0.595884597774841,0.1515981581675309,0.08105088109441295,1.8704072814574366,0.06144255461037998,0.13213118423767425,0.2127424590514839,0.6210851600887924,0.5345510001348027,-0.0477628648016051,0.0223653457333267,-2.135574623844667,0.03272677581885304,0.1991018429852935,0.08965190157293344,2.2208323470230082,0.026373996451808563,-0.07030598252957886,0.03944437879299367,-1.7824081575361757,0.07469856687255975,0.24463474148912948,0.054170711663684507,4.515996448559307,6.3396502184218665e-06,-0.023491218307302723,0.05123648609168178,-0.45848613164587243,0.6466084373843621,-0.006522713914323872,0.04412333681019002,-0.1478291168771599,0.882479189390696,0.03304825111602027,0.07272018705386564,0.45445772975722154,0.6495045709059096,-0.21224358712913635,0.04655833418497124,-4.558659386006283,5.18002929284276e-06,0.1652454508839306,0.04964687027114775,3.3284162723941715,0.0008750624333649187,-0.01879051588547341,0.0833737878209241,-0.22537678059959276,0.8216885832545857,-0.08564262819865802,0.03991840998113206,-2.1454418710348957,0.031930095723056995
-0.486,0.005530566562063743,0.004750019154729168,19127,0.07932723369329477,0.017025488499981766,4.659322033161029,3.1939124534393825e-06,0.03812153131014653,0.17266996853508068,0.2207768474944821,0.8252685502709491,-0.011995755628078416,0.04351500613096598,-0.2756693999301092,0.7828049810593638,0.17698253129857494,0.08684258238758183,2.037969466507744,0.041566727349058315,0.009658668110437047,0.22794452420565706,0.042372889386554265,0.9662018827288041,-0.11787553759135974,0.023963519621837414,-4.918957626071857,8.772926354525199e-07,0.1846166327440399,0.09605821113137204,1.9219245348172551,0.05463010550887638,-0.13661867605705932,0.04226297936314062,-3.2325850689128273,0.0012288359762137673,0.22312171092770441,0.05804162061073193,3.844167488432414,0.00012135412012920387,-0.09473309075577938,0.05489772232684318,-1.7256288009868492,0.08443037914382719,-0.06075669658074771,0.04727628448221871,-1.2851411071358447,0.19875855340225582,0.013662930888955123,0.07791659695974623,0.17535328058556965,0.8608039061453734,-0.24154648404306206,0.049885280920970075,-4.842039166337021,1.2951820970187021e-06,0.13807260722427245,0.05319451637774899,2.5956173046819457,0.009449336352935912,-0.07275036346648679,0.08933147844955959,-0.8143866499149546,0.41543363154027724,-0.14338884098296287,0.042770883681444556,-3.352487221234799,0.0008024432652421803
-0.432,0.007409269669637286,0.00663019683436139,19127,0.04004451565459256,0.018150996128728628,2.2061883199463526,0.02738266859555925,-0.11138524230650296,0.18408469926905768,-0.60507604786698,0.5451356526510287,-0.003690249648360184,0.04639166199698834,-0.0795455366225023,0.9365995462131149,0.15076334616294462,0.09258350365262548,1.628403983593132,0.10345573673511448,-0.05941278360561644,0.2430133018753736,-0.24448366878322392,0.8068588733866014,-0.1958094663159624,0.025547681165632885,-7.664471191983098,1.8813044636444312e-14,0.2225160312610623,0.10240835194714082,2.1728308973853654,0.02980529131664018,-0.2263194850181427,0.045056867226436696,-5.022974275613904,5.133576756068242e-07,0.18477808415146432,0.06187859050338904,2.9861391904417114,0.0028288205143199453,-0.18450036516639223,0.058526857859709396,-3.152405099358743,0.001621817242343445,-0.09427912071334835,0.050401587984881854,-1.8705585375926592,0.061421567978615726,-0.05919138392117398,0.08306744618702584,-0.7125701660299625,0.47612047791260514,-0.2347831588084587,0.05318305791214377,-4.414623153040783,1.017406583303907e-05,0.048645262971170534,0.05671105770874931,0.8577738616866883,0.3910281024551201,-0.10825591360116173,0.09523693370168484,-1.1367009561674555,0.2556775721090217,-0.23829762981858835,0.04559834768471014,-5.226014579876836,1.7502254638449103e-07
-0.378,0.010538694639990798,0.009762078053710543,19127,-0.01884688236953222,0.019222491427371403,-0.9804599180466095,0.3268715569550499,-0.12222415204319939,0.19495164499589152,-0.6269459898416102,0.5307021287496689,0.01891922434383292,0.049130269144136665,0.38508285571016027,0.7001803150561017,0.16250472557292892,0.0980489220898346,1.6573841110057128,0.09745825539744736,0.042013225322550106,0.25735893936107557,0.16324758497549366,0.8703252274387088,-0.28034105376530594,0.027055819896205004,-10.361580423021225,4.320894438065854e-25,0.2667496543703999,0.10845375391157847,2.459570505857076,0.01391912809885739,-0.3104845612006371,0.04771667834987615,-6.506835176666127,7.865498323273524e-11,0.20925090541445898,0.06553142687340413,3.1931382452376185,0.0014096359850652804,-0.15986055448210948,0.0619818336966419,-2.5791517441145104,0.009911730555027426,-0.04611495586153966,0.05337691034112732,-0.8639495161264089,0.3876264668183972,-0.04086491526105013,0.08797110973410713,-0.4645265404126926,0.6422758408333272,-0.1674252095230894,0.056322576873867006,-2.972612739257899,0.0029564479865096228,-0.021482545661712656,0.060058842661433354,-0.3576916355650593,0.7205780434696722,-0.03887211429255537,0.10085899025410706,-0.3854105042556924,0.699937590814332,-0.24086167209536918,0.04829012365246072,-4.987804003750891,6.160494870134244e-07
-0.324,0.012655746456144534,0.011880791519031875,19127,0.015768621475563332,0.02035988272925021,0.774494710272039,0.4386478766253502,-0.19838031757844019,0.2064868981727797,-0.9607404602128495,0.33669483699976543,0.021997254225462552,0.05203729818325156,0.4227209135262612,0.6725036512104848,0.15144238273081242,0.10385045887630831,1.4582736019605724,0.14478157659312438,-0.0027618183275473127,0.27258682073098134,-0.01013188502709373,0.9919161694311566,-0.3381081151075501,0.02865670781083425,-11.79856797715338,5.127822460865831e-32,0.2738733940098623,0.11487094269385498,2.384183393878539,0.0171267681135644,-0.3670897950847534,0.050540065480246664,-7.263342292823674,3.9215288910004655e-13,0.23063227501247277,0.06940890941551545,3.322805054201269,0.0008928446505690462,-0.1834060145685104,0.06564928745972048,-2.7937243748614984,0.0052156723773011835,-0.02792153792995771,0.05653521236313869,-0.49387871315687726,0.6213975148374702,-0.05284999607590146,0.09317634420676893,-0.5672040100502472,0.5705822460050538,-0.1768093285304568,0.05965517344584513,-2.9638557448997114,0.003041853095499329,-0.03896452200666394,0.06361251339668224,-0.6125292010344645,0.5401949721330803,-0.0952959478818895,0.10682679825988688,-0.8920603203894095,0.3723718330924235,-0.22399571434915885,0.05114744143649949,-4.379411913052459,1.1963251589441118e-05
-0.27,0.016550092172998854,0.01577819386221413,19127,0.2507945009646285,0.021453548945170396,11.690117173880788,1.832518860429833e-31,-0.4667235003563971,0.2175786980404323,-2.1450790199584087,0.03195909507592594,0.0038568073815795517,0.05483257140498896,0.07033789010355693,0.9439254611891131,-0.19708451180263395,0.10942896538792264,-1.8010269137058441,0.07171439610855662,-0.291622443403751,0.28722929194277624,-1.0152949284220287,0.30997811452655405,-0.4159826593203965,0.030196052295720664,-13.776061030976189,5.698964140643546e-43,-0.004110700346678818,0.12104143350098936,-0.03396110098650821,0.9729085243820061,-0.4725609763008399,0.053254912265033386,-8.873565952921838,7.696529647645859e-19,0.13320119126127314,0.07313732869577763,1.8212476943933436,0.068584840590468,-0.5378605058142277,0.06917575216232798,-7.775275136178975,7.908628125030625e-15,-0.20617862716968618,0.05957209880269603,-3.4609931715273934,0.0005393619743096798,-0.34963503923010336,0.0981814722390386,-3.5611101693286953,0.0003701873114616684,-0.45692006120876283,0.06285965397602264,-7.268892402478889,3.7641788844968515e-13,-0.19211317924789165,0.06702956926762652,-2.8660959834136537,0.004160218748735702,-0.4175346311469933,0.11256518397484536,-3.7092697440116,0.00020844630534355298,-0.39093821538398954,0.05389491446833043,-7.253712511478453,4.21000717695082e-13
-0.216,0.02554131656925418,0.024776475365159034,19127,0.3425461750348982,0.02267656246700833,15.105736397801108,2.934894747782049e-51,-0.5597255239925302,0.22998231901929353,-2.433776328455815,0.014951324732144155,-0.008863074397569398,0.05795844006368202,-0.15292120332829984,0.8784620291751929,-0.4774190874014905,0.11566723881728422,-4.127522125393293,3.6824800941092175e-05,-0.5414331573270391,0.3036035202260194,-1.7833559931188088,0.0745442371368219,-0.5289713789552671,0.03191745421193395,-16.573106847521835,2.9189959222463486e-61,-0.18058651352524924,0.12794170488511775,-1.411474965785415,0.1581208919773004,-0.5952263462727352,0.056290842496012294,-10.574123958349027,4.636797182255038e-26,-0.03320768714670135,0.0773067060875857,-0.4295576519464979,0.6675222905089252,-0.8170785267951334,0.07311928991890426,-11.17459602932886,6.674000257984525e-29,-0.4109038008082019,0.06296815614249408,-6.525580959975153,6.943852049395157e-11,-0.61217981269755,0.10377855402952398,-5.898904821157855,3.720916142348146e-09,-0.6821251933850779,0.06644312666798655,-10.266301837263443,1.1585346639651458e-24,-0.3667475681112922,0.07085075846978574,-5.176339336828574,2.2857270238744586e-07,-0.6117046345722496,0.11898224543359306,-5.14114212875279,2.757658372233401e-07,-0.6225067508066073,0.056967329634768686,-10.927434282028814,1.029387572966636e-27
-0.162,0.020880557097584296,0.02011205771798419,19127,0.18551550761421748,0.0238247280634219,7.786678912782195,7.228892848786824e-15,-0.3872020474354876,0.24162684348659477,-1.6024794341898903,0.10906615829811735,-0.011883022528539483,0.06089300684379844,-0.19514593127288954,0.8452807802810437,-0.3913533119820921,0.12152373247391202,-3.2203858786686417,0.0012823219437201338,-0.4782695756878187,0.31897565246081994,-1.4993921071971628,0.13378845812853046,-0.5022077106020915,0.033533507037602044,-14.976295501659047,2.0272127448977921e-50,-0.084030260057721,0.134419682493466,-0.6251336002211255,0.5318908409452743,-0.5623039883347136,0.05914097504326618,-9.507857926308198,2.1702409289152238e-21,-0.11014841589677324,0.08122091929476638,-1.3561582022609642,0.17506485993386373,-0.7342798504989895,0.07682148478381015,-9.558261631695725,1.3383787283113982e-21,-0.5276817074105916,0.06615637616735871,-7.976278901306381,1.5925536775345998e-15,-0.5078004947965244,0.1090330967123315,-4.657305993392857,3.225302403397314e-06,-0.5966727839197776,0.06980729230240847,-8.547427700460908,1.3519636297032972e-17,-0.37001491050490853,0.07443809246157429,-4.970773676070676,6.726329120475532e-07,-0.4825311942109932,0.12500658536561055,-3.8600461951641956,0.00011373849336687966,-0.6672014037799272,0.05985171425441081,-11.147573834625085,9.027101372861542e-29
-0.108,0.013590784214525864,0.012816563177595164,19127,-0.005363267887055178,0.024609090052405306,-0.217938488405465,0.827479365267172,-0.05318188688178957,0.24958172595343397,-0.21308405765136845,0.8312636720957798,-0.04090825095940262,0.06289773738410254,-0.650393045294857,0.5154461869711695,-0.1700925424705112,0.1255245586851571,-1.3550538974380328,0.17541640190883387,-0.44683575742406034,0.3294770263499754,-1.3561970082533912,0.17505251608924685,-0.40237256973248847,0.034637503196869215,-11.616673622389092,4.3132325022600384e-31,0.054411667156312855,0.1388450714942733,0.3918876382915549,0.695145606860522,-0.47305780292780947,0.061088024877030016,-7.743871305056485,1.0122688447361188e-14,-0.15831511402995102,0.08389488903056001,-1.8870650627153496,0.05916671721108303,-0.4813590602168316,0.07935061554413972,-6.066229693568917,1.3341198398781834e-09,-0.5646597832770697,0.06833438830065273,-8.263186330032253,1.5099948377576773e-16,-0.24741039028593814,0.11262270396302684,-2.1968074072094828,0.028046166720442224,-0.4151243833905263,0.07210550055436023,-5.757180522969461,8.684134556633008e-09,-0.3282347388847702,0.07688875675053763,-4.268956252598987,1.9733655631629383e-05,-0.29465902424439766,0.1291220746871416,-2.282018972808069,0.022499161047479444,-0.6322194192627583,0.06182216317251331,-10.22642021597602,1.746065548132425e-24
-0.054,0.009893852684397797,0.009116729969221415,19127,-0.3172716367078317,0.02516684906957125,-12.606728630619028,2.704101427814073e-36,0.337356139756576,0.25523843483108555,1.3217293860144348,0.18627410077404852,-0.0850519099723762,0.06432329924399299,-1.3222566468451011,0.18609852821514156,0.19641879606270102,0.1283695421580661,1.5301043593412789,0.12600745057455492,-0.3469313738087819,0.3369445427028508,-1.0296393911764241,0.30319234737562556,-0.2891363352036407,0.03542255374928815,-8.162492666397638,3.483567433836755e-16,0.25600940808966877,0.14199196113749324,1.8029852256337984,0.07140628080377039,-0.37466166909779164,0.06247257004483035,-5.997218760632614,2.0433669315135415e-09,-0.1574192350506158,0.08579634620558294,-1.8348011542754048,0.06655069202643733,-0.11508247994956612,0.08114907787018116,-1.4181612776139019,0.15615998964094222,-0.5766522900279902,0.06988317052608423,-8.251661819103528,1.6624346117493348e-16,0.09170111210013422,0.11517527004894149,0.7961875154377118,0.42593294263416603,-0.19850992866602332,0.07373975411821874,-2.6920340464896917,0.0071079551257794025,-0.23656511731484042,0.07863142164814117,-3.008531606784611,0.0026285536841979093,-0.04028460882358138,0.1320485949818198,-0.30507411933559525,0.7603130242681067,-0.5388364567812185,0.06322334740552413,-8.522744822811102,1.672358817438891e-17
0.0,0.010801320545994364,0.010024910091710915,19127,-0.6764737186630381,0.025702990549760097,-26.31887201426653,5.449284699079909e-150,0.7528480403113951,0.26067590186850176,2.8880615159093996,0.003880590779679253,-0.08587004926424359,0.06569360939970499,-1.3071294156144997,0.19118448922198336,0.584069555126469,0.13110426020534854,4.455000579017349,8.43690659761973e-06,-0.12423219634909989,0.3441226342218515,-0.3610114069654859,0.7180949102123564,-0.17171319186888503,0.036177177434864045,-4.746450774885621,2.085158369256749e-06,0.4448496051729989,0.145016884122835,3.067571116727303,0.0021610785781579593,-0.2367544411886376,0.06380345322700566,-3.7106838143429535,0.00020728612272147395,-0.10259865614050782,0.087624107000043,-1.170895312410516,0.2416554588495822,0.3152204771548427,0.08287783567394941,3.80343519580983,0.00014314729059368742,-0.521042493529762,0.07137192529163194,-7.3003844494979875,2.9820026094596566e-13,0.4963581770671795,0.11762890417669769,4.219695665289621,2.457606137372367e-05,0.052011879794072374,0.07531066753739223,0.6906309755951657,0.48980586393171877,-0.07600986412189592,0.08030654461149854,-0.9464965089658781,0.3439073689557316,0.21041463572769006,0.13486168965945305,1.560225415082816,0.11872318001888935,-0.38088712834163296,0.06457022475861618,-5.898804437579534,3.7231761586704956e-09
0.054,0.012696447390428967,0.011921524399002847,19127,-0.8231065436533873,0.02605187665668607,-31.594904063932052,1.3176620006648851e-213,1.1111335902832307,0.26421425280071137,4.205426385991842,2.617768719831584e-05,-0.010786246337508774,0.06658531838543594,-0.16199136084431529,0.8713143695885218,0.9013080769127927,0.13288383736606463,6.78267646974925,1.214205228790289e-11,0.10813908180905785,0.34879367068845807,0.31003739716838924,0.7565358983456837,-0.026412739777258262,0.03666823759264549,-0.720316587633212,0.47133890373291243,0.5511081874832829,0.14698530783766314,3.7494100300960036,0.00017777357607580825,-0.08230769940283444,0.06466950569516919,-1.272743598672393,0.203124524303164,-0.06747376029630286,0.08881349519613349,-0.7597241854663586,0.4474288400836809,0.5937081416027573,0.08400279914396884,7.067718548107261,1.6292898257372202e-12,-0.42612324595553397,0.07234071034839809,-5.890504031592911,3.914746420207976e-09,0.7503268493742321,0.11922557015067167,6.293338320177495,3.1746783379461314e-10,0.22945433682604308,0.07633291611800973,3.005968440552036,0.00265080170358359,0.05727662970515148,0.08139660600555856,0.7036734394212956,0.4816447376851257,0.3998146702355264,0.1366922692485346,2.924925253150793,0.003449438681544363,-0.16659342889893225,0.06544668519600211,-2.5454830661020065,0.01092045137180573
0.108,0.012017507786581061,0.011242051903414207,19127,-0.7222054103484631,0.026867902403799247,-26.879858334096816,3.008992269300153e-156,1.208652310468925,0.27249026438639945,4.435579792880304,9.233727324182479e-06,0.14755196264960735,0.06867097750697562,2.1486800975655105,0.03167229158171342,1.0761051164992512,0.13704617216040194,7.852135521448592,4.305080021044147e-15,0.13515861992455208,0.35971897251844537,0.37573392078345696,0.7071188877749632,0.14632436780042324,0.0378168007603274,3.869295256565654,0.00010951269321349047,0.5950750338191413,0.15158934451507872,3.9255729729733653,8.682683837921715e-05,0.13263609034666932,0.06669515560883084,1.9886915194348465,0.04674949949274157,-0.1596477818486858,0.0915954099014051,-1.7429670550143666,0.08135545269371589,0.5957113337787184,0.08663402789705994,6.876181891098876,6.337694281767841e-12,-0.30710375783102933,0.07460664623419536,-4.116305628683666,3.866093583998916e-05,0.8954877741741806,0.1229600855654077,7.282751716188685,3.3978292895481045e-13,0.23505734818608204,0.07872390029643896,2.985844798097672,0.002831543805893437,0.10599073783425277,0.08394620068940702,1.2626031549230972,0.20674723939290246,0.4843502389633559,0.14097389596618232,3.435744154219479,0.0005921847150138353,0.030028850516549667,0.06749667878713336,0.4448937496799317,0.6564015782611666
0.162,0.014764645425442535,0.013991345738423533,19127,-0.37506399769583093,0.02781841457173802,-13.482579919449304,3.05767138306042e-41,1.4047689004502903,0.282130217221255,4.979150813004296,6.442008832999278e-07,0.26039661519817514,0.07110036699647297,3.662380747079582,0.00025055646167885593,1.2314256324314077,0.14189448715909994,8.678460009871033,4.328250439938576e-18,0.19017418998073637,0.37244483608898105,0.5106103550199357,0.6096298213144762,0.25541336585050683,0.039154654707203605,6.523192906704814,7.055111355115396e-11,0.6478760164789431,0.1569521567780513,4.127856728946488,3.677131938264938e-05,0.26171144062288887,0.06905464597752443,3.7899179254075013,0.00015115964231723485,-0.17139914552184568,0.09483580248323592,-1.8073253036704553,0.07072729119577283,0.7267284208177521,0.08969890048875354,8.1018654282041,5.735114310958621e-16,-0.23171223011027764,0.07724602328674408,-2.9996654876347653,0.002706244671236319,1.0253388165331239,0.12731007373136838,8.053870259290306,8.488725711004409e-16,0.3464814701752504,0.08150893442432768,4.250840384828259,2.1398009175798617e-05,0.23767568832152702,0.0869159853792691,2.7345451735304906,0.006252407846467033,0.6130403523625284,0.1459611629832995,4.200023758598518,2.6809617714715083e-05,0.2105928949093993,0.06988452483177111,3.013441035999703,0.002586416312362196
0.216,0.017660641172071112,0.016889614518184826,19127,-0.04913029666986224,0.02871797783895862,-1.7107853813861644,0.08713696793534403,1.7439856451397098,0.2912534538935221,5.9878625363093025,2.164182853203341e-09,0.3784908277600463,0.07339953750710695,5.1565832785172345,2.540053969798007e-07,1.3061485694013508,0.14648292508536154,8.916729158980168,5.2262426844705315e-19,0.31949972954203776,0.3844885739787752,0.8309732750593389,0.40599910833294883,0.2726578822259512,0.04042079764372775,6.745484951315912,1.568818820815715e-11,0.7220367275402855,0.16202751413116312,4.456259984065351,8.387570340270122e-06,0.3692728663519135,0.07128766406675133,5.180038807361383,2.24091977377525e-07,-0.1227228727657979,0.0979025050845401,-1.253521272615293,0.21003139684662692,0.921193703808173,0.09259949123887252,9.948150810373603,2.926532332021278e-23,-0.19131438725327843,0.07974392570704296,-2.399109218125458,0.016444529286898973,1.0723856513828967,0.13142689590254397,8.159560065833823,3.5688907805904554e-16,0.5058404692326879,0.08414468647875674,6.011555695324778,1.870882653935053e-09,0.34831063615371666,0.08972658508400233,3.881911206445972,0.00010398698014821752,0.6969385104947902,0.15068110488803949,4.625254845407698,3.7659008725910897e-06,0.24091342835307383,0.07214437868949941,3.3393236275543488,0.0008414324321809125
0.27,0.022037667024013663,0.021270075846438363,19127,0.14455478709510464,0.02933842209795227,4.927149340631857,8.413576872953658e-07,2.0330449056295974,0.29754590715724605,6.832710034741566,8.583496471983616e-12,0.5234994098669139,0.07498531495684417,6.98135908568498,3.0193016798054977e-12,1.2554070367983265,0.1496476496498647,8.389086228454918,5.236020028020525e-17,0.4790858192710677,0.3927953471684309,1.2196830301699968,0.22260010886398843,0.25716650606467706,0.04129407820626003,6.227684869974688,4.832565605990704e-10,0.7578554868989353,0.16552807539997627,4.578410551005803,4.714751939308264e-06,0.5106455077562584,0.07282781505354127,7.011682382354104,2.4332999189396306e-12,-0.06546631474078769,0.10001766261970596,-0.6545475371655927,0.5127669882297992,1.1488908904929127,0.09460007857294837,12.144713913815362,8.153586238381421e-34,-0.2236107431868007,0.08146677197330866,-2.7448091752065897,0.006060263457741195,1.075470602978438,0.13426633896839482,8.009979353288205,1.2126218638806737e-15,0.6933121439461322,0.08596261000886482,8.065275634076663,7.735019712980774e-16,0.4385009778701032,0.09166510404611924,4.783728578429161,1.7335692099994697e-06,0.7079600967687052,0.1539365300085289,4.599038946307809,4.271660034217726e-06,0.17159310895694985,0.07370303876743291,2.3281687136185156,0.019913526567179936
0.324,0.028144137255908586,0.027381338975276392,19127,0.19746007010242034,0.03004931188757034,6.571201059152976,5.119867718757417e-11,2.2836040920483724,0.3047556455213108,7.493229823985938,7.012474476743171e-14,0.7383713108896167,0.07680225980125814,9.613926892259505,7.825018433599377e-22,1.2309956993271804,0.15327371330868214,8.031355623570262,1.0195169548017666e-15,0.6738594488999153,0.4023130438182112,1.6749629654175588,0.09395785902899054,0.25575588252422615,0.042294661621090954,6.047001506135449,1.5030881768874906e-09,0.804535182187573,0.16953893250415522,4.745430269639422,2.0956867193276416e-06,0.7046218358874023,0.07459248221760695,9.446284865971146,3.9038777636673635e-21,-0.0073533462621310445,0.10244115816082357,-0.07178117071447924,0.9427768088872033,1.3584386476406258,0.0968923023922815,14.020088429117976,1.9505092970638222e-44,-0.20667231285959226,0.08344076690035727,-2.4768745606856033,0.013262432885437775,1.1067359579710363,0.13751970307718553,8.047835569786388,8.916331454904379e-16,0.8646233679527398,0.08804554212907885,9.820183362437156,1.0431865384628222e-22,0.5561919705289206,0.0938862114496838,5.924107086022947,3.1938208250022945e-09,0.7688302998847183,0.15766651613617194,4.876306769033332,1.0895890647610975e-06,0.18365342505584714,0.07548891319342155,2.4328529486877226,0.014989493970385626
0.378,0.03704545783835389,0.03628964609996099,19127,0.1227462615882603,0.03064468836369118,4.0054661392378215,6.212947529462485e-05,2.45647029048266,0.310793865064816,7.9038570789367535,2.8499590827943824e-15,1.040703274880157,0.07832396715248387,13.287162444850107,4.1400941911328286e-40,1.23331263567745,0.15631057364189416,7.890142086631682,3.1801839665737594e-15,0.828681554801784,0.41028419880579065,2.019774481234758,0.043420713056483,0.2592320707158946,0.04313265906638701,6.010111046409202,1.88759892164767e-09,0.9651161306500274,0.17289806074566966,5.581995116010574,2.410045386258585e-08,1.0095729506898437,0.07607040654991738,13.271559815147855,5.089443060364169e-40,0.05001212997643283,0.10447085707651678,0.478718480693643,0.6321443934426163,1.5134020907207861,0.0988120600818216,15.315965373736864,1.2290100340089108e-52,-0.13380904240432284,0.08509400508257683,-1.5724849509019114,0.11585468069940677,1.1675626741835614,0.1402444242462299,8.325198527205963,8.979537076208579e-17,1.003143115079839,0.08979001617251421,11.172100839724685,6.862944133334858e-29,0.6682213159877093,0.09574640851304386,6.979074477730151,3.068676349221592e-12,0.9295991301484408,0.16079041245468406,5.781433830269152,7.5220669227952e-09,0.2655732627862988,0.0769845987948573,3.449693405482026,0.0005624345355466089
0.432,0.04684019318541943,0.046092069220047605,19127,-0.028106576719950108,0.03127680964879025,-0.8986395043343953,0.36885603122674016,2.5043261391236955,0.3172047449880868,7.894983220436219,3.0595294220313333e-15,1.3522160207879714,0.07993958961151815,16.915473639023244,1.006629090482872e-63,1.2924153119252335,0.15953485967516828,8.10114676226088,5.768983634164999e-16,0.9943898693274431,0.4187473090168328,2.374677634734294,0.017574096324910176,0.2525945412789913,0.044022375142308647,5.737867174645692,9.732653616625249e-09,1.1420633342633932,0.17646450407355102,6.471915359178281,9.911890790841291e-11,1.3166365777643514,0.07763954383647292,16.958324491672652,4.912039046592246e-64,0.09084104384316315,0.10662582278042174,0.8519610116419478,0.3942464076320984,1.6023523858338586,0.10085029932448963,15.888424690523024,1.7530599561218227e-56,-0.0038650916612633012,0.08684927605184396,-0.04450344132927563,0.9645035738736171,1.2994820288716067,0.14313730684403578,9.078569783959528,1.204612710028857e-19,1.069285933489738,0.09164215380036117,11.668057647566156,2.371089332549158e-31,0.7439019400248259,0.09772141123046735,7.612476433341703,2.8136649759073673e-14,1.1053854805170207,0.16410710606716963,6.735756342352308,1.6772016066940545e-11,0.39296612661442565,0.07857259352156172,5.001312913345399,5.744573484974741e-07
0.486,0.056502313566692,0.0557617732864083,19127,-0.21659443705926693,0.031874378502967246,-6.795252087475329,1.1130952305860161e-11,2.4711631967777463,0.32326519930329756,7.644383627138359,2.1985274134100657e-14,1.6485011864443428,0.08146690040516814,20.23522655514907,4.211527290406004e-90,1.4010900651897593,0.16258290275781895,8.617696211740062,7.355346758586845e-18,1.07293671934234,0.4267478164998128,2.5142172446072975,0.011937839134389032,0.23503777762615738,0.04486345837833353,5.2389580768402615,1.6319882917964922e-07,1.2827232773783945,0.1798360017642121,7.132739077797159,1.0190761273327322e-12,1.5730547610533487,0.07912291038728671,19.881153933211532,4.494638550543957e-87,0.10113535739977032,0.10866299573572152,0.9307249143557654,0.3520076350795832,1.6452829939730917,0.10277712621276443,16.008260345469317,2.6392973755140396e-57,0.14656043186433507,0.08850860201760495,1.6558891285525357,0.09776069141848397,1.4069524177286397,0.14587206136028097,9.64511233068606,5.785291837081188e-22,1.0813294012308385,0.0933930515887138,11.578263937587334,6.7346836037618575e-31,0.7568316397172886,0.09958845817014163,7.599591896726443,3.1075268264846744e-14,1.244923133375982,0.16724250563112908,7.4438201501345045,1.0196170748006633e-13,0.5602299445151774,0.08007378674451597,6.996421267082713,2.712733213683886e-12
0.54,0.06926807803200008,0.06853755745068457,19127,-0.4433237352952245,0.03245422759827099,-13.659968765327902,2.7815778538812338e-42,2.3567251367466757,0.3291459424632545,7.160122099970222,8.353059717015856e-13,1.975735186103853,0.0829489217249796,23.818696434107732,1.3476311264308193e-123,1.5387917411078391,0.1655405619657374,9.295557069730915,1.6177672480854495e-20,1.1173670696092912,0.434511084269794,2.5715502090977784,0.010131922598637324,0.2260096588420505,0.045679600903291394,4.947715268365351,7.5727806586265e-07,1.3999461864016847,0.1831075241537801,7.645486950202882,2.1798135445284472e-14,1.8638591690391173,0.08056229054654525,23.135627802964017,8.149017231162353e-117,0.09681015685428926,0.11063976023214889,0.8750033139185969,0.3815830988692642,1.632265358373578,0.10464681674325878,15.597850074868393,1.6327282902794823e-54,0.3715598336673848,0.09011872385266223,4.123003719791449,3.755427441458331e-05,1.598400268159447,0.14852572197367858,10.761774101611248,6.230321730627798e-27,1.0977751096961985,0.09509202985950051,11.54434405615458,9.969957827268886e-31,0.7642387823951023,0.10140014141181727,7.536861110393256,5.0287242345482887e-14,1.4340570687566998,0.17028493093135932,8.421514815863292,3.975902912814665e-17,0.8056280483125465,0.08153046496012512,9.88131306140058,5.695529004880874e-23
0.594,0.08448824068184924,0.08376966622788173,19127,-0.6659437485586194,0.03298955258796145,-20.186504402658546,1.1070499518107231e-89,2.273513334543391,0.3345751287756468,6.795225164713069,1.1133026224293081e-11,2.2976463956654674,0.08431714503372428,27.25004973480161,1.9145173403328754e-160,1.6886809879269546,0.16827111530765032,10.035477478351153,1.2180770822778199e-23,1.1327192529286767,0.44167824426467583,2.5645801386809857,0.01033764021572181,0.21245363099312176,0.04643307537155825,4.575480501626572,4.781152533947584e-06,1.5608561393104892,0.1861278404803067,8.385935899125396,5.3776550508879737e-17,2.168208822633561,0.08189114692513817,26.4767182295744,9.725001671439433e-152,0.0849970307576046,0.11246473752751936,0.755766052775488,0.44979878832827913,1.588066409436565,0.1063729418197098,14.929232775456747,4.07685288572974e-50,0.6555482265839568,0.09160521139180532,7.156232889197829,8.592722337209186e-13,1.758057420377418,0.1509756194591009,11.644644523903898,3.1152219318619015e-31,1.0532228008597124,0.09666055093275797,10.896097639588131,1.4500422314236198e-27,0.748578620184854,0.10307271332841972,7.26262650910978,3.942286454452683e-13,1.6371133257401904,0.1730937415437594,9.457957931577301,3.493644723127219e-21,1.038192564174926,0.08287529115209286,12.527166417667642,7.334801816154109e-36
0.648,0.1009496668394323,0.10024401276599759,19127,-0.8798170710650548,0.03348426732551406,-26.275535985661516,1.639356313516804e-149,2.1624169823367176,0.33959245195948035,6.367682702779077,1.9627722058516175e-10,2.624112317955924,0.08558157364836896,30.662118094926328,1.3608060753267197e-201,1.7821356391697045,0.17079452633073547,10.434383802901761,2.0215699147732279e-25,1.1377194809019369,0.4483016968292866,2.537843351806854,0.011161663127045413,0.20479264331870445,0.047129390565132094,4.3453276365983164,1.3978534634286589e-05,1.7271954039870339,0.18891903279820588,9.14251665596838,6.698227284283933e-20,2.432455447437312,0.0831191950216054,29.26466560227198,3.3242532896816164e-184,0.058209554791151606,0.11415127034609882,0.5099334822526655,0.6101039525872489,1.5007432463517434,0.10796812144073444,13.8998736509047,1.035825926523267e-43,0.9133062755628066,0.09297893260221925,9.822722739462892,1.017361726711897e-22,1.9336379868069278,0.1532396654402764,12.618390814488848,2.334944638167932e-36,1.0044195354555692,0.09811008253701016,10.237679038509329,1.5553763688200032e-24,0.7228690296243124,0.10461840238216313,6.909578173290454,5.014037966247004e-12,1.8724641423094162,0.17568947316793027,10.657804981404025,1.9025113974481927e-26,1.2737906162939714,0.08411809757702345,15.142884266107115,1.6804722239716457e-51
0.702,0.11588906332083082,0.11519513500466794,19127,-1.0521684781465406,0.03399481279784677,-30.950853720047107,2.8162467359636723e-205,2.0117239288271955,0.3447703280975724,5.834968281428973,5.466992031623768e-09,2.9213262951270464,0.08688646362898353,33.62234084703331,7.885514378713058e-241,1.8742417044799429,0.17339868580866805,10.808857608921112,3.745003621927806e-27,1.1411218679145156,0.45513709804413904,2.507204692428412,0.012177250539812948,0.19363741766349257,0.04784798765232276,4.046929184786573,5.2098089726747084e-05,1.8472798464722033,0.19179954249832717,9.631304759177487,6.613755635194992e-22,2.64896617961989,0.08438654031752248,31.39086126356864,5.963735352744421e-211,0.015761246047373806,0.11589177174843411,0.13599969876711085,0.8918229515354562,1.3859955530145163,0.10961434636845842,12.644289720577463,1.6846374317022233e-36,1.1657606892342183,0.09439661251144096,12.349603001833641,6.65183327173845e-35,2.07732050297622,0.15557616026668994,13.35243458519133,1.7410740561358442e-40,0.89108831536073,0.09960599875170636,8.946131021506018,4.0107689982028075e-19,0.6287207769500511,0.1062135530581403,5.919402551253467,3.2863551483376986e-09,2.046985984057316,0.1783682674861819,11.476177982251775,2.1858263459239665e-30,1.4461199185086495,0.08540067346383301,16.933354970802167,7.463290557897887e-64
0.756,0.1292885685084033,0.12860515730687672,19127,-1.1976830836137928,0.03442789772949878,-34.78815619309757,3.663377498542602e-257,1.809673930567631,0.34916261096930623,5.182897233881419,2.206881547945734e-07,3.1900896320287386,0.08799337421519587,36.25374819957559,2.181801975154649e-278,1.9321588489097452,0.1756077392439249,11.002697587410504,4.502938892532772e-28,1.1716954450637136,0.46093542439971846,2.5419947850387636,0.011030007516981624,0.20470764372854353,0.04845755837081206,4.224472932830375,2.406100259692666e-05,1.9916969672831868,0.19424301798524138,10.253634791828226,1.3199752177981168e-24,2.831713615200559,0.08546160254137092,33.134337889694514,3.865658559931316e-234,-0.04632255362478893,0.11736820229521097,-0.39467720148150426,0.6930855346248526,1.2765214169723234,0.11101080417475265,11.499073684421111,1.6800610563430687e-30,1.3818591273346492,0.09559920040980083,14.454714280151878,4.1493323802408867e-47,2.176154625891679,0.15755815943628237,13.811754552589395,3.4912131848706607e-43,0.761810014878784,0.10087495285414654,7.552023503597298,4.4779955751651524e-14,0.5518413187208787,0.10756668565634707,5.130225174771078,2.922257474189689e-07,2.1262410523879582,0.18064063207875983,11.770558084965685,7.132848812243453e-32,1.605809005143346,0.08648865547597291,18.56670098877245,2.8017157483180184e-76
0.8099999999999999,0.1364530776707652,0.13577528980854237,19127,-1.2916861205564458,0.03490731486643305,-37.00330791694706,1.5455698129329642e-289,1.608474653355585,0.354024788166143,4.5433955675463364,5.5693964785222895e-06,3.3719761033067224,0.08921870408769893,37.794497664886336,1.6083155535664007e-301,1.876247073720954,0.17805312119066183,10.53756913203359,6.828039866851404e-26,1.0953946549246893,0.4673540661423408,2.343821813654806,0.019097477009673507,0.21635888850374482,0.049132342061628434,4.403594036538259,1.0705006842259345e-05,2.059031243788247,0.1969479008765416,10.454700124369275,1.6339233615737756e-25,2.927669560024278,0.08665167685639633,33.786646332028454,4.214298084022654e-243,-0.13450117665184577,0.11900258403857486,-1.1302374460057694,0.2583903695408228,1.1524619803058924,0.11255665754995393,10.23894992434736,1.535192244733622e-24,1.5366209993155433,0.09693044332546692,15.852821328341339,3.0687084493840722e-56,2.2160853674687813,0.1597521964434521,13.872018143132166,1.5221156712036848e-43,0.6005121487627211,0.10227966194982498,5.871276237276894,4.39611026758324e-09,0.4506859986372256,0.10906457881474017,4.132285692890009,3.607032587450243e-05,2.1403426127970326,0.18315609832435029,11.68589324831931,1.9252657919796078e-31,1.7135894630731254,0.0876930317614891,19.540771126875992,3.279038619498426e-84
0.864,0.14270122049154832,0.14202833672342374,19127,-1.344351368079821,0.035484200098355075,-37.88591441693906,6.423739390980477e-303,1.4282417939867038,0.35987547226513006,3.9687111349852686,7.25264270487707e-05,3.545410899995953,0.0906931501456771,39.09237791719759,0.0,1.8508300415893473,0.18099566250343657,10.225825392662134,1.756760379974355e-24,0.9318531349733309,0.47507765244131117,1.961475413934457,0.04983808624692542,0.21893410498722055,0.04994431292371128,4.383564257288654,1.1737600684902131e-05,2.079479787428505,0.20020270107840343,10.386871786580635,3.320689701459481e-25,3.014735428865737,0.08808369971152012,34.225803851781805,3.189591045795415e-249,-0.22992099760530008,0.12096924442351407,-1.9006566396359825,0.05736203285867174,0.9895159177138202,0.11441679127102432,8.648345288497982,5.6317163312382696e-18,1.6634655610804512,0.09853233512069887,16.882433152962026,1.7483093383960748e-63,2.1946051537355764,0.16239229303203143,13.514219873123515,1.998309490740076e-41,0.3951871017925672,0.10396995599651974,3.8009740218202612,0.00014457570824545773,0.31170332080806923,0.11086700174772038,2.811506723320209,0.004936027127878769,2.136585098576786,0.18618297245271184,11.475727723272074,2.1971567238531975e-30,1.7881759094226957,0.08914226425500062,20.05979906800925,1.352634825218386e-88
0.918,0.1463140103491264,0.14564396221743448,19127,-1.3693235472865326,0.036099923509335816,-37.931480573148896,1.2870289142285039e-303,1.1215627553273917,0.3661200473914455,3.063374331229253,0.0021916059391468906,3.6880476392020336,0.09226686170196136,39.97153009403413,0.0,1.7499603228083638,0.18413630725181573,9.503613648639126,2.2601435577055003e-21,0.7839345823085989,0.48332122089800705,1.6219742655868794,0.10482535406677859,0.2184519349577983,0.05081094885258212,4.299308316236983,1.721806065089035e-05,2.0472994171195897,0.20367662721042482,10.051715040452136,1.0340349447288366e-23,3.0634382404031903,0.08961213196835136,34.185530163316685,1.16944506770493e-248,-0.33270489825690036,0.12306830810802027,-2.703416528363066,0.006869137147781344,0.8422852283073047,0.11640215649835353,7.235993332470765,4.796273591177909e-13,1.7483058836532681,0.10024207256170788,17.440839349934937,1.3491553684585337e-67,2.152252331936554,0.1652101312897776,13.027362881042182,1.2491435412104057e-38,0.21417001262843852,0.10577404727568773,2.024787914848614,0.042903023235584474,0.19280651556345915,0.11279077087009319,1.7094174822647867,0.08738987927123179,2.1213113430299,0.18941362763297134,11.199359674058858,5.057267067435544e-29,1.837593142897065,0.09068906477065264,20.26256580707091,2.4462297090355856e-90
0.972,0.1484951795054421,0.1478268433478669,19127,-1.3525678434498758,0.036647435978573964,-36.907570948228376,4.2091222885894e-288,0.8626642932763791,0.37167283730616757,2.3210313121853305,0.02029562066257378,3.7621931563369717,0.09366623467476645,40.16594848079765,0.0,1.648703195609241,0.18692902575255618,8.819942162388848,1.2417689339183322e-18,0.5936867638180683,0.49065155208335237,1.2099967100831919,0.22629512138007818,0.19675563515731426,0.051581577301792435,3.814455575992576,0.00013691274591194267,2.0510985028613873,0.20676570558648394,9.91991634707272,3.879212355772391e-23,3.1024153503691165,0.0909712417635563,34.10325384402926,1.6552690116083795e-247,-0.45218966766309343,0.12493483375979232,-3.6194042450362733,0.0002960444369953061,0.6725254127390029,0.11816757941157875,5.691285343136215,1.2793396670651243e-08,1.776308504901596,0.10176240222821305,17.455449812574535,1.048889239324154e-67,2.101559983837575,0.16771580438080874,12.530482691218877,7.036849858788244e-36,0.05532845283509852,0.10737827809324745,0.5152667170454271,0.6063726132278431,0.05907191974378488,0.11450142140513903,0.5159055583665761,0.6059263401306794,2.0891020789342263,0.19228638504881088,10.864534576402374,2.0456807907816582e-27,1.8595334989147119,0.09206450795608315,20.198158228377775,8.787403441965044e-90
1.026,0.1505671050578753,0.149900395130392,19127,-1.3322826024060437,0.0371202293158184,-35.89101217751113,4.6054744441650816e-273,0.7716148786811974,0.3764678369131204,2.0496170005069176,0.04041543907484693,3.8351435671867713,0.09487463494879637,40.423276139682535,0.0,1.5936450195292042,0.18934062142230704,8.416815195587237,4.1380056312927683e-17,0.45585083497521606,0.4969815115618074,0.9172390207085679,0.359028978307787,0.19252912087808166,0.05224703793830475,3.684976765676692,0.0002293551973272975,2.0421074934961765,0.20943321684236246,9.750638052001289,2.0675142872993578e-22,3.1180581307716513,0.09214487358357798,33.83865004647801,8.008407578751002e-244,-0.5666573851864862,0.12654663429683138,-4.477854257722244,7.583340089369371e-06,0.5198379007753955,0.11969207472024812,4.343127161847545,1.4119200816649784e-05,1.8169270631890808,0.10307525221268717,17.627190078953227,5.357590524496003e-69,2.073803526773297,0.169879527783128,12.207495239925324,3.7994692254767854e-34,-0.12592601295328223,0.10876357922255288,-1.1577957791882838,0.24696185549083677,-0.05273817038128268,0.1159786191326149,-0.454723213431086,0.649313543326218,2.0305342677517553,0.19476709670752138,10.425448148467172,2.2197217173987543e-25,1.8757453555013344,0.09325224414542452,20.114747614825838,4.576936798534793e-89
1.08,0.1502100969314064,0.14954310679242733,19127,-1.2761014130088957,0.037653256040158914,-33.890864886900495,1.5081741191165362e-244,0.6190126740617582,0.38187371456064473,1.620987908984382,0.1050367292694003,3.8699687029843983,0.09623698418051864,40.212905006719865,0.0,1.4859921826961928,0.19205945191127505,7.737146846501837,1.0670751860928162e-14,0.30224603985083714,0.5041179013968967,0.5995542689781929,0.5488104400576451,0.1628010214214319,0.05299727757857771,3.0718751766079113,0.0021301762752137933,1.9612286647529564,0.2124405663011119,9.231893413299998,2.9295921527881945e-20,3.1043121043451727,0.09346802489584898,33.212556998013966,3.316720644025235e-235,-0.6579111397625765,0.1283637765720493,-5.125364470663556,2.9985601588690256e-07,0.3590405876378473,0.12141078917038937,2.9572379035768015,0.0031078818861076498,1.824794352457239,0.10455535794102351,17.452901394939033,1.095988943232756e-67,2.0087675211218845,0.1723189073315773,11.657267053444109,2.6891166130100416e-31,-0.2955166093181852,0.11032536629739302,-2.6785916896173334,0.007399573808238675,-0.16004790119035148,0.11764401033814419,-1.360442412072878,0.17370600995932928,1.967858641891174,0.19756384849167813,9.960621120285907,2.5833888942670653e-23,1.8661467021362952,0.09459129670922578,19.728524368080517,8.756745056951516e-86
1.134,0.1521973756082462,0.151531945261018,19127,-1.2309570830533052,0.038280916592815885,-32.15589365705828,5.478624519727241e-221,0.5045486694458062,0.3882393543998838,1.2995814662470428,0.19376013102387782,3.9403406702499653,0.09784120556876619,40.2728139677363,0.0,1.4106040143534249,0.19526098491020227,7.224197988154886,5.230243980471031e-13,0.22320710538291744,0.5125212894135287,0.4355079681437826,0.6631986750048484,0.14073105794319432,0.053880715135712395,2.611900335560266,0.009011089672672194,1.9597015724988407,0.21598184207043983,9.073455220646318,1.262289225837925e-19,3.131242796047441,0.09502608914663552,32.9514012853417,1.1825494723401933e-231,-0.7679160396785926,0.13050353518571126,-5.884254695367602,4.065276730098251e-09,0.2316214035141716,0.12343464503422036,1.8764699606820932,0.06060600177574022,1.864009451654878,0.10629824237254565,17.535656376349532,2.6239932151105868e-68,1.9628058207598922,0.17519137553176767,11.203781092545702,4.8125946576083236e-29,-0.4178572364715967,0.1121644338220833,-3.7253987046768087,0.00019556786616176138,-0.2259181261945106,0.1196050759221369,-1.8888673783509293,0.05892472919547942,1.988789718860117,0.20085713697108798,9.901513826448644,4.659429525797793e-23,1.899958394854074,0.09616808532760529,19.756641596655413,5.075495623880766e-86
1.188,0.15180707452419417,0.1511413378342178,19127,-1.1678645983043725,0.03876997529671077,-30.12291314004148,8.513309760369525e-195,0.40678878381644973,0.3931993149327888,1.0345612730428684,0.30088693858777504,3.962808405845632,0.09909117807313289,39.99153590565787,0.0,1.330096936354353,0.19775554597876732,6.7259652808784605,1.7936743643553252e-11,0.09949245034258619,0.5190690165796582,0.19167480077732152,0.847998982382141,0.11136868107082874,0.05456906941388939,2.040875577813724,0.0412769064414291,1.8734752022276586,0.2187411229118924,8.564805635483014,1.1635393922764264e-17,3.105896206973665,0.0962400970683522,32.27237192796862,1.5543042861750348e-222,-0.8452558107759682,0.13217078601072424,-6.395178815894949,1.6407546285093716e-10,0.11721238503163682,0.12501158709541152,0.9376121666400237,0.3484556052535456,1.8883056413620756,0.10765625793925698,17.54013819082878,2.428055703554617e-68,1.8818680746855387,0.1774295368580095,10.606284094578516,3.295181731150322e-26,-0.5376344523983989,0.11359739304852008,-4.732806255234773,2.2302230606148786e-06,-0.32178969230995047,0.12113309323770734,-2.65649694653204,0.007902274329515445,1.9842120151307547,0.20342319180514476,9.754109143225882,1.9983388696350407e-22,1.9028065577872446,0.0973966828470074,19.536666980498815,3.5479656799201867e-84
1.242,0.1480401004893569,0.1473714071455936,19127,-1.104701141412795,0.039183068392175564,-28.19332907663229,2.2414254240557993e-171,0.3561789678645657,0.39738884357956106,0.89629835768969,0.3701047256233184,3.9401403246508475,0.10014699204180869,39.34357132769344,0.0,1.2378636505387615,0.19986262626469747,6.193572423587282,6.00167418392358e-10,-0.07157356088184018,0.524599683679076,-0.13643462455006994,0.8914791402485482,0.08827212505248073,0.055150501453200725,1.6005679500010739,0.10948917470584173,1.7259025382411566,0.22107180398345821,7.8069772225240355,6.158353644190875e-15,3.0403689162857668,0.09726553284182225,31.258440965209708,3.0956050443879545e-209,-0.910696656335147,0.1335790623561522,-6.817660195181055,9.529796391493674e-12,0.008876260415072612,0.12634358235945264,0.07025493696877527,0.9439914840098429,1.8763078895604304,0.10880333261490313,17.244948702089907,3.8675045715333317e-66,1.7365802165290467,0.17932004403648008,9.684250446513188,3.954893370808625e-22,-0.616483652974332,0.11480777036684468,-5.369703209151131,7.97871700101611e-08,-0.4151602793482551,0.12242376324886504,-3.391173970892485,0.0006973481363546361,1.9805268875127577,0.20559066071243715,9.633350467621442,6.483982674354708e-22,1.8580190619410555,0.0984344420123759,18.875700658794322,9.404735397553318e-79
1.296,0.14360054657289623,0.1429283686752767,19127,-1.0540420400924846,0.0396294571626541,-26.59743825827092,4.407052115359564e-153,0.2812173425299437,0.40191605200315633,0.6996917419156357,0.4841283511167417,3.8924091196038546,0.1012879055659163,38.429159906665724,0.0,1.115763991756264,0.2021395391166967,5.519771127568096,3.4385437898566515e-08,-0.25517412268614825,0.5305761275207658,-0.48093781353960596,0.6305662025549079,0.08043190871403981,0.055778797437797095,1.4419799710407015,0.1493244105463429,1.6756901773010826,0.22359034004551287,7.494465892220513,6.94690205051855e-14,2.992174696344481,0.0983736196608696,30.416433863668107,1.75394446914588e-198,-0.9706448021272722,0.13510084704156866,-7.1845944964994795,6.98868737975571e-13,-0.1089881096687662,0.12778293763971832,-0.8529159814439092,0.3937165875530284,1.8505376216364708,0.1100428625410391,16.816516572770325,5.242920591261682e-63,1.6160457020135255,0.18136292779378138,8.910562492964656,5.52401556023109e-19,-0.6773161194571256,0.11611570518559082,-5.833113775389411,5.528018869190434e-09,-0.5070774307190282,0.12381846242369865,-4.095329733491945,4.233030621536433e-05,1.9815918327465771,0.2079328295629915,9.52996136738605,1.7562272723664922e-21,1.8173646814920812,0.0995558454997919,18.25472600195917,8.046149964810366e-74
1.35,0.13738553269138798,0.13670847670218644,19127,-0.9831329737489592,0.04015317222197879,-24.484565461326568,2.1909851704436663e-130,0.15979971661098263,0.4072274921309999,0.3924089598537642,0.6947604430400929,3.808402847024427,0.1026264553536312,37.1093675008203,3.939997337771916e-291,0.9788265000476134,0.2048108732277309,4.779172534259195,1.773266354250041e-06,-0.3928375333010063,0.5375878488007299,-0.7307410950179813,0.4649462675080184,0.04155326359367418,0.056515930830497836,0.7352486809126514,0.4621970787456072,1.547548586495232,0.22654515286873048,6.831082311401052,8.681228942488214e-12,2.911542957825423,0.09967365629385251,29.210757045389894,1.505461396915359e-183,-1.0327677828171102,0.1368862449043955,-7.544715566844712,4.735600311997971e-14,-0.2577081014074608,0.12947162715398536,-1.990460049605765,0.04655450028192664,1.7603384364539638,0.11149711168826812,15.788197647448019,8.452140337545014e-56,1.5261435237923167,0.1837596928087291,8.305104892512208,1.0630956043315667e-16,-0.7770310955207715,0.11765020875398963,-6.604587478000728,4.091185569493503e-11,-0.5713845783344466,0.1254547602192392,-4.55450695801355,5.2832924416098035e-06,1.9246556017452785,0.21068072372977698,9.135413851216297,7.150833874693166e-20,1.7641631604672008,0.1008715055987442,17.48921214168101,5.857927435619996e-68
1.404,0.13276865777096802,0.1320879780507317,19127,-0.9239411273065258,0.04041793386599206,-22.859682297712315,3.962874221371369e-114,0.045507155519586846,0.4099126652901205,0.11101671007744691,0.9116042617204255,3.713208920261964,0.10330315279831799,35.94477825387749,7.533703848770255e-274,0.8762808152408647,0.2061613534141478,4.250461110820056,2.1434242863807212e-05,-0.4942679262106071,0.5411325909661353,-0.9133952278278854,0.36104623722544815,0.003351246629297529,0.056888585092455056,0.0589089467395102,0.9530252478839513,1.4369207789118033,0.22803894436259234,6.301207817499074,3.0179016117661095e-10,2.8252453103947492,0.10033088359732141,28.15927866970541,5.637370638877383e-171,-1.094684334642331,0.13778884425677876,-7.94465140154825,2.0546793461048764e-15,-0.35499530846413213,0.13032533606318078,-2.723916309657801,0.006457146650254804,1.7146528892105113,0.11223230039092207,15.277713129269525,2.1961793373418853e-52,1.4447290032531208,0.18497136590151605,7.810554872705731,5.9865693580913375e-15,-0.8617006085373131,0.11842596969551643,-7.276280791728547,3.5642991287550453e-13,-0.6582417762990813,0.12628198274555194,-5.212475778317368,1.8827511343739026e-07,1.909918654984058,0.21206990848629462,9.00608044119324,2.331788043274774e-19,1.6944288880597627,0.1015366312707278,16.687858035607814,4.41906715010549e-62
1.458,0.1275756957808324,0.12689094016556957,19127,-0.8516587081781256,0.04059647247498512,-20.978638198254878,1.260963194825311e-96,-0.18780465963776163,0.411723377270406,-0.45614281336864165,0.6482924681990574,3.6025822771226057,0.10375947501573664,34.720513732131174,3.3492888600783295e-256,0.7903054449877589,0.20707203235653826,3.816572600335543,0.00013574475941652175,-0.5954109090227765,0.5435229422491136,-1.0954660102459504,0.2733263335618706,-0.05315955417674238,0.057139879700528445,-0.9303406737177773,0.3522064761961139,1.33173502532123,0.2290462634417351,5.8142621726723664,6.187212207935021e-09,2.7251105811472107,0.10077407637545555,27.04178176730912,4.461029566448362e-158,-1.1479946523809297,0.13839750051986066,-8.294908853618981,1.1580053178250192e-16,-0.46564150231151286,0.13090102368478018,-3.557202909526618,0.0003757315753004819,1.6112671640038025,0.11272806543577377,14.293398523030751,4.159186609136851e-46,1.3375486923075603,0.18578844206580242,7.199310556863534,6.276251791111493e-13,-0.9390127490992607,0.11894909410776856,-7.894240440776369,3.0777444135785667e-15,-0.7291820325762783,0.12683980961555055,-5.748842061387647,9.12261331798581e-09,1.8544881696251367,0.213006687357673,8.706243886658584,3.3922823253450694e-18,1.5989609323098823,0.10198515021207256,15.678370125306774,4.68573531570103e-55
1.512,0.12210949717933961,0.12142045120883516,19127,-0.79895028975634,0.04091142880832812,-19.52877992845124,4.128063707102225e-84,-0.3448182342355125,0.4149176174925481,-0.8310522853171098,0.4059544754753277,3.47628650434577,0.10456446376988732,33.24539120667186,1.1812707612106065e-235,0.6811936278960388,0.20867854257954063,3.264320420660369,0.0010991987417425277,-0.6248792902980383,0.547739712390511,-1.1408325453907031,0.25395391006229723,-0.0833021106289437,0.057583183413904705,-1.4466395515192827,0.14801430334148338,1.2837692655555426,0.2308232545668624,5.561698139836574,2.7073947855443277e-08,2.6632208531080246,0.10155590375247206,26.224185445675744,6.032860576503347e-149,-1.195816228601019,0.1394712186694962,-8.573928298674545,1.0752541504603006e-17,-0.5888317322867656,0.1319165825236918,-4.463667273832032,8.10292949823224e-06,1.5066042472143273,0.11360263448056893,13.262053772811257,5.770936732594016e-40,1.2509248006542488,0.18722982952937106,6.681225976643931,2.4348050061987698e-11,-1.0289056610418614,0.11987192725682451,-8.583374644819386,9.90804690911009e-18,-0.7964536799277683,0.12782386066538137,-6.230868601385253,4.735554207259543e-10,1.7920301586235015,0.2146592399352165,8.348255398483339,7.394560891996993e-17,1.5299367046508594,0.1027763733654148,14.886074051389881,7.722676653376734e-50
1.566,0.11791193551605483,0.11721959492857847,19127,-0.7500350762503041,0.041106143388795556,-18.246301268309782,9.363007357170245e-74,-0.5400219606277094,0.4168923837662247,-1.2953509866242374,0.19521482444601013,3.383572341744168,0.10506212973482207,32.205442153936346,1.205452560976449e-221,0.5912457748304241,0.20967173093923583,2.8198640426246624,0.00480934497106678,-0.731569712340893,0.5503466345002995,-1.3292889725856856,0.18376851889984483,-0.09853530574538397,0.0578572458391734,-1.703076327194764,0.08857004533063707,1.1717206065341528,0.2319218388618691,5.052221956691283,4.4072395962661666e-07,2.593244300859601,0.10203925072345657,25.414184075966283,3.7161024743405205e-140,-1.2466197118919606,0.14013502046331144,-8.8958470749882,6.304003911999831e-19,-0.7018735734875017,0.13254442864813634,-5.2953834472420915,1.2008044225932056e-07,1.4295365762438992,0.11414331687561588,12.524049724275072,7.626238395104085e-36,1.147063636492415,0.18812093450345055,6.097480004126682,1.0982269123858961e-09,-1.099540601708317,0.12044244783519366,-9.129178470474658,7.572999700628042e-20,-0.8959934479842246,0.12843222781676578,-6.976391075786198,3.1276815162153745e-12,1.6810820848802397,0.21568089293206652,7.794302323339016,6.806909552292606e-15,1.4530961467949932,0.10326552906113906,14.071454046729164,9.516185579015808e-45
1.6199999999999999,0.11470714931213766,0.11401229332551643,19127,-0.704046955757263,0.04134891405101215,-17.02697572392543,1.5504323869257757e-64,-0.6634908911188356,0.4193545276633719,-1.5821717600517697,0.11362691318381055,3.2901286525929216,0.1056826209973656,31.132163657021113,1.3192244658902847e-207,0.5596859039327091,0.2109100408552688,2.653671212916687,0.007968724387817039,-0.7326779887964673,0.5535969519928117,-1.323486312847295,0.18568953716156983,-0.11315276607282897,0.05819894760753324,-1.9442407590576867,0.05188107879367675,1.1094908305678326,0.23329155671329696,4.755812195686698,1.9909200571081327e-06,2.550220113386992,0.10264188902586105,24.84580260155241,3.8399693691156313e-134,-1.2592807086736368,0.14096265032378838,-8.933435245301464,4.496901285127231e-19,-0.8143930150722611,0.1333272288834121,-6.108227268297959,1.0269177774381216e-09,1.3673761277465257,0.11481744113882868,11.909132568920402,1.3833389760599346e-32,1.0574804497012005,0.18923196657995173,5.588275959994361,2.3246356340690852e-08,-1.1754950064013547,0.12115377442556184,-9.702504209834514,3.310313553636456e-22,-0.9795218759961777,0.1291907416160809,-7.581981988361405,3.558492689016778e-14,1.644949407396412,0.21695469263420197,7.581995058156639,3.5581352167184725e-14,1.4219148846862122,0.10387540969715985,13.688657294654117,1.882249766650368e-42
1.674,0.11205586532414702,0.11135892837578543,19127,-0.6698580728750811,0.04161783925101832,-16.095455336708543,6.597939376545503e-58,-0.6678983698135642,0.4220819269872389,-1.5823903538844422,0.11357703315239162,3.2272024061227915,0.1063699599672314,30.33941544320381,1.6381753681311884e-197,0.4803103609699143,0.2122817582563676,2.262607795012961,0.02367105306330634,-0.8846828761767835,0.5571974376271818,-1.5877367992648967,0.11236241122185643,-0.11461998548266494,0.058577462109901925,-1.9567250159731586,0.05039434710433651,1.0553125487931063,0.2348088390891164,4.494347627146124,7.0193152097346e-06,2.5059569454355595,0.10330945167336461,24.256802304581864,4.814578351739209e-128,-1.2482840960269639,0.14187944366169702,-8.798202641697848,1.5063138438590157e-18,-0.8633514528292549,0.13419436294283396,-6.433589562901667,1.275820893775408e-10,1.3583680286583903,0.11556419118126904,11.754229530562045,8.643019459340955e-32,1.0281561564766841,0.1904626940519548,5.398202317752691,6.811424391822787e-08,-1.2571009559928263,0.121941734732783,-10.309029625891204,7.4524092517421105e-25,-1.027717344938455,0.13003097277632827,-7.90363498015411,2.8550275825636814e-15,1.6378598774226811,0.21836572326095433,7.500535582983342,6.633556622163864e-14,1.4147187574473776,0.10455099492036711,13.531375368784584,1.5860822163253213e-41
1.728,0.11194058281544572,0.11124355538319364,19127,-0.6383383200482896,0.0418520223703268,-15.2522693981181,3.2286740743799838e-52,-0.7223045293940946,0.42445697730326865,-1.7017143503757697,0.08882519422645395,3.2073773838218274,0.10696850255075188,29.984316012090257,4.564095439720562e-193,0.40832824674357354,0.2134762653527337,1.9127571211201377,0.05579408276755945,-0.8728943218656694,0.5603327814211543,-1.5578141254769624,0.11929387521874925,-0.10925173804046312,0.05890707683870445,-1.8546453822451447,0.0636622748916536,0.9757527236097722,0.2361301058191701,4.1322673372153975,3.607320475207967e-05,2.505775798726567,0.10389077281070178,24.119329666478787,1.219446096993058e-126,-1.2743938239927302,0.1426777977156412,-8.931970106047014,4.556620615997608e-19,-0.9170825976666525,0.13494947313291425,-6.795747892719824,1.1092826954487829e-11,1.3462775790048558,0.11621446960173099,11.584423038013878,6.270880968342975e-31,1.0298126783079702,0.1915344255163386,5.376645349951064,7.677696158216551e-08,-1.3157147909905564,0.12262789951998809,-10.72932665519642,8.837031371602801e-27,-1.0922564506927008,0.13076265561617517,-8.35296932098701,7.106262058836624e-17,1.65265001046023,0.21959446476084016,7.5259183434342365,5.467044271446179e-14,1.4307592512832519,0.1051393022077681,13.608224719390822,5.6149042146433105e-42
1.782,0.11175154055223824,0.11105436474292851,19127,-0.6073015380777346,0.04209249250000755,-14.427787522385984,6.106983093620128e-47,-0.7134842493947607,0.4268957895420861,-1.6713311934045696,0.09467265076120057,3.1839936173341528,0.10758311394163111,29.59566330327284,2.950263748276843e-188,0.35477601764203875,0.21470284085149696,1.6524048598286871,0.09846847269732555,-0.7453395113557436,0.5635522983998189,-1.3225738116446357,0.18599297446390947,-0.10925701903540644,0.05924554058798698,-1.8441391191822483,0.06517833652690655,0.9403330117287776,0.23748684401130402,3.959516223492444,7.537372870754778e-05,2.51561334074996,0.10448770041886762,24.075688628091473,3.3898190842949465e-126,-1.3076904495080266,0.14349758482689848,-9.112978807869812,8.788422681052567e-20,-0.9738230108050601,0.13572485543146787,-7.174979171716832,7.496461517886214e-13,1.3291556266932136,0.11688220575862748,11.371753450974756,7.21230596260925e-30,0.9641390725907708,0.19263492928016382,5.005006496971009,5.635651328212782e-07,-1.373710597112471,0.12333248546900441,-11.138270601525404,1.0014598981935117e-28,-1.1236912745962784,0.13151398162081085,-8.54427233323506,1.3892708748948166e-17,1.648105921822599,0.22085619373897558,7.462348661910085,8.863320295266529e-14,1.4531826039490807,0.10574340352007103,13.742536702757576,9.019767270601873e-43
1.836,0.11218421908274023,0.11148738287773996,19127,-0.5805228491305173,0.04236816782480166,-13.701863425651565,1.5721108651155454e-42,-0.8194689179493259,0.42969164762616685,-1.9071092549191613,0.0565214186650519,3.177193621611484,0.10828770538102415,29.340298701797416,3.9765725635383676e-185,0.35430232862355415,0.21610898888100472,1.6394613220769003,0.1011336788212114,-0.7996816820602518,0.5672431575928166,-1.40976875852293,0.15862424744360712,-0.11550631661980436,0.0596335559483079,-1.9369349149651345,0.052768019369225434,0.9543712389400334,0.23904221075175383,3.992479972213574,6.563021162959835e-05,2.525937492621415,0.10517201914268651,24.017200708056052,1.330648812968011e-125,-1.3323852075047575,0.14443739002622988,-9.224655799047573,3.1334072400932125e-20,-0.9930194087257161,0.1366137548855379,-7.268809861479317,3.7664729250830317e-13,1.3380247197087216,0.11764769951110973,11.373148181128428,7.098715547989526e-30,0.918526255663797,0.1938965484797394,4.737197556457667,2.182509692341422e-06,-1.4435939463717464,0.12414022387958504,-11.62873645025822,3.7488654623680065e-31,-1.1446651296985018,0.13237530290270638,-8.647120003493487,5.692254917323071e-18,1.668808604389192,0.22230264177105097,7.506922054969975,6.31885972304841e-14,1.4784005608308801,0.10643594618929465,13.890049497014552,1.186529778604036e-43
1.89,0.11320004256523042,0.11250400366818036,19127,-0.5572869048253096,0.042587432248910456,-13.085712741922052,5.8448052003359294e-39,-0.8175782263443999,0.43191539475752044,-1.8929129090279189,0.05838454712815852,3.1689275366116854,0.10884811765697189,29.11329662675807,2.295072295664976e-182,0.3473373966970312,0.2172273995988736,1.5989575778120775,0.109846560054619,-0.7648211276382444,0.5701787635126562,-1.3413707710305975,0.17981604219753647,-0.12215888143637568,0.05994217248694687,-2.03794551261847,0.041569123366288874,0.945646787733403,0.24027930584859428,3.9356147812799063,8.32777128537116e-05,2.5523198784380647,0.10571630706906177,24.143104779196452,6.981551591008096e-127,-1.3479930669622704,0.14518488473203917,-9.284665338614257,1.7912592465361422e-20,-1.0363272678062665,0.13732076058883344,-7.546763237856242,4.661985508774241e-14,1.3768606027795722,0.11825655177934322,11.642996367327523,3.175593630411569e-31,0.8968835512476808,0.19490000501849972,4.601762586730306,4.216229000854554e-06,-1.5188839040472577,0.12478267636443759,-12.172233745101268,5.836963045781761e-34,-1.1419094073501173,0.13306037370107585,-8.581889375385728,1.0036353033545706e-17,1.6604725238825975,0.22345310598105297,7.430966406094137,1.1234624369260285e-13,1.4987720967761564,0.10698677521126639,14.008947309763629,2.2782750390466086e-44
1.944,0.11478013688374555,0.11408533818421418,19127,-0.5410706697194155,0.042789589257690906,-12.644913847172877,1.6714235028690774e-36,-0.9402516224426568,0.43396564103064816,-2.166649922352385,0.03027387409691252,3.200420073704961,0.10936480553212498,29.26371110096168,3.4144311357099536e-184,0.3507012731432219,0.2182585498469421,1.606815739356638,0.10811131509439897,-0.8027455546516078,0.5728853280368604,-1.4012325248447588,0.16116078948943605,-0.13008310883836868,0.06022671019325746,-2.159890660156494,0.03079352977186575,0.9389144423048116,0.24141988050118882,3.8891347322168364,0.00010094269692707011,2.5696246778623784,0.10621812864617608,24.19195960815759,2.215837167440363e-127,-1.3710904360010696,0.14587405852035354,-9.399138201188554,6.1045777173460645e-21,-1.0397710865647107,0.1379726044013893,-7.536069142681493,5.059251937747169e-14,1.4092554065175196,0.11881790026912013,11.86063213813394,2.4612958942959008e-32,0.8661825994780696,0.1958251700248225,4.42324446529664,9.776648605950547e-06,-1.5630195058171303,0.1253750035198767,-12.466755429197912,1.558329582032787e-35,-1.155349719579133,0.13369199401049955,-8.641876636894182,5.958657153144893e-18,1.674169300225172,0.22451380884859873,7.456865610231356,9.238806354238842e-14,1.5215607234584922,0.107494627535618,14.154760645636248,2.955365568355004e-45
1.998,0.11677525942128208,0.11608202667005596,19127,-0.5226435012737174,0.043030290347680786,-12.145944102417298,8.032791245823258e-34,-0.9946844317226101,0.4364067956345208,-2.279259722059031,0.022662605176003443,3.2347286649883804,0.10998000722849045,29.411969925297658,5.292105771019958e-186,0.3737938453216923,0.21948630341408637,1.7030395040937332,0.08857693588806083,-0.8468215430639796,0.5761079372109574,-1.4699008438654666,0.14160507291912533,-0.14285802772714748,0.0605654990211361,-2.3587360797158294,0.018347299548140007,0.9359707258923574,0.24277792177688107,3.85525470784999,0.0001159877005079098,2.579792334867024,0.10681562957538221,24.151824457921734,5.689361585504352e-127,-1.4141346587857944,0.1466946329987773,-9.639989070340297,6.079964205471597e-22,-1.0923450662097345,0.1387487314183643,-7.872829214676016,3.651258986690008e-15,1.4416064013666177,0.11948627775535518,12.065037328539654,2.137110093973337e-33,0.829334001083303,0.19692673077102563,4.211383583306432,2.5497320298394348e-05,-1.617244320265615,0.12608026619073293,-12.827101093037546,1.651094358395548e-37,-1.1788525183789218,0.1344440416286118,-8.76835078816943,1.9622869382558247e-18,1.6536096968841139,0.2257767496583875,7.3240920483890175,2.5007764583905007e-13,1.5486613404406127,0.10809930905896842,14.326283432540853,2.6051197427255205e-46
2.052,0.1172784878930837,0.11658565011998945,19127,-0.5125026681201711,0.043289439478912686,-11.838976764063284,3.1810688476633843e-32,-1.0436569937511935,0.43903504752495875,-2.37716100260051,0.017456254826634196,3.2413408854426113,0.11064235979678258,29.295659378523737,1.3933274466310365e-184,0.3753414984037197,0.220808155634638,1.6998534194759616,0.08917477296522898,-0.8674736573981787,0.5795775366539943,-1.4967344359242436,0.13447888625163468,-0.14091711247880698,0.06093025362369946,-2.3127609700937763,0.020746352133142642,0.9290705051407577,0.244240047340116,3.8039237023524746,0.00014286535641088848,2.5835019330637365,0.10745892473752934,24.041762369891508,7.495991542798719e-126,-1.452409731547248,0.1475780987246846,-9.841634660552183,8.439409845271472e-23,-1.1559053597564921,0.13958434309832443,-8.281053118846303,1.3004938739540673e-16,1.4618106465519525,0.12020588166284085,12.160891183778412,6.699700766399183e-34,0.8414800218056613,0.19811271838076067,4.24748107382176,2.1720978142873988e-05,-1.6303164402556307,0.12683958227214479,-12.853372827715976,1.1793741163814902e-37,-1.1628900736573513,0.13525372839358243,-8.597841164669354,8.740036835044922e-18,1.6410447247475244,0.22713648597560915,7.224927856477213,5.202306595615144e-13,1.611705605777398,0.10875033515716695,14.820235757877406,2.0394189162734795e-49
2.106,0.11901426997559394,0.11832279459752015,19127,-0.5083516021112651,0.04361402054565413,-11.655692269396136,2.7389422905458584e-31,-1.1241008187710038,0.44232690035968875,-2.5413349670954086,0.011050839850163207,3.2726565643136363,0.1114719481583303,29.35856615392857,2.379308635111721e-185,0.3717116216248903,0.22246375911585226,1.6708861843484104,0.0947605346975516,-0.8388174844726637,0.5839231668439663,-1.4365203028445852,0.1508707126965303,-0.14572483930504992,0.06138710423105465,-2.3738672988476024,0.017612699240613903,0.9997326004506327,0.24607134144003737,4.062775431710512,4.8686304890511405e-05,2.5979786249518697,0.10826464393468332,23.996556313612825,2.154583487142373e-125,-1.4780280831251724,0.14868462856864495,-9.94069190173747,3.1529630021124506e-23,-1.1817484976052384,0.14063093634435914,-8.403190139554523,4.6457343031641694e-17,1.528916810779065,0.12110717661533675,12.624493886396541,2.1621902768542e-36,0.8307228763441281,0.19959815312514903,4.1619767685087785,3.168852444778129e-05,-1.6686782231835005,0.12779061622902904,-13.057908885836031,8.396904955391502e-39,-1.1759770945823402,0.13626785100572972,-8.629893888419018,6.6145499320622396e-18,1.6417574617486292,0.2288395388171637,7.1742735990232305,7.535116683551348e-13,1.6770473581303569,0.10956573725566253,15.306311992563026,1.4231030175568056e-52
2.16,0.119673274563735,0.11898231643064172,19127,-0.5098367990779554,0.043981962830963756,-11.591951933510003,5.746802025881523e-31,-1.0833238505421254,0.44605851621477605,-2.428658597834074,0.01516395619604789,3.303322868380975,0.11241236233799433,29.385761491683223,1.1069873234597002e-185,0.40613529165614004,0.22434053687913993,1.8103517861996528,0.070256949818908,-0.7723651094853465,0.5888493355797494,-1.3116514918453928,0.1896535072785825,-0.12885157766936087,0.061904986121711136,-2.0814410234423817,0.037406834973794864,1.0466047286874158,0.24814728056662802,4.217675592888073,2.4796995283434693e-05,2.592945641482117,0.10917800023637676,23.74970814512299,6.651312291204173e-123,-1.4979984740015881,0.14993898121354027,-9.990720637671714,1.9106638256977174e-23,-1.23376610994556,0.14181734538109564,-8.69968413687443,3.5934002830107034e-18,1.5902080890678898,0.12212887676528275,13.020737856486486,1.3613570955878045e-38,0.8538223226683043,0.20128202908259651,4.241920287468567,2.226582153819585e-05,-1.6923163251770346,0.12886870008344495,-13.132097430029381,3.1881880745572626e-39,-1.192421096458746,0.1374174516131948,-8.677362900130001,4.370028073116282e-18,1.6657116291965113,0.23077010476426435,7.218056389487991,5.471237562443147e-13,1.7390253378995577,0.11049007001043075,15.739200253338478,1.817286543470511e-55
2.214,0.11847188268786524,0.11777998159636383,19127,-0.5010217107476113,0.04435325780207383,-11.296164827021679,1.700167019605719e-29,-1.0887223518043763,0.44982413450989156,-2.4203288980716873,0.015515736037796705,3.294162192351003,0.11336134556066481,29.058954585080745,1.0445224069878965e-181,0.4362318811757646,0.22623441581945675,1.9282295295154979,0.05384137921977268,-0.8070229153757432,0.5938203915074386,-1.3590353698145679,0.17415141859616173,-0.13454550533935836,0.06242758694609837,-2.1552251483871787,0.031156668627823673,1.051101422110219,0.2502421356262609,4.200337483053011,2.677252892469933e-05,2.5726793019251475,0.11009967903000902,23.36681927314186,4.3311521634019285e-119,-1.5175946763880768,0.1512047635050655,-10.036685625563878,1.2033321358820527e-23,-1.292641239881078,0.14301456496309917,-9.038528629686125,1.7360663051992577e-19,1.5981113929956343,0.12315988663504573,12.97590828198184,2.433824446909725e-38,0.7935953594244033,0.2029812484980744,3.9096978922756596,9.273064079786756e-05,-1.7088719076561243,0.12995660742533355,-13.149557698618404,2.5364440983205797e-39,-1.2173732707859994,0.13857752736794993,-8.784781298295501,1.696669436828723e-18,1.6672386170719011,0.23271826200569593,7.164193315568395,8.109211398776415e-13,1.7479098423598776,0.11142282527444983,15.687179337398184,4.086035718982801e-55
2.268,0.11623561235148316,0.11554195603759432,19127,-0.4972392316214837,0.0448774431040618,-11.079936761737642,1.9164471235744536e-28,-0.9357578358889703,0.45514034376878665,-2.0559764668199563,0.03979833633286769,3.2847400414942394,0.11470109722945206,28.637389884103126,1.219527884889066e-176,0.4847851012481071,0.22890814851583713,2.1178149593681543,0.03420361713445041,-0.8885336569393968,0.6008384085973667,-1.4788229983726293,0.13920410893916604,-0.13283192419601272,0.06316538220934036,-2.102922828136876,0.035485557613198326,1.0194725688340402,0.2531996015697712,4.026359293275255,5.6865700489933486e-05,2.540231295953096,0.11140088296318268,22.802613663238443,1.4122099736666006e-113,-1.5309731080635016,0.15299176447292262,-10.006898824508049,1.6240957823656905e-23,-1.358050716938045,0.14470477074817129,-9.384975422140375,6.979058624629076e-21,1.586797517238328,0.12461544154956154,12.733554505821282,5.441383248332244e-37,0.723877187607878,0.20538016556334762,3.5245720326610837,0.0004251590567291538,-1.7484637746806693,0.13149248882129708,-13.297061986992224,3.6313639806938055e-40,-1.24328324930861,0.14021529439188019,-8.866958877066752,8.165024306651925e-19,1.6112603640886043,0.23546862350094255,6.842781599231435,8.002311442138595e-12,1.7647972559596252,0.11273966670187051,15.653738454154439,6.869223433530876e-55
2.322,0.11497712548857486,0.1142824814030915,19127,-0.5050096067096319,0.04536655686976,-11.131759638701087,1.0768747094853306e-28,-0.7029757765561679,0.4601008627302998,-1.5278731980301363,0.12656057353345118,3.317278675377233,0.11595121046485907,28.609263000170138,2.6416222336248868e-176,0.48923777007076047,0.2314029904403195,2.114224060544016,0.034509050322790474,-0.9210973880051789,0.6073868729544766,-1.5164920893412441,0.12941150887202277,-0.12250843780384497,0.06385381398747303,-1.918576669952384,0.055052810738223136,1.0002535311717442,0.25595919307122794,3.9078632776178317,9.343685050223105e-05,2.5330805945677692,0.11261502756678411,22.49327331617067,1.314483559240063e-110,-1.5291428852893914,0.15465920300921907,-9.887176808988475,5.3732819806099e-23,-1.39825878279896,0.14628189035302522,-9.55865951297534,1.3332684072966733e-21,1.5837297238765118,0.12597361001159083,12.571916639769178,4.18762184033349e-36,0.7265746135383379,0.2076185788781498,3.4995645257968966,0.00046707963702105485,-1.7665673108410647,0.13292560938075676,-13.28989439334333,3.9930122531700134e-40,-1.244302571180869,0.14174348374280799,-8.778552200950857,1.7929070596560582e-18,1.5841501427514526,0.23803496724020728,6.655115259401555,2.907579171178639e-11,1.7878314988246142,0.11396840254576089,15.687080444132395,4.092324070691717e-55
2.376,0.11281590489314819,0.11211956449093985,19127,-0.5200277936608252,0.04593334105852334,-11.321357899880644,1.2783095055652964e-29,-0.6457987183881285,0.4658491035540536,-1.3862830548802267,0.16567666165963096,3.304616529070977,0.1173998395276315,28.14839051200913,7.569475621536477e-171,0.4665839170321018,0.2342940089628548,1.991446213659157,0.04644606288272738,-0.8726118803682581,0.6149752221660183,-1.4189382741223489,0.15593332081466169,-0.0943005298072606,0.06465156754554521,-1.4585961854803988,0.1446927181112037,1.0400520817095726,0.25915700294729754,4.0132123380091675,6.01262708636729e-05,2.527326195001681,0.11402197624100777,22.165255140462417,1.6788530946869066e-107,-1.5546679802615244,0.15659142791145306,-9.928180622636857,3.572355483213556e-23,-1.410628460209004,0.1481094538331573,-9.52422970783521,1.855403245570412e-21,1.6054540733769633,0.12754745328475317,12.587111949563926,3.460350662839274e-36,0.6808140529251806,0.21021244836971106,3.2386952257356287,0.0012028282438890415,-1.814229738419689,0.1345863070152507,-13.480046957630755,3.16345160461501e-41,-1.2320720404605652,0.14351434692901568,-8.585009560542169,9.768684850320175e-18,1.5959008386937041,0.2410088419424878,6.621752238760334,3.644057983417415e-11,1.8181235131545557,0.11539225952408516,15.75602662304285,1.3975451875269945e-55
2.43,0.11069284093727294,0.10999483416703892,19127,-0.5316519207613029,0.04656137780832355,-11.418303018220866,4.241588494063834e-30,-0.7151175072719235,0.4722185587286874,-1.5143782345132126,0.1299464738813068,3.32380565876697,0.1190050224284368,27.929961197778248,2.7357514016297887e-168,0.35184977944620555,0.23749746084542558,1.4814885944199874,0.1384929088814894,-0.676388061374708,0.6233836468709557,-1.0850269569466657,0.27792340293567513,-0.06513809835804321,0.06553553460335318,-0.9939355611010819,0.320266824369091,1.1014687083755466,0.26270040122985694,4.192870293379515,2.766868593051064e-05,2.5328522034491368,0.11558097433942524,21.914092850705174,3.752148264677657e-105,-1.5822628794101212,0.15873246901940954,-9.968111056198872,2.396769956509778e-23,-1.4241725958918263,0.15013452272334638,-9.485976776415082,2.6748954853673106e-21,1.598816553507001,0.12929138233847018,12.365994736768151,5.433771769487079e-35,0.6992623527884326,0.21308663822394902,3.2815870512421546,0.0010340967956623344,-1.8363891829016747,0.13642647681081987,-13.460650936901072,4.103697803191974e-41,-1.2122966865678233,0.14547658790513285,-8.333276879977262,8.389365980663592e-17,1.5646176472480904,0.24430410430047353,6.4043854348175095,1.544946604563672e-10,1.8371014194198216,0.11696999321280759,15.705749559868051,3.0606882518580267e-55
2.484,0.10941141958267275,0.10871240703983032,19127,-0.5504915090030259,0.04708641351320697,-11.691090230276766,1.8117896915104537e-31,-0.733465149335766,0.4775433926470864,-1.5359130931957228,0.12457625098001493,3.3537821504716883,0.12034694762001076,27.867612904160072,1.458390876329771e-167,0.34126852119513457,0.24017553122548016,1.4209129441864203,0.155358385006574,-0.6208720768129137,0.6304130495186837,-0.9848655215607378,0.3247025992789725,-0.027040242706953935,0.06627452681589102,-0.40800355741612543,0.6832756338703059,1.1378217412640648,0.26566266516673337,4.282956886508509,1.8532619942635494e-05,2.5523545132544587,0.11688428925813808,21.83659180762611,1.9682262322611018e-104,-1.6012684252005163,0.16052236909716439,-9.975360033661518,2.228886188884666e-23,-1.4348391641742277,0.1518274705843372,-9.450458198717092,3.752012008947731e-21,1.598725888097302,0.13074929864715157,12.227414637318446,2.9795923019973222e-34,0.7131632053813304,0.21548944713054347,3.309504084203698,0.0009363426344677583,-1.8595180709618029,0.1379648499172172,-13.478201672944712,3.242797681775574e-41,-1.1916788588868468,0.14711701193187102,-8.100211139679114,5.81337319687715e-16,1.5326786407339323,0.2470589277967916,6.203696641938702,5.628560342595445e-10,1.8573393079409788,0.11828897099498388,15.701711599298132,3.259242610775385e-55
2.538,0.10820573627915653,0.10750577740961464,19127,-0.5548155540697937,0.04749047728895361,-11.682669573818854,1.999172261855796e-31,-0.7379050815308217,0.4816413472781333,-1.5320634029883315,0.1255233420495357,3.377152797063364,0.12137968378372993,27.823048238292138,4.813394184571365e-167,0.3384358417219874,0.2422365553033004,1.3971295178724674,0.1623908477090875,-0.7016778671085837,0.6358228282226196,-1.1035745115821893,0.26979164821249735,-0.004619948734534061,0.0668432500110339,-0.06911615957888702,0.9448978814163753,1.1891194243010497,0.2679424026016534,4.437966565780552,9.132058019151915e-06,2.5414578483470076,0.1178873112281562,21.558366391344126,7.214355807427764e-102,-1.6376591731188999,0.161899863574016,-10.115259747394468,5.433275345513142e-24,-1.455957581908867,0.1531303513189075,-9.507962134016832,2.1680786860858566e-21,1.5665762425312428,0.1318713007565875,11.879584364022328,1.9656174715303084e-32,0.6985547754967016,0.21733863191962705,3.2141307292070875,0.0013105728602651775,-1.8850239100097312,0.13914877101076645,-13.546823995045418,1.2878517778910267e-41,-1.1919007956592924,0.1483794706940165,-8.032787757527407,1.0077217391378537e-15,1.464598480724783,0.249179020531599,5.87769579316993,4.229320723951426e-09,1.8615433104801302,0.11930404699426361,15.603354264835938,1.4994794006238458e-54
2.592,0.10793232757373361,0.10723215410890208,19127,-0.5592849689504953,0.04792137812174993,-11.67088658280164,2.2940839143680877e-31,-0.8171104712930748,0.48601147934457956,-1.6812575546466626,0.09272923851045028,3.379487068540576,0.12248101208811253,27.59192638046934,2.2890468497238086e-164,0.34999916161971845,0.24443446821916373,1.431873189446849,0.1521964703981853,-0.7650691416492751,0.6415919129282764,-1.192454465576785,0.23309790047429607,0.013520976162029906,0.06744974659183933,0.20045999941037276,0.8411229719390627,1.24097625361742,0.27037355535086693,4.589858102087649,4.463697374695791e-06,2.5529696136562112,0.11895695178525685,21.461289780397838,5.5656759844758796e-101,-1.659477203738898,0.16336884830582207,-10.157855802670541,3.521799649115233e-24,-1.513183121160571,0.15451976662227948,-9.792812623510605,1.3662490729102636e-22,1.5599522274071018,0.13306782386104504,11.72298593412085,1.24720246078537e-31,0.7081070080180855,0.2193106356315115,3.228785535088484,0.0012452694886149992,-1.9281618816841004,0.14041132562663827,-13.732238999090379,1.0383659493727874e-42,-1.2200188864289503,0.1497257792834819,-8.148355562197736,3.9142744135430664e-16,1.4468313449407977,0.25143992531908177,5.7541830045675635,8.839347135269442e-09,1.8830628763378239,0.12038654218362567,15.641805489068595,8.266077988161785e-55
2.646,0.10788081644632674,0.1071806025510148,19127,-0.5470688823193861,0.048406886542129254,-11.3014680637075,1.6011860640660812e-29,-0.9374114662544625,0.49093543343086044,-1.9094394138623125,0.05622038845103903,3.3801354850178305,0.1237219105145785,27.320427489030244,3.0080804093288495e-161,0.3231324969864486,0.24691092021622102,1.3087007115905607,0.19065148770139942,-0.84838957604037,0.6480921073797498,-1.3090571021925066,0.19053074830543557,0.005530959230982969,0.0681331038158238,0.0811787357572049,0.9353006601777882,1.3325363723790429,0.27311280540826793,4.879069549254841,1.0744571429692573e-06,2.5322532391228236,0.12016214671115541,21.073635154087494,1.7821285312414635e-97,-1.6744421979998034,0.16502399585351227,-10.146658910660268,3.947619082783639e-24,-1.6018983981994812,0.15608526099557496,-10.262970302140797,1.1989934082094974e-24,1.5605641299201463,0.13441598101967164,11.609959753905745,4.663085291602591e-31,0.6711761019610664,0.22153254920017645,3.0296952045389625,0.0024512773010063795,-2.010307827534026,0.14183388239733796,-14.173678345081786,2.2640220764400966e-45,-1.2516359475567087,0.15124270407653148,-8.275678190224362,1.3603064277439067e-16,1.4703924540533073,0.25398735207821654,5.789234944267986,7.181529337135476e-09,1.8901630562558107,0.12160622079516319,15.543308918707806,3.789681318691808e-54
2.7,0.1086161756694457,0.10791653894897268,19127,-0.5385352072757532,0.04882277204285598,-11.030410293029535,3.316461771865463e-28,-0.9585228554987046,0.49515328223588934,-1.9358103639552724,0.05290566068542417,3.4058898426217947,0.12478486151970959,27.294094821620966,6.01524472007649e-161,0.2779200261976779,0.24903224383408376,1.1160001689694468,0.26443609403758667,-0.9400331056032867,0.6536601603955141,-1.4381067755980341,0.1504201348832823,-0.0009096477360640885,0.06871846618925075,-0.0132373114027155,0.9894386002252276,1.3472346760356153,0.27545924129674937,4.89086759149334,1.0120841724662537e-06,2.538874791966955,0.12119451417213381,20.94876001038269,2.3292353823099868e-96,-1.6912879733841022,0.16644179179227261,-10.161438153074627,3.395421932183419e-24,-1.6691352922744394,0.15742626021205444,-10.602648440140168,3.4250804209389235e-26,1.5387330101212264,0.13557080963116247,11.350031871223194,9.232966433651868e-30,0.6352356626468021,0.22343583573093073,2.843033932174493,0.004473368733527509,-2.057444658142211,0.143052441561425,-14.382450489380629,1.168828482550109e-46,-1.2971895235704025,0.15254209869182841,-8.503813273154424,1.9678736831895083e-17,1.511625893801637,0.2561694725293093,5.900882251411461,3.676667962884869e-09,1.9229504414906862,0.12265099495106487,15.678229453074575,4.695990856616406e-55
2.754,0.10924484662201506,0.1085457033380074,19127,-0.5299258514749986,0.04915958957744087,-10.779704550629107,5.133778122403732e-27,-0.8441050118680157,0.4985692355049481,-1.6930547489820766,0.09046134465759217,3.4188511279999134,0.125645724753237,27.210246386929565,5.4424998029761674e-160,0.282569867436382,0.25075026235066267,1.1268975943930264,0.25979992960767556,-1.0042066240533556,0.6581696176522123,-1.5257565787304315,0.12708704623659506,-0.01132664922507228,0.06919253972899163,-0.16369754990112642,0.8699709774437318,1.3880187518683318,0.27735957383933324,5.004401804685396,5.653346094163041e-07,2.5334846707257035,0.1220306083912994,20.76105908283202,1.0795128350241272e-94,-1.7113423842853568,0.16759003699871347,-10.211480437220109,2.0352760279385816e-24,-1.7246013445665567,0.15851230925484536,-10.879920636282318,1.7299538212597072e-27,1.5347410464068718,0.1365060827414554,11.243023135560154,3.0964954584071273e-29,0.5911717592305641,0.22497727027427752,2.6276954934596115,0.008603410238894316,-2.112864140190207,0.14403932880004336,-14.668661384303611,1.8774129062976163e-48,-1.3461312896876836,0.15359445298168084,-8.764192088683282,2.035785553400224e-18,1.543799546938163,0.25793672921226646,5.985186955161041,2.199993425265309e-09,1.9407667069647212,0.12349713710984149,15.715074473658074,2.6470033638123913e-55
2.808,0.10928079743181507,0.10858168236517685,19127,-0.5148562923035056,0.049550858790243055,-10.3904615353485,3.1987232257828385e-25,-0.7858056601862569,0.5025374295842764,-1.5636758854684991,0.11791026121077174,3.42597462356547,0.12664575962412858,27.051633104285575,3.450111251197719e-158,0.2928278927282859,0.2527460246953692,1.1585855527548918,0.24663963776358777,-1.0152334660462285,0.6634080972734351,-1.5303302299425847,0.12595156055520823,-0.028645399575295653,0.06974325446815556,-0.4107264536726632,0.6812777320263766,1.4017439951708572,0.27956712404575457,5.013980094960825,5.379255645982554e-07,2.512926479824189,0.12300186995986519,20.429985988376785,8.649916737853941e-92,-1.7342042347056146,0.1689239135101656,-10.266185519087282,1.159924190130114e-24,-1.8162223824329118,0.15977393464665013,-11.36745105795635,7.574192952290537e-30,1.526047395795883,0.13759255697763312,11.091060659945112,1.6937848448011266e-28,0.5778114774047807,0.22676790116023995,2.548030274339773,0.010841063466520426,-2.148913509109406,0.14518576137355715,-14.801131245786133,2.7011259897762134e-49,-1.397400055083709,0.15481693635116167,-9.026144606776567,1.9432008360167976e-19,1.5626049133373852,0.2599896898219695,6.010257231382499,1.885900795194447e-09,1.9420098689717482,0.12448007102030818,15.600970123602522,1.555811923465416e-54
2.862,0.10829740317497005,0.10759751625370084,19127,-0.4951501637547925,0.05012841636291418,-9.87763427773299,5.907392077645156e-23,-0.7120699222522685,0.5083949324630002,-1.400623564051932,0.16134290639386828,3.392334099959756,0.1281219241004546,26.477389594149248,9.55943763045127e-152,0.2904114383972023,0.2556919954431876,1.135786194221043,0.25606029941292563,-1.0871811064821104,0.671140685158008,-1.6199004627862088,0.1052701598535931,-0.056413735058425195,0.0705561716555514,-0.7995577670204634,0.4239770023148557,1.3712577511127215,0.28282571761011693,4.848419594582407,1.2542691968177875e-06,2.493307515975595,0.1244355617904903,20.036937030698084,2.1213887638138883e-88,-1.7709018220968482,0.17089286597304906,-10.362643355610475,4.273399124469204e-25,-1.8835920007307918,0.16163623629234442,-11.653278026865344,2.8171134350207735e-31,1.5449130885020348,0.13919631572502467,11.098807324426122,1.5540805368280323e-28,0.581274543545489,0.22941107469449207,2.5337684517609946,0.01129224724585972,-2.2197822116209696,0.14687802540232578,-15.113099495588806,2.6280848310093145e-51,-1.4623817004091029,0.15662145994874185,-9.337045516544812,1.0962985093164527e-20,1.6056634153107578,0.26302009167249535,6.104717723656188,1.0496925671575748e-09,1.919878778404641,0.12593099254658807,15.245482780534612,3.577813173249395e-52
2.916,0.10744390009985061,0.10674334327401713,19127,-0.4869706655351936,0.05057076066389063,-9.629490621502722,6.730986844711883e-22,-0.6682950413948984,0.5128811224793017,-1.3030213281477692,0.19258317933943886,3.3778463017814473,0.12925250046946796,26.133701781493677,5.9579361829208434e-148,0.2848041924933947,0.25794827850967733,1.104113561598008,0.269557780495531,-1.1245531300141172,0.6770629799116221,-1.6609283971793976,0.09674423187440136,-0.06294209515709939,0.07117877501498325,-0.8842817981041395,0.3765552359789468,1.392839620264317,0.28532143467902804,4.88165083647217,1.060502183766086e-06,2.488287882961116,0.12553360887816065,19.821686839069347,1.4331511559385674e-86,-1.7902322351660405,0.17240086265089016,-10.384125738345293,3.417091562906686e-25,-1.9381918303255785,0.16306255041002113,-11.886186162622815,1.8173683482877524e-32,1.5750603166456936,0.1404246149900985,11.216411857399452,4.176473090492111e-29,0.5490380317564062,0.2314354490680473,2.3723160560203396,0.01768680499322968,-2.252675137123976,0.14817410978298973,-15.202893004878923,6.808129610515838e-52,-1.4741404951596666,0.15800352256403308,-9.32979512885386,1.1735810202100697e-20,1.628511563664663,0.2653410394908211,6.137428144510596,8.552050498552923e-10,1.9093816328814743,0.1270422356480259,15.029502772380914,9.177929820124308e-51
2.9699999999999998,0.10709569088043436,0.10639486074926408,19127,-0.4745636994592264,0.051057017556844025,-9.294779095368696,1.6295881261095916e-20,-0.8352494123986853,0.517812667462949,-1.6130339500789634,0.10675364319868004,3.3660854041107835,0.13049531189764602,25.794684538176913,2.972293619219379e-144,0.2807177599717449,0.2604285482703882,1.077907018397582,0.28108885820777685,-1.1389266662419009,0.683573195234143,-1.6661371074560445,0.09570249748518046,-0.0638777162536961,0.07186318572047079,-0.8888795509590113,0.37407900429266283,1.4655907818157907,0.2880649076364972,5.087710245029872,3.658439562353751e-07,2.507391439307596,0.12674066176431406,19.783638529285266,3.0043369997092586e-86,-1.8087946927016978,0.17405856181765325,-10.391874285371967,3.151949995352509e-25,-2.001580184478165,0.1646304581906935,-12.158018670881118,6.937588517279857e-34,1.5969841521535963,0.141774850503325,11.264227375194043,2.4384781601846959e-29,0.5118812504070921,0.23366078799721748,2.1907024058019857,0.02848536977180259,-2.3166788475427973,0.14959885960469174,-15.48593922216063,9.160509975177301e-54,-1.491202971245219,0.15952278588831484,-9.347899505022692,9.899173149725756e-21,1.6385180807724893,0.26789239343017285,6.116329246203756,9.76165608186938e-10,1.8814479037224034,0.12826379454824968,14.668581343230485,1.879603935714129e-48
3.024,0.10513261899003667,0.1044302480667385,19127,-0.46001693119994747,0.05150212695095218,-8.93199870440385,4.555447478277814e-19,-0.861737862488025,0.5223269006419503,-1.649805632122205,0.09899913047172443,3.353742558244306,0.13163295549674672,25.47798570341447,7.710206851515086e-141,0.2695740303009648,0.2626989353567479,1.026171004213932,0.30482397431737507,-1.2835777718443182,0.6895325102376191,-1.8615188592079375,0.0626862805760097,-0.07638518315016803,0.07248968097196307,-1.053738713234393,0.292015881456636,1.4566661229718125,0.29057622542663547,5.0130258276742286,5.405977316485891e-07,2.468160785567391,0.12784557274161454,19.30579786721069,2.914733129652525e-82,-1.8002496971959843,0.175575984978999,-10.253393693968544,1.3232548470967267e-24,-2.052653794549198,0.16606568819439324,-12.360493108885933,5.815621234132693e-35,1.5869005882796754,0.14301082786406785,11.09636670160408,1.5968145779029787e-28,0.48943396318901655,0.23569781672997656,2.0765315944768754,0.037858143433625,-2.3471956124232043,0.15090304580561464,-15.554328939435312,3.1975345719793604e-54,-1.480642940647866,0.1609134877735971,-9.201484357427569,3.8849302670964836e-20,1.6267160914362793,0.27022784948757245,6.0197943865555965,1.7782730441441765e-09,1.8561010208780424,0.129381984027567,14.345900125341785,1.9697435183999854e-46
3.078,0.10326344848930136,0.10255961047597595,19127,-0.4384825249833392,0.0519070883868275,-8.447449830274303,3.187803634203856e-17,-0.8440939384314323,0.526433959208322,-1.603418479500873,0.10885881915730683,3.3320420843840504,0.1326679859667939,25.115645346557404,5.557138513506082e-137,0.22659171530640754,0.2647645381650804,0.8558235059603332,0.39210614092128515,-1.3817104818150352,0.6949543071994119,-1.9882033502075467,0.04680344622732789,-0.08706982773422667,0.07305966763135884,-1.1917632608672635,0.23336888428308508,1.453689173371976,0.29286102748135573,4.963750847539868,6.973967748265072e-07,2.4373950230663275,0.128850823005493,18.916410203778206,4.410417010159963e-79,-1.795587372527521,0.17695653967045927,-10.147052919724743,3.931803398778885e-24,-2.105581027489908,0.16737146338315134,-12.580286895560889,3.770018320242338e-36,1.5780146059057887,0.1441353225912993,10.948146349804231,8.203515542106888e-28,0.4727945576426402,0.23755110963157938,1.9902856205382602,0.046573702453311994,-2.384563287901619,0.1520895970749554,-15.678674503466649,4.6636212817000265e-55,-1.4872074291282473,0.16217875118927233,-9.170174379950597,5.190167768956169e-20,1.5638608720615899,0.27235265217865745,5.742043852158748,9.495957170092994e-09,1.8123951025829905,0.13039931509970115,13.898808450008064,1.051199214199955e-43
3.132,0.1019628073006662,0.1012579484293098,19127,-0.42985072868973495,0.052327714073897164,-8.214590228090225,2.263205896052795e-16,-0.8729585423949608,0.5306998822772221,-1.6449194197087702,0.1000028758751444,3.328992391502848,0.13374305229171596,24.89095571291254,1.2917844687780655e-134,0.17429390186560684,0.26691004023885173,0.6530061653343395,0.5137601591052736,-1.4573925661462797,0.700585823857972,-2.0802484385435314,0.0375160423628295,-0.08647811155398998,0.0736517018573109,-1.174149535899772,0.24034976607989345,1.4243678174172565,0.29523420761394686,4.824535167956497,1.4141210111433195e-06,2.4258908125493504,0.12989495720065874,18.675788997735225,3.788394994084726e-77,-1.7740422062736705,0.17839049538621168,-9.944712594877357,3.0288327300412877e-23,-2.162558295522413,0.16872774706172614,-12.816850418391933,1.8823752253747316e-37,1.567117580877048,0.1453033137266171,10.785146881271565,4.840518327333083e-27,0.4847349663878071,0.23947608947167962,2.024147661076334,0.0429688441615111,-2.409206166448301,0.15332204515197054,-15.713370924972542,2.718180750944868e-55,-1.5131609361547655,0.16349295606508268,-9.255205683310368,2.3581544356485393e-20,1.513972559217469,0.27455964403676686,5.51418459376619,3.5493808784264615e-08,1.7896938003185914,0.13145599739901395,13.614394441710088,5.164501891893978e-42
3.186,0.10179781268022259,0.10109282430652167,19127,-0.40699236110366427,0.05261840486532437,-7.734790937607328,1.086959067291779e-14,-0.9013900050038822,0.5336480249874431,-1.6891096055777441,0.09121473995137304,3.309775489247879,0.1344860213742879,24.610553984911537,1.0874135772764458e-131,0.10886015857514286,0.26839277825273344,0.4056001777835994,0.6850409388013572,-1.5817158554478674,0.7044777165424557,-2.2452319190603447,0.024764633340104404,-0.09993633832688986,0.07406085161440955,-1.3493814363248002,0.17723046539127682,1.3621692400278376,0.2968742919743393,4.588370488292663,4.495582617585175e-06,2.4122964185742486,0.13061654935463166,18.46853580570959,1.679621307172998e-75,-1.7860766401595725,0.17938148983732946,-9.956861445287696,2.682418233353176e-23,-2.2313164307680884,0.16966506303658102,-13.151301693071604,2.479122317208286e-39,1.5660872909768075,0.14611050234572126,10.71851280937485,9.926517230735042e-27,0.45342190875654426,0.24080642646821088,1.882931097008746,0.05972488138166801,-2.4709383966125076,0.15417377940861174,-16.02696908703068,1.9614215021261587e-57,-1.5686375266217951,0.16440119174157747,-9.541521627699264,1.5718810361741487e-21,1.4551334106089804,0.27608487711127705,5.27060165639744,1.374539617071531e-07,1.7587154937686893,0.13218626143974402,13.304828161513477,3.276206646250809e-40
3.2399999999999998,0.10069214656691505,0.09998629036883555,19127,-0.3905147396570203,0.05292026931027309,-7.379303710028778,1.6563440281634908e-13,-0.8000684102246489,0.536709489227439,-1.4906917546330312,0.13605894592635148,3.292146747260334,0.13525754890917643,24.339837397696485,6.778667330088615e-129,0.09007355877303196,0.26993251016294373,0.33368918296895544,0.7386177739903423,-1.7215291408804325,0.7085192068808102,-2.429756489537248,0.015118117931065727,-0.09811163302971872,0.07448572838371174,-1.3171869988878755,0.187791743078652,1.3394053844773381,0.2985774183537069,4.485956747374058,7.30104847197842e-06,2.397741966360848,0.1313658782685919,18.252395507594468,8.390744956032098e-74,-1.7676070015759913,0.1804105764088896,-9.797690560944817,1.3021822573644248e-22,-2.2936817446917637,0.1706384078236724,-13.441767149292193,5.285100004854907e-41,1.5529673120310032,0.14694871790555544,10.568090243761786,4.943105547542311e-26,0.4694410732258311,0.24218789932836243,1.938334138607623,0.052597177056541614,-2.5083444371917767,0.15505825286359284,-16.17678769667556,1.798717769858016e-58,-1.5869095048222437,0.16534433843370921,-9.5976041263637,9.161606058718593e-22,1.4560740025009027,0.27766873751907994,5.243924885137092,1.588699795345414e-07,1.7140601494576106,0.13294459557285743,12.893041210676795,7.087133010883832e-38
3.294,0.09987472706050482,0.09916822927943147,19127,-0.36530284457755635,0.05325615425179131,-6.859354561172977,7.128825875172178e-12,-0.8051320721173484,0.5401159842765191,-1.4906651451832447,0.13606593541436773,3.2697991289174575,0.13611602855218227,24.022146132951033,1.1854957199643592e-125,0.06330553189362262,0.27164577176519233,0.23304442208783296,0.8157294071960859,-1.7969706487324364,0.713016178182532,-2.5202382550601987,0.011735619262096179,-0.09548799809634424,0.0749584892907929,-1.2738783692119173,0.202722017146063,1.3005195071355127,0.3004724891840234,4.328248188934906,1.5106381623303182e-05,2.394330231294154,0.1321996574786151,18.11147076293648,1.0494296418255754e-72,-1.7981866604225354,0.181555642310786,-9.904328158220546,4.530752225953946e-23,-2.3729621383375736,0.17172144977299766,-13.818670535768502,3.1745241446235776e-43,1.522118917235977,0.14788140139645942,10.292835359027235,8.810704836191846e-25,0.5080168126073704,0.24372506588973017,2.0843847585098825,0.03713842893677122,-2.5448222274839187,0.1560424075716811,-16.308529630414125,2.161966238686312e-59,-1.5927507627416138,0.16639377892539609,-9.572177355595342,1.1706609789559739e-21,1.3788772697890121,0.27943110095521856,4.934587685749376,8.099589785756984e-07,1.6911003692340951,0.13378839490137828,12.640112548481389,1.775788775075915e-36
3.348,0.09842613477081463,0.09771850000662441,19127,-0.32882513600305924,0.05360636870005729,-6.13406846941878,8.734365634943005e-10,-0.8808497828052513,0.5436678070487517,-1.6201985318697816,0.10520613559140077,3.2631437430439756,0.1370111326112208,23.816632129473643,1.4136595131062197e-123,-0.01665909146647767,0.2734321244491047,-0.06092587511449669,0.9514188794456762,-1.9336947952206012,0.717704999051315,-2.694275221402414,0.007060351461731126,-0.11562681893573522,0.07545141910028895,-1.5324671200954578,0.12542375797645153,1.2923174442429068,0.30244840743229146,4.272852534468099,1.939217181932862e-05,2.3605054752861876,0.13306900733602184,17.73895757203261,7.61671125154078e-70,-1.812203077103128,0.182749558957505,-9.916319839242522,4.0207714862655965e-23,-2.4104918150177994,0.17285069640435133,-13.945514048603613,5.504220533167424e-44,1.4606693637918686,0.14885387498428182,9.812773526695947,1.1223107309040643e-22,0.5045879398697607,0.24532781097484477,2.056790617682965,0.039719914060912985,-2.5891996505242574,0.15706854823920735,-16.484520163648796,1.2429601551863877e-60,-1.5942563429009737,0.16748799059538896,-9.518630782026138,1.957627130387425e-21,1.2877517282876445,0.2812686502530276,4.578369210821009,4.715682613965608e-06,1.6429770736256575,0.134668192355082,12.200186583730112,4.1535018766203615e-34
3.402,0.09707052756072299,0.09636182879631561,19127,-0.29725729403888523,0.053931375909795944,-5.511769151524507,3.5983693615617985e-08,-0.7989434216000753,0.5469639817622882,-1.4606874460470376,0.1441176752385486,3.2500363369157013,0.13784181014064384,23.57801550632278,3.4691752690036582e-121,-0.09392887426889525,0.27508990157475466,-0.3414479184121211,0.7327701604786498,-1.893260996598982,0.7220563346260542,-2.6220405608372412,0.00874743156957717,-0.1143816027444351,0.07590886950753095,-1.5068279041237367,0.13187130364728197,1.2604446244557705,0.30428210584114046,4.1423554006617245,3.452347234965152e-05,2.3552449955658408,0.1338757843631874,17.592763372174694,9.747381383822314e-69,-1.804459206479602,0.1838575415662521,-9.814442155093076,1.1039898294095814e-22,-2.4680153791973796,0.1738986637243183,-14.192261897480284,1.742000899237778e-45,1.4385142522181493,0.14975635324835002,9.60569766167165,8.472806144857632e-22,0.532358305654698,0.24681519594886447,2.156910572738774,0.031025062264114583,-2.611119835066508,0.15802083081008164,-16.52389638556387,6.533905617256326e-61,-1.5938104233423205,0.1685034446507218,-9.458622205890277,3.471627426249216e-21,1.200879980456222,0.28297393903535834,4.243782959483661,2.2081884875568575e-05,1.5933966599982752,0.13548466499628567,11.760715945542312,8.008438681868615e-32
3.456,0.09596533921959538,0.09525577300580712,19127,-0.26067236895995255,0.054134319755719654,-4.815288529277414,1.4811226520232605e-06,-0.7244223768615562,0.5490222080205288,-1.319477365903692,0.18702537907979436,3.2197809332969918,0.13836050907252012,23.270953214037245,3.822379456339467e-118,-0.14951844541796416,0.27612506527415165,-0.541488130639333,0.5881774887897573,-1.8302042029489423,0.7247734336625721,-2.525208731368896,0.011570978095355053,-0.12104953452004984,0.07619451469380148,-1.5886909314470294,0.11214672958099273,1.1877963708693846,0.3054271198476151,3.8889682470305997,0.00010101190322041068,2.307074056707111,0.1343795591342995,17.16834071766385,1.4225283866801623e-65,-1.8250989252696537,0.18454939776235474,-9.889487299329167,5.251324741918655e-23,-2.5348374113697854,0.17455304464862914,-14.521874519418144,1.5776552063117516e-47,1.40851297705679,0.15031988662325527,9.370104040770915,8.030739877853906e-21,0.5269981108987686,0.24774396188990136,2.1271885170423213,0.033417192283955656,-2.693292128994647,0.15861546342606192,-16.980009835233474,3.4141170708025405e-64,-1.5906962000380473,0.16913752335781815,-9.40475045666157,5.788854237244142e-21,1.1194534618144032,0.28403877037917696,3.941199507095426,8.136366642313784e-05,1.5142257894291933,0.13599449398755822,11.134463940633697,1.0448906064502429e-28
3.51,0.09456557388631881,0.09385490901311977,19127,-0.23339418586478514,0.054436130142101705,-4.287486734555266,1.8159173553225085e-05,-0.7317350237428499,0.5520831240065931,-1.325407337997369,0.18505192857246544,3.2011741837970313,0.13913189844051493,23.008197398856563,1.4311381975435215e-115,-0.1563581825841255,0.2776645214456935,-0.5631190537776594,0.5733604240018061,-1.844544134429789,0.7288142002417075,-2.53088391227566,0.011385503405627155,-0.12011854912647696,0.07661931537521208,-1.5677319555551363,0.11696025694369375,1.1382745784809296,0.3071299412272635,3.706166106542681,0.000211014122352064,2.281176984061286,0.13512875385674517,16.88150685145549,1.7755512336820666e-63,-1.8309989799919115,0.18557830004276707,-9.866449792728742,6.600616309440389e-23,-2.5574189173559043,0.1755262151269374,-14.570011183266415,7.867625932044553e-48,1.3986378905196255,0.15115795207355356,9.252823760400295,2.4110778073242184e-20,0.515438582577698,0.24912518735277253,2.068994259692472,0.03856003803294882,-2.729431004183236,0.15949977848753877,-17.112443854562958,3.666414166114724e-65,-1.5867912709580916,0.17008050114910983,-9.329648373783597,1.1751996732519045e-20,1.0542365498698556,0.2856223471456803,3.6910156379750894,0.00022398109038078616,1.4805580744764073,0.13675269231648204,10.82653693610655,3.0917565225417936e-27
3.564,0.09327564171097047,0.0925639643851196,19127,-0.20144884684232844,0.054699040232567914,-3.6828588945219813,0.0002312684266632767,-0.6849794758226279,0.5547495189854159,-1.234754519617052,0.21693705948062134,3.1788948029444226,0.1398038635473336,22.73824715772708,5.899315934201001e-113,-0.16046263695296825,0.27900555733972154,-0.575123443715447,0.5652145844059091,-1.8898172151435115,0.7323341530160582,-2.5805395083111367,0.009871994905102462,-0.11840384558344379,0.07698936355983085,-1.5379247224381642,0.12408357714671558,1.0303796835252685,0.3086132862119668,3.3387405194783684,0.0008431995228269688,2.243696537021696,0.1357813849825861,16.524330911114575,6.487648395677837e-61,-1.85405003282803,0.18647458726093347,-9.942641836947262,3.092146265622439e-23,-2.5880613535051227,0.176373953806703,-14.673716258249264,1.7440710898703423e-48,1.351490800388701,0.15188799939232153,8.897943259479284,6.186585602415443e-19,0.4477717907362704,0.25032838687069114,1.7887375712110907,0.07367292242096259,-2.785222372316059,0.16027011431196334,-17.378301527224632,3.954089618035043e-67,-1.5921254718253226,0.1709019386728082,-9.316017619164914,1.3355772640230393e-20,0.9339532259278772,0.28700181693773236,3.2541718233460064,0.0011392108734402358,1.4540985596253648,0.1374131665752982,10.581944917400353,4.26760449884148e-26
3.618,0.092341516273026,0.09162910576306282,19127,-0.17072940305086443,0.05498855423850507,-3.1048170917596742,0.001906749971396672,-0.6770035352672394,0.5576857269124711,-1.2139516982357617,0.22478117076454227,3.165644176981533,0.14054382491427878,22.524249492372498,6.655643248076179e-111,-0.19021172645236598,0.28048229287732357,-0.6781594820160721,0.4976787904295418,-1.866959159171071,0.7362102903929265,-2.535904732022486,0.01122361986443721,-0.12319669805138836,0.07739685698136053,-1.5917532423966232,0.11145669919607185,0.9361555595421284,0.3102467311206301,3.017455030583811,0.0025524243816893557,2.229247498037468,0.13650005595982562,16.33147680681959,1.492259210171711e-59,-1.8619213931867722,0.18746156993071802,-9.932283154754867,3.429080597312073e-23,-2.619704847834726,0.17730747530346871,-14.774926118320721,3.969113733427288e-49,1.329480906788402,0.1526919203198348,8.706949942103133,3.371309117323653e-18,0.4145866345509731,0.25165333834652287,1.6474513601726735,0.09948174600281096,-2.8334263974236165,0.16111840054567383,-17.58598886177744,1.0964209844131455e-68,-1.6004337711996568,0.17180649759518088,-9.315327380520145,1.3442506489317717e-20,0.8163870496871671,0.2885208755058462,2.8295597268511163,0.0046660673305507355,1.4135215965821344,0.13814047433343393,10.232494157869139,1.6404827036735633e-24
3.672,0.09153009393739608,0.0908170465515481,19127,-0.1425523000465707,0.05518156540512971,-2.5833319334090326,0.009792469708148985,-0.7917080671182923,0.5596432174166661,-1.4146657057202376,0.15718282613594708,3.1488170945342304,0.14103713716778768,22.3261557754691,5.089903567270717e-109,-0.2745205425468641,0.28146679256667706,-0.975321244980729,0.32941328035456274,-2.005077691715708,0.7387944064694008,-2.713986021223015,0.006653858558889894,-0.13727946012256814,0.07766852183718234,-1.7675044776872293,0.07715973493577823,0.9060820629647887,0.3113357047142138,2.910305657992275,0.0036149211829799984,2.1846576866668808,0.13697917448567126,15.948830870603672,6.761414249774813e-57,-1.8803391814928183,0.18811956461362384,-9.995447232481219,1.8221215429090848e-23,-2.671909591305149,0.17792982886656036,-15.016647901735269,1.1117334819631522e-50,1.307326326738401,0.1532278726845262,8.53190939634067,1.545486973278759e-17,0.3549839538449736,0.2525366477022949,1.4056730263698187,0.1598374968427114,-2.853669378008975,0.1616839300614915,-17.649678461697892,3.6217666525339697e-69,-1.5922564238663703,0.17240954259233993,-9.235314936315559,2.8378589086954506e-20,0.7351774224265505,0.28953359081629804,2.53917833973538,0.011119174800490076,1.3929584265931578,0.138625350767783,10.048367191701894,1.069576501499134e-23
3.726,0.09056035080600722,0.08984654228013667,19127,-0.11362167455980653,0.055261211833253866,-2.056083657786053,0.03978800376459471,-0.8385062783388173,0.5604509796279027,-1.4961277771260608,0.13463687377854267,3.131191708022274,0.1412407034154249,22.1691880053347,1.541788876735487e-107,-0.3478465082503118,0.28187304825186665,-1.234053806873706,0.21719802995769694,-2.155547003091855,0.7398607469249748,-2.913449607984727,0.003578736473826083,-0.14561168786581444,0.07778062486102007,-1.8720817443418105,0.06121055531380023,0.8485441651356723,0.3117850717563763,2.7215676502905524,0.0065031935242368735,2.128117489366463,0.1371768836643631,15.513674261426033,5.981064455472726e-54,-1.894598047882465,0.18839108738163057,-10.056728660653198,9.829855355478203e-24,-2.7089050500882124,0.1781866442581122,-15.202626781411455,6.835526873648622e-52,1.2550754826414567,0.15344903445583125,8.179103160161738,3.0369062759360953e-16,0.30736161313402083,0.252901147002238,1.215342898904689,0.22425035028041002,-2.8886358413712836,0.16191729690094106,-17.840193090294203,1.2881180126906995e-70,-1.5807566729816243,0.17265839026712376,-9.155400270650034,5.948356665851299e-20,0.6606381245566592,0.2899514897316546,2.278443629201799,0.022711143721089733,1.3476897419207998,0.1388254359584631,9.707801258582265,3.143554833173519e-22
3.78,0.0894814996974308,0.08876684439396476,19127,-0.07777509372941749,0.055467178208387986,-1.4021822678128595,0.16087706766355445,-0.7685630988732607,0.56253985992721,-1.3662375835424518,0.17188047983843802,3.1106860254457906,0.1417671275516101,21.94222369578131,2.0531278583364114e-105,-0.3757406566346692,0.28292362908551943,-1.3280638943065937,0.18417286034608604,-2.2428278216059567,0.7426183128757176,-3.020162286223219,0.002529729631888674,-0.15585479746653594,0.0780705242828176,-1.9963334292714328,0.045911803765973425,0.7983048770530115,0.3129471389445582,2.550925628351692,0.010751448373601044,2.093191322093591,0.13768816136789588,15.202405938885976,6.858337238820734e-52,-1.8874603966451886,0.18909324768699362,-9.98163826436312,2.092931076192935e-23,-2.7330867824547678,0.1788507711564853,-15.281381035049922,2.0773987029396226e-52,1.214882594967019,0.15402096077351798,7.887774422816762,3.240886871415983e-15,0.2640289086685356,0.25384374545035904,1.0401237509323167,0.29829556886207703,-2.937681753298308,0.16252078563395747,-18.075729463397955,1.9857056693276822e-72,-1.5848824958979935,0.17330191257870675,-9.145210646063722,6.53407015482213e-20,0.5621702935532407,0.2910321800626044,1.9316430692726534,0.05341834252238747,1.3042488136087291,0.13934285805023802,9.359997576183641,8.833424563444536e-21
3.834,0.0883731394014079,0.08765761415893081,19127,-0.041007711271183626,0.05566899137143741,-0.7366347092148651,0.46135356372703606,-0.6780241931513725,0.5645866189681471,-1.2009214713422482,0.22979654839327787,3.0643838187584094,0.142282936600344,21.537254515387904,1.1258797266537518e-101,-0.44452942121005834,0.2839530254660719,-1.5655033802877123,0.11748148243741717,-2.2949438343420185,0.7453202738461642,-3.0791378080984555,0.0020789494086732893,-0.16443664630651816,0.0783545780233423,-2.0986220646550033,0.03586331905676631,0.7065098638746661,0.3140857736113587,2.2494169530546215,0.024497315981480527,2.0593686062948233,0.1381891294044475,14.902536944621234,6.053813676797223e-50,-1.87409550988738,0.18978124927026563,-9.875029894120356,6.062079022349817e-23,-2.789501941835424,0.17950150625797745,-15.540270385399355,3.971358516482655e-54,1.2049904606888633,0.1545813544743267,7.7951863262331,6.7595740316687315e-15,0.20033519962056773,0.254767336857825,0.7863456991441821,0.43167473637214615,-2.960921906523826,0.16311210530929487,-18.15268033546189,5.023029892011885e-73,-1.5950240570126366,0.17393245857491058,-9.170364577613784,5.181058172711605e-20,0.5492548622062524,0.2920910787970405,1.8804232723174068,0.060065609232707,1.2861641699949242,0.1398498465764222,9.196750668525677,4.059093356143312e-20
3.888,0.08821387675978998,0.08749822651393135,19127,-0.002779584776822616,0.055871046548419796,-0.04975000377724679,0.9603221284171661,-0.7242219645760201,0.566635832478346,-1.2781083070733903,0.2012267634065533,3.0200978892437,0.14279936420623568,21.14923904620452,3.732872676843289e-98,-0.47516564022392194,0.2849836562966615,-1.6673434764598758,0.09546251099125651,-2.307621302619059,0.7480254750026883,-3.084950151745521,0.0020387689560325693,-0.19377588558625206,0.07863897240053248,-2.464120265957849,0.01374373842128355,0.6151454842655858,0.3152257737265261,1.9514441252486379,0.051018825330907014,2.0319970349938066,0.1386906982008454,14.651285640304177,2.4180253489891813e-48,-1.8950009580014755,0.19047007590363113,-9.949074409778975,2.899639606343736e-23,-2.849841602163313,0.1801530217196743,-15.819005282063973,5.2169859034269415e-56,1.166759586987132,0.15514242019811691,7.520571004997728,5.694690183123422e-14,0.1379144934546669,0.25569203583422045,0.5393773529343895,0.5896327881058339,-3.019022584423446,0.16370413409397927,-18.441944677403722,2.7240735055288063e-75,-1.6491171472214639,0.17456376072058527,-9.447076188173536,3.8746221015078174e-21,0.5172042392234648,0.29315124736067627,1.7642914498232605,0.07769889544368117,1.2684163794531047,0.1403574430822115,9.03704393296874,1.759699148613604e-19
3.942,0.08873552033602161,0.08802027952209446,19127,0.029924188060496855,0.05593204957626463,0.5350096820552684,0.5926493869603369,-0.8283435883012601,0.5672545161007586,-1.4602679481429206,0.14423288566616804,2.9708206143708806,0.1429552802688308,20.781468224078058,7.124745749671784e-95,-0.500407968285303,0.2852948168528777,-1.7540030127619035,0.07944601814824172,-2.326858664067716,0.7488422096389493,-3.107274982789231,0.0018909744335232827,-0.20800245767695016,0.07872483468018178,-2.6421453728287445,0.008244979825741431,0.606283020922285,0.31556995426081025,1.9212317672715067,0.05471735228169498,2.0132021766880666,0.13884212819986705,14.49993746703455,2.1646925443573432e-47,-1.9318131730938481,0.1906780414253417,-10.131282861169058,4.616588972665649e-24,-2.94892088161811,0.1803497225241021,-16.35112513812719,1.085954778951865e-59,1.1162076450715268,0.15531181307625208,7.186881815123181,6.872959449343813e-13,0.09783404866769267,0.25597121421632185,0.3822072296965896,0.7023119096594176,-3.086071744632383,0.16388287511401362,-18.830959259687123,2.1577518154256523e-78,-1.6910404189254842,0.17475435886781543,-9.676670898976493,4.257713974875225e-22,0.5147475456988646,0.29347132573418583,1.753996048544455,0.07944721150119514,1.2270808096526833,0.14051069292336413,8.733006606991433,2.6807204380476484e-18
3.996,0.08826331519135844,0.08754770374914556,19127,0.05212730672693742,0.05600736759390282,0.9307223132660175,0.3520089808814071,-0.8547750984409174,0.5680183802175341,-1.5048370408604805,0.13238250401162457,2.9038758548158268,0.1431477836439499,20.285859696148766,1.5389604774364743e-90,-0.5311720837345251,0.2856789944435542,-1.8593319567269637,0.0629954570676157,-2.4644558695861907,0.7498505994830743,-3.286595851607129,0.001015890486985233,-0.2106291114950426,0.07883084542950931,-2.671912375763971,0.0075484289325397635,0.5582450214387193,0.3159949003080436,1.7666266794005894,0.07730672984051577,2.003841914770257,0.13902909281031675,14.413112207415342,7.536642261784296e-47,-1.8958518932287125,0.19093480820210187,-9.92931519967789,3.532149399517362e-23,-2.993479355375702,0.18059258120146185,-16.57587114299173,2.7896299499141158e-61,1.0746630892362126,0.15552095574070504,6.910085423008606,4.996186213583129e-12,0.08123554510047168,0.2563159046857981,0.31693524910228776,0.75129619677176,-3.1468126854048517,0.16410355955829817,-19.175773480324413,3.4144463532865816e-81,-1.7203363843726935,0.17498968283651084,-9.83107321807062,9.368212894147817e-23,0.5019801305297241,0.29386651379997997,1.708190987937457,0.08761714958191456,1.211833644141856,0.14069990442067434,8.612896001113345,7.668826981767899e-18
4.05,0.08806237846858056,0.08734660931348803,19127,0.07939745558685987,0.056156072529324606,1.413871234413672,0.1574160024343284,-1.0959187134082247,0.5695265235239843,-1.9242628185727906,0.05433647970369487,2.8462886478064906,0.14352785474596796,19.830914722749657,1.1974021709761778e-86,-0.5835989010688735,0.2864374995875224,-2.0374388894934197,0.04161982636776799,-2.5514559598763205,0.7518415247802714,-3.39360872708114,0.0006911820066699945,-0.21416948273226985,0.07904014888872272,-2.7096290397148666,0.006741855339451719,0.47719659896065564,0.3168338970911926,1.506141241015341,0.1320474472342301,1.9908817214746393,0.1393982283929425,14.281972909028982,4.89210842556e-46,-1.8887489355699945,0.19144175843995875,-9.865919279896065,6.635427415035673e-23,-3.0736574216614856,0.18107207183419322,-16.97477358339401,3.727723465798052e-64,1.0276163186066858,0.15593387880196805,6.590077323169339,4.51068448989357e-11,0.08291374509751216,0.256996448008781,0.3226260352620873,0.7469820033186816,-3.195068746468362,0.16453927025628245,-19.41827468598711,3.4240185939913046e-83,-1.749856498693728,0.17545429723642983,-9.9732894905147,2.275613860303548e-23,0.5268276576712931,0.29464675759351283,1.7879974718679619,0.0737922534000688,1.1940726162734256,0.14107347616845645,8.464189362198592,2.763209555167984e-17
4.104,0.08721316489205755,0.08649672919917806,19127,0.09626985367446306,0.056325908196735774,1.7091575929536833,0.08743799719110015,-1.226833843220874,0.5712489715669906,-2.1476342265537065,0.03175536038798119,2.8002609528653135,0.1439619333398751,19.451398629485393,1.8182432685778973e-83,-0.5976497499955158,0.2873037870916677,-2.0802014343264763,0.037520352185315985,-2.653340861522548,0.7541153573578936,-3.5184814042492785,0.0004350323262954568,-0.2081257522294372,0.07927919403262564,-2.6252253793572566,0.008666056962333612,0.4307412758050215,0.3177921139668985,1.3554183910614215,0.17530031162474538,1.9656931527739048,0.13981981754775183,14.058759246360577,1.1365732192565924e-44,-1.8827122046007936,0.19202074549070094,-9.804733336440298,1.2148957724158474e-22,-3.111441610077442,0.1816196973141166,-17.131630853321557,2.6500031932463775e-65,0.990843096195771,0.156405477565655,6.335092041644389,2.424949421394283e-10,0.07256391592575358,0.2577736954426552,0.2815024077656375,0.7783281294005222,-3.225894590147913,0.1650368947431931,-19.54650561722935,2.93699609199191e-84,-1.7655985378917296,0.17598493259480083,-10.032668773735072,1.2530513427083992e-23,0.5378351008706816,0.2955378727743385,1.8198517023276812,0.06879722815305367,1.1808729614970035,0.14150013186035107,8.345384177185272,7.575783218691031e-17
4.158,0.08642179780493953,0.08570474097730485,19127,0.10837803835230955,0.0566019043982795,1.9147419067335103,0.05554033944372896,-1.2694831393111237,0.5740480839352735,-2.211457846193706,0.027015937162068415,2.7827126053418847,0.14466734489986122,19.23525041029874,1.1099756297337644e-81,-0.6324815746531358,0.2887115718298998,-2.1907039286453505,0.028485259481546496,-2.719860073826553,0.7578105125860986,-3.589103118330701,0.0003326477362891598,-0.20502052538523538,0.07966766102969608,-2.5734472775448256,0.01007656653396973,0.3725578255185549,0.3193492911016028,1.1666154768448302,0.24338024749669043,1.966555128447023,0.14050493279540888,13.996342258748669,2.715598151981567e-44,-1.868111745124992,0.19296164459148274,-9.681259449669149,4.071756477100684e-22,-3.1292559469288705,0.1825096314170721,-17.145703065817255,2.0880476900148275e-65,1.0006070514649312,0.15717186232696195,6.366324332172036,1.980187984758131e-10,0.03841927965910758,0.25903678312428774,0.14831592330527718,0.8820950141443614,-3.2461447500369833,0.16584557333395097,-19.57329752480316,1.7546855085085844e-84,-1.7512970252476652,0.17684725642552263,-9.902879245317587,4.596553962579725e-23,0.5053082189086784,0.2969860044229775,1.701454652351231,0.08887391249500094,1.169269542120969,0.14219348062580703,8.223088266599161,2.1089339184160919e-16
4.212,0.08665854445314225,0.085941673445178,19127,0.12277261771937428,0.05684328954927753,2.1598436454481145,0.03079717094386347,-1.280592794582916,0.5764961761840046,-2.2213378813013662,0.026339756567717244,2.7792617327403115,0.14528429497008183,19.129815327339,8.117371295124163e-81,-0.639181700215298,0.2899428146140765,-2.204509537737881,0.027500401690487248,-2.883366484289864,0.7610422802616409,-3.7887073544699557,0.00015189744330393635,-0.20546502333352895,0.08000741267925186,-2.568074837730776,0.010234036046714304,0.33481018591983064,0.320711191865776,1.0439616527631357,0.29651633660213716,1.9484549538649414,0.14110413179373482,13.808631463132357,3.6443396558281254e-43,-1.8731196737398137,0.19378455110340498,-9.665990725650271,4.723723185974085e-22,-3.1770634286064396,0.1832879641499818,-17.333726430649293,8.490117965984425e-67,0.9930929405955413,0.15784213931010865,6.29168449525659,3.2086232148018285e-10,0.036228007056633406,0.26014147445354985,0.13926271131019588,0.8892440221986331,-3.302901326624883,0.16655284032765283,-19.83095166751414,1.196540719322185e-86,-1.7612968466391141,0.1776014413270674,-9.917131491042033,3.988384381528496e-23,0.481604068183908,0.2982525344502627,1.6147526426610181,0.10638078069454339,1.1629765490172606,0.14279988062518303,8.144100288639649,4.0539038703643846e-16
4.266,0.08600869360340058,0.0852913125351179,19127,0.13682633531479413,0.057176208958884256,2.3930641398975356,0.016717910639359828,-1.2906145384847607,0.5798725952501343,-2.2256863818991826,0.02604681524888157,2.7534061908168788,0.14613519508670225,18.841499401860574,1.774649235336343e-78,-0.6772007401132104,0.29164094981044564,-2.3220358476865557,0.020241459932206655,-2.986989646465393,0.7654995477533615,-3.9020136004414465,9.572267496631982e-05,-0.20559437518108348,0.0804759995749882,-2.5547290653968076,0.010634728064092337,0.36646248358584516,0.3225895310945018,1.1360024063474363,0.2559698025081335,1.9456561540187158,0.14193054955777212,13.708508563385406,1.4358509210595275e-42,-1.8772718876674994,0.19491950720562565,-9.631010844323121,6.632610578102829e-22,-3.196159681069463,0.1843614439098034,-17.336378004465754,8.113259570728379e-67,0.954489615400351,0.15876658812802286,6.011904813566251,1.86686464284361e-09,0.040814669015180514,0.26166506935412676,0.15598057897419856,0.8760499770546668,-3.363022986532477,0.1675283059227982,-20.074356796052445,1.0153616863035786e-88,-1.7570302758053906,0.17864161629689657,-9.835503687367357,8.966865438050713e-23,0.41576866424305786,0.2999993379598803,1.385898605878456,0.16579403746998983,1.1447921848086016,0.14363623003997952,7.9700795857003595,1.6742334295558632e-15
4.32,0.08541663289969781,0.0846987871299052,19127,0.16232784650332693,0.05749592225115766,2.8232932031985714,0.0047582218200241146,-1.2393562318774423,0.5831150798412317,-2.12540590137866,0.033565547905476625,2.746689644869962,0.14695234202926682,18.691023272857638,2.862294922483418e-77,-0.6832438124309014,0.29327172404195667,-2.329729586658527,0.019830808551544118,-3.0905374515859676,0.7697800060961317,-4.014832065149812,5.971520594923616e-05,-0.22401781368874177,0.08092599874844887,-2.7681810191194653,0.005642440981990595,0.3521919310791996,0.3243933610950763,1.0856940163333855,0.27762808329810057,1.9324685608734162,0.14272418530417008,13.539881532726842,1.4142625253141795e-41,-1.8946046410831197,0.19600944231170858,-9.665884555041897,4.728600361962393e-22,-3.2294350282634605,0.18539234129306764,-17.419462992585974,1.9492421826853616e-67,0.8876072623659496,0.15965436627067528,5.5595552010216585,2.7407916113209824e-08,-0.028546880334877706,0.263128226886245,-0.1084903762423749,0.9136078530689634,-3.4001922175642947,0.16846507712905426,-20.183365451817323,1.1780814494765955e-89,-1.761351888424922,0.17964053001159203,-9.804869136777006,1.2132709189150838e-22,0.3301716147046567,0.301676849948966,1.094454595241601,0.2737694442513778,1.1231010363264475,0.14443940347228676,7.775586227354742,7.88927650967182e-15
4.374,0.08447826659052304,0.08375968430800806,19127,0.17792888830106493,0.05777765951875564,3.079544754548358,0.002076112730614873,-1.3332092137821236,0.5859724172463436,-2.275208140422829,0.02290447022515075,2.7358969031050973,0.1476724270316361,18.52679581489496,5.80871041127544e-76,-0.6474985857012597,0.2947087924628161,-2.1970792940728283,0.028026743291782234,-3.0555732554164527,0.7735520251729231,-3.950055272279065,7.84135610189047e-05,-0.23397303170670522,0.0813225463447363,-2.8770991837228594,0.004017936783601454,0.283731789112148,0.32598292946103136,0.8703884880759251,0.3840990680232703,1.9200207752589904,0.1434235518055385,13.387067542869525,1.0977040113418154e-40,-1.882837486448162,0.19696991329013855,-9.559010586935297,1.3287753082111925e-21,-3.261812133265471,0.18630078713799794,-17.508311067141978,4.211384727676564e-68,0.8332662006918448,0.1604366927931841,5.193738328712575,2.0822692336252654e-07,-0.08371357429104716,0.2644175883708212,-0.3165960888110311,0.7515535618602888,-3.4111133087318284,0.16929057724554408,-20.14945760261806,2.3049913578285668e-89,-1.7807808533895897,0.1805207912561066,-9.864685618750578,6.717081970597687e-23,0.2757574602762128,0.3031551045464122,0.9096249944028078,0.363031784008078,1.0960571726039001,0.1451471747589182,7.551350375399268,4.501135276404079e-14
4.428,0.08403114261640265,0.08331220939151884,19127,0.1924812593949782,0.05804234860385612,3.3162210700445445,0.0009141365151184466,-1.3755445381735685,0.5886568545237779,-2.3367510759496395,0.01946240633984776,2.7230421174446384,0.14834893902487256,18.35565616676292,1.3022547301572869e-74,-0.5900345070429635,0.2960589025451176,-1.992963231203783,0.046279668666224905,-3.064032986953531,0.7770957958885606,-3.9429282762365228,8.077964676599095e-05,-0.2459876228714263,0.0816950984794077,-3.0110450620661244,0.0026069030515501173,0.23345776174706936,0.3274763115757812,0.7128996922668862,0.4759165337820297,1.8965126491361672,0.14408059899342168,13.162859277276857,2.1304748547673408e-39,-1.9108933837907753,0.1978722652818139,-9.657206789790576,5.144549898539826e-22,-3.306115871939235,0.1871542620850932,-17.665191458135467,2.7637277736667414e-69,0.775961109391834,0.16117168001464105,4.814500347215744,1.4869729653885408e-06,-0.12757880606518962,0.2656289294000927,-0.4802895767163571,0.6310269967641949,-3.442135614617401,0.17006612558690104,-20.239983728320578,3.831829961319274e-90,-1.8183796625848978,0.18134778707901086,-10.027029785550422,1.326298944209391e-23,0.2641846892543728,0.3045439085916831,0.8674765175112338,0.3856918646529979,1.0573493010541681,0.14581211815073883,7.251450115833946,4.2807479270651853e-13
4.482,0.08434511588179894,0.0836264290908526,19127,0.2064572929637525,0.05821780727636518,3.546291119891911,0.00039162888154624164,-1.424409743689159,0.5904363302469784,-2.412469678302707,0.015854211307981366,2.745195773525703,0.14879738931221503,18.449220018004343,2.3866545589644197e-75,-0.577781792815901,0.2969538715337019,-1.9456954369100636,0.051705975977663944,-2.9990515961830786,0.7794449116641741,-3.847676149145519,0.00011963104835487167,-0.2555036286277358,0.08194205805072906,-3.118101188885901,0.0018229053223550304,0.21427196590727196,0.32846625358001347,0.6523408830340494,0.5141891376399309,1.8958756192364363,0.14451614633500556,13.118780615984402,3.7949615631765565e-39,-1.9286623350668752,0.19847042172840534,-9.71763106195306,2.855829849971628e-22,-3.34798991140189,0.18772001862613158,-17.835018001302462,1.4109529036916968e-70,0.7411062086972809,0.1616588927085041,4.584382561827946,4.582139326034159e-06,-0.18544189122026877,0.2664319103347657,-0.6960198235536622,0.48642487938075873,-3.4574977015241486,0.17058022567678355,-20.269041665330167,2.150626546209707e-90,-1.8407069676782104,0.18189599098096706,-10.119557653531876,5.2011279728480926e-24,0.26056364247635083,0.30546452726421325,0.8530078592430959,0.3936656362231383,1.0294134413910085,0.14625289977487801,7.038584827894344,2.007848396571642e-12
4.536,0.08486606274111086,0.0841477848352512,19127,0.2184989849802,0.058488501567382584,3.7357596642901663,0.00018769351014690815,-1.5981523301993614,0.5931816714283871,-2.6942038285690715,0.0070618634552404025,2.7812604638137413,0.14948924985608444,18.60508676370577,1.387422528567831e-76,-0.6174281381538695,0.2983346126072724,-2.069582650024762,0.03850485052538916,-2.968851078253361,0.7830690826458888,-3.7913016157169666,0.00015032046359403218,-0.26183277818473877,0.08232306256371687,-3.1805519623627214,0.0014722952205376376,0.21770630275126945,0.32999351720940273,0.6597290292012628,0.5094356844166877,1.896346737122702,0.1451881004604335,13.061309646650361,8.033242854174884e-39,-1.982098390223717,0.19939324607736544,-9.940649591785341,3.1542956565720993e-23,-3.3900291826684468,0.1885928570192121,-17.97538483826618,1.182178200427211e-71,0.7086520702735767,0.1624105551533065,4.363337528183736,1.2876440780421367e-05,-0.20445481689258796,0.2676707339945115,-0.7638295522318111,0.4449782531023304,-3.470405319903607,0.17137336948297277,-20.25055194032593,3.106106505142025e-90,-1.8711694462057151,0.18274174949749386,-10.239419570793682,1.527799206158902e-24,0.2942875810339044,0.3068848401806072,0.95895118462258,0.3375954689397883,0.997592433603566,0.14693292925152707,6.789440860433932,1.1587494111241105e-11
4.59,0.08454861522355439,0.08383008815685733,19127,0.2224915538091786,0.058793132218019704,3.7843119666447436,0.00015460488035473456,-1.6533755606261131,0.596271190114467,-2.7728583705489984,0.00556201244954744,2.8015107782241695,0.15026784746461527,18.643447853233294,6.864137179048245e-77,-0.6729008931605039,0.29988845421221466,-2.2438372791915784,0.024854274965564405,-2.9559797090605797,0.7871476081294901,-3.7553054580003304,0.00017364357994899767,-0.25041763033751485,0.08275183279101246,-3.02612790425969,0.0024803703561625708,0.21947858842433207,0.33171225058706877,0.6616535507383159,0.5082012567368994,1.9010293478887217,0.14594429602576314,13.025718713618916,1.2761032826567138e-38,-2.0185089799672347,0.2004317629252491,-10.070803901076479,8.526305268805634e-24,-3.411261621951771,0.18957512127970252,-17.994247340708462,8.459805815422228e-72,0.6770228282958103,0.1632564518981511,4.146989723372014,3.383293915766048e-05,-0.20411724532655334,0.2690648663054466,-0.7586172365396687,0.44809091420911595,-3.4775142412459727,0.17226594801804312,-20.186892890066343,1.0985613692735702e-89,-1.8660846727685345,0.18369353893569404,-10.158684315085239,3.492163494222225e-24,0.31202421904378275,0.30848321466498657,1.0114787586826781,0.31180014823011365,0.9686595389589283,0.14769821255744908,6.558370085773083,5.5791705818881985e-11
4.644,0.08421776419912963,0.0834989774513396,19127,0.24107125439982524,0.05908268981472409,4.080234924235753,4.517280074418354e-05,-1.7478698510214457,0.599207840132591,-2.9169675928049976,0.0035386377438156483,2.7839605299970067,0.15100792024407603,18.435857705326026,3.0426414494138133e-75,-0.7403003989404111,0.3013654120949666,-2.4564876035181067,0.01403909192872469,-2.984139439004591,0.7910243291181999,-3.772500198990317,0.00016210740392914066,-0.262294292219945,0.08315938756691713,-3.1541152465664886,0.001612348090911943,0.24910418425126807,0.3333459414358777,0.7472842872430341,0.4549011690809368,1.870207325965627,0.14666307520992405,12.751725840254837,4.319053736776568e-37,-2.030914293278653,0.20141889420038928,-10.083037648186671,7.533384263498373e-24,-3.495092941909149,0.19050878333242555,-18.346098698296956,1.5479892954270763e-74,0.6347424635173943,0.1640604938682713,3.868953753284728,0.00010966605267090311,-0.20343645997200938,0.27039001727301337,-0.7523815487855054,0.4518309059815584,-3.500045770438118,0.17311436197423677,-20.218113220201808,5.9152904157152175e-90,-1.8865879704971313,0.18459823405326492,-10.219967597050607,1.8656113196931355e-24,0.25937211795346593,0.3100025019506308,0.8366774987989356,0.40278433193457774,0.930281354203975,0.1484256298229058,6.267659805883533,3.743583090033547e-10
4.6979999999999995,0.08357942286914088,0.08286013509471968,19127,0.2545506467575096,0.059383859743965185,4.286529165584897,1.8237514133154153e-05,-1.807181291903686,0.6022622606977236,-3.0006550465407846,0.0026974706218704718,2.759585522138125,0.15177767268421324,18.18176200316159,2.983525404563104e-73,-0.7882441473391388,0.30290160146144557,-2.602310927165796,0.009266931340267938,-3.0581798251802605,0.7950565209831197,-3.8464936070189033,0.00012020919017998541,-0.26758196188660166,0.08358328679946392,-3.2013811867508166,0.00136994204715811,0.27275888685743843,0.33504514934110124,0.8140959133234587,0.4156001501727963,1.8706693130008576,0.1474106801026899,12.690188470046428,9.431136093663296e-37,-2.029273972249275,0.20244561309731793,-10.023798200427192,1.3701707039776827e-23,-3.542336447900631,0.1914798886929966,-18.49978330403214,9.507331732024663e-76,0.6110193878476202,0.16489678090064086,3.7054658345076614,0.00021159759102491702,-0.30063719986934817,0.2717683117045123,-1.1062261011365606,0.2686425929020403,-3.513081135481063,0.17399680047373456,-20.190492732717665,1.0229281469801093e-89,-1.881235331059332,0.18553921079725194,-10.139287124138157,4.2554202032494974e-24,0.2796623826154513,0.3115827182859028,0.8975542165943813,0.3694345635435201,0.9012282052613714,0.14918221921603445,6.041123466304524,1.558782047673441e-09
4.752,0.0832148309252333,0.08249525698686677,19127,0.2641342076823565,0.05958480189337066,4.432912408688293,9.34862943556304e-06,-1.840424827051508,0.6043001860480154,-3.045547344751727,0.0023257350979815333,2.747019369337312,0.1522912555316809,18.03793237994452,3.89255888017415e-72,-0.8280302124917892,0.30392655502826404,-2.7244418060632625,0.0064468842233263495,-3.035382918843451,0.7977468204502477,-3.804945179386968,0.00014227751561327151,-0.28095091825579016,0.08386611458088926,-3.3499932560344345,0.0008096988929886304,0.3045485992367684,0.33617886972820227,0.9059123777856513,0.36499365324400623,1.8646735173874367,0.1479094859909038,12.60685550284524,2.699788805311084e-36,-2.033025456106598,0.20313064530655586,-10.008462549008522,1.598764406678199e-23,-3.5851619978602924,0.19212781526038009,-18.66029649585888,5.0368857580767585e-77,0.5825803297929655,0.16545475597546894,3.521085425186215,0.0004307851426643442,-0.350333326212016,0.2726879169462338,-1.2847409233797904,0.19889840406507975,-3.5317001121527847,0.1745855680484192,-20.229049580852582,4.761084631473224e-90,-1.8677868042614212,0.1861670353943283,-10.03285463672547,1.2507065406607248e-23,0.23531150350079746,0.3126370468761951,0.7526667292055803,0.4516594784386989,0.8649834309270492,0.14968701960980466,5.778613490881423,7.649005461793002e-09
4.806,0.08305784807796968,0.08233815092560548,19127,0.2766573343682978,0.059861349181255755,4.62163546515799,3.832142665174116e-06,-1.9182009331336183,0.6071048874518918,-3.1595873674886534,0.0015823896449204554,2.7137132931615584,0.15299807559900733,17.736911281642065,7.894501639127984e-70,-0.8713390411548108,0.3053371507143878,-2.853694806269614,0.004326046281264371,-3.121457447672062,0.8014493538581672,-3.8947656924862497,9.862814767959629e-05,-0.2824574444210426,0.0842553572366643,-3.352397446107193,0.0008027033953071494,0.3834816284650466,0.3377391561051543,1.1354372791339908,0.25620638682626545,1.875032000366973,0.14859596921990675,12.618323432394847,2.3369265785738606e-36,-2.05812868606731,0.20407342311668278,-10.085236257788143,7.367495791080146e-24,-3.633783567961026,0.1930195263099969,-18.82598946038769,2.3659841730925913e-78,0.5269334979267954,0.1662226709903512,3.170045907621004,0.001526553103411453,-0.3978206287890048,0.27395352665666745,-1.4521464046986843,0.14647731777979475,-3.5718813642077394,0.17539586134156585,-20.36468441665142,3.195299985256656e-91,-1.8587187809622585,0.18703108104180804,-9.938020839150095,3.2381977567673734e-23,0.20881630438258675,0.3140880700340926,0.6648336065738532,0.5061649472690192,0.8506908836647672,0.15038175279661248,5.656875703632109,1.5635896816819836e-08
4.86,0.08244457991943754,0.08172440142008064,19127,0.2944114278287672,0.06017164523717694,4.89285986228719,1.0019015871662773e-06,-1.9162443047423094,0.6102518638345389,-3.1400875905589563,0.0016915463756442491,2.6842687828928655,0.15379115327051374,17.453986954446737,1.0756733035939117e-67,-0.8760684560387672,0.3069198900760752,-2.8543880157835946,0.004316620897534289,-3.1865151289434004,0.805603730211593,-3.95543740606372,7.667033990936713e-05,-0.2967323500002392,0.0846921015700004,-3.503660252839299,0.00045995966768259337,0.42012386767115856,0.3394898538342057,1.2375152391927786,0.21591106441134686,1.8623965289136342,0.1493662282235104,12.468658752812312,1.5218494176322508e-35,-2.071226036139054,0.20513125390695955,-10.097076855380072,6.534400957934498e-24,-3.6386271704393507,0.19402005834859856,-18.75387112760155,8.984125513344604e-78,0.47748552919657394,0.16708429940197983,2.857752229895732,0.004271142513256883,-0.42609125075788373,0.2753735865114808,-1.5473207004191714,0.12180249087006327,-3.632705596266917,0.17630503971364686,-20.60466111557064,2.573381485877067e-93,-1.8500999564457976,0.18800057149893465,-9.840927299820903,8.498661828312954e-23,0.17685013643916794,0.3157161704808161,0.560155459157623,0.575379970722577,0.8427923283174181,0.15116126855116074,5.575451545196406,2.5022655806888255e-08
4.914,0.08184232835999306,0.08112167716044294,19127,0.3065230751546753,0.06040583379125691,5.074395234968865,3.9237375897453617e-07,-2.017966651632475,0.6126269692692116,-3.2939566046850017,0.0009896730206362134,2.65442324212161,0.15438970974462624,17.193006234108818,9.35856730070949e-66,-0.8841482302945097,0.3081144248937951,-2.869545074364076,0.0041151343035157415,-3.2886236758061616,0.8087391467686114,-4.066358960050527,4.7944678699475513e-05,-0.3006803292918555,0.08502172394828994,-3.5365117916772513,0.0004064082783911087,0.37856642466923257,0.3408111512273694,1.1107806282332442,0.26667676158693693,1.8485353475978734,0.1499475628517753,12.327878575960382,8.693280675926414e-35,-2.0678006382464185,0.2059296264885921,-10.04129747382885,1.1486539345649944e-23,-3.666060546447346,0.19477518606279137,-18.82201023936122,2.5470650774811703e-78,0.4500578688433629,0.16773459291368586,2.683154744799465,0.007299401123487764,-0.4840874542898575,0.2764453428479204,-1.7511145216006274,0.07994222742601945,-3.653888077102738,0.1769912204249238,-20.644459472794278,1.1507231800209606e-93,-1.8701821767387898,0.18873227131920714,-9.909180680476783,4.317096364053237e-23,0.1793414596508543,0.3169449404965458,0.5658442105745141,0.5715063329873601,0.8180556814899498,0.15174958949161957,5.390826322697415,7.096594071162182e-08
4.968,0.08141135001928279,0.08069036054988232,19127,0.31782585495454185,0.06057787094504129,5.246566939318261,1.5661274290400212e-07,-1.9154927059711686,0.6143717444591185,-3.117807293786815,0.0018247230384163533,2.6344321549705345,0.15482941506066983,17.015062376475644,1.8945242753416113e-64,-0.9060914942913929,0.30899194160653204,-2.9324114071725624,0.0033673982383801435,-3.295634148899243,0.8110424537876797,-4.063454549768855,4.854492848162532e-05,-0.30950488103810303,0.08526386770295527,-3.629965299209333,0.000284199223574769,0.355339556099256,0.34178178894156347,1.0396679038976258,0.2985073700854115,1.88533360728225,0.15037461683498937,12.537578794638485,6.439098059686635e-36,-2.0641817021096114,0.2065161186301194,-9.995257105362624,1.8256034122577586e-23,-3.6644244460153077,0.19532991011070136,-18.76018088544929,7.995811974102539e-78,0.4173584469033659,0.16821230475283985,2.481141005211272,0.013104790520993502,-0.559005498798251,0.2772326653129136,-2.016376743221436,0.04377455773517808,-3.658160825003389,0.1774952953444415,-20.609903028159046,2.3147453855161465e-93,-1.8787094595663596,0.18926978501196104,-9.926092849144586,3.6475278231964807e-23,0.19105035770470002,0.31784760671348455,0.6010753382104821,0.5477969373354773,0.7912236022492907,0.15218177568665334,5.199200749756284,2.022086139325994e-07
5.022,0.0812596233674252,0.08053851480955332,19127,0.32414742011810305,0.06082993044760182,5.328748820407082,1.0001240574968252e-07,-1.867196102051117,0.6169280943915237,-3.026602482567653,0.002476481805286521,2.6284121455287397,0.15547364743023162,16.90583702751447,1.1826097157659341e-63,-0.952951380180689,0.3102776314777924,-3.071286111222281,0.0021343815779987516,-3.360376909501858,0.8144171342488445,-4.126112735338274,3.7050883440510484e-05,-0.30994443902889024,0.08561864359296784,-3.620057805428105,0.00029529818622346204,0.3736100557673982,0.34320391465118144,1.088594971730204,0.2763462625384625,1.911240880019978,0.15100031315818213,12.657198121290222,1.4313329531750961e-36,-2.078685076473455,0.20737541509136126,-10.023777773067602,1.3704525458045567e-23,-3.6791433695607836,0.196142661684991,-18.75748670867718,8.403799855935258e-78,0.3761024289302836,0.16891222221773441,2.226614652227315,0.025984647446724764,-0.5579129630045534,0.27838620746654424,-2.0040969992078432,0.045073756166107884,-3.6784095529062695,0.17823383856415856,-20.638109926483786,1.3085172969411128e-93,-1.8744877273579437,0.19005732090775268,-9.862749397944823,6.847248480604747e-23,0.19089436023809256,0.31917014427362667,0.5980959173751463,0.5497830217760431,0.7757640337933835,0.15281499144811772,5.076491687379791,3.880768607128057e-07
5.076,0.0809805909667285,0.08025926339959433,19127,0.32284645111351973,0.06094339366503708,5.297480689834559,1.1871184151739531e-07,-1.8017397819189633,0.6180788214431708,-2.9150647448363087,0.0035602757575069095,2.647488313413227,0.15576364513586805,16.996830750229947,2.573947514140619e-64,-0.9721975218776316,0.3108563777973527,-3.127481342883714,0.0017657567181468814,-3.2541546356502367,0.8159362283478567,-3.988246290080036,6.681129667922292e-05,-0.2971755643665335,0.08577834403488875,-3.4644590975743577,0.0005324637336610495,0.36611268113811224,0.34384407682309515,1.0647636699772907,0.2869963416768161,1.9246968832429967,0.15128196696311977,12.722579709134854,6.255066313997465e-37,-2.078065354984201,0.20776222273095743,-10.002132859712425,1.7037791171209056e-23,-3.660594376556816,0.1965085173962722,-18.62817156762213,9.085826215875312e-77,0.34978313878371364,0.16922728626689473,2.066942905602454,0.038752968881486646,-0.5856819349046669,0.2789054682080301,-2.09992991054524,0.035748081995254956,-3.6831106590613545,0.17856628978727387,-20.626013249471928,1.67130841941579e-93,-1.8564468064623876,0.19041182591817504,-9.749640273184248,2.0878340060521103e-22,0.20233343909813084,0.3197654773804063,0.6327557332195264,0.526900738921412,0.7669556557114515,0.15310003008739384,5.009506890845492,5.505626247417903e-07
5.13,0.08037209629782227,0.07965029113035149,19127,0.3282863677027816,0.06110114618306837,5.372834851889447,7.841535746849299e-08,-1.7791877214574947,0.6196787239848701,-2.87114540582635,0.004094366711671022,2.646596407365914,0.15616684072049483,16.947236655076825,5.915132018177646e-64,-0.9786396277841755,0.31166103230368275,-3.140076962944114,0.0016916077113252233,-3.3076099724378887,0.8180482865519385,-4.043294297919034,5.291204111359927e-05,-0.2886950502118713,0.08600038204344523,-3.356904275913912,0.0007897407211342246,0.31853918252215485,0.3447341202825572,0.9240140844227083,0.3554906490890165,1.9345717609515094,0.15167356168382615,12.75483834805868,4.151366418192341e-37,-2.0541724000351294,0.2083000170974433,-9.861604567579954,6.925383722285773e-23,-3.6217858318987415,0.197017181446132,-18.38309636405494,7.924104553656118e-75,0.3271652574792771,0.16966533260666594,1.9282976224597528,0.053832913267412935,-0.6011503807069678,0.279627417499931,-2.1498263156083977,0.03158146677226347,-3.6994353439361727,0.17902851022094837,-20.663945308881292,7.75533107613006e-94,-1.8649994728218553,0.1909047086277699,-9.769269109324439,1.7221083440681764e-22,0.19609767395081876,0.3205931931704637,0.611671358370204,0.5407624915208207,0.7600722279217204,0.15349633088071196,4.951728966814213,7.418410975106217e-07
5.184,0.07986745276187024,0.07914525150560037,19127,0.35750174405378343,0.06128667842206744,5.833270023083158,5.5228517109941526e-09,-1.7299782356852926,0.6215603643190224,-2.783282742908882,0.005386472460903941,2.603569097994444,0.15664103777613556,16.621245204691185,1.324179505878392e-61,-0.9787674316225123,0.31260738393117626,-3.130979887020193,0.001744866983179497,-3.3930139123946548,0.820532271545585,-4.135137678379728,3.562566527633327e-05,-0.30810866827964084,0.0862615202451328,-3.5717973367971743,0.00035541082889373963,0.3095085494258264,0.34578089758856334,0.8951001966398486,0.37074480205168403,1.9220702564426415,0.15213411499999227,12.634051582991358,1.9168298767712603e-36,-2.0521550782353652,0.20893251535598403,-9.822095305457152,1.0236830811519723e-22,-3.645189650485468,0.19761541963114854,-18.445876628905054,2.536202509672838e-75,0.2594455324615449,0.17018051752553345,1.5245313402141838,0.12739258123435068,-0.6142648273325116,0.2804764997855374,-2.1900759165284827,0.028530773785307446,-3.7501935596284124,0.17957212621542482,-20.88405165470653,8.773414224670334e-96,-1.8751555117559362,0.1914843864282657,-9.792733218269005,1.3673173809646022e-22,0.18752833465987362,0.32156666710102744,0.583170937306625,0.5597851149522126,0.719381329251642,0.15396241899403662,4.672447561891747,2.9965978210260897e-06
5.2379999999999995,0.07965390283539553,0.07893153396629027,19127,0.37528751701587026,0.06139186588861263,6.112984376412007,9.968148405698727e-10,-1.6142720504827393,0.6226271599377597,-2.5926784990299945,0.009530427253035594,2.568264041022905,0.15690988370391143,16.367764607290216,8.294527984553077e-60,-1.0245645482416184,0.3131439178009446,-3.271864756105213,0.00107030085349044,-3.3868259080178604,0.821940566350992,-4.120524094647969,3.796040626610978e-05,-0.3151082480417651,0.08640957249740913,-3.646682178079439,0.00026635361883096763,0.31556997361284495,0.3463743677770858,0.9110661843659705,0.36227199351968453,1.9113059462249051,0.15239522561234653,12.541770508524761,6.110003063969274e-36,-2.036099091113361,0.20929111011972468,-9.728550295082353,2.566701161698491e-22,-3.679419110868008,0.19795459065291793,-18.587187590508005,1.9257723692249973e-76,0.2534591857411217,0.17047260151433413,1.4868030609587997,0.137083329936968,-0.6339618830235852,0.28095788682098294,-2.2564302792735793,0.02405494757097493,-3.796318287569313,0.17988032919697086,-21.104688347619735,9.38365400660892e-98,-1.8682323966621759,0.19181303464366806,-9.73986152782995,2.2977396596133157e-22,0.14601391714110284,0.32211857795520676,0.453292443012732,0.6503433202093343,0.6827189071997478,0.15422666755855535,4.426724106844489,9.620485387668814e-06
5.292,0.07927142016885702,0.07854875109358783,19127,0.39425447759813154,0.06165828404660916,6.394185042517627,1.6514370324935373e-10,-1.5568557582038034,0.625329133214972,-2.4896581264327513,0.012795037011546058,2.5514011776798022,0.15759081498988492,16.190037330815034,1.4546234377347293e-58,-1.0267665655505211,0.31450284743373524,-3.264728996664673,0.001097615429161737,-3.447602967125357,0.8255074866343267,-4.176343670947874,2.9754572585793036e-05,-0.3207880378194924,0.08678455831686274,-3.696372304485894,0.0002193132465776376,0.31836626456728206,0.3478775053622476,0.9151677232931884,0.36011513301291076,1.902165511523657,0.15305656493975467,12.42785967575045,2.52673762564429e-35,-2.0586014297431374,0.21019935669662973,-9.79356674584982,1.356144305078876e-22,-3.6887221657496174,0.19881364089752843,-18.55366738970814,3.5556595327773326e-76,0.24926451549297973,0.17121239001606703,1.4558789551947033,0.14544251101272196,-0.6201454407648317,0.2821771408963885,-2.1977167916395484,0.027981246325851108,-3.826006698911387,0.18066094378280895,-21.17782968913869,2.0639904235390165e-98,-1.8940015339210547,0.19264543279006435,-9.831541326936339,9.32498121584956e-23,0.1498736501974726,0.32351645431802967,0.46326438175580636,0.6431801485922959,0.6595256927652706,0.15489595467159803,4.25786260308451,2.0737588902966673e-05
5.346,0.07936669855839962,0.0786441042660222,19127,0.40098155416962106,0.06170350028237717,6.498522001743609,8.311546685657026e-11,-1.4438487334765264,0.6257877095434776,-2.307250064929907,0.02105151795188563,2.5268101961902665,0.15770638199853002,16.0222444023465,2.1141768493616507e-57,-1.0511661574644424,0.3147334836753881,-3.3398612222289037,0.0008398063125046966,-3.409257069894329,0.8261128609440578,-4.126865990196944,3.692988918875127e-05,-0.32950291031334566,0.08684820055262317,-3.7940096423033296,0.0001486907800841244,0.32699620202053464,0.3481326164400868,0.9392863138315288,0.3475956345320579,1.9101892334878163,0.15316880681987133,12.471137388529936,1.475611903840314e-35,-2.0642714930172263,0.2103535034397258,-9.813344961039443,1.1160029615832906e-22,-3.707007365549938,0.19895943808601202,-18.631975447916997,8.473246775799238e-77,0.23706847623915925,0.17133794621525544,1.383630897158795,0.16648766298542728,-0.6308786564250405,0.2823840715356108,-2.234115589432182,0.0254869873176562,-3.85003313355937,0.18079342894606745,-21.295205008296374,1.79799951901439e-99,-1.885774389796504,0.19278670660984956,-9.781661935917727,1.524658143633971e-22,0.164927742854635,0.3237537005615712,0.5094234986922387,0.6104612905660203,0.6634548253828793,0.15500954544231502,4.280090129222243,1.8772727153950808e-05
5.4,0.07902339029429417,0.07830052654328234,19127,0.4094384903532162,0.06191690423656852,6.612709330377006,3.8733016239921166e-11,-1.3712602301723438,0.627952020661806,-2.1837022336947918,0.02899625271437148,2.5255072500695097,0.15825181565084598,15.958788464339548,5.776785150303905e-57,-1.0979881924241304,0.3158220016626234,-3.4766045007752666,0.0005089342121680739,-3.3462744063615593,0.8289700043853049,-4.036665245617515,5.4427591063838436e-05,-0.3278837904589213,0.08714856843009391,-3.762354291819868,0.0001688240339887855,0.35735435558940737,0.34933664662624,1.0229512392719153,0.3063438494014236,1.910882517932827,0.15369854709205272,12.432664810997638,2.380475644725437e-35,-2.085581192029326,0.2110810192079822,-9.880477173432457,5.742997804992308e-23,-3.7287203854610564,0.19964754703634607,-18.6765148924281,3.738149001008102e-77,0.21409578287655248,0.17193052516228483,1.2452459077552864,0.21305664020139722,-0.6459879464871048,0.28336070782351297,-2.27973719944774,0.022634248201957665,-3.8595997690045105,0.18141871004766358,-21.274540911411453,2.7656238274977333e-99,-1.8777899529189113,0.19345346692843426,-9.706675112798969,3.178296945690924e-22,0.10875970395516758,0.32487341531953046,0.3347756351445272,0.7377980154016412,0.6293431404972543,0.15554565198057313,4.046034925976947,5.229723112478583e-05
