peth_time,r_squared,r_squared_adj,n_trials,Intercept_beta,Intercept_se,Intercept_tstat,Intercept_pvalue,C(reward_seq_3)[T.001]_beta,C(reward_seq_3)[T.001]_se,C(reward_seq_3)[T.001]_tstat,C(reward_seq_3)[T.001]_pvalue,C(reward_seq_3)[T.010]_beta,C(reward_seq_3)[T.010]_se,C(reward_seq_3)[T.010]_tstat,C(reward_seq_3)[T.010]_pvalue,C(reward_seq_3)[T.011]_beta,C(reward_seq_3)[T.011]_se,C(reward_seq_3)[T.011]_tstat,C(reward_seq_3)[T.011]_pvalue,C(reward_seq_3)[T.100]_beta,C(reward_seq_3)[T.100]_se,C(reward_seq_3)[T.100]_tstat,C(reward_seq_3)[T.100]_pvalue,C(reward_seq_3)[T.101]_beta,C(reward_seq_3)[T.101]_se,C(reward_seq_3)[T.101]_tstat,C(reward_seq_3)[T.101]_pvalue,C(reward_seq_3)[T.110]_beta,C(reward_seq_3)[T.110]_se,C(reward_seq_3)[T.110]_tstat,C(reward_seq_3)[T.110]_pvalue,C(reward_seq_3)[T.111]_beta,C(reward_seq_3)[T.111]_se,C(reward_seq_3)[T.111]_tstat,C(reward_seq_3)[T.111]_pvalue,Port_beta,Port_se,Port_tstat,Port_pvalue
-2.16,0.06528027262867797,0.06325323066094413,3698,0.0075727840758653235,0.11475447525287708,0.06599118735175831,0.947388417526088,-0.3544722778441112,0.1610148575342473,-2.201488007209001,0.0277631966251715,-0.3536732143391435,0.1812104822471445,-1.9517260257427336,0.051046310107415574,-0.8221188151689162,0.14480584885266853,-5.67738680227878,1.4731638294308772e-08,0.7523310238676054,0.1613972200293879,4.661362963566645,3.2523212287113024e-06,0.6354419996879787,0.15223510034176918,4.174083363569936,3.0609335574590046e-05,0.7122872148982692,0.14526238142621584,4.903452689573772,9.822608994050364e-07,0.28980036198415876,0.120927183290143,2.3964864979020883,0.01660259392531118,0.016837849532677116,0.027520019670844578,0.6118400253367395,0.5406813100762271
-2.106,0.05744477510142687,0.055400741000264486,3698,-0.007679918932754432,0.10710210400557856,-0.07170651785098837,0.9428393561265259,-0.26112631359576277,0.1502776251651589,-1.7376260325432902,0.08236018262636792,-0.2955394454009551,0.16912651008831245,-1.7474460109573235,0.08064320562674962,-0.7173899567121257,0.13514950985796745,-5.30812103918136,1.1729081179046221e-07,0.7261245654022858,0.15063448992038644,4.820440297478076,1.4901714347392004e-06,0.5441027306728432,0.14208334371425801,3.8294617542720646,0.00013055728890523866,0.6254145294448401,0.13557559867991756,4.6130316630309744,4.1031525949760044e-06,0.2379291662407664,0.11286318667138728,2.108120222881191,0.035087865867939876,0.014241846573291458,0.025684854577804072,0.5544842206581442,0.5792811145251964
-2.052,0.055427044966553596,0.053378635196895896,3698,-0.049742464256617755,0.09844921953913371,-0.5052601177487756,0.6134063346747984,-0.21653518164206173,0.13813654782107526,-1.567544470001771,0.11707324784242487,-0.2240785829217015,0.15546261276720139,-1.4413663769902645,0.14956608116351158,-0.6408028324032012,0.12423064784908734,-5.158170254264748,2.624981038363255e-07,0.6892539686440564,0.1384645811212553,4.977835942322806,6.723987017903324e-07,0.5108316491355508,0.13060429043906177,3.911293016624887,9.345595983525567e-05,0.5644091897936778,0.12462231253546129,4.528957762945341,6.1149638082654185e-06,0.21406881501021996,0.10374485866233675,2.0634161323305644,0.039142912953599916,0.007338059180251669,0.02360974987969656,0.3108063074637697,0.7559654340597143
-1.998,0.05121067779859301,0.04915312437554853,3698,-0.06044807382943082,0.0896168495268464,-0.6745168363826768,0.500025052433019,-0.1843345026928432,0.12574362984481058,-1.4659549984388387,0.14274577620827403,-0.20579273091662675,0.14151528717676282,-1.4542084817986962,0.14597358590515255,-0.5691923069140643,0.11308529744604888,-5.033300701053703,5.051381369719085e-07,0.6465624438267945,0.12604223364319153,5.129728545251944,3.0509986931328107e-07,0.43165524051519755,0.1188871288023309,3.630798765717475,0.0002863831699575919,0.46096049634083586,0.11344182394192223,4.063408717554027,4.936821838374355e-05,0.15889646744147046,0.09443739047855927,1.6825588533976459,0.09254514854883907,0.009684915774789067,0.021491601581404108,0.4506372285985921,0.652277513858867
-1.944,0.04951646708488999,0.04745523958060138,3698,-0.07248950311509936,0.08170083279677474,-0.887255375908004,0.3749992647746586,-0.2175172807345461,0.11463646994344324,-1.8974527115311546,0.05784622610649079,-0.14553138176106953,0.12901498855248947,-1.1280191812896252,0.259385175672465,-0.5090219855152953,0.10309627070348433,-4.937346249694093,8.270031467793221e-07,0.6276585104302107,0.11490869753382175,5.462236748836774,5.012363911279394e-08,0.4039874625604515,0.10838561591096882,3.7273162048762893,0.00019643176697934744,0.34739605415888286,0.10342130457580588,3.359037633336447,0.0007900825714909135,0.09623818053691567,0.08609556673760489,1.1178064583769176,0.2637224518899142,0.01825298041196021,0.019593209944422225,0.9315972453587907,0.3516056697556016
-1.89,0.04488726422584077,0.04281599778881373,3698,-0.17043827493180352,0.07549760520898996,-2.2575322019817974,0.02403307039998367,-0.12873894226253638,0.10593256707517895,-1.2152914426322932,0.224332726402041,-0.05940101320592479,0.11921938049281085,-0.49824963827510227,0.6183378023079222,-0.36226225205384976,0.0952685704373638,-3.802536874341221,0.00014553841313891624,0.6441783792264785,0.10618412547968767,6.066616608804727,1.4380924379596015e-09,0.43368674269459645,0.10015631616306575,4.330098782671935,1.5300384459617095e-05,0.34806463575294455,0.09556892574748801,3.642027291094598,0.00027421649817437657,0.12374599314197461,0.07955866403428556,1.555405619790783,0.11993527725463216,0.01162148856882694,0.018105573450399884,0.6418735424571854,0.5209951755253304
-1.836,0.04122099547969882,0.039141778337882016,3698,-0.18826588245218745,0.07005145106431553,-2.6875372257362247,0.0072304194147398285,-0.12026719840838312,0.09829093277915774,-1.2235838546634017,0.2211874009246145,-0.009750209964398631,0.11061927825911609,-0.0881420500824423,0.9297685595329677,-0.320093232198867,0.0883962025217405,-3.621119720840293,0.0002972751220852688,0.5629577281488067,0.09852434457035932,5.713894678556131,1.191580131847336e-08,0.4123833551119047,0.09293136200886629,4.437504693760547,9.366672969123019e-06,0.2992158723624267,0.08867489116690785,3.3743021099313126,0.0007476699543319366,0.1003519753959243,0.07381955818217714,1.3594225956794348,0.17409580451184606,0.004645189459065315,0.016799495679911066,0.27650767306188007,0.7821736572524928
-1.782,0.03572563395975081,0.03363449952539965,3698,-0.15419812291429022,0.06599949994935543,-2.3363528971070053,0.019526131980692498,-0.09875749882954184,0.0926055394202205,-1.0664318727350133,0.2862982477037578,-0.06496242353964582,0.104220782566763,-0.6233154457272609,0.5331157838033544,-0.3221943080791239,0.08328314510573699,-3.8686616321953653,0.00011132403211231382,0.4590042318149565,0.09282545008970033,4.944810193448083,7.961394485003708e-07,0.347441720740385,0.08755597962655325,3.9682237834846377,7.378759840979145e-05,0.18601306028799808,0.0835457137027204,2.2264823896278614,0.026042049431183115,0.013739288891903867,0.06954965032819832,0.1975464840882656,0.843410792730915,0.005085284874380064,0.015827770837430845,0.3212887605343612,0.748009774292395
-1.728,0.029527065119019702,0.02742248841014261,3698,-0.21846273856633652,0.06290996298666586,-3.4726254506403222,0.0005213165841672408,-0.04605989830345205,0.0882705332882328,-0.5218037842033999,0.6018382815507988,0.02878869468506093,0.0993420492389722,0.2897936463521938,0.7719903954584366,-0.22808370490582353,0.07938453442882797,-2.8731503755345633,0.004087221556440905,0.4144426475261449,0.08848014960484074,4.684018385785717,2.9144374758820845e-06,0.3469349281356591,0.08345735106772621,4.1570325884668815,3.297331384826453e-05,0.2254337403088397,0.07963481179048014,2.830844140147625,0.004667664956514849,0.033490986240805216,0.06629392542731288,0.5051893672750752,0.6134560167351819,6.374358403546524e-05,0.015086848814131481,0.004225109220671595,0.9966290890689977
-1.674,0.0246182827539414,0.022503060813586773,3698,-0.24578238310649153,0.06041975862891868,-4.067914018260457,4.842778219904915e-05,-0.0005462300232559948,0.0847764656363155,-0.006443179945708984,0.9948594701593225,0.08545209810809307,0.09540973085603408,0.8956329437406515,0.3705072709358298,-0.15801640193799227,0.0762422068198561,-2.0725580820522542,0.03828272142965251,0.40760656439231296,0.08497778457933916,4.796624981576835,1.6774243548651068e-06,0.3299009200962563,0.08015380661390198,4.115848442300155,3.9419399881680045e-05,0.20446280846813866,0.07648257729638161,2.673325294410702,0.00754341681327109,0.04432918573032663,0.06366977157069319,0.6962359788130776,0.48632492203555155,-0.006601836650881586,0.01448965665444787,-0.45562409160710027,0.6486871324393548
-1.6199999999999999,0.01747853210970307,0.015347826839135936,3698,-0.24690404521099577,0.057952448219340785,-4.260459269580869,2.091012393154864e-05,0.024188293947229586,0.08131452105231994,0.2974658601465068,0.7661276181026401,0.06400744685245592,0.09151356464388628,0.6994312493621354,0.4843266624041852,-0.09096241191240152,0.07312876852078642,-1.2438663162575476,0.21362780079248564,0.3367101716117612,0.08150761890451108,4.1310269657886645,3.69156411622241e-05,0.25084997536085357,0.07688063363351344,3.2628499988260273,0.0011130279303711802,0.18023135903788481,0.07335932319214579,2.4568296324901384,0.014062647115174168,0.00936583847897971,0.06106974314064534,0.15336299118550278,0.8781204164861415,-0.011471987850891638,0.013897954841895153,-0.8254443176279089,0.40917275823828103
-1.566,0.013344286282941709,0.011204615448098587,3698,-0.20452682210255835,0.05699592479475355,-3.588446416810925,0.00033697755389621104,-0.010796425305521867,0.07997239925185252,-0.13500189323470588,0.8926177426204123,-0.04836713765272588,0.09000310441418123,-0.5373941039872061,0.5910278280417047,-0.1104701944529969,0.07192175514601747,-1.535977455343204,0.12462966780131188,0.21483067514085155,0.08016230996312844,2.6799461647208687,0.007396120150610063,0.19455245263097135,0.07561169454246358,2.573047116695825,0.010119483627691649,0.09597848647463915,0.07214850443985475,1.3302907277121705,0.18350473218875482,-0.052430589319075696,0.06006176778080441,-0.8729444912514277,0.38275015034938764,-0.010152454191887848,0.013668564716566647,-0.742759346164767,0.4576746862762391
-1.512,0.011265172230886744,0.00912099260980992,3698,-0.1430410393151742,0.056024766439705095,-2.5531751117448684,0.01071448395170363,-0.03792670514722197,0.07860974281656548,-0.4824682512411127,0.6295019728067432,-0.11027682189249847,0.088469533950207,-1.2464948889022653,0.21266190814927868,-0.10903029352637449,0.07069627431258367,-1.5422353523793475,0.12310218340666725,0.08439487536573008,0.07879641762326342,1.071049648084684,0.2842171733659786,0.12190713948514635,0.07432334052138724,1.640226860498371,0.1010432633453499,-0.0010063082433311502,0.07091916000613718,-0.014189511596641394,0.9886795549840423,-0.13432905076962912,0.05903837026932693,-2.2752838561910482,0.022946026702393298,-0.013917641471786158,0.013435664893047402,-1.035872923489493,0.3003293276181084
-1.458,0.01085029821390171,0.008705218893140465,3698,-0.08644725677781312,0.054898164193590615,-1.5746839270065405,0.11541516985941326,-0.04649257592139483,0.07702897919269681,-0.603572530866446,0.5461649895307268,-0.1663421905626008,0.08669049974810512,-1.9188053021488862,0.055086061086625324,-0.11903408265580108,0.06927464265762266,-1.7182922652391786,0.08582722839965815,-0.028144133649903685,0.07721190015498122,-0.3645051293053562,0.715501736503581,0.03898816106954361,0.07282877217793432,0.5353400847440931,0.5924469821851034,-0.1273717970341841,0.0694930463418981,-1.832871110693996,0.06690228994418349,-0.1994275136195182,0.057851167452088154,-3.447251324438394,0.0005726531362241833,-0.01713091062623817,0.01316548705548624,-1.3011983950187003,0.1932718157715425
-1.404,0.008968757873975775,0.006819598227185919,3698,-0.07825501412815301,0.05530034876310399,-1.4150907883670387,0.15712628500176243,-0.02441213400132955,0.07759329436227921,-0.3146165426016134,0.7530706097776189,-0.15754143956824565,0.08732559532614927,-1.8040694595879905,0.07130195667332537,-0.09881721741432614,0.0697821494703678,-1.4160815934207895,0.1568360424123644,-0.06108942763640607,0.07777755540559461,-0.7854377438045815,0.43224739950286095,0.00659143110253742,0.0733623165835957,0.08984764126179882,0.9284131665577021,-0.12011106906916931,0.07000215318249538,-1.7158196370908785,0.08627902271008635,-0.18465627734235637,0.0582749857567498,-3.168705662377073,0.0015437122201117355,-0.02942011868521216,0.013261937562012702,-2.2183876637666216,0.026589073989101857
-1.35,0.012199442604981958,0.01005728905140113,3698,-0.044201312963570626,0.0549313146843444,-0.8046651207524829,0.4210648064166306,0.048292377169706885,0.07707549347054217,0.6265594288820735,0.5309868387879104,-0.15575965311928233,0.08674284817637326,-1.7956483605723665,0.07263226890886228,-0.047881879670199766,0.06931647444625579,-0.6907719997693299,0.48975229517823304,-0.10345022879601101,0.07725852489043036,-1.33901377152523,0.180648689849406,-0.05671149630305404,0.07287275014284733,-0.7782263766893177,0.4364854796649984,-0.15430418663429096,0.06953501001452814,-2.219086279013288,0.026541474677078864,-0.21226261477115763,0.05788610112646301,-3.666901218781867,0.00024896893715685425,-0.023664384859363674,0.013173437091035023,-1.79637134149812,0.07251726503876951
-1.296,0.016698284976924604,0.014565887655107246,3698,0.0029914102177233527,0.054944447233831295,0.054444268134914146,0.9565841584193147,0.05109420231912246,0.07709392007726086,0.6627526822856799,0.50753036823147,-0.08983073152358838,0.08676358597871527,-1.0353506083257733,0.30057306681172496,-0.003856174443723885,0.06933304608733436,-0.055618131054944724,0.9556490322831862,-0.1467742852576794,0.07727699525487074,-1.899327021885317,0.05759942404107066,-0.08939417855050505,0.07289017199053105,-1.2264229334253456,0.22011783463978177,-0.20358333916247767,0.06955163390138275,-2.9270820503101116,0.0034424992894880923,-0.24225336986328258,0.05789994008320408,-4.18400035501171,2.9309470342988336e-05,-0.012912962282913023,0.01317658649343882,-0.9799929814404461,0.3271538462765452
-1.242,0.022883790432835838,0.020764807056165457,3698,0.09303670907977869,0.05530266590871194,1.6823187011156804,0.0925916867355211,0.002971448145127852,0.07759654560689629,0.03829356219259029,0.9694556957002285,-0.1625663429707168,0.08732925436491118,-1.861533619552302,0.06274833318072444,-0.019768515182107187,0.06978507341939842,-0.28327712809444516,0.7769803038067722,-0.29374495922515126,0.07778081437095263,-3.776573459673762,0.00016150646980419764,-0.20029800544437237,0.0733653905455772,-2.7301429727950555,0.006360755968748203,-0.27794472077868587,0.07000508634992418,-3.9703503741051653,7.313484606340648e-05,-0.3155410971727287,0.05827742754292873,-5.414465093544025,6.539378294505758e-08,-0.014855790101947172,0.013262493251824105,-1.1201355446423265,0.2627289253891379
-1.188,0.022152424443658614,0.020031855019844502,3698,0.1028125507046031,0.056530145891579085,1.818720774253625,0.06903508708407127,0.03504470944436289,0.07931885329147208,0.4418206768015732,0.6586448722308752,-0.12602572853475652,0.08926758608708509,-1.4117748004500983,0.15810062055282428,0.017988977166689155,0.07133400020832797,0.25217956534265706,0.8009163208342132,-0.2813402699671651,0.07950721202507384,-3.538550312623716,0.0004072914419823106,-0.27525116122790605,0.07499378488878262,-3.6703196356352645,0.00024567477017479436,-0.272542138969003,0.07155889647429074,-3.808640887397143,0.00014200654159762877,-0.2836021989385743,0.05957093436735591,-4.760747870592149,2.0028374678857663e-06,-0.014924947778193393,0.013556863237827982,-1.1009145343111537,0.27100568415514353
-1.134,0.027820535383318967,0.025712257878051092,3698,0.15980143340479028,0.056057266220405695,2.8506818862069325,0.004386779970154145,0.045984688267074185,0.07865534406695568,0.5846352693839789,0.5588287395530751,-0.13561528835983436,0.08852085483264496,-1.532015123625103,0.12560444961225725,0.013415550585365865,0.07073728498621105,0.18965317354180306,0.8495913508739746,-0.392784452245145,0.0788421271630882,-4.981910894319913,6.584818706210773e-07,-0.3224270209087196,0.07436645524406048,-4.335651334335601,1.4921096671684445e-05,-0.2947163652102833,0.07096029997501417,-4.153257036879155,3.351973881235037e-05,-0.3022102924316806,0.05907261823158732,-5.115911592861863,3.2813479964198015e-07,-0.015581241524200632,0.013443458877571384,-1.1590202838494081,0.24652293488333463
-1.08,0.03376729655223509,0.03167191524901425,3698,0.17404130154948771,0.056708524919128166,3.0690500554843814,0.002163013928238721,0.0639419104228623,0.07956914134032265,0.8036018655696985,0.42167872150775176,-0.06077562747678898,0.08954926703707607,-0.6786836954413715,0.4973808718673075,0.10879778134971443,0.07155909231427712,1.5203907404511283,0.12849850128344684,-0.409644148774914,0.07975809443375137,-5.136082446342452,2.9503889677237487e-07,-0.3620281271163729,0.07523042532566285,-4.812256816962015,1.5521261872398407e-06,-0.2947491082062789,0.0717846982330559,-4.106015842670923,4.112649340101971e-05,-0.2593111545359139,0.05975890850354547,-4.3392886689108305,1.4677515155155308e-05,0.007549835404226318,0.013599641476639142,0.5551495910531972,0.5788260048028537
-1.026,0.03495249919876653,0.03285968813712126,3698,0.19549946808795446,0.0574878900784653,3.400706963172887,0.0006792608718717354,0.02201580271114546,0.08066268797387477,0.2729366360599834,0.7849172010540286,-0.03054542352299339,0.09077997404051873,-0.3364775529607416,0.7365299143904465,0.13822975738856833,0.07254255403300586,1.905498906554568,0.056792916048548484,-0.4287298754540961,0.08085423791597797,-5.302503449474388,1.2093100260425093e-07,-0.3923283709002999,0.0762643434623901,-5.144322406627383,2.824678753692063e-07,-0.31470195290571507,0.07277126053310089,-4.3245362331269375,1.5689565164265676e-05,-0.22784954763049753,0.06058019615498937,-3.7611226455517492,0.00017177718875715383,0.017919239539980904,0.013786546122130875,1.2997627818628203,0.1937634957165848
-0.972,0.03125404487883321,0.02915321331446108,3698,0.18751059373664672,0.05921007317753698,3.166869819167597,0.0015534636640936246,0.05447926837527526,0.08307912590131816,0.6557515836166359,0.5120248664143439,0.01749455254539034,0.09349949874064878,0.18710851695491076,0.8515858399725127,0.148101743722531,0.07471573451238366,1.982202874522823,0.04753062596519658,-0.43866595562784527,0.08327641416626583,-5.267589389139945,1.461315697054464e-07,-0.3421417347425232,0.07854901877737311,-4.3557735038324985,1.362034328401168e-05,-0.2942033709745277,0.074951292446208,-3.9252608110217087,8.821674093204708e-05,-0.15842499421314235,0.062395016455650425,-2.539064867876889,0.011155660837671224,0.02329575402638233,0.014199554091177909,1.6405975762897957,0.100966230925381
-0.918,0.034900634660075425,0.03280771112450509,3698,0.23144731151399042,0.06115027909981061,3.78489378823959,0.00015621794318510283,0.06899024840195404,0.08580147707301383,0.8040683069272332,0.42140933734426544,-0.03330174869315548,0.09656330649245283,-0.3448695980160773,0.7302120675254065,0.16265215806207278,0.07716403262803177,2.1078752952963904,0.035109066084181836,-0.4519413194592023,0.08600523011396168,-5.254812048759769,1.5656813472830538e-07,-0.385566496896485,0.08112292661504251,-4.752867197779202,2.0820400987069774e-06,-0.3411097443078361,0.07740730936498738,-4.406686488732622,1.0794914476189198e-05,-0.16019875409525997,0.06443958715031292,-2.4860301125390127,0.012961643040640463,0.03191196066751491,0.014664847536412158,2.1760854034301373,0.02961212430927723
-0.864,0.031185243420688735,0.02908426265282915,3698,0.24687742465272236,0.06369540535342282,3.875906327668199,0.00010807592592646072,0.026158828110790518,0.0893726070026221,0.2926940254749763,0.7697724982958629,-0.035272935306433675,0.100582352850171,-0.35068711664536995,0.7258431155296163,0.14897140513266977,0.08037566482607354,1.853439165387084,0.06389922563023594,-0.4491076306984684,0.08958484041719054,-5.013210143669448,5.604673576707364e-07,-0.3977183954741618,0.08449933132385505,-4.706763819820687,2.6092441656416914e-06,-0.33758754777876226,0.0806290669462528,-4.1869211757565985,2.8936744245020354e-05,-0.12536235857141226,0.06712161718259614,-1.8676897821215974,0.061884557631555065,0.03815937641157745,0.01527521087439827,2.4981243614471964,0.012528441420235858
-0.8099999999999999,0.027528097738092394,0.02541918604980431,3698,0.22089129736961663,0.06607019064603627,3.343282276163199,0.0008361937397024685,0.008775281056144241,0.0927047272944187,0.09465839889992922,0.9245913033732129,0.04458167041782041,0.10433241128719148,0.427304131743896,0.6691827626520369,0.199748390188429,0.08337234795657396,2.395858999826557,0.0166309974663932,-0.3604067789308804,0.09292487350565938,-3.878474786505151,0.00010694601105629596,-0.37904566969464953,0.08764975902189903,-4.324548908342647,1.5688667711959687e-05,-0.27313555822514773,0.08363519778534036,-3.265796763297942,0.0011015440793181893,-0.039012239765419406,0.06962414351737978,-0.5603263149036951,0.5752909065649929,0.032213063047239365,0.015844723634774176,2.0330466967907124,0.042119263134355774
-0.756,0.025412703073706022,0.023299203920707945,3698,0.1643834502329826,0.06753603193837182,2.434011082898478,0.014979684639268196,0.0059412943123407615,0.09476148565903253,0.06269735294905063,0.9500109019806586,0.12442490329152084,0.1066471428642961,1.1666970155013545,0.24340816225181794,0.2927411402438897,0.08522205701717656,3.435039595264493,0.0005990039443182943,-0.3133346627151243,0.09498651606091399,-3.298727816421708,0.0009804556797935477,-0.25549500118632396,0.08959436724508217,-2.85168598252864,0.0043729791114604745,-0.11493406318005674,0.08549073846424042,-1.344403677459542,0.17890054657157875,0.0987025554350258,0.07116883324073833,1.386878931977863,0.16556247578907918,0.019395922255151934,0.016196256602098686,1.1975558755125328,0.23116690431960576
-0.702,0.027934145505082775,0.02582611437579052,3698,0.09915468225301687,0.06924780858373128,1.431881878733008,0.152262347652884,0.06684321236127942,0.09716332203252154,0.6879469635559221,0.4915294337681161,0.2728315703540968,0.10935023458007828,2.495025012079873,0.012638216503939965,0.3601337155294301,0.08738210584865977,4.121366863750786,3.849101593907318e-05,-0.1810478429913644,0.09739405608289077,-1.8589208651221694,0.06311793319019121,-0.1246204299992119,0.09186523719411677,-1.3565569937612139,0.17500502464290374,0.03476056856819275,0.08765759732901884,0.3965494107455458,0.6917227012578269,0.2910346149002928,0.0729726873186644,3.9882677422769683,6.784803164718255e-05,0.0012080043823019333,0.016606768931561874,0.0727416866748877,0.9420156187382847
-0.648,0.035859120583993764,0.033768275629987854,3698,0.08202235924671945,0.07199025797052802,1.1393535953197786,0.2546296781068234,0.11888436265547754,0.10101132095663226,1.1769409758191243,0.23929499810249313,0.2817191010919453,0.11368087680405,2.4781573560304277,0.013250709916871592,0.41707377147921587,0.09084273525344308,4.591162631944288,4.554795638740996e-06,-0.11259863738827547,0.10125119286230538,-1.1120722058198547,0.2661795720744754,-0.048030648692354225,0.09550341388972028,-0.502920751585029,0.6150500137752768,0.20233088850899614,0.09112913713597703,2.2202656018468714,0.02646129000066802,0.4539764672485741,0.07586265460691442,5.984189053241974,2.382181571340011e-09,-0.005047470334828914,0.017264453617972828,-0.2923620084665953,0.7700262940051992
-0.594,0.044090258957486084,0.04201726412735873,3698,0.054595206511741635,0.07647419832425457,0.7139036133501541,0.47533194724964367,0.11284706748048094,0.10730284915765763,1.0516688826657092,0.29302037558108657,0.35592624913075954,0.12076153306669841,2.947347885474227,0.00322521318158827,0.45404445404824745,0.09650090926099515,4.705079543035646,2.630748441905036e-06,-0.029269296400711638,0.10755766157539298,-0.27212655957748955,0.7855399373138575,0.0684871491459477,0.10145188002293067,0.6750702809101998,0.49967342170354445,0.3284765452170454,0.09680514979273916,3.3931722219356835,0.0006981632827094265,0.6112999794208981,0.08058778864480079,7.585516238884125,4.166997638841998e-14,-0.014510570894449105,0.018339776619237257,-0.7912076136864415,0.428873714881447
-0.54,0.06065319133991409,0.058616115040298955,3698,-0.10160472914787064,0.08326618079607526,-1.2202400563646336,0.22245188320988582,0.1593963964496533,0.11683284864277917,1.364311478332723,0.1725527771320442,0.5224325420941447,0.13148685263633256,3.9732682897132916,7.224808558576497e-05,0.6067861159661245,0.10507154482929977,5.774980437871309,8.331947708460817e-09,0.08372767773429968,0.1171102919806521,0.7149472204213477,0.47468689854460433,0.24369005848748987,0.11046223130412165,2.206093934646032,0.0274388426123294,0.5086767551929264,0.10540280619165204,4.826026683464277,1.4492521481187562e-06,0.8617005201765577,0.0877451156898975,9.820495572903658,1.7294810668854812e-22,-0.030814441154638487,0.019968606264587848,-1.5431443109419483,0.12288153827232323
-0.486,0.06786499641539079,0.06584355970390354,3698,-0.25622636258866155,0.09233984182284088,-2.774819162894453,0.005551055351625045,0.2497179125942395,0.12956432804102677,1.9273662463264263,0.05401070117189821,0.6602346677840014,0.14581520442203857,4.527886309256604,6.145870941338455e-06,0.6862229869221255,0.11652137442667951,5.889245559439636,4.226509498750015e-09,0.15637820896014237,0.1298720048635861,1.204094824934732,0.22863018182697342,0.3747112616085614,0.12249949341379464,3.0588800913879144,0.002237612516098245,0.6889131506361709,0.11688873391776199,5.893751498077319,4.113845676856702e-09,1.0603826159722956,0.0973068540681034,10.897306527145066,3.0741151241884664e-27,-0.04666316294059712,0.02214462013588046,-2.107200875619889,0.03516749841861661
-0.432,0.07461277398853672,0.07260597057078355,3698,-0.34660856601858914,0.10075683317744928,-3.440050218809028,0.0005880581644433867,0.21118407470291653,0.14137441789454022,1.493792709091482,0.13531533116834701,0.6474220865416049,0.15910659945545708,4.069108941787515,4.8181219529632284e-05,0.6602916927679144,0.1271425687217498,5.193317229675892,2.1774693910147575e-07,0.12241831441214743,0.14171014017509875,0.8638641826257873,0.38771866783822573,0.368248500658296,0.13366560715899684,2.7549981516207085,0.005898049244640388,0.743840027840387,0.12754341388488277,5.832053613617061,5.94550603870094e-09,1.156262806876197,0.10617660014159923,10.889996527805392,3.322797602243017e-27,-0.0793566877740134,0.024163153767250492,-3.2842024074510263,0.0010322604700355091
-0.378,0.074525835280285,0.07251884332643377,3698,-0.441349008066776,0.1076128637816036,-4.101266266479794,4.197601140358648e-05,0.23822117507588078,0.1509942849066607,1.577683388633819,0.11472410509859494,0.5892702416953775,0.16993305837431164,3.467661015065071,0.000531009896563356,0.6752457377975969,0.13579402505237817,4.972573259663984,6.907919227988765e-07,0.14150103260723987,0.15135285151605946,0.9349082702430997,0.3498967668242018,0.4191617363172575,0.14276092570469778,2.936109683011563,0.0033441112636528126,0.7933055370305856,0.13622214585150821,5.82361650575777,6.250846199231593e-09,1.2287995298456653,0.11340142050424222,10.835838954942345,5.9040039858704535e-27,-0.10100571367544711,0.025807343213234725,-3.9138361837900684,9.248065385327143e-05
-0.324,0.07071535285353936,0.06870009745175798,3698,-0.47058363175159407,0.11428055016870506,-4.11779284451205,3.908988641253117e-05,0.1922203177024262,0.16034988146475887,1.1987555958666032,0.23069999214288855,0.6470028941243285,0.1804621001656389,3.5852563697888398,0.000341109034419602,0.6515405732473007,0.14420781444961042,4.518067039112948,6.436169113111182e-06,0.15464545706826746,0.1607306648391088,0.9621403434314626,0.336042171462555,0.39351400630208727,0.15160638383564234,2.595629526581802,0.009479206965425434,0.7750597869132907,0.14466246158698742,5.357711865335826,8.943834547537015e-08,1.2362423903087076,0.12042776550802013,10.265426623948922,2.1409471599622886e-24,-0.12678237691213068,0.027406364603273753,-4.6260194939166155,3.8555916896667215e-06
-0.27,0.08229037624537838,0.08030022254788949,3698,-0.5689244404604836,0.11852392661764988,-4.800080934677394,1.6489121986420173e-06,0.2346072957824857,0.16630386846949577,1.4107146029830238,0.1584131017893038,0.6506733409504704,0.18716287842265236,3.4765085172558408,0.000513849963575854,0.7009340377118249,0.1495624267846572,4.686565020244309,2.878635174872962e-06,0.2564936245356066,0.16669879079575378,1.5386651775409286,0.12397182213246992,0.4924672640278682,0.1572357140911246,3.1320318470551993,0.0017496070314295363,0.91005013293562,0.15003395552570586,6.065627809030855,1.4468807412177884e-09,1.396910990478084,0.1248993955728159,11.184289436082098,1.396118777075983e-28,-0.1663123158616002,0.02842399640445993,-5.851123589204528,5.307872757471283e-09
-0.216,0.09767253833737688,0.09571574254087356,3698,-0.747578706794925,0.12259516739039832,-6.097945968900203,1.1850707705695747e-09,0.24531400531414302,0.17201632762690255,1.4261088391924084,0.15392154336034586,0.6827759810367163,0.19359183469776273,3.526884189628515,0.0004256014399691085,0.7453506155692871,0.15469982534521268,4.818044324911402,1.5080600043129532e-06,0.33172101560693334,0.17242481534812015,1.9238589001078488,0.05444912854094669,0.5946677194193333,0.1626366864382952,3.656418071730401,0.0002593313503332228,1.0245273266112347,0.15518755087530525,6.601865425625878,4.640250101772601e-11,1.5744077502832148,0.12918963068617031,12.186796586699696,1.5985243026238712e-33,-0.2031870650214922,0.02940034722567091,-6.911043038433214,5.643827459387157e-12
-0.162,0.10300851072499861,0.10106328656826247,3698,-0.8836062314822543,0.12546194291594423,-7.042822795070567,2.237105466827211e-12,0.23067983499658087,0.17603877164759332,1.3103922098387044,0.19014476739371924,0.6288696929220376,0.19811880215880265,3.174205002602254,0.0015148378815477038,0.7138329033254234,0.15831733884550925,4.508873813385676,6.719820326786665e-06,0.31589678213952876,0.1764568114794414,1.7902215249782705,0.07350028617642453,0.5852776217608185,0.1664397961542962,3.5164524067203455,0.0004426225319284143,1.0743709944755422,0.15881646938970323,6.76485882480648,1.545499975325135e-11,1.6130135521147253,0.1322106116863923,12.200333479591212,1.3625531055758e-33,-0.2284733901084818,0.030087847374846495,-7.593543907015629,3.9204194740808764e-14
-0.108,0.10330885700143799,0.10136428417845389,3698,-0.9780931845370494,0.1267750111531084,-7.715189102652013,1.544185411957573e-14,0.19959679750203907,0.1778811703398782,1.1220794034616972,0.2619017084337337,0.5969755772452553,0.20019228755408328,2.982010868345657,0.0028823497779010806,0.7191336220208685,0.15997426734668568,4.495308113913155,7.160329235930587e-06,0.26792918967030893,0.1783035853217703,1.5026573312409757,0.13301302491685627,0.5176756760133442,0.16818173322820798,3.0780731419321463,0.002098744796548741,1.0388531116099626,0.16047862172568206,6.473467309469736,1.0839165366938811e-10,1.5922022372691296,0.1335943106056555,11.918188956182437,3.6780028315256444e-32,-0.24112023851878406,0.030402742838716555,-7.930871230859081,2.8606442708395408e-15
-0.054,0.1021445690869559,0.10019747137828039,3698,-1.1256599011978408,0.12712635741085324,-8.85465393741974,1.27918102314183e-18,0.2285112804822395,0.17837415301015144,1.2810784333155865,0.20024664437948342,0.604506365764885,0.20074710360514678,3.011283126425076,0.0026190972291458303,0.7084085034861072,0.16041762254465797,4.416026694878217,1.0341432319921464e-05,0.27280234064569964,0.17879773867956117,1.5257594568050563,0.12715550568608872,0.5015081504677816,0.16864783472607653,2.9737005001122485,0.002961372103087296,1.047047092191252,0.16092337469930448,6.506494747253007,8.727018129807758e-11,1.593131234280866,0.133964555977045,11.892184635418422,4.96580529659916e-32,-0.2377441184845037,0.030487001477894744,-7.798212581085916,8.111037327676226e-15
0.0,0.09923211423350986,0.09727870054792254,3698,-1.3030800889308882,0.1279712295351879,-10.182601930636165,4.915753752566525e-24,0.2186309718577817,0.17955961409508633,1.21759546521416,0.22345561562552985,0.5748980286513872,0.2020812536219586,2.8448855019816515,0.004467223630271143,0.7396372677155619,0.16148374589075534,4.580258301760789,4.797429086735526e-06,0.22226103993973445,0.17998601488271102,1.2348794993020553,0.21695400077308094,0.42638082958165013,0.16976865543777972,2.5115403575657043,0.01206294433328563,0.9984042433292619,0.1619928592358425,6.1632608254398615,7.892897785878122e-10,1.5808058330220618,0.13485487425013207,11.722274347236015,3.4790864545530744e-31,-0.2090567407016546,0.030689615776202522,-6.811969958377983,1.1195219826339813e-11
0.054,0.09991042626760771,0.09795848357585957,3698,-1.33737077080428,0.12811216802479222,-10.439061265011707,3.6732374320745776e-25,0.16857932351362856,0.17975736839420817,0.9378159294362491,0.34840040686291096,0.559181197113367,0.20230381166696818,2.764066541830112,0.0057369376124945005,0.712175890035081,0.1616615927030752,4.405349954352724,1.086133862532234e-05,0.15826467906143854,0.18018423878959697,0.8783491837276948,0.37981145601339317,0.38668538680458986,0.1699556266653475,2.2752137978108595,0.022950231408673468,0.9809625021163326,0.1621712667497056,6.0489291461868255,1.6034522585300275e-09,1.5742945646635846,0.13500339390069435,11.661148058408092,6.9648226284132036e-31,-0.18132353289115893,0.030723415155248457,-5.901802647098742,3.919776588391435e-09
0.108,0.10469691643396717,0.10275535376968747,3698,-1.3069286541474017,0.1252101592011702,-10.437880300492319,3.717885548178872e-25,0.2047777773853909,0.17568548765693026,1.1655930157718581,0.24385439014443988,0.5652460097086689,0.1977212067859369,2.8588031546895882,0.004276279962647996,0.7136718048644699,0.15799961917083177,4.516921044555406,6.470892425397251e-06,0.1073877118389753,0.17610268854416022,0.6098016601946785,0.5420307594940643,0.3704987000355347,0.16610577589932504,2.2304985966297166,0.02577427390761839,0.9553633385921471,0.15849774803324357,6.027614590408992,1.8274590317435144e-09,1.5724131011490707,0.13194528438339295,11.917160272133072,3.7219839725775523e-32,-0.1821653300059081,0.030027465478906404,-6.066623576134822,1.4380306984285858e-09
0.162,0.10045645043136542,0.09850569185274016,3698,-1.1361748817513755,0.12251939216272854,-9.273428978837275,2.986763151005958e-20,0.22791779519305239,0.17191000552084973,1.3257971489356382,0.18498898628768576,0.5833825734118022,0.19347217691955262,3.015330590167379,0.002584480675521276,0.7030804843691351,0.1546042064498228,4.547615491932437,5.600035565328767e-06,0.03992601179257646,0.1723182407586234,0.2316992769703542,0.816784443910052,0.2869186482352403,0.1625361618237884,1.765260388923787,0.07760273407421887,0.8776550255670093,0.15509163052012812,5.658945119241011,1.6390047888295236e-08,1.4612978976164945,0.12910977946620628,11.318258800054574,3.214380746398132e-29,-0.2101383814859608,0.02938217507376625,-7.151900121702766,1.0272093907055128e-12
0.216,0.08662639631870517,0.08464564575501576,3698,-0.9907286331481954,0.12283489743740961,-8.0655306742371,9.765913072665557e-16,0.25272103914777516,0.1723526988166199,1.4663016064324335,0.14265137149787097,0.552326960978973,0.19397039594630938,2.8474807110867375,0.004431042779283312,0.6662740355482409,0.15500233479311407,4.29847741608238,1.7641900250087197e-05,-0.08027203006017818,0.17276198531957335,-0.46463942812240666,0.6422171129736968,0.14636453167696092,0.16295471610712756,0.8981914434482514,0.369142111879711,0.7185442759605445,0.15549101405137347,4.621130554355642,3.947050237156236e-06,1.2883273348271487,0.12944225594781006,9.952911631473656,4.769568433501385e-23,-0.2133650812890158,0.029457838452874946,-7.24306644665547,5.313794332328113e-13
0.27,0.0719629799909619,0.06995043020509262,3698,-0.879576201840777,0.1252634617985772,-7.021809785643076,2.595649105996923e-12,0.20464826414448684,0.17576027785669177,1.1643601537279613,0.2443533821972296,0.49599222212468586,0.19780537770266904,2.507475923481899,0.012202322462307605,0.5724382817460925,0.1580668804070194,3.621494143947638,0.00029684665951179616,-0.19871416147350093,0.1761776563484474,-1.1279192015159993,0.25942739545082366,-0.06918426023983433,0.16617648796738904,-0.41633001807940034,0.6771927498000501,0.5336351416076429,0.1585652213254048,3.3653983966164063,0.0007721446019907248,1.0970344850308738,0.13200145415761982,8.310775756461975,1.3205664488769037e-16,-0.19202806028155825,0.030040248322677116,-6.392359284746591,1.8376283212688214e-10
0.324,0.06103536771476903,0.05899912020642495,3698,-0.9160514087095337,0.12903598912173747,-7.099193139406216,1.4983182145611004e-12,0.2407607680711053,0.1810536047456357,1.32977616440917,0.18367424648791036,0.5264683127591071,0.2037626311693765,2.583733384957536,0.009811845020186317,0.5930745539643246,0.162827339815215,3.6423524122999047,0.0002738715400019879,-0.31946281953077105,0.18148355331761773,-1.7602852362697199,0.07844231543925366,-0.14572334433673556,0.1711811823317508,-0.851281328658674,0.3946683483624619,0.41910426435613163,0.1633406891383168,2.5658289221568933,0.010332115751021739,1.0043768474834314,0.13597690785621913,7.386378049907203,1.8558984855021546e-13,-0.15291273559457025,0.030944962721949017,-4.941441906669691,8.09927488031151e-07
0.378,0.05079349653978138,0.048735038413546206,3698,-0.9832769700461272,0.13665315870201092,-7.195420723426409,7.50640375546776e-13,0.28485789924724586,0.19174144478045113,1.4856355107442496,0.1374610055396165,0.586896092240528,0.2157910158572759,2.719742941609306,0.0065638771649371335,0.6163326537629024,0.17243925869241425,3.5742014807792453,0.0003557961111764624,-0.40585961354796696,0.1921967738002127,-2.1116879618898046,0.03478029013613657,-0.22745873614346654,0.18128623987149264,-1.254693882473948,0.20966939217255767,0.32857823514466505,0.17298291172283525,1.8994837806357139,0.05757882239066061,0.9328359805168619,0.1440038092903986,6.477856281118935,1.0532048191603293e-10,-0.108302591425686,0.03277168587347185,-3.304761062455905,0.0009596546859960974
0.432,0.041879034897065015,0.039801244785700685,3698,-1.0543300083702183,0.14440767631115897,-7.301066226551738,3.4795474285481206e-13,0.2533980721040019,0.2026220012496637,1.2505950515796835,0.21116157220690135,0.6218907216308042,0.22803628884075774,2.727156825750145,0.006418490820460144,0.6280236703445795,0.1822244936678798,3.446428401053527,0.0005743943618661784,-0.45544563749829764,0.2031031683615355,-2.242434921978065,0.024992448993193,-0.28173090845032517,0.191573505476858,-1.4706151967572476,0.14148049790651046,0.23195975318762116,0.18279899682308176,1.2689334034590936,0.20454487500124274,0.8491803207961036,0.15217544678150008,5.580271579654979,2.574256052351359e-08,-0.06546094554214327,0.034631347352219406,-1.8902223143780774,0.058806550183856346
0.486,0.03700163894597186,0.03491327166800173,3698,-1.2037710172392817,0.15200251880469437,-7.9194149327616605,3.1320833043438223e-15,0.3232271672394543,0.2132785135939262,1.5155167850375495,0.12972725892365916,0.6709060720799683,0.24002941649710288,2.795099375197065,0.005215200534167264,0.7121912828857285,0.19180823854366963,3.7130380232524867,0.0002078128647643737,-0.4502588644144539,0.21378498675961094,-2.1061294866357683,0.03526049527699317,-0.267046637676625,0.20164894355049692,-1.3243145883863814,0.18548062854033398,0.22513740091354634,0.19241295658139898,1.1700740163945431,0.2420467698923245,0.8462109716012461,0.16017882014233548,5.28291425076861,1.3450018550194072e-07,-0.023715804469095676,0.036452716099350864,-0.6505908751616453,0.515351138871574
0.54,0.031155726070606016,0.02905468129114419,3698,-1.2959226589967905,0.16250660955231302,-7.974584311166838,2.021875842224524e-15,0.33856096567895816,0.22801706450035125,1.484805386916279,0.1376808250136925,0.7534306216496097,0.25661658092576006,2.936016912592174,0.003345109161947606,0.7616329894777877,0.20506309221087984,3.714139786278803,0.00020691305500744405,-0.430205210992194,0.2285585373498269,-1.8822539555095723,0.05988018977069243,-0.29590848192956537,0.2155838363330133,-1.3725912246615475,0.16996290118927998,0.16544784764118617,0.20570959911628706,0.8042786936143849,0.4212878656498552,0.7954957630061974,0.17124793186398687,4.645286832649269,3.5145495579473065e-06,0.004254825247056371,0.038971770657892396,0.10917710884646968,0.913067954333836
0.594,0.02889984424805525,0.02679390734211451,3698,-1.3795386638859088,0.17267591991435177,-7.989178019553437,1.799977329127174e-15,0.32770960841015556,0.2422858767236389,1.352574127892541,0.17627462043894596,0.7473091877806937,0.27267508871611074,2.740658089814494,0.006161157490700098,0.7402659399898912,0.21789549474660874,3.3973439462378443,0.000687638091527431,-0.5192763924533041,0.24286123376695817,-2.1381608929467313,0.03256920562277592,-0.31969789457308145,0.22907460416546654,-1.3956060111410489,0.16291716566690922,0.11918492243610239,0.21858245864875228,0.5452629784333461,0.5856056266341576,0.7688713939762346,0.1819642551740338,4.225397967534187,2.442883012020618e-05,0.02574823459876883,0.041410539347179,0.6217797450764879,0.534125129647885
0.648,0.02563485989697023,0.023521842515342728,3698,-1.4798619751210491,0.18457165067240391,-8.017818390472408,1.431967919238606e-15,0.36656808707159444,0.2589770723310669,1.4154461001975767,0.15702215452686563,0.7347873712461177,0.291459812384609,2.521058959155905,0.011742041436250765,0.7765453410076503,0.2329064247024699,3.334151653393249,0.0008640468565987023,-0.5040538952191347,0.2595920660097692,-1.9417153342435576,0.05224761061680112,-0.28762561176532925,0.24485566857798785,-1.1746740985647999,0.24020094431168937,0.15791883951790092,0.23364071389249635,0.6759046267533797,0.4991435687738395,0.7908963041311321,0.19449986400827923,4.066307748664884,4.876110876098028e-05,0.049785886975199464,0.0442633321793475,1.12476590721809,0.2607614222767683
0.702,0.023868756972901806,0.021751909603908492,3698,-1.5506728174028557,0.1946613021036841,-7.966004545561437,2.1646920133582705e-15,0.3755399600909734,0.27313411312793173,1.3749288061834897,0.16923701699843477,0.7767557774044032,0.3073925295839936,2.5269181995268957,0.01154829523701338,0.8100580075870957,0.24563830759343747,3.297767418784876,0.000983805148698625,-0.47589060115823073,0.2737827255765152,-1.7382053603131058,0.08225807345805529,-0.23043756174283406,0.25824075961404225,-0.8923361365852475,0.3722709924065787,0.19698721171908493,0.24641273686971302,0.7994197630426828,0.42409852380805146,0.8338413512439692,0.20513224348869066,4.064896561665794,4.9055747009477364e-05,0.07345399374023695,0.0466829973405442,1.5734635290104246,0.11569728050935565
0.756,0.02410110141548727,0.02198475791083132,3698,-1.643484197083187,0.20400453412723196,-8.056116027588835,1.0533794338682714e-15,0.4290151026570451,0.2862438342944991,1.498774999693643,0.13401757673030285,0.8918276247108426,0.3221465649015977,2.768390918535042,0.005661516653260533,0.8378687024376217,0.25742830219901486,3.254765289132331,0.0011451060532047044,-0.42096405785256,0.28692357843970123,-1.4671643931871157,0.14241658474848046,-0.18411163575359304,0.27063563886809194,-0.6802933882751828,0.49636140100947734,0.2702850152419213,0.25823990204969777,1.0466431140060821,0.2953327807101854,0.9424509915508078,0.21497805323984961,4.383940487633504,1.1980076106167122e-05,0.07737977991298284,0.04892365879196638,1.5816433566838863,0.11381673665078733
0.8099999999999999,0.024266433312091995,0.022150448347737717,3698,-1.6608334898289074,0.2121396663162038,-7.8289624881061135,6.379682729194805e-15,0.384403077984358,0.2976584405444347,1.291423408928913,0.19663780836272887,0.8896814570407298,0.33499287197467104,2.6558220531569967,0.007945570316862913,0.8209290238968647,0.26769382534795366,3.066671496175921,0.002180253839042263,-0.4505698031297217,0.29836529099146264,-1.510128077004152,0.13109639091835087,-0.1411586301124193,0.2814278337899247,-0.5015802033916408,0.6159927788094555,0.28545667828045257,0.26853778953846896,1.0630037536655894,0.2878498282434544,1.0034268615708841,0.223550778783995,4.48858584626288,7.388725579097531e-06,0.07586897273057519,0.05087459793723351,1.4912938049000106,0.1359698762294654
0.864,0.024592710451252997,0.022477433054562956,3698,-1.7371426762597992,0.22044602661655174,-7.880126954074886,4.270128890327302e-15,0.41711679813417085,0.30931330121493494,1.3485252541542843,0.1775722850425812,0.9603622795835841,0.348109567880671,2.7587931162891453,0.005830136833541956,0.8986367185369929,0.2781754170376671,3.2304677678089377,0.0012467298165143054,-0.3643200208109552,0.3100478284967267,-1.175044581274342,0.24005271767125694,0.008497842285579134,0.2924471826302363,0.02905769927120008,0.976820144444707,0.38724284863333497,0.27905242677203923,1.387706436072952,0.1653102676717257,1.145244884260343,0.23230394289633718,4.929941653084187,8.587588172014777e-07,0.08228578892579758,0.05286660041343294,1.5564796730316988,0.11967985296783107
0.918,0.024808320681461105,0.02269351085913851,3698,-1.7084285903272474,0.22703700398827137,-7.524890481797866,6.592279374048964e-14,0.3756170333092396,0.31856126544622343,1.1791045367147683,0.23843259286350552,0.9094482991254236,0.35851747733585704,2.536691672282012,0.011231427443283587,0.8926876103965645,0.286492409215771,3.1159206376188457,0.0018478078049548449,-0.4056895944566452,0.319317753898137,-1.2704886887875988,0.20399072811336288,0.06976070994820402,0.3011908773691385,0.2316162778818348,0.8168489094465208,0.43536327859200713,0.28739564011367574,1.5148569352680668,0.1298943106406846,1.2006532338776919,0.23924945266347059,5.018415802047984,5.455945240067349e-07,0.07509280987228019,0.05444722571384159,1.3791852364883683,0.16792125489790352
0.972,0.026561919190784433,0.024450912238636602,3698,-1.735568341735112,0.23261076422587884,-7.461255490523096,1.0629775251620591e-13,0.4031236480358993,0.32638194702409434,1.2351285103588763,0.2168613375503202,0.9362160931001837,0.36731908423058673,2.548781518012466,0.010850162455244715,0.9235152878172364,0.2935258001203908,3.1462831800082065,0.0016667678152459662,-0.3115339564538013,0.32715700727346564,-0.9522460149948575,0.34103461545510805,0.17116320667751486,0.30858511578278913,0.5546709738197335,0.5791533594186635,0.5273610560513478,0.2944512053439591,1.790996424807697,0.07337582468708136,1.3475541419257129,0.24512302861232294,5.4974603959261295,4.114182374391643e-08,0.0784224927842938,0.05578390553431494,1.4058265019836762,0.15985986745500252
1.026,0.02791538018792128,0.02580730836398626,3698,-1.7277460036117969,0.23656423428273454,-7.3034962738570455,3.4181299252370035e-13,0.37917662830226995,0.3319291591617279,1.1423420264126942,0.25338601510922454,0.9408419407832861,0.3735620670334252,2.518569265489963,0.011825237064569637,0.906348288866609,0.29851458671224307,3.036194307450359,0.0024125884880028445,-0.2606431769621319,0.3327173923934345,-0.7833770729181609,0.4334560049678694,0.23411861238182646,0.31382985163711924,0.7460049168698499,0.4557119781448914,0.6121438391207275,0.2994557201926442,2.044188164871008,0.04100581978320145,1.443678759468066,0.24928915805645974,5.79118149671434,7.573213423437826e-09,0.07301330641514898,0.05673201299150133,1.2869859990000116,0.19817991561023332
1.08,0.029681521170711322,0.027577279416676648,3698,-1.7363784611427175,0.23990391357423876,-7.23780798434283,5.520878237591641e-13,0.35642004627512025,0.33661514621492694,1.0588354394711281,0.2897440550991867,0.9961421568973955,0.37883580379733506,2.6294826067451096,0.008586991275098921,0.9415405689727958,0.30272884583927284,3.1101779097479394,0.0018840182003516484,-0.18283412368135374,0.3374145072750172,-0.5418679983796035,0.5879421698444836,0.34549555393726195,0.31826032296236484,1.0855753262655923,0.2777378542629331,0.6977308494821318,0.3036832657067923,2.2975610719221993,0.02164250318556267,1.5600020328287483,0.2528084805833074,6.1706871115610555,7.534536572917435e-10,0.06965415794187699,0.057532923279261156,1.210683448219381,0.22609430796813443
1.134,0.029989087211559684,0.02788551244812587,3698,-1.6905608143875255,0.24253149246331282,-6.970479574495888,3.7255545609270395e-12,0.3743706481814985,0.34030196748749114,1.1001130876366727,0.2713546343677092,1.009952441652294,0.38298505232626845,2.6370544633995436,0.008398016709533978,0.9375451848900435,0.30604452298930346,3.0634274246522346,0.002203970177092439,-0.17494322084217073,0.3411100836538027,-0.5128644071974225,0.608076880550315,0.38289533305176393,0.32174611064038455,1.1900542707095092,0.23410164194756733,0.7598805741464602,0.30700939626484725,2.4751052684098807,0.013364299156952981,1.6031259834332758,0.2555773984248832,6.272565544971109,3.9621164553529236e-10,0.06480486260277606,0.05816306012189553,1.1141927963721463,0.2652690711259198
1.188,0.030776599329909615,0.028674732372641953,3698,-1.6692601225398473,0.2432359931233356,-6.862718387625428,7.891633826349074e-12,0.435113486962322,0.34129046988059075,1.2749066421765531,0.20242257820703863,1.0463225074848015,0.3840975396960625,2.7241062473682067,0.006477958058097095,0.9892796132856579,0.3069335150383461,3.2231071708218777,0.0012791215630708788,-0.12321631676959278,0.34210093344668424,-0.3601753305031417,0.7187366410696245,0.5023741988006327,0.3226807123492336,1.5568770601228836,0.11958545708997208,0.8512093080681254,0.30790119105860786,2.7645534762030226,0.0057283999913719874,1.6832164149936821,0.2563197945733111,6.5668608146151515,5.856826044147727e-11,0.066518925318249,0.05833201102319351,1.1403502836855783,0.2542144258753517
1.242,0.031641516007803294,0.02954152471695559,3698,-1.6081643334085258,0.2441056891307806,-6.587983832474078,5.0898213511568094e-11,0.45265220823874847,0.3425107619731499,1.3215707606706757,0.18639307737699776,0.985837472504249,0.38547088947235864,2.5574887739348773,0.010582744141662775,0.9533329931188513,0.30803096303176275,3.0949258598413953,0.0019833777011583234,-0.15369258214835066,0.3433241233707632,-0.4476603060670301,0.6544246582115478,0.5040666731574859,0.32383446481656414,1.5565565988876884,0.11966157533765596,0.8936430325515595,0.30900209900036735,2.892029003824007,0.003850017616773463,1.7050295705735317,0.25723627202020155,6.628262636459101,3.8900296646796767e-11,0.0637328780061787,0.058540578498926375,1.088695732778718,0.27635920133070074
1.296,0.033592822241311326,0.03149706257146334,3698,-1.591524491931258,0.24491399096599709,-6.498299609809629,9.210097493386135e-11,0.425699142441564,0.3436449103761228,1.238776218089865,0.21550719856348377,0.9553903433988595,0.3867472908069302,2.4703220064075486,0.013544049714282731,0.9562244552804353,0.309050939229813,3.094067462352471,0.001989110253981994,-0.13473245224947816,0.3444609650395618,-0.39113997208364076,0.6957163646891458,0.5638698737575343,0.3249067708048008,1.7354820657040078,0.08273896117347135,0.9356287024901675,0.31002529089973324,3.0179108929302276,0.002562631227620404,1.7710901752413195,0.25808805286766384,6.862348549506305,7.91183990257791e-12,0.055295565930732996,0.05873442263751982,0.9414507446849393,0.34653556387632845
1.35,0.03551483533226507,0.03342324375803318,3698,-1.5820525771318903,0.2437615042805787,-6.490165794640355,9.715389854354466e-11,0.4675627333916832,0.3420278276518645,1.3670312635134334,0.17169880111901534,0.9377946725930822,0.38492738210543626,2.4362898463175813,0.014885794188825038,1.0086884533562002,0.3075966446377664,3.2792570105699856,0.0010504687394835247,-0.13677437947971546,0.34284004222380654,-0.39894517160988135,0.6899566955287875,0.5745350770550717,0.3233778637551141,1.7766679214943188,0.07570528451976868,1.0242770984620864,0.30856641132125084,3.3194704960797035,0.0009106422576381996,1.8255624400661992,0.2568735732725115,7.106851891414694,1.4185742194544092e-12,0.05267594805959338,0.05845803728363093,0.9010899186371313,0.36759933550240254
1.404,0.03745167742963251,0.03536428610933906,3698,-1.562882232576918,0.24345219249687217,-6.419667929657268,1.5394587753059877e-10,0.4984425069134779,0.34159382459727844,1.4591672068460722,0.14460423278715437,0.9282043706355722,0.3844389433115098,2.414438981233623,0.015807829153531607,0.9676708226814598,0.3072063317083486,3.1499052031262624,0.0016462972498599003,-0.16901113955516198,0.3424050085407841,-0.4936000798453009,0.6216180288430626,0.5847576089487201,0.32296752585477784,1.8105771080268176,0.07028766103151145,1.076348456856549,0.3081748678437055,3.4926548825598314,0.0004838593841002263,1.8640194697220336,0.2565476234332598,7.265783423665015,4.503464767151905e-13,0.04857835514625541,0.058383859206015486,0.832051114929556,0.40543395034118535
1.458,0.04078911561137899,0.03870896189082906,3698,-1.5683025248951368,0.24346542660142587,-6.441582062748419,1.3348905071235588e-10,0.5010157698712052,0.3416123936984365,1.466620588459927,0.142564533571413,0.9327991896233445,0.3844598414809537,2.426259101679299,0.015303003738692339,0.9418889266188996,0.3072230314992673,3.0658148317280243,0.0021864937845107453,-0.16230918485161666,0.3424236217380458,-0.47400113353097834,0.6355271510784212,0.6352163389751164,0.32298508242701807,1.96670488371131,0.04929209352696744,1.1135965541531618,0.30819162028442104,3.6133252199571686,0.0003063272527891399,1.9444853074589599,0.2565615694077721,7.579020162479779,4.3776456684144806e-14,0.04994816219981729,0.05838703296300266,0.855466696371903,0.3923483908242983
1.512,0.04337543842745961,0.041300893430826435,3698,-1.5343199038635382,0.24353588011131752,-6.3001800932257614,3.3230236415542075e-10,0.4320625605908721,0.34171124876995324,1.2644083627511635,0.2061633711144492,0.8577837973903266,0.38457109565622954,2.230494717567398,0.025774531385540377,0.9090446514417363,0.3073119350499308,2.9580518937347433,0.00311556294486701,-0.21461886680700687,0.3425227115610158,-0.6265828792166834,0.5309714646433662,0.6413308444496217,0.32307854716662104,1.9850616825971694,0.047211553291286026,1.0973505097609757,0.30828080412325737,3.5595810542982464,0.00037612993916333624,1.9661565325324333,0.256635812651753,7.661271091577729,2.3377206773257544e-14,0.052042759912381,0.05840392887903405,0.8910832012718138,0.3729426490123996
1.566,0.04702540577768355,0.04495877613447996,3698,-1.589100357970692,0.24295160961703635,-6.540810165759282,6.959704811455584e-11,0.46596859542020436,0.3408914443118627,1.3669119691778346,0.17173619145865038,0.8889047493044807,0.3836484655121924,2.3169772049465718,0.02055947042148786,0.9572118978579806,0.3065746584888423,3.1222799124240663,0.0018084569368503446,-0.14754267581121056,0.341700960310667,-0.4317888825277752,0.6659200944716188,0.7236097686106934,0.32230344469564876,2.2451195620760376,0.024819463085550993,1.1669955455897443,0.30754120313419503,3.7945990120892126,0.00015025524271838588,2.0783720429625854,0.256020113917588,8.118002961406408,6.39503662000945e-16,0.05708913274447238,0.058263811158480845,0.9798386272601826,0.3272300343980118
1.6199999999999999,0.0486785125657494,0.04661546786543125,3698,-1.509303339564686,0.2436542172359289,-6.194447839592437,6.491389535126299e-10,0.337724630431781,0.341877290531883,0.9878533607960875,0.32328925637938677,0.7529979946946054,0.3847579635528524,1.9570692903700473,0.05041463711573759,0.8346480469314718,0.30746126175585986,2.7146445772223022,0.006665568428077228,-0.19973677924470157,0.34268914762284663,-0.5828511951143719,0.5600291026115151,0.6850310430421159,0.3232355350662186,2.119293730813907,0.03413227711733553,1.1154923518134763,0.30843060161476515,3.6166721005419054,0.00030240917587979056,2.0512179721627732,0.2567605151971341,7.988837265682774,1.804873927078443e-15,0.05198247098193887,0.0584323080772302,0.889618649210869,0.37372869738792314
1.674,0.05283848387018086,0.05078446052265084,3698,-1.5135508726999978,0.2433668667207044,-6.219215019261423,5.55431435321764e-10,0.37980203826338665,0.3414741018791589,1.112242586402032,0.2661063377273247,0.6943099932788453,0.3843042041214834,1.8066677018692336,0.07089555904964107,0.8247651270780433,0.30709866121079493,2.6856682599209316,0.007270903696222299,-0.20650599286491594,0.34228500151674446,-0.6033159266396128,0.5463356307065972,0.6592431163230017,0.3228543313317057,2.041921239228117,0.04123032513948245,1.1372246337952248,0.3080668578910143,3.691486457129848,0.00022617080866743993,2.125962456857964,0.2564577079353999,8.289719478400238,1.5715313154596582e-16,0.029131634914306412,0.058363396674742586,0.49914221196987757,0.6177089656067436
1.728,0.05602048561800688,0.053973362789311974,3698,-1.5308575278868204,0.2434982681564754,-6.286933946088971,3.6159058384277893e-10,0.37052040153823024,0.3416584745009137,1.084475958278153,0.27822468946328416,0.6895796356581962,0.3845117020643005,1.7933905052982764,0.07299238559092953,0.8270835529638101,0.3072644734495364,2.691764341248017,0.007139600061470525,-0.1479248739161722,0.3424698119687514,-0.4319355129895933,0.6658135267108146,0.682196369921836,0.32302865055294366,2.1118757384339983,0.03476416587741474,1.1828976260800597,0.30823319288963513,3.837671131361909,0.0001262868971724451,2.20211810496809,0.25659617752861663,8.582037839291276,1.3529256232404851e-17,0.02249854786312677,0.058394908910663894,0.38528269472166526,0.7000501945218621
1.782,0.059709455341611095,0.0576703324472585,3698,-1.54871141566514,0.24376613291127416,-6.353267359862656,2.3647814130093697e-10,0.32720968702219666,0.3420343221986817,0.9566574632592759,0.338802862043906,0.6092094701899673,0.38493469124434887,1.5826307268399804,0.11359137816430508,0.8006282088089335,0.3076024853929562,2.6028014948778666,0.009283561829488517,-0.149281122907597,0.3428465521932447,-0.4354167249243768,0.6632854460647669,0.7013031229480026,0.3233840041697412,2.1686388748526197,0.030173810216552438,1.2947263028366087,0.30857227049071756,4.19586082954773,2.782376310410803e-05,2.2596128945015046,0.25687845087986627,8.796428375995822,2.129246188759833e-18,0.008271546951215117,0.05845914730576739,0.14149277456872986,0.88748839363414
1.836,0.062265024087235665,0.06023144322323415,3698,-1.5323792903887596,0.24379154372557277,-6.285612974803191,3.646459862849539e-10,0.29485074369458825,0.34206997674405,0.8619603114575793,0.38876538420371964,0.5712078861249869,0.3849748178355184,1.4837538967783526,0.13795965209275704,0.8013101794610332,0.3076345506743009,2.6047470211153136,0.009231114867594052,-0.1413166989608502,0.3428822914075755,-0.4121434746038565,0.6802582121864851,0.714615063202105,0.32341771455755824,2.209573041413988,0.027196013504829208,1.3356841277840752,0.3086044368649775,4.328142982495329,1.543615940693501e-05,2.3001930449553845,0.25690522855621806,8.95346917570437,5.348732565901831e-19,-0.008415584085018609,0.05846524123899142,-0.1439416635709718,0.8855543977829239
1.89,0.06293799559815383,0.06090587414648285,3698,-1.516391859561504,0.24532663415674463,-6.1811138638646455,7.058054240712144e-10,0.2361046312284606,0.34422390029720684,0.6859042356576786,0.492816602020974,0.6000242712707299,0.38739890174782454,1.5488538262850131,0.12150264186519957,0.7522037007305444,0.30957164351936517,2.429821065583129,0.015153686091668154,-0.15739235265495163,0.34504132988985586,-0.45615507193064214,0.6483053225025702,0.7065866490900542,0.3254541897826696,2.1710786687425827,0.029988777922039477,1.361284496415336,0.31054763682511183,4.383496555737624,1.2004398940399984e-05,2.3041499706155153,0.2585228923687029,8.912750238494773,7.669553765793047e-19,-0.022688046358780092,0.05883338129426405,-0.3856322016459057,0.6997913165282428
1.944,0.06513027161239793,0.06310290435105326,3698,-1.5293872765495302,0.24580610166634734,-6.221925599818886,5.460156713057456e-10,0.27380589064178096,0.34489665308162637,0.7938780738964711,0.4273174772769336,0.6071765778641423,0.38815603595496967,1.564259013441134,0.11784252656489075,0.7471900022092296,0.310176671772706,2.4089174660973924,0.01604862778590075,-0.1784573617665045,0.3457156802624558,-0.5161968980725018,0.6057478350082776,0.6843683075759149,0.32609025895796007,2.098708221959321,0.035910445137788176,1.3624077866658812,0.3111545725642881,4.378556212232402,1.2278279686000952e-05,2.3429302247166204,0.2590281507064507,9.045079534122904,2.3641523761161377e-19,-0.029090760993992774,0.05894836552705079,-0.4934956335751723,0.6216918016296857
1.998,0.06631547053064557,0.06429067350279127,3698,-1.5826515930446277,0.24665296893007646,-6.416511424572768,1.5713433878997241e-10,0.31907578432802686,0.3460849135962536,0.9219580854086697,0.35661073006175503,0.6769275642697274,0.3894933365257884,1.7379695640182231,0.08229962123390742,0.762206845620678,0.3112453127361159,2.448894214406699,0.014375776101097417,-0.15593525509417147,0.34690676254311265,-0.4495019178958561,0.6530960327615454,0.7234636109727041,0.3272137264531132,2.210981852182078,0.02709821263494384,1.4457527298541177,0.3122265826554859,4.630460089458099,3.7742844315749e-06,2.397037633936513,0.2599205714386071,9.222192844026932,4.771061616639011e-20,-0.039828697989293164,0.05915145829275829,-0.673334168570604,0.5007768999263564
2.052,0.06794874012809793,0.06592748502401147,3698,-1.6910790659078576,0.24768468165919466,-6.827548052546594,1.0058358526252592e-11,0.316317109436286,0.34753253537944917,0.9101798457255779,0.36278713576212607,0.7950939586793526,0.39112252929384417,2.0328513423015098,0.04213901232789583,0.8543256373865923,0.31254720564428223,2.733429133130442,0.006297761309145924,-0.0036343616494534663,0.3483578219983685,-0.010432840659655081,0.9916765126515014,0.8421387569514074,0.3285824128637746,2.5629453189892595,0.010418166283588626,1.5455238187606506,0.31353258006995877,4.929388258202056,8.611787367395912e-07,2.5076983995846462,0.2610077805781367,9.607753431832764,1.3247223260615275e-21,-0.053058434691970295,0.05939888005593943,-0.8932564829842252,0.3717781037043807
2.106,0.07063325336287762,0.06861781991937077,3698,-1.803765275803664,0.2487459302586785,-7.251436330748701,4.999813362017435e-13,0.37058957626214994,0.34902159967674784,1.0617955353060602,0.2883980225874282,0.8112376761657866,0.39279836258986855,2.065277642241146,0.03896643904385677,0.9442247719918577,0.3138863691405495,3.008173864246588,0.0026459770952191528,0.058875978484128996,0.34985042238139785,0.16828900214944983,0.8663651510101869,0.8792448283000345,0.32999028202682,2.6644567315730034,0.007744840133695613,1.6574494521219338,0.3148759655763327,5.26381697341753,1.4914074550536977e-07,2.60683151197551,0.26212611433918076,9.944951568626902,5.1559137880025916e-23,-0.05964197653519137,0.05965338500896277,-0.9998087539580581,0.31746864410807246
2.16,0.07045568159842253,0.06843986307112182,3698,-1.8318959101327117,0.2503691807729441,-7.3167787843425875,3.1007821059834293e-13,0.35926183107915527,0.35129922283454557,1.0226661709649154,0.30653276865055856,0.8175425953755079,0.39536166138801826,2.067834783234458,0.038725120904726094,0.9142233905307258,0.3159347090253408,2.893709885030064,0.003829516600834096,0.07295111403323527,0.3521334542181643,0.20716893881953746,0.8358893586573888,0.8854349847619232,0.33214371181136215,2.6658189009003355,0.007713592355739545,1.6313569082747088,0.3169307633071745,5.1473605504605775,2.779647075760209e-07,2.61408398547706,0.26383668041542185,9.907962688740154,7.398802229950461e-23,-0.0656733111289521,0.0600426673091507,-1.0937773765247645,0.2741240432397135
2.214,0.07127629825521642,0.06926225932489438,3698,-1.8995803958101327,0.25206411260460787,-7.536100146036446,6.057790796747871e-14,0.3733397290388714,0.35367742383110107,1.0555938939918317,0.291222917132851,0.8796581008136017,0.3980381532103633,2.209984378931389,0.027167426646074373,0.9516497448755611,0.3180735018008785,2.9919177155200947,0.002790665147939258,0.1302912259352876,0.3545173027362027,0.3675172549539498,0.7132543060593379,0.838642422811211,0.3343922351643485,2.507960217434569,0.01218564040991446,1.6636036067479045,0.3190762991015739,5.2138112778420975,1.951574825365101e-07,2.6605304275407016,0.26562278358760955,10.01619812730856,2.562401091404626e-23,-0.07286614085920243,0.06044913997390158,-1.2054123663407252,0.22812146371867592
2.268,0.07201869359248603,0.07000626462765547,3698,-1.9873011543264139,0.25334643001349255,-7.844204294572359,5.661994018826378e-15,0.38335542058213623,0.3554766752716245,1.0784263701386574,0.2809140332150235,0.8743164193311814,0.40006307951973674,2.185446406053693,0.028918812709691096,0.9938652054056569,0.31969162658845574,3.1088246383289726,0.0018926455599946857,0.18741272841316903,0.3563208268648539,0.5259662480639992,0.5989432741154834,0.8813926864602291,0.33609337770350767,2.6224637107779296,0.008765552469859765,1.707596878286873,0.3206995253866352,5.324600578152384,1.0721362480963075e-07,2.7110516473900024,0.2669740775741719,10.154737388826847,6.492708557430333e-24,-0.072997514947414,0.060756660880942524,-1.2014734498075592,0.2296447275593355
2.322,0.0723389634428705,0.0703272290182414,3698,-2.022054333426334,0.25519364738275696,-7.923607637432752,3.0299209997727843e-15,0.328427765198104,0.3580685518924837,0.9172203575608062,0.35908714043473855,0.8747178145537174,0.4029800476777287,2.1706231353003536,0.03002325099985665,0.9561662909620191,0.32202258473699236,2.969252270746647,0.0030044776848914202,0.2475321273957978,0.3589188584233818,0.6896604109439358,0.49045114656037414,0.8902649651536607,0.33854392545725187,2.6296881976282127,0.008581810424374255,1.7114714194969658,0.32303783239801687,5.298052574189674,1.2389257924049115e-07,2.7284931677875353,0.2689206578090389,10.146089891409694,7.077236965069031e-24,-0.0785597971060252,0.061199654134377404,-1.283664069955849,0.19934014489855006
2.376,0.06982007900947174,0.06780288210843521,3698,-2.048206435101325,0.25731228111783977,-7.960002632611695,2.2704604026332336e-15,0.3778747566075414,0.36104125956484145,1.0466248568459713,0.29534120323565877,0.9043323979124146,0.40632561341704654,2.2256347324681727,0.02609887238255952,0.9538217442520157,0.324696036519509,2.937583576554395,0.003328293457055332,0.24559535283936634,0.3618986253941194,0.6786302450635313,0.49741474285731846,0.9374427116758963,0.34135453845109853,2.7462435857145975,0.0060574440936813495,1.7057846651417088,0.3257197128305652,5.236970923000395,1.7235484404340128e-07,2.720392149150986,0.2711532540493377,10.032673805404515,2.178412189492154e-23,-0.08434376534742744,0.06170773751793444,-1.3668264101064178,0.17176301193213786
2.43,0.0699964271457929,0.06797961267497876,3698,-2.1518473297498897,0.26007830476590943,-8.273844032037653,1.7913281897223454e-16,0.4643001273712164,0.3649223361211052,1.272325866118349,0.20333755230276754,1.0155104467185403,0.4106934821042517,2.472672421084978,0.01345545799386158,1.0568135892853068,0.3281864137045612,3.2201625209161393,0.0012922963605699895,0.3215538397486731,0.3657889183552454,0.879069385684308,0.379420910976876,1.0154414904668758,0.345023989134252,2.943104023041593,0.0032696520578892993,1.7648055076650027,0.32922109420427115,5.360548089819535,8.805607032010454e-08,2.8158360536479554,0.27406806367168923,10.274221724064475,1.959359666134064e-24,-0.0816188370220446,0.062371075701801816,-1.3086007593049536,0.19075114216196473
2.484,0.06799588338140117,0.06597473051261604,3698,-2.151839911257278,0.2622084863993573,-8.206599034250603,3.110690828980978e-16,0.4571799155863607,0.36791124693679106,1.2426364222154547,0.2140808223160484,1.0389882691035952,0.41405728329998265,2.5092863016995954,0.012140065364994141,1.0378442728013448,0.3308744374958952,3.13667106064735,0.00172223371500066,0.30955400576406683,0.36878492694696724,0.8393889856799434,0.40130545377765514,1.0305730490935472,0.3478499217525618,2.96269449738911,0.0030690707696608417,1.7383533030836553,0.3319175925871285,5.237303902857565,1.7204658044496342e-07,2.7954146956069392,0.2763128289783285,10.11684729204588,9.467718760760295e-24,-0.08171445756328628,0.06288192846223468,-1.29949032355714,0.19385691299168517
2.538,0.06858289384566507,0.06656301397327846,3698,-2.2373385868610907,0.26493976130274555,-8.444706735824727,4.324492778390163e-17,0.5330472799354641,0.37174356666538394,1.4339112434870294,0.1516823464088141,1.0634935866935846,0.4183702797325997,2.541991241283472,0.011062859004531312,1.0952033005106523,0.3343209660950071,3.2759037319825706,0.0010629836945234925,0.36396581794065863,0.37262634729742844,0.9767581401058122,0.32875295069214217,1.0445571572524661,0.35147327420188457,2.971939074526837,0.002978373237918708,1.8122839479473163,0.33537498713249625,5.403754058830091,6.939094685478786e-08,2.8692082449448617,0.27919102070139606,10.276864340897173,1.907843632617453e-24,-0.07560307999715245,0.06353693332284768,-1.1899076024490123,0.23415928275810635
2.592,0.06884020032057614,0.06682087844542428,3698,-2.2997176419673826,0.2666070137860747,-8.625870750019631,9.3023975226082e-18,0.5470627314136298,0.37408293008005944,1.4624103037702096,0.14371399126121498,1.0496609429599877,0.4210030626882627,2.4932382587848845,0.012701887414715285,1.132116903451752,0.33642483098191617,3.365140736334669,0.0007728638167381808,0.45719342449547695,0.3749712660058574,1.2192758910981065,0.22281744934816133,1.107537580477846,0.353685077693952,3.1314229814247683,0.0017532291533693084,1.8259525111918729,0.33748548492034697,5.410462354026374,6.686070237540676e-08,2.9237186424956945,0.280947955637469,10.40662010108526,5.116643093438324e-25,-0.06502070273667633,0.06393676802242147,-1.0169532296952317,0.3092423695816441
2.646,0.06989714183306128,0.06788011205118671,3698,-2.425346060881944,0.26917277852711247,-9.01036900593442,3.2241718992562783e-19,0.6224401433536957,0.37768301838453916,1.648049059806963,0.09942776275604055,1.172030887610339,0.4250546995854871,2.757364849167183,0.005855613041119614,1.2196030677668226,0.33966250637944195,3.590632009305102,0.00033417404730300284,0.6255595495553222,0.3785799034515028,1.6523844605910474,0.09854130165461554,1.1544245699587588,0.3570888617463345,3.232877565301458,0.0012362907910247218,1.9335307768473746,0.34073336780806224,5.674615284337364,1.4970027119561496e-08,3.043529090947621,0.283651734313073,10.729809561426503,1.805393494069612e-26,-0.041894750116332494,0.06455208081077697,-0.6490069660053184,0.516374274743682
2.7,0.0704436421437643,0.06842779750758932,3698,-2.5190793801042517,0.27029582060093404,-9.319712655947543,1.9522939649100285e-20,0.7746426220396775,0.3792587866421419,2.042517271381266,0.041171196302198114,1.2631628541989792,0.42682811186707853,2.9594181336217833,0.0031018148149266423,1.2739460448067494,0.3410796455405825,3.73503978165467,0.00019052216044157587,0.7033525123322641,0.38015941369100686,1.850151507504029,0.06437162820254393,1.2240002713624936,0.358578707108962,3.41347728433455,0.0006483070859973625,1.9992858980402604,0.34215497481489715,5.84321738744806,5.563713549184935e-09,3.1301555610689684,0.28483518545434044,10.989357077062158,1.1495135482351155e-27,-0.03763358384867054,0.06482140486018463,-0.5805734067295152,0.5615634620613247
2.754,0.06838616746532122,0.06636586097026098,3698,-2.566062232885782,0.27364447396920466,-9.377358130661761,1.1464680323253913e-20,0.8619153416694499,0.3839573654455874,2.244820439032824,0.024838685709504354,1.3205869968181823,0.43211601972780167,3.056093587203839,0.002258459737164092,1.333205370317893,0.3453052288342818,3.8609475298670395,0.00011488375218529676,0.7194767326367159,0.3848691502245054,1.869406088321249,0.06164550403065668,1.2521434336850323,0.3630210835862637,3.449230610286272,0.0005684852757246367,2.070250499247277,0.3463938801976632,5.976579315044271,2.494993904667201e-09,3.1597599926819946,0.2883639647786123,10.95754108911583,1.6163900524235805e-27,-0.02330097117020962,0.0656244672798643,-0.3550653001241064,0.7225609696144798
2.808,0.06724065559649872,0.06521786493365578,3698,-2.5876160334311606,0.2755206142817726,-9.391732956811818,1.0034731362555321e-20,0.8994615107894345,0.3865898245673488,2.326655937713997,0.020037471489850783,1.2831172452329305,0.43507866053160965,2.949161523263696,0.0032063904654149548,1.3557632792524716,0.34767268413334035,3.8995392538014455,9.809112737143045e-05,0.7728873415596191,0.3875078606553297,1.9945075185121641,0.04617008690179079,1.276899710471722,0.3655100009736652,3.4934740693011075,0.000482382226744212,2.0733483043832788,0.3487687994249333,5.944764290274574,3.0256855075802864e-09,3.174693405235179,0.2903410237382387,10.934360444004534,2.0708620163962254e-27,-0.021579337003218093,0.06607439673310225,-0.3265915100274715,0.7439953931238774
2.862,0.06709045153900173,0.06506733514223084,3698,-2.6401068722463235,0.2784784309123318,-9.480471660217948,4.3905615611205176e-21,0.9421783556870641,0.39074001062617075,2.4112666480640144,0.015945786181634884,1.355396655719808,0.43974939234264476,3.082202452854574,0.002069921229291282,1.3905960559881778,0.3514050801640383,3.957245169418262,7.724606934744459e-05,0.803394340661656,0.391667902174207,2.0512131226528756,0.04031667211921305,1.3409152835514777,0.3694338872583044,3.6296488486826965,0.0002876573245556481,2.075462835749116,0.35251296266240423,5.887621323408615,4.267852999943928e-09,3.229401629672958,0.29345794299593275,11.004648900294775,9.754934257037265e-28,-0.009245932553046272,0.06678373004386305,-0.1384458841543234,0.889895592312544
2.916,0.06841038326518722,0.06639012928473775,3698,-2.672239239269945,0.27974591891547373,-9.552379708092799,2.235197501329812e-21,1.016759923369555,0.39251845455877155,2.5903493493382137,0.009625588251570246,1.481556558930335,0.4417509013189673,3.3538280386225483,0.0008050615516518107,1.4199016676204732,0.3530044920893779,4.022333141474487,5.877864163584071e-05,0.8079944369066298,0.39345056938328016,2.053611049980516,0.040083696228644695,1.3259220573314385,0.37111535687345526,3.5728029917758373,0.0003576956825331149,2.077743113939848,0.35411741708877686,5.867384696920909,4.817157745932058e-09,3.288403273365538,0.2947936098946419,11.154934038566171,1.921987577189851e-28,-0.0047152997566970055,0.06708769461432672,-0.07028561323808023,0.9439701428575349
2.9699999999999998,0.06959248385508554,0.06757479338906247,3698,-2.7126514360185894,0.2817641757256608,-9.62738229241661,1.0997573592641808e-21,1.051489846300486,0.3953503208719909,2.659640806617542,0.007856227917743213,1.5530974552561316,0.4449379603775936,3.4905932816748337,0.0004875955590517994,1.4742691291571992,0.35555128070008607,4.146431778432468,3.4529446144279026e-05,0.7536839623548165,0.3962891605384552,1.901853589259806,0.05726812180908931,1.4016209872219692,0.3737928082524732,3.7497270045796696,0.000179742745618526,2.1317636927038293,0.3566722350157588,5.976814238455208,2.4914346235531343e-09,3.3499481557117656,0.2969204298785618,11.282309395422432,4.7745915058486207e-29,-0.0005375544476587955,0.06757170595240106,-0.00795531857723794,0.993653071240014
3.024,0.06968420072204196,0.0676667091540768,3698,-2.7298935382014116,0.28380935807813856,-9.618758016604286,1.1935179055828514e-21,1.0508315126562906,0.3982199670830872,2.6388217556078453,0.008354448751511302,1.5322576574285578,0.4481675379566741,3.4189394091650755,0.0006354725594754111,1.5416061945327126,0.3581320459901231,4.3045748399048,1.7165335290583054e-05,0.7524354945803529,0.399165621307551,1.8850207894046387,0.059505563961422245,1.4052784408680523,0.37650597948139963,3.73241998122762,0.00019250767887372808,2.142549410224414,0.35926113674109117,5.963766160903971,2.6968120954397357e-09,3.379543681529551,0.2990756237448999,11.299963665417858,3.931978675578956e-29,4.910212675887109e-05,0.06806217448050529,0.0007214304734406505,0.9994244208212653
3.078,0.06864109745101965,0.06662134379951745,3698,-2.719774277370997,0.286195194755952,-9.503214334853656,3.548216911759496e-21,1.0059832309714714,0.4015675938482446,2.5051404704525035,0.01228305431496554,1.5746152024632898,0.45193504779885485,3.4841626249887843,0.0004994232737312592,1.5608315324820854,0.3611426745916943,4.321924940736378,1.5875502079585304e-05,0.7277376529743447,0.40252119769265227,1.8079486425706544,0.07069590428110506,1.4172967020919252,0.37967106812169565,3.7329594511995845,0.00019209723667771355,2.1457025972298465,0.36228125701744185,5.922753539321364,3.455606651960188e-09,3.3761080479370524,0.3015897959251353,11.194370942096183,1.2507408343987568e-28,-0.00231584509870367,0.06863433754569435,-0.033741785548113745,0.9730848833375265
3.132,0.06860809851866534,0.06658827330536898,3698,-2.7020410316336276,0.2878423613925624,-9.387225071950253,1.0463045131065203e-20,0.965725426477496,0.4038787743119654,2.3911269616054325,0.016846570168675423,1.5555991041282116,0.4545361128980924,3.4223883647215922,0.0006274906507054047,1.5163876978412267,0.36322119364282984,4.1748326484834815,3.0509240102191542e-05,0.6888143406544831,0.4048378665239832,1.7014572934315095,0.08894141795354545,1.421796229862634,0.3818562254120882,3.723381040411932,0.00019950856183940466,2.1762994470468944,0.3643663290611471,5.972833583867386,2.5524185609744373e-09,3.3697372723951706,0.3033255645854499,11.109308498281493,3.153973209478699e-28,-0.00391852926378968,0.06902935532727356,-0.056766128630517075,0.954734570128333
3.186,0.06781672371367409,0.0657951823175531,3698,-2.7067226619027847,0.2901909748472778,-9.327384021254566,1.8190991562625602e-20,0.8727994472478605,0.4071741722472588,2.1435530707430237,0.03213391360504866,1.592776749067197,0.4582448430003673,3.4758203466916493,0.000515165911072858,1.540018072964961,0.3661848511750299,4.205575593920076,2.666048710459723e-05,0.6799419475383572,0.4081410900512519,1.665948281396941,0.09580861805552836,1.4281451963196814,0.3849719331363816,3.7097384858281117,0.00021052963976723912,2.2035774713381127,0.3673393301814067,5.998751808715661,2.1799843423553828e-09,3.364895431918517,0.30580051128439306,11.003563786684385,9.869294367077925e-28,-0.015628865651818463,0.06959259164838912,-0.22457657175324106,0.8223211300192377
3.2399999999999998,0.06871733314982476,0.066697744823774,3698,-2.7311374624134803,0.2926596860578963,-9.332127356526943,1.7412822239678266e-20,0.8739640671985418,0.41063808233002463,2.1283073947733566,0.03337770420758783,1.5791600082594692,0.4621432212380726,3.4170359656665106,0.0006399180554000683,1.5758062120356202,0.3693000571104668,4.267007766977565,2.0308837421746723e-05,0.6951606885865829,0.4116132258923264,1.6888686875392809,0.09132910838864064,1.4873327595737185,0.38824696444156753,3.8308934667731758,0.00012980286407588744,2.3047889536181465,0.37046435749487566,6.221351412058653,5.479971327727174e-10,3.4225425126213405,0.3084020158653607,11.097665827565544,3.5778242872904235e-28,-0.012634885528727168,0.0701846293961819,-0.1800235412999775,0.8571439746375022
3.294,0.06948645694364175,0.06746853654666407,3698,-2.684802164855228,0.2940539639372136,-9.130304277851826,1.0984766916249192e-19,0.8342696898145987,0.4125944282904477,2.0220091029133114,0.043247455364505145,1.4753079099457713,0.46434494597552495,3.1771809357079404,0.001499421059158497,1.5533569663881983,0.371059462060959,4.186275045407701,2.9018806640951214e-05,0.5598772673058846,0.4135742175937341,1.3537528295728247,0.1758981787762234,1.4773725408391174,0.39009663551012014,3.787196315874892,0.0001547834848388018,2.2876457042433143,0.3722293093599181,6.145796815885153,8.802443283054445e-10,3.404567167960479,0.30987129273929565,10.987036384893024,1.178487752619619e-27,-0.02086826902669512,0.07051900027436231,-0.2959240622457027,0.7673047308732903
3.348,0.07081879586631679,0.06880376479202321,3698,-2.716552360594511,0.295625957805673,-9.189153688527622,6.445065512000767e-20,0.8346388745149356,0.41480013197404636,2.0121470804333255,0.04427699567101784,1.4573993792148525,0.4668273046492529,3.121924027794086,0.0018106386173565307,1.6064763544669456,0.3730431224455482,4.306409253534589,1.70243787780983e-05,0.5266455000356571,0.415785159168897,1.2666289029852729,0.20536797930071685,1.5242242748395431,0.39218206741832423,3.886522106615642,0.00010347761035014662,2.3650466859489216,0.3742192236740799,6.319949741568382,2.928529364730456e-10,3.452336109061537,0.31152784504580283,11.081950342364909,4.240847272465778e-28,-0.01754203505016918,0.07089599038378609,-0.24743338734966092,0.8045866077120436
3.402,0.07061999147679598,0.06860452927343863,3698,-2.6911417756521407,0.2970436935177319,-9.059750583432246,2.0729009275423066e-19,0.8178835242420486,0.41678939220285516,1.9623424673053513,0.049797687430886375,1.4537608591186812,0.46906607199592987,3.0992667044383797,0.0019546203008749615,1.5594008753716282,0.3748321282580102,4.160264710015032,3.251227348325529e-05,0.49578744722454837,0.4177791433003085,1.1867213937680126,0.2354139505500972,1.556371464263617,0.39406285801849716,3.949551277401946,7.976056909891526e-05,2.374576194580553,0.37601386972437845,6.315129269888737,3.0202773142364014e-10,3.448315948924066,0.31302184156255153,11.016215136013072,8.614746380894747e-28,-0.014852125935899761,0.07123598683793693,-0.20849189567189683,0.8348564202012403
3.456,0.07045008351450266,0.06843425284714466,3698,-2.6424781570972695,0.29935185866772585,-8.827331718793047,1.6253375573693717e-18,0.7446840691948842,0.4200280361160691,1.7729389592200955,0.07632132275529306,1.3758891917103948,0.47271092958440086,2.910635455203146,0.0036285443586456015,1.4815341047130794,0.37774474506969,3.9220508664912113,8.939560742979504e-05,0.42543172311842054,0.42102547803154067,1.0104655069984856,0.31233858783843166,1.540791633558076,0.39712490638254033,3.879866532656782,0.00010633842250961564,2.375843869245207,0.37893566920691946,6.269781554789099,4.0328453978543275e-10,3.417618702488721,0.3154541642196171,10.833962870464433,6.022461191447074e-27,-0.019803188375389653,0.07178952298710597,-0.27585067502045496,0.782678211058986
3.51,0.06898697664846243,0.06696797307383195,3698,-2.5473608503467897,0.30113497726514055,-8.459199504094514,3.8285738850086794e-17,0.6505305658234314,0.4225299741563653,1.539608088449342,0.12374167907295747,1.1990623679179693,0.4755266784275665,2.5215459453987576,0.011725829165950245,1.407029551490193,0.3799948185551434,3.7027598345686656,0.00021638602834709203,0.3327102997372351,0.4235333574320717,0.7855586671012017,0.4321765374003227,1.5072851082899805,0.39949041969259225,3.7730194117041305,0.00016381645919350723,2.2911322390194635,0.3811928365483678,6.010428369444851,2.0300347225702357e-09,3.336980403576957,0.31733319777349345,10.515699041229313,1.672531837167325e-25,-0.021314123812277482,0.07221714429571434,-0.29513938857787747,0.7679040102864679
3.564,0.07013306617239068,0.06811654801825118,3698,-2.5774279280238876,0.30213101516429774,-8.53082867583883,2.090964673804458e-17,0.6864661737153203,0.42392753969860747,1.6193007281465257,0.1054680532968976,1.1470892772818864,0.47709953654612763,2.4042976138397103,0.016252576736747855,1.4367372560449134,0.38125169427314093,3.768474416314564,0.00016681585273530314,0.37787998086039365,0.42493424177765937,0.8892669587642076,0.37391760785729333,1.533509733401382,0.40081177931005607,3.826009644829087,0.00013239337395760717,2.3301894804531353,0.38245367484598974,6.0927365422530695,1.2239024294254587e-09,3.3893038356158693,0.3183828131138093,10.645373104371457,4.3650433379492e-26,-0.015698288175974254,0.07245601064508597,-0.21665957090668123,0.828485637496747
3.618,0.06966371508191316,0.06764617908859671,3698,-2.601329405391842,0.30354218698269425,-8.569910598753612,1.5001869099200884e-17,0.698558026472936,0.425907589965011,1.6401633662605628,0.10105646174743213,1.1853465862934875,0.47932793875163376,2.47293447859646,0.013445612346749413,1.471820360354519,0.3830324172696913,3.842547768791636,0.00012381286734478605,0.3975541344449115,0.42691899407573847,0.931216788106604,0.3518023715037797,1.6087732142948286,0.40268386214516694,3.995127109699937,6.592150792929115e-05,2.388896617793928,0.3842400119669614,6.217198999044731,5.62537101330818e-10,3.4157356987038625,0.3198698926613482,10.678515787417858,3.0890481790359305e-26,-0.012100715871729468,0.07279443296905751,-0.1662313363560793,0.867984009421171
3.672,0.07097911834856718,0.06896443495111226,3698,-2.616422478540681,0.3059324416942928,-8.552288420445377,1.742780104060476e-17,0.634301366561594,0.42926141578322413,1.4776575374338197,0.13958483170275135,1.2376014009901986,0.4831024251760438,2.5617784893942797,0.010453166924495317,1.4406391906722082,0.3860486208793927,3.7317558275186413,0.00019301411592065917,0.3895469491879138,0.43028078423480665,0.9053319680093729,0.36534866816279343,1.657705673826239,0.40585481181890065,4.084479536898864,4.5113925700704316e-05,2.44273352957687,0.3872657248278926,6.3076419444619365,3.1683777149212506e-10,3.4548254689340707,0.32238872052390133,10.716334812582055,2.0794415693962104e-26,-0.012206163963108757,0.07336765555176347,-0.16636982429535146,0.8678750372564357
3.726,0.07200199472942193,0.06998952955128035,3698,-2.666855727477738,0.30745331274883725,-8.67401851563827,6.151893597720323e-18,0.6858010188712967,0.43139538777547803,1.589727285698811,0.11198198042668504,1.2174755927372054,0.48550405506126093,2.5076527786849985,0.012196228139900463,1.454924289241721,0.3879677706429505,3.75011637392091,0.00017946493699458931,0.5029808372187284,0.4324198237771489,1.1631771014224912,0.24483288800718267,1.7031889807269667,0.4078724233942685,4.175788513852492,3.0381999621869403e-05,2.5009241680416654,0.3891909251369741,6.425957047075226,1.4778051626131258e-10,3.5284387218816637,0.3239914000914588,10.890532035373866,3.303921388545947e-27,-0.0124464387903307,0.0737323855655224,-0.168805589224699,0.8659588164590546
3.78,0.07425360426017513,0.07224602194358032,3698,-2.7415264236568304,0.30814804362605264,-8.896783479124597,8.83004039929931e-19,0.7567941485982483,0.43237018194340027,1.7503384373007411,0.08014305973622109,1.2441883903931563,0.48660111482311125,2.556895889655827,0.010600765053333398,1.5347074311050408,0.3888444344434484,3.9468417062511434,8.066439009581418e-05,0.5765719242349772,0.43339693279188707,1.3303553408206543,0.18348345467390298,1.7968768764867795,0.40879406435485277,4.395555202893075,1.1360177945609815e-05,2.614873256429496,0.3900703528146507,6.703593948017891,2.3432361596006052e-11,3.634310194856376,0.3247235009349441,11.19201469678809,1.2833117102897204e-28,-0.019897818604021573,0.07389899351144155,-0.26925696357340584,0.7877470059645092
3.834,0.07529164630576135,0.07328631509688266,3698,-2.7558057444829536,0.308128086920357,-8.9437018612174,5.832518693503876e-19,0.7706108022177318,0.4323421801934262,1.7824094837865858,0.07476469984597718,1.3468020262978642,0.4865696008951777,2.7679534928200487,0.0056691048607688185,1.5509317856136378,0.38881925156755454,3.988824574300109,6.768967337131182e-05,0.5591660403630049,0.43336886454606816,1.2902773736380504,0.19703523865420736,1.7745869454776941,0.40876758947369995,4.341310297527565,1.4543777585544083e-05,2.632294377993773,0.390045090544152,6.748692501991139,1.725493159604358e-11,3.6634852399999316,0.32470247074677755,11.28259120287673,4.759826552250708e-29,-0.024959699232246325,0.07389420756359856,-0.33777612691447095,0.7355511205714143
3.888,0.07677680933835163,0.07477469886795507,3698,-2.753175272074393,0.3083629953325366,-8.92835818093344,6.6811867065040875e-19,0.754737204979387,0.4326717860274239,1.7443642718398784,0.08117887387105784,1.330748242065847,0.4869405482291372,2.732876214366201,0.006308321120572433,1.5446960874655624,0.38911567671309544,3.969760613383112,7.331532221089281e-05,0.6057899499403735,0.43369925309608987,1.3967973096927502,0.1625585526359409,1.725538147784395,0.40907922268556807,4.21810263659052,2.522864800433386e-05,2.6677121518496922,0.39034245023574626,6.834286535421742,9.602400352085833e-12,3.6941511221230767,0.3249500150151247,11.368367291662176,1.8481650212481465e-29,-0.03161112856519919,0.07395054248308455,-0.42746310579709296,0.6690670012718918
3.942,0.07759209946724355,0.0755917570426673,3698,-2.7645657607443965,0.30967198496255055,-8.92740026540897,6.738042082280573e-19,0.7481814854955882,0.43450846192460396,1.7219031412681967,0.08517089318440299,1.3041440586100301,0.48900759303578756,2.666919853971649,0.007688419451155281,1.5802767203260242,0.3907674585202608,4.044033570016652,5.36135612455783e-05,0.5957415085878889,0.4355402905533742,1.3678218100809265,0.17145117468638416,1.7518366747840908,0.4108157490147799,4.264288014725222,2.0556539120123477e-05,2.6603446954334036,0.39199943965161904,6.786603311978524,1.3321318994070457e-11,3.726312538355646,0.3263294159366555,11.418868040627292,1.0556434921710541e-29,-0.038834849396900635,0.07426445982955435,-0.5229264373030003,0.6010568510222802
3.996,0.08004424787786735,0.0780492232053337,3698,-2.7998724610856307,0.30941937344309145,-9.048794941085305,2.286777862524186e-19,0.7367897324776345,0.4341540164206044,1.6970699443301691,0.08976779237777725,1.356075869873242,0.4886086904643498,2.775382215540403,0.005541473286416239,1.605725041784372,0.3904486942592189,4.112512259340099,3.999092829732998e-05,0.6007634788795091,0.4351850033465071,1.3804783580769753,0.16752304667387355,1.792257823843811,0.41048063058103174,4.3662421325627125,1.2987148318851387e-05,2.703452999607398,0.39167967041550467,6.902204029990886,6.001716783586902e-12,3.7846689748440383,0.3260632163008895,11.607163229818491,1.2821466872431619e-30,-0.046515742937743874,0.07420387941236996,-0.6268640306424409,0.5307871581018077
4.05,0.08192794678953808,0.07993700712413188,3698,-2.8260958685808135,0.31027379099080354,-9.108393782008415,1.3385994520026526e-19,0.7133097100769844,0.4353528709264218,1.6384633195574807,0.10141035773149529,1.4804408644738134,0.4899579137998244,3.021567409723802,0.002531957979015905,1.6458530296802987,0.3915268627402164,4.203678435143147,2.6883959973738376e-05,0.5988825951972158,0.43638670477593866,1.372366730340032,0.17003273561951388,1.8402266383640553,0.41161411440223417,4.470756890920811,8.028731341908716e-06,2.759504156815288,0.3927612380619036,7.025907572835278,2.521565703351123e-12,3.847263091819363,0.3269635934510687,11.766640595094636,2.097830894017938e-31,-0.04847135992227385,0.07440878286095734,-0.6514198735497261,0.5148160623293303
4.104,0.08473770985962203,0.08275286347276312,3698,-2.8640249156657043,0.31057611003110114,-9.221652352394074,4.7946316306362506e-20,0.7169644409664646,0.43577706228886,1.6452551155416626,0.10000240640178158,1.5206774952458253,0.49043531024962816,3.1006688618562377,0.0019454133797264523,1.6744706080745764,0.39190835169877897,4.272607615572264,1.980775502297779e-05,0.645041421305022,0.43681190346695664,1.476702938233498,0.13984064008192468,1.8403918179203373,0.4120151756186574,4.4668059014013615,8.177568969533304e-06,2.79979097185609,0.3931439297490673,7.1215419086926195,1.2771060037346725e-12,3.9250221452816314,0.3272821744032939,11.992777035406204,1.5495649992562845e-32,-0.033684581348999175,0.0744812839631368,-0.45225564808564206,0.6511114147444166
4.158,0.08674448708343585,0.08476399261248646,3698,-2.841268930151117,0.31021047891362985,-9.159164900235995,8.460618614019555e-20,0.6661052802141996,0.4352640361767193,1.5303476162771177,0.12601644934739775,1.4656053384978924,0.4898579367661494,2.991898729197379,0.002790838282197394,1.6826567743023086,0.3914469707877888,4.29855612604679,1.7635668828105346e-05,0.6564056078499508,0.4362976590700731,1.5044903271977594,0.13254076908006965,1.794676209254865,0.4115301236001313,4.360983817064837,1.3301601721489767e-05,2.796313691662279,0.39268109423236647,7.121080522424078,1.281330870597928e-12,3.9451851095539308,0.3268968757815051,12.068592274313618,6.403892902963764e-33,-0.03255076116742004,0.07439359957851556,-0.4375478717502535,0.6617396806286708
4.212,0.08968544982769344,0.08771133315613522,3698,-2.911285959373257,0.3112777955929754,-9.352693962084059,1.4402521972350162e-20,0.7033027673637956,0.43676161474775155,1.6102668907156206,0.10742516051321413,1.5106058492865508,0.4915433522564684,3.073189459997772,0.0021333091639900077,1.7952008659109537,0.39279379144473187,4.570339208540031,5.028857387855517e-06,0.7177843411474405,0.43779879394570886,1.6395301930330408,0.10118815319873177,1.8897256653621493,0.41294604277381547,4.576204805520357,4.890743117341223e-06,2.89065334032081,0.39403216104031447,7.3360847822395385,2.690512257138548e-13,4.06514372950326,0.3280216040278539,12.392914611679265,1.3802317693931786e-34,-0.029994916165630884,0.07464955975737468,-0.40180968599305994,0.6878473696677039
4.266,0.09082014640556912,0.0888484904476523,3698,-2.9488024543793205,0.31305965797277124,-9.419298779901549,7.768319345539695e-21,0.6539695885679612,0.4392617901578715,1.4887923402873793,0.13662753867201843,1.5297126716918223,0.49435711738788757,3.0943474219095006,0.001987238957541884,1.8495132845095321,0.39504227974008055,4.6818109841975035,2.9458160573248942e-06,0.7900178628882661,0.44030490653034016,1.7942517813705723,0.07285484429073623,1.9073345621021163,0.4153098895657221,4.592557533596328,4.524619469630455e-06,2.939858777584528,0.3962877381939945,7.418495437134572,1.4622437373204118e-13,4.121568993925058,0.32989931379145615,12.493414874243971,4.1248030398829934e-35,-0.024724222368841295,0.075076879804237,-0.32931872546261537,0.7419334874697339
4.32,0.09050256380761923,0.0885302191371018,3698,-2.925622811805677,0.3137426052016913,-9.324914000522572,1.8609731718691846e-20,0.5924056814317097,0.4402200503958766,1.3457035428054156,0.17848084291741553,1.5168274202233107,0.49543556941713734,3.0616037964488605,0.002217405752660199,1.8576518791583843,0.39590407404472466,4.692176718920372,2.801226236879482e-06,0.8521882744651671,0.4412654423519853,1.9312372841229657,0.053530237370540495,1.8577009146218366,0.4162158981522602,4.463310803044463,8.311428946269396e-06,2.9058770424497458,0.3971522494964317,7.316783541158954,3.1006738122275566e-13,4.116260468375664,0.330618997137549,12.450163190904474,6.944180965958607e-35,-0.012430578489773483,0.07524066183655087,-0.1652109137048404,0.8687870278018208
4.374,0.0916587309423772,0.08968889354675225,3698,-2.970092235174857,0.3148464571432125,-9.433462463336111,6.809009479228952e-21,0.6193645642035076,0.4417688925016967,1.4020103604310004,0.16099628855317696,1.5770684217638355,0.4971786782781357,3.172035508895213,0.0015261688629916168,1.9011789296750685,0.3972969976500778,4.785283908310693,1.7743584992501424e-06,0.9382513534444382,0.4428179624980883,2.118819544156339,0.03417237399821295,1.8870818398518185,0.4176802855821154,4.51800552956867,6.43802829684279e-06,2.9671330687658,0.39854956460256574,7.444828278070332,1.2017620468339737e-13,4.186305554956969,0.33178222589846107,12.617630566617965,9.157379066366254e-36,-0.014680728871647494,0.07550538377508462,-0.1944328753480472,0.8458476563887964
4.428,0.09275271784847472,0.09078525288311501,3698,-2.960202887527497,0.31680363654715377,-9.343967511834082,1.5611142020076123e-20,0.5867007431291329,0.4445150595875564,1.319866966202458,0.18696133487508643,1.5733551643146393,0.5002692891048666,3.145016491277825,0.0016739818671585068,1.8796505636914487,0.39976671418461934,4.701868607358322,2.672216941909155e-06,0.9452881014154869,0.4455706509156754,2.1215223656963516,0.03394436379636133,1.8322855478389881,0.4202767107087979,4.359712306563058,1.3378723337363164e-05,2.9633798877375934,0.4010270674665572,7.389475993374732,1.8137856103597545e-13,4.211798257411276,0.3338446830879566,12.61604114360453,9.336236195943823e-36,-0.017783024472941653,0.07597474774173726,-0.2340649360678617,0.814947555350825
4.482,0.09459849477157478,0.09263503257536254,3698,-3.0124976654705313,0.3169483955358611,-9.5046944799242,3.499308663131078e-21,0.6153040856839751,0.44471817452396445,1.3835820547307502,0.166570180011675,1.7692631333454483,0.5004978801562873,3.5350062477646693,0.0004127745031086022,1.9328272538733677,0.3999493819907562,4.832679686245997,1.4019293937921923e-06,1.0037148466413028,0.44577424818977,2.251621422092585,0.024404805872692593,1.8457066653843095,0.4204687502708514,4.389640524284787,1.1671924644569227e-05,3.0062351611958467,0.40121031117349015,7.492916003088214,8.384904733566168e-14,4.29012859847486,0.33399722874442656,12.844802978163782,5.639631731080053e-37,-0.01793100227071036,0.07600946333960812,-0.2359048660900966,0.8135195879212906
4.536,0.0956179543633463,0.09365670297676654,3698,-3.029566749466046,0.3182556471293178,-9.519286701722006,3.051465431227014e-21,0.5844110278123539,0.44655241173883564,1.3087176610170101,0.19071152958913015,1.7385790050471743,0.502562180403808,3.459430639309605,0.000547451122108706,1.923142664905457,0.40159897061235333,4.788714129354147,1.7444856377526443e-06,1.0249169892312688,0.4476128411735988,2.2897399157361815,0.02209260975687828,1.8396051638892654,0.42220297089330006,4.357158264417268,1.353492642329252e-05,3.0362072815949572,0.4028651004892905,7.536535872448127,6.037899171357638e-14,4.315838090884699,0.335374798139432,12.868701270422802,4.1953805961303155e-37,-0.026800539770694503,0.07632296387618757,-0.35114647557674517,0.725498515021314
4.59,0.09640596075637098,0.09444641824784594,3698,-3.0448575931062214,0.3187724046643848,-9.55182302028922,2.2469515760495727e-21,0.5889470439405895,0.4472774870851801,1.3167375084729664,0.1880084193898872,1.7974266945654658,0.5033781998394594,3.570728122788616,0.0003605314705128481,1.8915627667049686,0.4022510542313275,4.702443279656799,2.6647493589939726e-06,1.0938927250190147,0.44833963835867807,2.4398751112518964,0.014739122739345946,1.8277507417051435,0.4228885096056677,4.3220629082816,1.586562575406897e-05,3.0460961127633417,0.4035192399465827,7.548824965983232,5.5025932567068705e-14,4.347061640114477,0.33591935235417525,12.940789536683702,1.7136156564370637e-37,-0.020149799621679898,0.07644689087335924,-0.2635790598084591,0.7921190173829168
4.644,0.09645999917177794,0.09450057385146748,3698,-3.0714047517987817,0.31983658045941477,-9.60304399011208,1.385143031616992e-21,0.6533988206372163,0.4487706586033327,1.4559749130451818,0.14548465145051567,1.7800165377925934,0.5050586555130894,3.524375868747905,0.0004296374013247326,1.8748539849423378,0.40359391148363255,4.645397097419719,3.5126837422781706e-06,1.1766263231095455,0.44983635571599173,2.6156763635450115,0.008941372260721754,1.8527432421673011,0.42430026203258325,4.36658519439006,1.2966881306524524e-05,3.0748904737039964,0.4048663308543799,7.594828809832438,3.882308248695111e-14,4.3857522970257445,0.33704077076626715,13.012527496464811,6.998443965286007e-38,-0.021706220391006854,0.07670209781625123,-0.2829938294909042,0.7771974452760441
4.6979999999999995,0.0980508255543241,0.0960948501150275,3698,-3.0955803382082774,0.3195521618837256,-9.687245800373136,6.220745867865769e-22,0.6479857085799817,0.44837158382787173,1.4451979829942594,0.14848722049494958,1.7823259821971396,0.5046095259506291,3.5320894484491396,0.00041733877404065883,1.883457737461053,0.40323501068092854,4.670868569374781,3.106212671128962e-06,1.1879829317209827,0.44943633325639015,2.643273015141999,0.008245609612365964,1.8621229813456694,0.42392294785539164,4.39259773684362,1.1515050556138187e-05,3.1053404861003058,0.4045062985372488,7.67686559475007,2.074085327060693e-14,4.416764644515231,0.33674105315475183,13.116204879496753,1.9033409712081868e-38,-0.025732104938263466,0.07663388954131929,-0.3357797065016423,0.7370560896183944
4.752,0.0998342203135032,0.09788211236080824,3698,-3.17161059471094,0.3183685083604469,-9.962073859139803,4.360263892470515e-23,0.8391832389835413,0.4467107701384653,1.8785829558652074,0.06038025700426321,1.7911251045210308,0.5027404012363711,3.5627236245907077,0.000371669722645956,1.9409362327161794,0.40174138742302834,4.831307635905581,1.411565447656435e-06,1.2973037217590186,0.44777157562742453,2.89724447100336,0.003786730075728545,1.9206155910057325,0.42235269438606815,4.547421187397749,5.605177556874266e-06,3.1315952473541646,0.40300796630056607,7.770554205418857,1.0058688090562417e-14,4.5128113725426555,0.3354937302399276,13.451253975194494,2.6577707400122187e-40,-0.02465895873753742,0.07635002986462858,-0.3229724831969112,0.7467343861195115
4.806,0.10036884956318448,0.09841790101249481,3698,-3.1332711946434375,0.3191559076474075,-9.817368626323434,1.782553266055127e-22,0.7790816550651318,0.4478155896562501,1.739737680108829,0.0819884900425186,1.7031953610213766,0.5039837950490896,3.37946453388542,0.000733811513442136,1.8746110151332662,0.40273498720973006,4.654701167438019,3.358624285923505e-06,1.2143366539989362,0.4488790187636379,2.7052649004260063,0.006856362179828116,1.91440612826262,0.4233972707234645,4.521536298501521,6.332135361696267e-06,3.079986764623953,0.40400469863109306,7.623640950365201,3.1173152826369596e-14,4.4865003107810875,0.3363234841792575,13.339836561605736,1.1118323974592285e-39,-0.0362777075153237,0.0765388612267015,-0.47397762305180186,0.6355439149677398
4.86,0.1005378177678008,0.09858723564314442,3698,-3.099919618438281,0.3183694929469052,-9.73686137369719,3.8696193489734294e-22,0.7650419965792852,0.44671215163620615,1.7126061912063695,0.08686904754324745,1.6624889513036578,0.5027419560113507,3.306843463978015,0.0009525705775515046,1.8377813106013619,0.40174262984845494,4.574524021248649,4.929943706656689e-06,1.129373240592393,0.4477729604058125,2.522200624997214,0.011704065515112877,1.87405073094666,0.4223540005540232,4.437156339204488,9.381757726307675e-06,3.0798885739809663,0.4030092126430145,7.642228706838846,2.704666872614928e-14,4.450564127321175,0.3354947677878476,13.26567372918173,2.8653134715030237e-39,-0.022891770202940274,0.07635026598473318,-0.29982567719564535,0.7643270205841658
4.914,0.10070903907480322,0.09875882826227922,3698,-3.1066922162944994,0.31887044425440697,-9.742803926399219,3.6551793108111683e-22,0.7437962846269074,0.44741504887164074,1.6624301898264842,0.09651150576622047,1.621094536253401,0.5035330156002225,3.2194404061489803,0.001295546283470815,1.8381093558175228,0.4023747679777679,4.568152633067395,5.081293471916874e-06,1.117780842537547,0.4484775268135513,2.4923898650606184,0.012732219234887696,1.9335374201701492,0.42301857047511626,4.570809782649691,5.017640573999289e-06,3.1290403873720853,0.40364334372806304,7.7519930304614135,1.1616891330534355e-14,4.457454429605234,0.3360226655491176,13.265338581613248,2.877566788752337e-39,-0.022629382329599636,0.07647040238731098,-0.2959234111909762,0.7673052280461659
4.968,0.10036009445346572,0.09840912691636294,3698,-3.075822596729604,0.3194272441169502,-9.62918052038,1.0811462216148624e-21,0.7054716616765137,0.4481963086032976,1.574023810849662,0.11556769691342289,1.6304134140567157,0.5044122664650298,3.232303261542015,0.00123877126793505,1.808702153722034,0.40307738002456567,4.48723308068491,7.4355220696789025e-06,1.0678214142136244,0.4492606418051819,2.376841670178347,0.017512305871230514,1.927082746495907,0.42375722997190507,4.547610306551399,5.600172730332964e-06,3.129659248768166,0.40434817091526065,7.740010896263085,1.2746577644124581e-14,4.435202706946332,0.336609415990748,13.176110044016824,8.931766892250326e-39,-0.029442099942738918,0.07660393219637636,-0.3843418881848422,0.7007472183090809
5.022,0.10092898887161605,0.09897925504428429,3698,-3.073966657636446,0.3202085200007815,-9.599890276588967,1.4271209834255427e-21,0.65830609741535,0.4492925362218966,1.4652059501167092,0.14294995638734984,1.5458579608024179,0.5056459907216669,3.057194142083757,0.0022502047604256105,1.775943316822698,0.40406325283952127,4.395211156526614,1.137809172892651e-05,1.0604615654825154,0.45035947263899906,2.3547002559277006,0.018589770762357998,1.8754163679769296,0.4247936829059415,4.414887611198746,1.0395746156552661e-05,3.1706673971457326,0.4053371519130484,7.8222965306320935,6.721047105246425e-15,4.423052400665014,0.3374327171456358,13.107953603550623,2.1118799765703852e-38,-0.044478926283976684,0.07679129506517962,-0.5792183377845556,0.5624772247676556
5.076,0.09983958172779284,0.09788748540191117,3698,-3.0335115186933272,0.32071699422078076,-9.458530646508446,5.389809508412942e-21,0.6121230014502363,0.45000598904290945,1.3602552329406188,0.17383228191101813,1.5024239036910523,0.5064489298524787,2.9665852075720385,0.003030596683782152,1.7280014880892043,0.40470488394701787,4.269781652339601,2.0059135652381542e-05,1.0584692890689265,0.45107461969869883,2.346550310846451,0.019000740197077794,1.8826983462888676,0.4254682328416387,4.4250033280148955,9.922794380891293e-06,3.122953896763194,0.4059808059050009,7.692368336974931,1.8410612765901876e-14,4.387875039181458,0.3379685424811154,12.983087144646424,1.0112078353401049e-37,-0.032598281317010244,0.07691323558650275,-0.42383188105963404,0.6717131365436733
5.13,0.09904583813906709,0.09709202049339427,3698,-3.033251070415321,0.3211416288580072,-9.44521294608141,6.102854990674846e-21,0.6172765217311195,0.4506018044607087,1.3698935859120476,0.17080349212699295,1.4817510010414978,0.5071194766631462,2.9218972436070527,0.0035001907364351544,1.7745861349868612,0.40524071994783883,4.3790913588725235,1.2248326813368086e-05,1.1295768925739118,0.4516718500012688,2.5008795491034888,0.012431566134883661,1.8606906459055368,0.4260315598619078,4.3674948553310315,1.2913287446172423e-05,3.139007430663042,0.40651833124772624,7.7216872878241185,1.468637944059062e-14,4.392410131390579,0.3384160184553122,12.979320989117412,1.0598985052786975e-37,-0.04816443368777506,0.07701506999029085,-0.6253897281901718,0.5317539863956422
5.184,0.09814251489818004,0.09618673829725455,3698,-3.0475283324768583,0.3213471137931454,-9.48360262678004,4.263797355796031e-21,0.680665297917714,0.45089012548247104,1.5096034697796366,0.13123027663378573,1.4858937195851292,0.507443960951091,2.9281927344255934,0.0034302538594759235,1.801890150685453,0.4055000163316492,4.44362534676627,9.105382812028686e-06,1.1492486435748168,0.4519608556998801,2.5428057077977644,0.011037152806116017,1.8783599421898916,0.426304159424152,4.406149695389236,1.0821545698595122e-05,3.1303430778713417,0.40677844512092914,7.695449735397699,1.7979137166166573e-14,4.401268867599914,0.3386325565411696,12.997181702063621,8.479266646899563e-38,-0.04346060926091214,0.0770643486737113,-0.5639522036956852,0.5728209424776076
5.2379999999999995,0.09852362918814639,0.09656867907524469,3698,-3.094230854890105,0.32236080341811046,-9.598657225322787,1.4438739398788e-21,0.7630857704680073,0.45231245860009467,1.6870766125473413,0.09167316581540028,1.4903634614199068,0.5090446931698916,2.92776544263571,0.003434960101926944,1.8348166151516814,0.4067791663281329,4.510596330962551,6.665778152036229e-06,1.242909735218505,0.45338656643648934,2.7413907407700235,0.006147462830646588,1.949077657064702,0.42764893610002364,4.557658145579552,5.340335683253757e-06,3.193450446524755,0.40806162792164324,7.825902334384568,6.534219646968732e-15,4.465839423882183,0.3397007731035941,13.146391699615867,1.300500400500477e-38,-0.04121282365671322,0.07730744819865526,-0.5331028848709316,0.5939944753342443
5.292,0.09767299960166154,0.09571620480546028,3698,-3.106909301892515,0.3232376264059904,-9.611842954168333,1.2743761263301396e-21,0.7800942086945077,0.4535427507361106,1.7200014936373613,0.08551604057986856,1.5105224924487324,0.5104292972659757,2.959317775330646,0.0031028228090035385,1.876198780931796,0.40788560768280513,4.599816089590575,4.370661101098405e-06,1.2758334785362688,0.45461978015116006,2.8063747646705055,0.005036521238858942,1.9523110205067136,0.4288121433322272,4.552835200364505,5.4635820183687705e-06,3.207489015602245,0.40917155757822543,7.838983321779489,5.898396061126505e-15,4.476557257206815,0.3406247608952224,13.142195668458237,1.3712692865190705e-38,-0.04246538356255779,0.07751772484208143,-0.5478151435567539,0.5838519827468895
5.346,0.09710758010379905,0.09514955913357159,3698,-3.14020525984043,0.3250264893678982,-9.661382572070995,7.960253741463026e-22,0.8450524151249966,0.45605274883705743,1.8529707742797192,0.06396635312903308,1.500452607893693,0.513254117119729,2.923410758619742,0.003483259518813326,1.9198508588195695,0.4101429298404755,4.680931253810209,2.9584117207931588e-06,1.343188410037621,0.4571357387525935,2.938270400172252,0.003320945784875882,1.9993847229005672,0.43118527720699423,4.636950351949854,3.658399476954815e-06,3.2675084459873944,0.41143599644493856,7.941717482720734,2.625074821464143e-15,4.51940620388239,0.3425098478062024,13.19496718949682,7.03440865852538e-39,-0.05102294023940563,0.07794672374423024,-0.6545873615782657,0.5127742717465524
5.4,0.09557269715381067,0.09361134762202183,3698,-3.1373374753483403,0.3273414106272341,-9.584297536131288,1.6539047696987755e-21,0.8280655337527846,0.459300872415276,1.8028825623568394,0.07148823684078844,1.534779210748408,0.5169096433799818,2.969144086213511,0.003005533143957896,1.9020933916313754,0.41306407202030365,4.604838620624164,4.267083193389843e-06,1.3691974030895382,0.460391575660221,2.973984485111508,0.0029586394105921327,1.9684773368010717,0.43425628833245755,4.532985220225634,6.000113391327479e-06,3.263995568363994,0.4143663481737429,7.877076849385964,4.3738607278169555e-15,4.509371013508582,0.3449492899875472,13.072562096508074,3.296466118108464e-38,-0.05927738853126487,0.07850188012007522,-0.7551078832837522,0.45023245865155515
