peth_time,r_squared,r_squared_adj,n_trials,Intercept_beta,Intercept_se,Intercept_tstat,Intercept_pvalue,C(Q_diff_bin)[T.1]_beta,C(Q_diff_bin)[T.1]_se,C(Q_diff_bin)[T.1]_tstat,C(Q_diff_bin)[T.1]_pvalue,C(Q_diff_bin)[T.2]_beta,C(Q_diff_bin)[T.2]_se,C(Q_diff_bin)[T.2]_tstat,C(Q_diff_bin)[T.2]_pvalue,C(Q_diff_bin)[T.3]_beta,C(Q_diff_bin)[T.3]_se,C(Q_diff_bin)[T.3]_tstat,C(Q_diff_bin)[T.3]_pvalue,C(Q_diff_bin)[T.4]_beta,C(Q_diff_bin)[T.4]_se,C(Q_diff_bin)[T.4]_tstat,C(Q_diff_bin)[T.4]_pvalue,Reward_beta,Reward_se,Reward_tstat,Reward_pvalue,Q_chosen_beta,Q_chosen_se,Q_chosen_tstat,Q_chosen_pvalue,RPE_abs_beta,RPE_abs_se,RPE_abs_tstat,RPE_abs_pvalue,Port_beta,Port_se,Port_tstat,Port_pvalue
-2.16,0.04456333877176377,0.042491369866958784,3698,0.08620464944838302,0.07779327827046238,1.1081246524754618,0.26788022736603034,0.41521040795217107,0.08955026863365388,4.63661822892769,3.6642458193035223e-06,0.039757708471506205,0.13460489241104118,0.295365998659979,0.7677309269244046,0.17167197408513865,0.12025866449721784,1.4275227053524302,0.15351392659126498,-0.03875789117910444,0.12325025887424323,-0.3144649880098876,0.7531856873089084,0.0016716863103785231,0.031835315452131675,0.052510436495975976,0.9581248228350654,0.3259375516100626,0.048375674539236246,6.737633215753988,1.8602935809951665e-11,0.006406494262735646,0.03121690006369578,0.20522519051102664,0.8374075120140996,0.06642755375699794,0.04667854362249584,1.4230853964557804,0.15479596113457778
-2.106,0.03899190524774765,0.03690785407994668,3698,0.07402859402557425,0.07251374222256042,1.0208905478683534,0.30737324131163085,0.3554877711646712,0.08347283004433309,4.258724317551816,2.1072247096036436e-05,0.05249420449653891,0.12546976663272716,0.418381303363694,0.6756927081532811,0.10958437792188057,0.11209716303589325,0.9775838652294163,0.32834428248148995,-0.07373689448515294,0.11488572919884474,-0.6418281452305429,0.5210246510812677,0.0018264158612448305,0.029674772802913148,0.06154776224826,0.9509263118786888,0.300987936618527,0.04509260017536225,6.674885356976624,2.8443575577689934e-11,0.018480801335536427,0.029098326931746764,0.6351155988756715,0.5253924140807498,0.07099172280692309,0.04351064712555514,1.6315942762714615,0.10285034072046681
-2.052,0.03724128199613097,0.035153434410327034,3698,0.01871228502314045,0.06664467427754021,0.28077689966963554,0.7788972679631521,0.2978006536215692,0.07671676290343608,3.881819857237889,0.00010549116231777132,0.05957363033833925,0.11531458000405803,0.5166183698214293,0.6054535573091142,0.13896456635414717,0.10302431910125794,1.3488520726602928,0.17746727636541448,-0.036604313901680875,0.10558718619286216,-0.3466738268299016,0.7288561481431743,0.005965610338685821,0.027272976226220273,0.21873704905555838,0.82686698681716,0.2721150861047127,0.04144292597382183,6.56602012793689,5.889585202716484e-11,0.02588704975559928,0.026743186338882695,0.9679867397835592,0.33311444848170735,0.04265295331511599,0.03998901196393426,1.066616833483766,0.28621469472291455
-1.998,0.031385575363212626,0.02928502903708252,3698,-0.025136768641423925,0.060714502354211754,-0.4140158885726285,0.6788865398453199,0.25161166023444725,0.06989035706755488,3.600091211313222,0.000322290385546364,0.06644211119736901,0.10505366580343246,0.6324587599036274,0.5271263452119197,0.13569806909602822,0.09385701606951055,1.4457956877249343,0.14831946293344414,-0.015427906020731467,0.09619183429397558,-0.16038685751205914,0.8725851233094233,-0.005349029870488631,0.02484617409033165,-0.21528585652831314,0.8295563569603424,0.23264448145558794,0.03775525432271493,6.161910060704334,7.959844130331538e-10,0.02241192979413994,0.024363525931109797,0.9198968104005888,0.3576868325396476,0.03247394749612008,0.03643071239144933,0.8913893076585034,0.37277848636953836
-1.944,0.02674821192915433,0.02463760897318623,3698,-0.05584272355736606,0.05543435331334941,-1.0073667359607912,0.31382463973277963,0.23033346739519756,0.06381221284292093,3.609551481347035,0.0003108020551213008,-0.005337214702908701,0.0959174793698367,-0.055643817351888225,0.955628570667741,0.12533899381480068,0.08569456699784736,1.4626247404686599,0.1436552761679793,-0.02041207288102269,0.08782633343516978,-0.2324140389634977,0.8162293383908981,-0.01374831915215713,0.02268538058622311,-0.6060431342512508,0.5445233977701056,0.17063642817792013,0.03447179876976386,4.950029713203998,7.752191971593389e-07,0.011480133386110508,0.02224470681724037,0.5160838252636817,0.6058267949835257,0.037980338096473366,0.03326244807842891,1.1418383279222333,0.2535953368011059
-1.89,0.02284767408334698,0.020728612384422362,3698,-0.1227773056783415,0.05120344581521607,-2.397832874791718,0.016541794298262417,0.16971363300145223,0.05894188327916685,2.8793384866519514,0.00400804678611546,0.01075604846198459,0.08859678455855323,0.12140450147912495,0.9033772637783327,0.16748180202103857,0.07915411393238028,2.1158951026110255,0.03442055383596842,0.02845513110759187,0.08112317789254103,0.35076450216588734,0.7257850588002872,-0.013562749838829845,0.02095396782349595,-0.6472640386333781,0.5175013456082653,0.1446203216178721,0.0318408130511298,4.541979546365277,5.751033083669494e-06,0.011102339346399643,0.020546927529821936,0.5403406095770591,0.5889947764973626,0.004712662388333579,0.03072376344390634,0.15338818751607966,0.8781005492080056
-1.836,0.019214884486468797,0.01708794468595165,3698,-0.1430704248082466,0.0475069344383816,-3.011569289822619,0.0026166359120559928,0.10265029726948337,0.0546867137560106,1.877060993781165,0.06058859327744024,-0.017830236578572283,0.0822007497437572,-0.21691087531627307,0.828289796765967,0.16968557300612988,0.0734397703366345,2.310540627078791,0.020913144498010173,0.05081777312765207,0.0752666823924739,0.675169563906984,0.4996103561918972,-0.020216254218743072,0.019441245794418006,-1.039864133837945,0.29847117540627516,0.11089805972496498,0.029542141041517037,3.753893787492059,0.0001767906998792168,-0.002970326962947381,0.01906359080972937,-0.15581151487113504,0.8761901190744048,-0.01899588061982257,0.028505734182371345,-0.6663880501478224,0.5052047699028578
-1.782,0.01390007259893744,0.011761607047512057,3698,-0.19894452066768023,0.044752056065412056,-4.445483362303891,9.02745272283432e-06,0.10191154165339232,0.05151548734882965,1.978269970801462,0.04797254117775659,0.0402830036697786,0.07743401262657533,0.5202236369183518,0.6029389299089296,0.20305395616024188,0.0691810734241099,2.9351084929751425,0.0033548950518197916,0.07091565622817653,0.07090204472474275,1.000191976176239,0.3172832121938605,-0.02055281656179956,0.01831386790283684,-1.1222542758766925,0.2618273791418377,0.09302563815628914,0.027829022600838634,3.3427562114052036,0.0008377756152377704,0.004085554709633342,0.017958112743132956,0.2275046809245379,0.8200439371441405,-0.027819627962674155,0.02685271591181781,-1.036007979752648,0.3002663248524811
-1.728,0.011697765303004481,0.009554523807321247,3698,-0.22410902289509566,0.04256815230945165,-5.264711074747199,1.484221650476482e-07,0.0893403351538385,0.049001527629374604,1.8232153052363673,0.06835167871142109,0.04435435604599045,0.07365522689286323,0.6021888454774162,0.5470854497165456,0.15787104600346558,0.0658050317541707,2.3990725601839675,0.01648598572051917,0.06495434392817225,0.06744201952381543,0.9631138626451611,0.33555351213813056,-0.026163537989123103,0.017420149749626,-1.5019123466309363,0.1332053359138309,0.08796878969515605,0.026470964171213748,3.3232181920603803,0.000898531227623685,-0.004688449957339773,0.017081755468902605,-0.27447120208898396,0.7837379002541054,-0.025812295874270086,0.02554230132322685,-1.010570486489317,0.3122883250585556
-1.674,0.009797440937578061,0.007650078380652348,3698,-0.2313495172209293,0.04081933246540971,-5.667645775858163,1.5586186937459006e-08,0.06465370394918027,0.046988406569206054,1.375950126207327,0.16892059986671212,0.05540821703493631,0.07062926228271851,0.7844937812481376,0.43280080110342634,0.13927655218746168,0.06310157531723366,2.207180272239953,0.02736282002055511,0.06472570392443752,0.06467131100895879,1.0008410671537369,0.3169692949651411,-0.02892779648417688,0.01670448083012808,-1.7317387339571138,0.08340368754358517,0.0813862619737132,0.025383462249659518,3.2062711214584163,0.0013561550615881768,-0.011743231272886304,0.016379988741563208,-0.7169254788978322,0.4734654669531604,-0.03335975152622751,0.02449295149258739,-1.3620143548777122,0.17327651522411852
-1.6199999999999999,0.005427287448573126,0.0032704477358024286,3698,-0.24185296942179613,0.03909590121681155,-6.186146421860648,6.838726543943362e-10,0.0373756358522675,0.045004511113007004,0.83048643186939,0.406317558964713,0.04654031573138688,0.06764722729264067,0.6879855626610434,0.4915051290081276,0.10973331006717676,0.06043736646889821,1.8156534024963982,0.06950470755367777,0.060077378657599455,0.06194082641871964,0.9699156780937457,0.33215211103174613,-0.02320652340005747,0.015999201676466086,-1.4504800845277763,0.14700970657015638,0.05798068176716636,0.024311748201524465,2.3848832789215333,0.017134759869885035,-0.0024168973804283146,0.01568840995416344,-0.15405623562169288,0.8775738220849696,-0.03677986024750306,0.023458835660132404,-1.5678467925843966,0.11700265866452372
-1.566,0.0027284627064402267,0.0005657702970208733,3698,-0.22891355369785482,0.038421993547983084,-5.957878094273725,2.794805679729206e-09,-0.005460607888234115,0.04422875497932081,-0.12346284426923676,0.9017473210568723,0.01491369923993698,0.06648117193060467,0.22432966818792563,0.8225132158782991,0.07531154235977446,0.05939558962069825,1.2679652284069556,0.20489038767926382,0.017315935472955516,0.0608731339845266,0.2844594049873803,0.7760743057372828,-0.010273613931782595,0.015723418682102797,-0.6533956857281012,0.5135419407767577,0.02935722220233717,0.02389267937216624,1.228712014464851,0.2192581759774942,-0.013882858925913757,0.015417984169086785,-0.900432817524163,0.367948739175163,-0.02931275839144785,0.02305446873774127,-1.2714566848144917,0.20364638417108383
-1.512,0.0018915625064086505,-0.0002729448126339573,3698,-0.20576429319547748,0.03774341545318881,-5.451660659875262,5.317316845421651e-08,-0.051724796456248744,0.043447622572656136,-1.1905092475370993,0.23392289947977196,-0.013329736861325341,0.06530703537956856,-0.20410874240197982,0.838279781640028,0.02374154189410219,0.058346592878932055,0.40690536880817335,0.6841010992355732,-0.008526713551490187,0.059798042052303185,-0.14259185182070308,0.8866203201610519,-0.02413081311542268,0.015445724410991395,-1.5622972722633102,0.11830375017773019,-0.0025887484594925886,0.023470706242957117,-0.11029699885019001,0.9121798370218743,-0.017820796105046617,0.015145684234676526,-1.1766253560367606,0.23942098930814992,-0.028512277577746235,0.02264729940507732,-1.2589703111071175,0.20812071506566077
-1.458,0.00539129999933452,0.0032343822438438696,3698,-0.20304154318205495,0.03691179217490688,-5.500722972754632,4.039376200207704e-08,-0.10281692872470305,0.042490315082499584,-2.4197732712754134,0.015578220535733768,-0.04635638485558355,0.0638680863548151,-0.7258145264922077,0.4679985233982573,0.03986334390867827,0.057061007452601516,0.6986091849463275,0.4848403395484804,0.01731023927309808,0.05848047597702169,0.29600031435961066,0.7672465022026599,-0.025536489738331263,0.015105399514161674,-1.6905537463203268,0.09100654484597093,-0.0434301726470599,0.022953562115034506,-1.892088575594691,0.05855741867071744,-0.016363883465242948,0.01481197030275412,-1.1047742556032716,0.26932946875254715,-0.048494030805737935,0.022148297893175423,-2.1895150155389795,0.02862186194575902
-1.404,0.007482143754244386,0.0053297602221311635,3698,-0.1466826845926448,0.03710782991341926,-3.952876924759217,7.866433519440444e-05,-0.1282259135943849,0.04271598023682157,-3.0018253797170966,0.002701645286440745,-0.10296819371749089,0.0642072883949865,-1.603683885294414,0.10886935541826068,-0.0031591097392220098,0.05736405724236085,-0.055071239572105184,0.9560846910669797,-0.06055415362022331,0.058791064533744664,-1.0299890655231574,0.30308266277228063,-0.026708926654092056,0.015185623967801052,-1.7588297135978426,0.07868933559339832,-0.04948681413688204,0.02307546799233552,-2.144563835208846,0.03205287560557224,-0.014149122662363746,0.014890636360129637,-0.9502026857796805,0.34207152041513567,-0.04311167837745691,0.02226592702942279,-1.9362175363499572,0.052917357439354
-1.35,0.009069695480314777,0.006920754727764766,3698,-0.12298076697875028,0.03689088809375996,-3.3336353049075087,0.0008656474128043496,-0.1038926578752583,0.04246625174278869,-2.4464758157729474,0.014472420717762903,-0.10557193637041876,0.06383191624274,-1.6539051713401463,0.09823186113901088,-0.037546643245613104,0.05702869236141163,-0.658381626702333,0.5103340241283814,-0.07382228950343957,0.058447357004918106,-1.2630560779203022,0.2066488513864871,-0.019342906833087616,0.01509684494450804,-1.2812549181095099,0.20018467491979883,-0.07580779172551001,0.022940562932475452,-3.304530579683112,0.0009604417571283579,-0.016825158141732046,0.014803581909481656,-1.1365599383049028,0.25579611976755817,-0.024783097825673252,0.022135754752104646,-1.1195957898529256,0.2629589400107393
-1.296,0.013655556709508243,0.011516560898631734,3698,-0.11932234349594815,0.03689834666939827,-3.2338127386858884,0.0012322614987646148,-0.0875313288909993,0.042474837541804804,-2.06078078120602,0.039393908934268265,-0.05343222779733171,0.06384482173783744,-0.8369077764323252,0.4026986195938216,-0.016098142213092793,0.057040222385152196,-0.2822243942948442,0.7777872864133814,-0.03762851748587604,0.058459173853348874,-0.6436717285856831,0.5198283387331093,-0.022612799457416077,0.01509989721474974,-1.4975465816633278,0.13433664901903147,-0.09061373151828758,0.022945201040492327,-3.949136525689091,7.989829264658115e-05,-0.013566060727814922,0.014806574887994648,-0.9162186954401217,0.35961209069189615,-0.021591949904388244,0.022140230144529736,-0.975236018931946,0.32950714366226375
-1.242,0.023416438316317012,0.02129861004484257,3698,-0.060515504096999885,0.03707147437189671,-1.6324007912368255,0.1026804296737837,-0.1053250453365752,0.04267413023921192,-2.468124007359272,0.013627362685874033,-0.10660413863769087,0.06414438278329375,-1.661940360356163,0.09660969641450184,-0.07924645171027209,0.057307856128745685,-1.3828200366148748,0.166803748978939,-0.09375003461543009,0.05873346534260904,-1.5961945045905164,0.11053102845416322,-0.012367764064071888,0.015170746202542471,-0.8152376883082502,0.41498889762591573,-0.13213292417241068,0.023052860334148422,-5.731736637326558,1.0737408573936584e-08,-0.019774182724752763,0.014876047602184186,-1.3292632057623561,0.18384334762409554,-0.006049386788354811,0.022244112500345102,-0.2719545132790062,0.7856722134673128
-1.188,0.024691947123314573,0.022576884932202335,3698,-0.022806287449393062,0.03785538131461883,-0.6024582676858634,0.5469061635026022,-0.12470004592916406,0.04357650996745133,-2.8616345371005267,0.004238353126048392,-0.16396556924342798,0.06550076873374218,-2.503261754223695,0.012348340915818568,-0.07257682503951554,0.05851967807683363,-1.2402123084857974,0.2149757537650907,-0.06774808260020554,0.059975432974926995,-1.1295972240588565,0.2587194252474504,0.0013837633861001793,0.015491544160431726,0.08932378669097218,0.9288294394734784,-0.16004315693603297,0.02354033210514553,-6.798678804580254,1.2264003943750848e-11,-0.007973243353773052,0.015190613914778899,-0.5248795998966118,0.5996984322130348,-0.015164986366445282,0.022714482630456015,-0.6676351213085424,0.5044082957009901
-1.134,0.031370449253851906,0.029269870125099184,3698,0.043814694734434695,0.03751886962965008,1.1678042320286006,0.24296121099772644,-0.14417263641123287,0.04318914087262354,-3.3381686576363485,0.0008516885441634459,-0.2218971315878752,0.06491850609926626,-3.418087459507685,0.0006374587246831007,-0.10664116048350447,0.057999473160396574,-1.8386573993282684,0.0660459323971955,-0.11457135260132298,0.059442287268656455,-1.9274384931303903,0.05400170120971652,0.007610763216629499,0.015353833603909567,0.4956913962315939,0.6201416857449671,-0.18392250448240383,0.02333107264066967,-7.883156823308605,4.1694851403312576e-15,-0.004433042869723854,0.015055578448045984,-0.2944452041495094,0.7684342960387142,-0.0041747929722528625,0.022512564473572562,-0.18544279916015968,0.8528919365450718
-1.08,0.03372066305452648,0.03162518062146513,3698,0.08934305564941072,0.03802515790468356,2.3495775053285533,0.018847172215560842,-0.14857956553698565,0.04377194509483012,-3.394401715872898,0.0006950458265282007,-0.19199747258307648,0.0657945313845476,-2.918137245494064,0.003542577395018768,-0.12336421167547316,0.058782131420335774,-2.0986685697619176,0.035913945119618595,-0.1225499729440352,0.060244415194747,-2.034213006265864,0.042001519034739726,0.013380369213483977,0.01556102177368138,0.8598644361589688,0.38991964925152633,-0.18341860875696367,0.023645907512789343,-7.756885992121816,1.1184457690965824e-14,-0.004693987215077342,0.015258741893995556,-0.30762609707189986,0.7583842259173275,0.023362234571892345,0.022816354207815984,1.0239249601011788,0.3059378576016391
-1.026,0.030266805670347896,0.02816383316976867,3698,0.08628896882785243,0.038640287646127564,2.233134743149359,0.025599809999699862,-0.13361510605120566,0.04448004012328936,-3.0039340270569124,0.0026830374688529925,-0.10327653869420578,0.06685888391611254,-1.5446943269915523,0.12250599260960987,-0.10119777067383863,0.05973304495481094,-1.694167286305201,0.09031791038951924,-0.063149085384459,0.061218983969322044,-1.0315278250306175,0.3023609885972889,0.022175257538271473,0.0158127510978368,1.40236555935577,0.160890255719787,-0.16339680993528474,0.02402842534508898,-6.800146392808898,1.2141247313310301e-11,-0.008918695174348823,0.015505581262277527,-0.5751925724994592,0.5651961447940355,0.022531754567104465,0.023185452426940537,0.9718056888518379,0.33121093904114274
-0.972,0.02525481574592714,0.023140974196989128,3698,0.1105323466614284,0.03982432205283194,2.775498513566494,0.005539495980972531,-0.1366304967638379,0.04584301905346417,-2.980399188031079,0.002897522874284774,-0.08487479010094892,0.06890760621537484,-1.231718742857903,0.21813267437721753,-0.07623897151347461,0.061563413845732044,-1.2383811545038281,0.21565356313732412,-0.0351434553221225,0.06309488572313378,-0.5569937233317966,0.5775655074542194,0.0323297724452121,0.016297293074748493,1.9837510620278902,0.0473576077375803,-0.15143652757777482,0.024764715990957503,-6.115011681663129,1.0660925545391379e-09,4.067604689764942e-05,0.015980710792332334,0.00254532150830025,0.9979692670852176,0.019629430160042725,0.02389591228841769,0.8214555662541948,0.4114399076210624
-0.918,0.024538266735109393,0.022422871271265854,3698,0.1269081964335237,0.04122206488341439,3.0786472437140073,0.0020947155093696784,-0.09943001056442348,0.04745200441495328,-2.0953806228065397,0.03620517670028651,-0.04543378886395483,0.07132610595612034,-0.6369868122606552,0.5241729596469378,-0.10150615685639848,0.06372414919271163,-1.5928993661324256,0.11126844172815507,0.005637310352395177,0.0653093722384079,0.08631701942894993,0.9312190938754847,0.04136652071194596,0.016869290873553735,2.452178993297041,0.014245421183264287,-0.14224465785653742,0.02563390101265984,-5.549083527563242,3.073789432881189e-08,0.009839080987790074,0.016541597275420775,0.5948083987276128,0.5520080329536736,0.03254199388617789,0.024734604282648082,1.3156464325975443,0.188374498099423
-0.864,0.018553448179161824,0.016425073981664817,3698,0.11375991522391445,0.04298661576181663,2.6464031468363007,0.008169835694682947,-0.03287417886795446,0.04948323395935297,-0.6643498461510885,0.506507946955737,0.023347022252377923,0.07437928980981229,0.31389143822260496,0.7536212413676063,-0.06911443194200104,0.06645192383843726,-1.040066682042751,0.298377082049402,0.04944885845169063,0.06810500390987101,0.7260679188438253,0.4678431964826423,0.03638305546422509,0.017591397398618386,2.0682299785395437,0.03868793977836077,-0.11069965110271816,0.02673118526265295,-4.141217458747721,3.532023827604578e-05,0.016198203093550464,0.017249676554929733,0.939043873777519,0.34776969727480966,0.037418439925443955,0.025793393254945268,1.450698617106916,0.1469488216161985
-0.8099999999999999,0.011833247093836485,0.00969029940523558,3698,0.1466389283329901,0.04465749346726066,3.2836354427391714,0.0010343330264440905,-0.018719720208806172,0.05140663339312268,-0.3641498960970774,0.7157669489813766,0.046495886966469974,0.0772703919560847,0.6017296637099383,0.5473910779154536,-0.07293000242395584,0.06903489149145581,-1.056422351775292,0.2908444749456055,0.0441885666595295,0.07075222632190518,0.624553727235132,0.5323026212923674,0.02642517828725129,0.0182751700846056,1.445960730593199,0.14827316593972137,-0.0743679072240161,0.027770218941017902,-2.677973385156544,0.007439736940790475,0.02176622611934376,0.017920166647507674,1.2146218585735638,0.2245880892231274,0.03606433276032801,0.02679597522083523,1.3458861811562717,0.17842193097918943
-0.756,0.00652478800899936,0.00437032834623774,3698,0.1863920282548156,0.04572101681058085,4.076725349898176,4.663739743716304e-05,0.02488975013488068,0.05263088828004709,0.4729114584280471,0.6363043282089687,0.10370477282677293,0.0791105952279733,1.3108834856813616,0.18997872751268496,-0.08247547763624741,0.07067896537255182,-1.1669027298506094,0.24332507763681277,0.02415418058964861,0.07243719872951207,0.3334499540746019,0.7388136115378438,0.03411838839994892,0.018710395362136544,1.823499062397842,0.0683087198827007,-0.0169296897539608,0.02843156989916196,-0.5954539202022684,0.5515766184753805,0.028150422436180055,0.018346937477352488,1.5343390400130277,0.12503201979501175,0.03846469476243278,0.027434124452727974,1.4020748075526046,0.1609770460862803
-0.702,0.004684598476043966,0.0025261481610016068,3698,0.26207869758673036,0.046984082232086395,5.578031646806361,2.60733508422302e-08,0.06570387645062972,0.05408484227597539,1.2148297690389223,0.22450877507163744,0.13287458893284174,0.08129606406216709,1.6344529155954284,0.10224910934645251,-0.104132428323881,0.07263150631361853,-1.4337087802398503,0.15174013558105146,0.008867265145482415,0.07443831172586167,0.11912233015356946,0.9051849259620053,0.034558826869210954,0.019227279172978284,1.7973851920650004,0.07235624405795761,0.04491278029293548,0.029217005904829244,1.5372136501335307,0.12432675985038888,0.025717651943166494,0.01885378058659859,1.364058090367658,0.1726324990891596,0.03595577857747706,0.028192005540742218,1.2753891710724474,0.20225183864210056
-0.648,0.00846252133326919,0.006312263857168987,3698,0.358706982969422,0.048951977881784015,7.327732167138927,2.8610153698572357e-13,0.06733047912514238,0.05635014832800652,1.1948589510930983,0.23221895549346352,0.185221933137731,0.08470109323811686,2.1867714578018944,0.02882181271083348,-0.12701691923900005,0.0756736265065707,-1.6784833118572855,0.09333748261286227,0.005112657119718381,0.07755610870851976,0.06592204282622474,0.9474434632420465,0.028486359567386293,0.020032600406095526,1.42200008935028,0.1551107645882225,0.11554512726870533,0.030440739903362855,3.795739776218147,0.00014956863076760898,0.017590703018903628,0.01964345809085306,0.8954993024927065,0.37057866504672765,0.036273495491442306,0.029372808110979292,1.2349345474355107,0.2169335135369351
-0.594,0.014922280697712065,0.012786031916357188,3698,0.4061213711407906,0.05205397905304924,7.801927509266953,7.879505680550433e-15,0.10443221017710778,0.05992095861347798,1.7428327682597842,0.08144615273934992,0.227922811512995,0.09006845328772693,2.530550966439796,0.011429601526078026,-0.09007441585281488,0.0804689317876801,-1.1193688526955865,0.26305569000436835,0.08114970824114336,0.0824707035923789,0.9839822471048056,0.32518877108290434,0.010889588305913316,0.02130203123631169,0.5111995276464901,0.6092419425784479,0.17033532314589403,0.03236971631903389,5.262181523837892,1.504638592269202e-07,0.002293148590541711,0.020888229653560443,0.10978185459344751,0.912588353344121,0.013523427210573116,0.031234111557872538,0.43296980564073523,0.6650620176567756
-0.54,0.02612941910012223,0.02401747422422129,3698,0.4225250437646888,0.056848430879789774,7.432483838615517,1.3176340035208857e-13,0.11375244870299653,0.06544000162826177,1.738270872136866,0.08224653316523699,0.2646105935842407,0.09836424293249073,2.690109593644187,0.007175029488866922,-0.08373661195059275,0.08788055380051644,-0.9528457472021604,0.34073065880214626,0.1201529282510655,0.09006669956971036,1.3340438677678959,0.18227182838153733,0.0035924979040004106,0.0232640630431431,0.15442263448728363,0.8772849553890723,0.2412085808067936,0.03535114153109506,6.823219006792899,1.036240718167566e-11,-0.01045613253326584,0.02281214810593901,-0.4583580855563377,0.6467221989835015,-0.006970154653840064,0.03411094145521133,-0.2043377976826609,0.8381008068167289
-0.486,0.03270578649183897,0.030608103187944935,3698,0.44515384113589884,0.06307266886729726,7.057793004962059,2.0117887459771617e-12,0.1262814778998403,0.07260491608119495,1.7392965203433084,0.08206603038286729,0.23803795601926803,0.10913397655570112,2.1811535099499957,0.029235006144461236,-0.163528875090548,0.09750244613532899,-1.6771771537257365,0.09359256450100273,0.09139635554831027,0.09992794928576038,0.9146225475612172,0.36044959453209224,-0.004295441683128179,0.025811205729334263,-0.16641770741637374,0.867837359993863,0.29266768010965893,0.03922167787861314,7.461885771828371,1.0579790869081935e-13,-0.003026569554045868,0.025309811394445197,-0.11958088137749286,0.904821676959676,0.0005575832520046748,0.03784569040622681,0.014733071216820364,0.9882459319070862
-0.432,0.0380785738691114,0.03599254204231639,3698,0.42656429277800545,0.06888025617040017,6.192838361732348,6.557357373756715e-10,0.11962830821057754,0.07929021093788093,1.5087399414828027,0.1314508897947104,0.24712678080588008,0.11918278387532674,2.073510726720324,0.038194016485036536,-0.22192870954710667,0.10648024869809022,-2.084224184866006,0.037208419909938485,0.024468572604920504,0.10912908663921705,0.22421678178077395,0.8226010427104127,0.0014948382318979883,0.02818784260491733,0.053031310442935985,0.9577098321079658,0.3462527629785888,0.04283312040268762,8.083762278427484,8.432445080752053e-16,-0.001267996601322495,0.027640281024762712,-0.04587495330407483,0.963412400588043,-0.008749621265189014,0.041330435146342395,-0.2116992292534168,0.8323533839956436
-0.378,0.04070928855227285,0.03862896171801389,3698,0.3717089561279112,0.07346311751171979,5.059803731697221,4.401576746625942e-07,0.15101242905759807,0.08456568554635727,1.785741203207251,0.07422328910481772,0.23795075252873252,0.1271124607252773,1.8719703101571235,0.06128977473484168,-0.21677634479134253,0.11356477832244834,-1.9088343057901462,0.05636099156486979,0.038343386992989836,0.11638985336945613,0.3294392585174627,0.7418424013217126,0.00614853521661555,0.03006328531305276,0.204519737367027,0.8379586522451018,0.3638716528737462,0.04568296827688761,7.965149082876907,2.1794652754654397e-15,-0.006875069578691845,0.02947929241081545,-0.23321691317697635,0.8156059122878783,-0.02765445666284312,0.044080303744152366,-0.6273653834908459,0.5304585809190266
-0.324,0.04041661541531316,0.03833565388734428,3698,0.3413049170848605,0.07786665105227815,4.383197588088321,1.2020805807629466e-05,0.1423469159987867,0.08963473033096349,1.588077695701108,0.1123544693176559,0.25655975493219085,0.13473184856486045,1.9042250044441569,0.05695860821084174,-0.2178969312777735,0.12037208962786901,-1.8101948047209537,0.07034691839434494,0.026154376685339483,0.12336650560601968,0.21200549174072802,0.8321144620879274,0.003152579824770907,0.03186534176940018,0.09893444255470948,0.9211956972191191,0.3871458748950199,0.048421301332348336,7.995362872174259,1.71334266072852e-15,0.0033431011516301275,0.031246343106183013,0.10699175709200338,0.9148013369809112,-0.05167504279624328,0.04672256972183034,-1.1059974462855577,0.2687997450461989
-0.27,0.05210248062113798,0.050046861170058965,3698,0.3949704406870272,0.08076929214297657,4.890106502207009,1.0507985239545788e-06,0.11254272859039263,0.09297605101056544,1.2104485764576483,0.22618436043175236,0.25313795867821187,0.1397542579607334,1.8113076651255646,0.07017453796684907,-0.28448438496869105,0.12485920919453057,-2.2784413484908796,0.02275721659123464,-0.04860021275791189,0.12796524824550337,-0.37979227504542173,0.704121479447879,0.007862399270747205,0.033053188545125914,0.23787112883264055,0.8119942590682097,0.44931425096543315,0.050226305875538495,8.945795298560087,5.725315168040341e-19,-0.00599115346103409,0.032411115421524736,-0.18484872807108854,0.853357848096141,-0.06945826580044362,0.04846425051720132,-1.4331855967893476,0.15188954573507138
-0.216,0.0648966422381908,0.06286876832599397,3698,0.39408079892722275,0.08368223428578553,4.709252833539153,2.577774023224707e-06,0.10123163954593477,0.09632922955249454,1.050892237135237,0.29337692130998366,0.19191418733358195,0.14479449115889217,1.3254246470121736,0.18511242342773457,-0.39191955274187257,0.12936225289753492,-3.0296283804851765,0.0024655205032287054,-0.15097791922349915,0.13258031115542082,-1.1387657632399975,0.2548748089118191,-0.003849734820979634,0.03424525081672377,-0.11241660461425515,0.910499206614534,0.5103138683919685,0.05203771611797915,9.806615402470628,1.9776714726234382e-22,-0.00787869283019961,0.033580021344826363,-0.23462441400185327,0.8145132799044557,-0.06932194792911672,0.05021211228502891,-1.3805821897236843,0.1674911032098989
-0.162,0.0711244651417341,0.06911009694469805,3698,0.25778318542343354,0.08560690682021276,3.0112428424124307,0.0026194438855242958,0.1473166086771881,0.09854478012860665,1.4949204664613527,0.13502073317841695,0.2153594106520837,0.14812473183241612,1.4539058264472329,0.1460574846643344,-0.36606795644229356,0.13233755556803023,-2.7661683402797212,0.005700167896737455,-0.15919265836834945,0.1356296284407983,-1.1737306973294284,0.24057868157844722,0.0034007460943152688,0.035032883869833054,0.09707297026847578,0.9226737193602007,0.5415531241520553,0.05323457186426039,10.172959135144898,5.4130401665653396e-24,-0.007788731161149335,0.034352354269962485,-0.22673063685651845,0.8206457651112304,-0.08835286585965461,0.051366979554472586,-1.7200323364538108,0.08551043362560366
-0.108,0.06904792659246495,0.06702905519445468,3698,0.11756897455599914,0.0866139958200441,1.3573900319790058,0.1747403471550886,0.16467276346716797,0.09970407168281203,1.6516152318336652,0.09869812379647994,0.23180987919454699,0.1498672873524361,1.5467676988735388,0.12200504906713946,-0.3447064329992741,0.13389438902256717,-2.574465110268181,0.010078173718704167,-0.10896822901112829,0.13722519020009422,-0.7940832791139646,0.42719802818733366,0.013488445290904197,0.035445014541155805,0.3805456272346153,0.7035623442489872,0.5253968571250613,0.053860829180715254,9.754711635839028,3.260266635058259e-22,-0.004842567714838554,0.03475647911676072,-0.1393284889004568,0.8891981841027392,-0.11091958218681823,0.05197126631106005,-2.134248211751064,0.032888217490151854
-0.054,0.06714486230627847,0.06512186390520791,3698,-0.017064330319250056,0.0868863784551896,-0.19639822285895758,0.8443093053201816,0.14194827777971394,0.10001761982849652,1.4192327114274195,0.15591566916644956,0.17457105572930748,0.15033858816548223,1.161185946066966,0.24564141889876667,-0.34274962111382157,0.13431545846022408,-2.551825568278299,0.01075599771321607,-0.08916810010219385,0.1376567343005731,-0.6477569045586651,0.517182502794195,0.025302161502259057,0.035556481589547724,0.7116047587142859,0.47675455432520075,0.5049812854918172,0.054030210057841,9.346276554379841,1.528190748309724e-20,0.0174197784793125,0.03486578086736777,0.4996239305690223,0.6173697012271708,-0.1149283500012368,0.052134704913974365,-2.2044499952742806,0.02755423316287971
0.0,0.06147837539299206,0.059443088595254046,3698,-0.2509030846218793,0.08758711728416162,-2.8646117420198522,0.004198802399086704,0.1824946048051734,0.10082426214736513,1.8100266832445406,0.07037299035488184,0.2181749299803349,0.15155106920213537,1.439613267850576,0.15006169259298957,-0.3064898325498882,0.13539871292136837,-2.263609645446774,0.02365598484979556,-0.01927852395655651,0.1387669361585507,-0.1389273589965947,0.8895151345071255,0.02399275204274847,0.03584324468998325,0.6693800254487977,0.5032949805288145,0.4971104021926857,0.05446596381807592,9.12699174576448,1.1318369996997909e-19,0.017726887301275793,0.0351469734649945,0.504364545611056,0.6140353500777715,-0.09828431930054506,0.0525551714211503,-1.8701169959649588,0.061546710365875806
0.054,0.05794416238986344,0.055901211264658524,3698,-0.3121977837230823,0.08788161579600766,-3.5524811520052304,0.00038639169341836714,0.14551251302296186,0.10116326856841266,1.4383927593695491,0.15040747470494326,0.18365920706500438,0.1520606368843769,1.2078024321616794,0.2272006914123196,-0.2679600047658894,0.13585397073436212,-1.9724120194457675,0.04863716202225291,0.058610102736456775,0.13923351911571713,0.42094822503010826,0.6738174112176787,0.02661561484792683,0.03596376221068994,0.7400675905930539,0.45930607782730803,0.47234960040528906,0.05464909743164884,8.643319333792657,8.009797245133411e-18,0.011636718047221932,0.035265149878401875,0.32997784178846873,0.7414354412037882,-0.09847143563853296,0.05273188028260453,-1.8673985283816483,0.06192520062622061
0.108,0.057975758901841146,0.05593287629712851,3698,-0.27696390536917664,0.08611875891022056,-3.216069400836507,0.001310817784916837,0.09222711529209492,0.09913398903174013,0.9303278945283457,0.35226221364743715,0.1844945349773747,0.1490103841283167,1.2381320674839795,0.21574588259955663,-0.2674259593987116,0.1331288147890447,-2.008775934965496,0.04463363724045703,0.061031119953576234,0.1364405712883211,0.4473091792074628,0.6546781021720984,0.002814400091881715,0.0352423489176175,0.07985847079775117,0.9363541514480969,0.47060827408055644,0.05355286658931823,8.787732647245909,2.296984289567811e-18,-0.00029462846175067086,0.03455775036454042,-0.008525684069209206,0.9931980317201858,-0.10967880935155075,0.05167410776198465,-2.1225099784352484,0.03386137393754048
0.162,0.053866402968379856,0.051814608775847315,3698,-0.13546233593728693,0.08425237739459793,-1.607816184258469,0.10796101830351529,0.011318128437229113,0.09698553906520424,0.11669913418349755,0.9071048288642335,0.09985103878345342,0.14578100379246153,0.6849386146744093,0.4934256897291266,-0.31355031799937805,0.13024362273259563,-2.407413978672346,0.016114752613024055,0.0475154633572197,0.13348360623847655,0.35596478621000427,0.7218872911694585,-0.03417825756144721,0.034478570277292044,-0.9912898732914508,0.3216090707354922,0.42156787954548824,0.052392259056468084,8.046377215594479,1.139071063786909e-15,0.01277333488670619,0.033808808469440434,0.37781085654798885,0.7055928442006618,-0.14349168290372025,0.05055421703453231,-2.838372173892134,0.00455921097569178
0.216,0.044590879598591426,0.042518970419081814,3698,-0.06959702152542492,0.08423729766468091,-0.8262019729368125,0.4087429597052389,-0.050784374816493894,0.09696818031782894,-0.5237220565554583,0.60050333237835,0.06794813862837636,0.14575491149415254,0.46618078205277036,0.6411136288653705,-0.3637937523312758,0.13022031135889964,-2.7936790239168254,0.005238110329421946,-0.03960301507963391,0.13345971496332593,-0.29674134318746764,0.7666806962555457,-0.09431748584167776,0.03447239920480976,-2.736029055631211,0.006248320276929668,0.392171575987478,0.052382881741064695,7.486636148160622,8.789533171241238e-14,0.03884377026780335,0.03380275727282971,1.149130230835505,0.25057678302666886,-0.13483819641651076,0.05054516869711298,-2.6676772457624107,0.007671144745118724
0.27,0.04071498617033198,0.03863467169198098,3698,-0.045842833952830425,0.08539408408475148,-0.5368385227638552,0.5914115335131366,-0.12480976300725435,0.0982997932408495,-1.2696848985373894,0.20427698130891386,0.006094793100865436,0.14775648688829907,0.04124890371461645,0.9670996995220122,-0.4517187726635148,0.13200855827533053,-3.4218900544415005,0.0006286380932050594,-0.1497221868319497,0.13529244690245598,-1.1066559165708443,0.26851487971405236,-0.17969308510951934,0.03494579049789365,-5.142052377391501,2.858784581865151e-07,0.3764891175201356,0.053102228252908376,7.089893021570437,1.6010841056350163e-12,0.08190262617542592,0.034266952726128855,2.3901345074367946,0.016892092429726557,-0.0937407271257475,0.0512392788641051,-1.8294700706925084,0.06740988953918828
0.324,0.049048285949340964,0.04698604314305066,3698,-0.11392036397960757,0.08707182885237418,-1.3083492730209414,0.1908363797479246,-0.16767789112957684,0.10023109756404534,-1.6729128504497774,0.09442924438649095,-0.016204198309970486,0.15065947104014177,-0.10755512546339044,0.9143544439623287,-0.4814146866331905,0.13460214154636885,-3.57657523946117,0.0003525934184684659,-0.2295414274198266,0.1379505490101405,-1.6639399340335603,0.09620936657819278,-0.3146954080241295,0.035632373389280964,-8.83172738975611,1.5639763799962173e-18,0.387847397619779,0.05414553220721981,7.163054490543231,9.480203626018424e-13,0.12021288861072532,0.03494019843459712,3.4405325097321944,0.0005870144796911272,-0.04494860561688329,0.052245981294752324,-0.8603265648950115,0.3896649613020505
0.378,0.07219774484074415,0.07018570416812997,3698,-0.21060244643026169,0.09058978513709746,-2.3247924267790077,0.020137066376571526,-0.186082224337891,0.10428072675235579,-1.7844354381974736,0.07443509521083987,-0.011437218272008979,0.1567465538542327,-0.07296631403230135,0.9418368792905848,-0.5033732733125458,0.14004046133396741,-3.594484540522221,0.00032928541471240246,-0.29563480690168065,0.14352415424236847,-2.0598261558291,0.03948516595854859,-0.4756877749813129,0.03707202538185548,-12.831448243832218,6.6520134069019015e-37,0.4231056705820124,0.05633316990621689,7.510773338095408,7.331765289518493e-14,0.16906150380729357,0.036351884536664304,4.6506943439694055,3.4241586272045726e-06,0.009505940611959389,0.054356871586938915,0.17488020068917126,0.8611833651572164
0.432,0.10586536924660361,0.10392634050005256,3698,-0.3538897740065182,0.09353922375180958,-3.7833302417123384,0.00015719914734482637,-0.172298705203215,0.10767591752125064,-1.6001600837922796,0.10964870421556049,0.027832233837921994,0.16184993651444174,0.1719632051597286,0.8634758885614185,-0.4762323656605968,0.14459992401130364,-3.2934482429144905,0.0009990000739119966,-0.3096378407675162,0.1481970396237136,-2.0893658979539413,0.0367431472342605,-0.6543593014736632,0.03827902309160119,-17.094461891250205,4.141767681844041e-63,0.4719620607244284,0.058167275444264956,8.113876008799066,6.612183309869375e-16,0.19342470844186413,0.03753543577047872,5.153122761771448,2.696136848081616e-07,0.04822668473911674,0.05612663244674045,0.8592477873116633,0.3902596538391785
0.486,0.14161025285760498,0.13974874080091237,3698,-0.5073917473265981,0.09622600750573371,-5.272916963705105,1.4198174717405377e-07,-0.16658399300122664,0.11076875808888868,-1.5038896876278767,0.13269537545357032,0.06869104533554073,0.1664988502274149,0.4125616798057047,0.6799517560336518,-0.44518420695580485,0.14875335517172328,-2.9927675005506735,0.0027829260903661406,-0.3000139035792244,0.15245379291361824,-1.9679005542959178,0.04915427281761121,-0.8137116673649303,0.03937853464657719,-20.66383817143025,7.478268882211412e-90,0.5173736359283672,0.059838049312223814,8.64623165151671,7.812048928768278e-18,0.22571382953807106,0.038613588816650786,5.8454506937915,5.4902531637269815e-09,0.08039458937487894,0.05773879169044441,1.3923843402525515,0.1638899650989014
0.54,0.17714817131083116,0.17536372711741477,3698,-0.6317438938413076,0.10041926907194626,-6.291062459224725,3.522016634916671e-10,-0.17586164519853398,0.11559575224640434,-1.521350411074506,0.1282576315126285,0.06515466261063428,0.17375440667805117,0.374981353603072,0.7076958902526688,-0.41897923531493003,0.1552356123416426,-2.698989162311805,0.006986744596740971,-0.27308444439388685,0.15909730486032259,-1.716461788171948,0.08616150564828386,-0.9898857470995994,0.041094541578044465,-24.088010453156254,3.4192315332183495e-119,0.5392803116943041,0.06244562494465488,8.635998313288793,8.52899366851545e-18,0.24279338587814153,0.04029626153804317,6.025208706989443,1.8545830125001075e-09,0.09172866352470012,0.060254887518910186,1.5223439508689203,0.12800863094545947
0.594,0.21680636596175773,0.21510792490122488,3698,-0.7868650219396124,0.10397921547279375,-7.567522204911195,4.776467617301882e-14,-0.16804886987739467,0.119693717566865,-1.403990729785102,0.16040578822911766,0.15357027030182574,0.1799141445490941,0.8535753021904302,0.39339576804808507,-0.3619931762393771,0.16073884358945273,-2.252057860786614,0.024377188305352696,-0.20974044925371926,0.16473743631175006,-1.2731802433589245,0.20303431313488077,-1.185612188717723,0.042551377170827194,-27.863074418436614,3.178108855463905e-155,0.6034984492581954,0.06465937415658277,9.333502792599411,1.719339809395794e-20,0.2440663323491328,0.04172479744111958,5.849431209188008,5.3616555334024015e-09,0.0880074994811365,0.062390973271563205,1.410580647589431,0.1584526168940087
0.648,0.2443293701585496,0.24269061574306272,3698,-0.8885454071338538,0.1089889815674797,-8.152616845802138,4.829922608168298e-16,-0.1837350350677173,0.12546061555014795,-1.4644837685678056,0.14314702528332976,0.1724639016352172,0.18858249021046636,0.9145276501691111,0.36049942603371454,-0.3116026999151123,0.16848331449214163,-1.8494573237378116,0.06447174313776854,-0.1377644883988737,0.1726745612381834,-0.7978273545970936,0.42502203698344787,-1.3528147354400586,0.04460152195854567,-30.331133917300296,1.294849556284087e-180,0.6566275743460581,0.06777469233705143,9.688388861738728,6.153235953002153e-22,0.25887978271554335,0.04373511723991489,5.919265776639476,3.5289790113778437e-09,0.08303478951528376,0.06539699886128424,1.269703365003211,0.20427040158139986
0.702,0.27288246492085166,0.27130563101447247,3698,-0.9076142481893629,0.11265228933161954,-8.05677588599712,1.0478088429754159e-15,-0.2112052030658195,0.12967756335926262,-1.6286950309259765,0.10346298207799186,0.15493585379642402,0.1949210731629192,0.794864563806938,0.42674342381773855,-0.3347927178784461,0.174146329461457,-1.9224793247941767,0.05462239103325594,-0.14152244247405701,0.17847845124390505,-0.7929385395699972,0.42786462475972264,-1.514431468440436,0.04610065608507233,-32.85054047052528,7.690403096202146e-208,0.7163337144735582,0.07005271671235756,10.225637892315948,3.194183378939146e-24,0.2700482630044228,0.04520513000860335,5.973841087350656,2.536847457340879e-09,0.10260703606747618,0.06759510485543613,1.5179654841414796,0.12910878913120816
0.756,0.2905170247047687,0.2889784332701356,3698,-0.9283979350809899,0.11663277019910533,-7.960009296667734,2.270340187852523e-15,-0.21765190583360186,0.13425961901881714,-1.6211270926003216,0.1050758468747855,0.21943201289308653,0.20180845740515865,1.0873281314100038,0.27696285708612584,-0.34405865276402214,0.18029965432220302,-1.9082601908330614,0.056435142255685314,-0.1488193604540082,0.18478484825234517,-0.8053656014630489,0.4206606413141969,-1.6432309254379418,0.04772958684727803,-34.427931058692025,1.725366120679132e-225,0.8136459404776296,0.07252797487393914,11.218373901819643,9.622960476343283e-29,0.2831601181506691,0.046802418054670135,6.050117278554035,1.5917864912796042e-09,0.10712123134235449,0.06998352521696746,1.530663552746883,0.12593830852099633
0.8099999999999999,0.30495803578854896,0.3034507612659978,3698,-0.9442136880423099,0.12005326268484684,-7.864956494526732,4.811160222665633e-15,-0.22473188627201374,0.13819705458866954,-1.6261698698348306,0.10399893673933094,0.2685181358269905,0.20772689963143037,1.29264980271415,0.1962131616863585,-0.290654326007503,0.18558730728404288,-1.5661325672593234,0.1174033554515998,-0.10078569200281184,0.19020403862094434,-0.529881976920935,0.5962256515102343,-1.7585737251170142,0.049129353764242795,-35.794766069097676,4.012250884940475e-241,0.8863147580550158,0.07465500480419678,11.872141196422387,6.256103815614235e-32,0.28935426148294824,0.048174993866744606,6.006316519381866,2.0816549218078307e-09,0.08469307149569145,0.07203593400158,1.1757058844247628,0.23978829684515726
0.864,0.3093939607216125,0.30789630598747675,3698,-0.8736385781306406,0.12437602085507256,-7.024172120352973,2.5526839942550516e-12,-0.2545619709345938,0.14317311632547153,-1.778001188127421,0.07548601159226312,0.23325557822250262,0.21520652269602505,1.0838685338174971,0.27849392545736845,-0.3426548381344801,0.19226974998414909,-1.7821567779784855,0.07480589634876934,-0.159086789242572,0.19705271597940147,-0.8073311167109305,0.4195277909133198,-1.8441921289458245,0.0508983545446697,-36.23284378137046,3.3889349872438645e-246,0.9566497324985278,0.07734310777406563,12.368907327762019,1.8394427620578286e-34,0.29377984558092396,0.049909631007633654,5.886235575173667,4.303437057702171e-09,0.10503656972868029,0.07462973208162564,1.407435974898013,0.15938240076679525
0.918,0.31004669207989055,0.3085504528651005,3698,-0.8185678573795562,0.1280482653986649,-6.392650886999762,1.8341644194080946e-10,-0.26963573259657336,0.14740035154011122,-1.8292746915410099,0.06743914558996125,0.28286476903224617,0.22156056886411107,1.276692736809746,0.20179110582342574,-0.3360457047381121,0.1979465800951548,-1.6976585530124932,0.08965656776718182,-0.17934102444250113,0.2028707647968548,-0.8840161105622328,0.3767451249934869,-1.9034131884505976,0.05240114586625642,-36.32388484993599,2.965147767487689e-247,1.031032904856252,0.07962668947699485,12.948333173566516,1.5599417762977559e-37,0.29873407799819707,0.05138322992871551,5.813843902234911,6.623613225455397e-09,0.09826513303971045,0.07683320043945202,1.2789410369173382,0.20099826531223017
0.972,0.3061300982246792,0.30462536544772,3698,-0.7375601223919017,0.13168213595552783,-5.601064389181788,2.2860155773976234e-08,-0.2929556072302776,0.15158341326191757,-1.9326363018629629,0.053357475413316785,0.2743842507930385,0.22784821692596047,1.204241378295271,0.22857355595261536,-0.34270394489230976,0.20356408882906848,-1.6835186739645231,0.09235933620355437,-0.16262424097665074,0.20862801653898766,-0.7794937788053988,0.4357389042996904,-1.9433727188048127,0.05388823341497423,-36.06302518472978,3.1638154099582434e-244,1.0879850669363622,0.0818864083535454,13.28651590431193,2.1970414355518922e-39,0.289625523610265,0.052841430129812676,5.4810311321771135,4.511774904540642e-08,0.09571553474482761,0.07901364313422189,1.2113798446457393,0.22582745225134723
1.026,0.30368838542539445,0.3021783575271574,3698,-0.7135278826715393,0.1342490015182289,-5.314958581458451,1.13003062433195e-07,-0.26678540361302516,0.15453821225993888,-1.7263393934199422,0.08437009706550187,0.3556595519426989,0.23228963745203407,1.5311038229853868,0.12582947910244027,-0.28069091506606003,0.20753214148576618,-1.3525177982385514,0.17629262545757107,-0.09921089368066409,0.21269477978810006,-0.46644724322573516,0.6409229446437519,-1.9727255120495375,0.054938670891432013,-35.907776435800066,1.983623444183568e-242,1.159672596255263,0.08348261121075741,13.891187391438827,8.420029389484941e-43,0.28217044169350336,0.0538714623836174,5.237846332890954,1.715455552202746e-07,0.07318520036520387,0.08055384749127519,0.9085251995335243,0.3636601541372054
1.08,0.30060558318103836,0.2990888698889398,3698,-0.6106106915315168,0.13656941768672248,-4.4710646195490185,8.017248296913674e-06,-0.29071375725247034,0.15720931567465862,-1.8492145710633099,0.06450678316834538,0.3168144556517609,0.23630462917950718,1.3407035518169854,0.18009927201990364,-0.3246223384489585,0.21111921424712507,-1.5376257419609975,0.12422591172997978,-0.12196678331013464,0.2163710857597871,-0.5636926157755703,0.5729976069390978,-1.9920034299548952,0.055888253970414664,-35.642613401545766,2.2829378532311322e-239,1.202878705372172,0.08492555975153447,14.163918482155635,2.1878770291970492e-44,0.2736940560575272,0.054802599382192146,4.994180187490574,6.182361678789659e-07,0.07785429317798959,0.08194617404893484,0.9500662365456897,0.3421408345354765
1.134,0.297492709543828,0.29596924564476346,3698,-0.5158737257651128,0.13839405754495107,-3.7275713633698073,0.00019623381347180148,-0.30116475386678937,0.15930971551763687,-1.8904355763126575,0.05877803687508977,0.34904206172292973,0.2394617843639418,1.457610710828264,0.1450329950082348,-0.38101258784352693,0.21393987892943966,-1.7809329880437585,0.07500566302089914,-0.16806957528785352,0.21926191823116176,-0.766524240249793,0.4434134816765779,-2.0113226466372254,0.05663495068720923,-35.51380591369482,6.941720084102105e-238,1.2367444037788315,0.08606021027527387,14.37068768276253,1.318055302975534e-45,0.2515015887992484,0.055534791177844815,4.528721247800118,6.121773495234492e-06,0.0889656527053176,0.08304101839938828,1.0713458772559197,0.2840840234544614
1.188,0.2906062167706185,0.2890678187587359,3698,-0.4266814326993517,0.139531344693445,-3.0579611601736154,0.002244467921115813,-0.29814457796257926,0.16061888222105247,-1.8562237131762405,0.06350135848273827,0.362622022704626,0.24142962037325946,1.5019781837207815,0.13318833200058663,-0.38384070997833253,0.2156979824143221,-1.779528513349905,0.07523546083118714,-0.15977969627047497,0.2210637568807543,-0.722776535262915,0.46986300444432016,-1.994415463805358,0.05710036230035764,-34.92824534657753,3.545452068152206e-231,1.2520512879431303,0.08676743118402541,14.42996837474247,5.851250230604204e-46,0.24136850871141674,0.0559911619600971,4.310832286056708,1.668903639693283e-05,0.09127323112252374,0.08372342835758173,1.0901755089710001,0.27570704347266634
1.242,0.27782208850050427,0.2762559667081498,3698,-0.36315705668582016,0.14134944782280268,-2.5692145408383773,0.010231892482494962,-0.3019581475191227,0.1627117574315767,-1.8557856683841774,0.0635638119873539,0.4322112839036107,0.24457546512437706,1.7671898678954276,0.07727910197394,-0.40778521391443473,0.21850854213253598,-1.86622092635213,0.06208975443666706,-0.16913857324309978,0.22394423301359373,-0.7552709483384322,0.4501346435157748,-1.9524832250946573,0.05784438399393352,-33.75406721073261,6.761268272887788e-218,1.274556937986334,0.08789801684926492,14.50040608051549,2.220846589837433e-46,0.24003823182374479,0.0567207306960659,4.231931233572659,2.3733095887104322e-05,0.09571760042902334,0.08481435045420381,1.128554306157268,0.25915928236475144
1.296,0.26694865667614365,0.2653589546575503,3698,-0.302079548035869,0.14302531547239555,-2.1120704893265665,0.0347474494828079,-0.2968263033590981,0.1646409009456697,-1.8028709856067213,0.07149005574189395,0.4348816715586444,0.24747520131860615,1.7572737358793626,0.07895410408268527,-0.4195310492852841,0.22109922361421167,-1.8974786180946037,0.057842808845315015,-0.1803023752996717,0.22659936114604215,-0.7956879242191143,0.4262646424132869,-1.9248457038535214,0.058530198712980645,-32.88636885195873,3.090275600678439e-208,1.2875103953050626,0.08894015351955258,14.47614316318913,3.1020388201209515e-46,0.21740451586787607,0.05739322315428881,3.7879823421561944,0.00015429664234832506,0.09300414073292534,0.08581992655185945,1.08371265823357,0.2785630446402745
1.35,0.2590655634857607,0.2574587661173374,3698,-0.25661173460936404,0.14325818047287892,-1.7912536216941886,0.07333455283197766,-0.3282419571183752,0.16490895910972037,-1.990443447647881,0.04661578133620685,0.5348769942059419,0.24787812518340827,2.15782249365562,0.031005983964186645,-0.4357287083535858,0.22145920373831587,-1.9675348822641774,0.04919638815468874,-0.19138680251005466,0.2269682962549669,-0.8432314365838062,0.3991536903513704,-1.8916068114462556,0.05862549397386906,-32.265942395119005,2.055670030315436e-201,1.3179349094921153,0.08908496039394341,14.794134763758814,3.737610930627803e-48,0.19117690694064757,0.05748666726167234,3.3255868890508724,0.0008909537721816746,0.09120290607299032,0.08595965326507783,1.0609966723777216,0.28876087012392077
1.404,0.2453731828077811,0.24373669201419546,3698,-0.2666797628341347,0.14453756440749677,-1.845055047989329,0.06510963473330587,-0.32994603847167714,0.16638169785499202,-1.9830669041449358,0.047434000592299165,0.6259629188501746,0.25009182976946426,2.5029323006160977,0.012359821278173512,-0.36918146483148423,0.2234369710567393,-1.6522845932141408,0.09856165029815765,-0.09476217449908765,0.22899526316839328,-0.41381718201482454,0.6790320557438347,-1.8366509888213103,0.05914905580399717,-31.051230892128512,2.873405795937133e-188,1.3258330262557987,0.08988054405114096,14.751056975149321,6.834623059075639e-48,0.17873535029191806,0.058000058666662496,3.0816408534885205,0.0020738198657795563,0.059781663087210855,0.08672732600145942,0.6893059643762667,0.49067409841204346
1.458,0.2359078938583905,0.234250876550412,3698,-0.22918324098359094,0.14570192870054913,-1.572959555357809,0.11581393858230064,-0.3657258470629339,0.1677220339039211,-2.1805474125864612,0.029279887149144503,0.6646204145095589,0.25210651707764875,2.6362682814139866,0.008417463217909605,-0.3598052527939797,0.2252369324156616,-1.5974522869543442,0.11025057189256929,-0.08497432980123953,0.23084000096236687,-0.36810920744664455,0.7128129257575473,-1.802570961753349,0.05962554818733197,-30.231520154582373,1.4540572721064377e-179,1.347370633373483,0.09060460285593869,14.870885042295281,1.270335350503719e-48,0.15350850846559325,0.0584672949701331,2.625544905814612,0.008686761910737152,0.05304992225865241,0.08742598314323406,0.6067981205511667,0.5440222370736378
1.512,0.22221511629657198,0.22052840470274515,3698,-0.23124428682816356,0.14724282317475818,-1.570496149436815,0.11638549082203456,-0.354019233134881,0.16949580558663377,-2.0886607306275344,0.036806662876649306,0.7191358703807436,0.2547727106039914,2.8226565893807196,0.004788268716571739,-0.3250114351138552,0.22761896227375902,-1.427875041109104,0.1534124763251831,-0.021060472916008044,0.23328128698432726,-0.09027930696139792,0.9280701648224731,-1.748019397226538,0.060256127882075565,-29.00981955972187,7.458145254662982e-167,1.3527639227529569,0.09156280658820057,14.774164020953936,4.9453380454027126e-48,0.13368559277931769,0.05908562536935924,2.262573882287191,0.0237198852085158,0.041245074393044825,0.08835057086509306,0.46683427157504176,0.6406460226875887
1.566,0.21098891348081794,0.2092778566382717,3698,-0.21909963087461704,0.14822889382333332,-1.4781168854687066,0.13946186655419704,-0.32897267823619203,0.17063090226124186,-1.9279783080120116,0.05393449476618756,0.7434690162083436,0.25647889829156617,2.898753157318873,0.0037685999803950747,-0.31308332141923545,0.2291433039898296,-1.3663210574686113,0.17192149039434515,-0.0026326669385561808,0.23484354872990695,-0.011210301295455236,0.9910562671947806,-1.7028252082197881,0.06065965722102871,-28.071790811727084,2.557991383608362e-157,1.3564879907788672,0.0921759936633399,14.716282807140137,1.1112673090983144e-47,0.10032640462957487,0.05948131596855593,1.6866877101813147,0.09174796795058714,0.04623467414838768,0.08894224591475933,0.5198280487845807,0.60321461778519
1.6199999999999999,0.20048154669819052,0.1987477034814884,3698,-0.18907830427582176,0.14977410084461254,-1.262423230782647,0.20687633319116597,-0.2886934170867479,0.17240963825137565,-1.6744621705303324,0.09412456819334822,0.6878327508438592,0.25915255377281426,2.65416157714906,0.007984701471146893,-0.313425921094107,0.2315320005055454,-1.353704543690496,0.1759135880361202,0.01377102869865122,0.2372916672514692,0.05803418576876283,0.9537245412797793,-1.6631956166461712,0.06129200173786791,-27.135606106638257,5.2666104041674625e-148,1.3362321176366039,0.09313687914880901,14.346971144498468,1.8225242656065612e-45,0.08864208395710792,0.06010137690741098,1.4748760929997535,0.1403311942775638,0.045136503011924595,0.08986942130770013,0.5022453950981126,0.6155248912205282
1.674,0.18993095860660292,0.18817423528560895,3698,-0.15311937479977483,0.1509116062747098,-1.014629547584605,0.3103489894025968,-0.26320625939020675,0.17371905622555203,-1.5151260034965135,0.12982617147582737,0.6802545510838457,0.26112076747249774,2.6051338530762123,0.009220718341177634,-0.3380378243140822,0.2332904414264465,-1.4489998914964597,0.14742260854130568,0.00842157641676373,0.23909385173125058,0.03522288990613552,0.9719039157315852,-1.6212332706822556,0.06175750267831881,-26.251600216525944,2.100829349556017e-139,1.331353338104415,0.09384423579576358,14.186841917514089,1.6052044573698412e-44,0.05337820787927695,0.06055783528174252,0.8814418089903199,0.37813616185458243,0.032718228459808534,0.09055196224208548,0.3613199278038639,0.7178809896562705
1.728,0.182764510771511,0.18099224622452603,3698,-0.10944132219370906,0.15191490850514938,-0.7204119942579525,0.47131701167625895,-0.21660605261047938,0.17487398871141854,-1.2386407733166545,0.2155573705620256,0.6647954963050564,0.2628567707852075,2.5291168811028713,0.011476327490484018,-0.4019447974045973,0.23484142100980154,-1.7115583600042235,0.08706214417123227,-0.021079502991906723,0.24068341399652585,-0.0875818679895034,0.9302137676528535,-1.5901549160753512,0.0621680836913573,-25.57831642310083,5.525156357996441e-133,1.3369690610486975,0.09446813831334991,14.152592449890184,2.549188195322677e-44,0.02887137910892804,0.06096044057306893,0.47360843913721357,0.6358071820080198,0.050826017140837676,0.09115397681161293,0.5575841989415266,0.5771621802517292
1.782,0.18013364906282492,0.17835567920446305,3698,-0.06864740778240098,0.15262513460889102,-0.4497778688832161,0.6528970433738767,-0.1800293303771898,0.17569155212813914,-1.024689737192867,0.30557679371414365,0.6272665084285122,0.2640856675537598,2.375238740666681,0.017588428013311636,-0.45942158864803795,0.23593934160944624,-1.9472021304887976,0.051586289048488464,-0.08769966550130372,0.2418086468327237,-0.3626820903636743,0.716863157119193,-1.5781738804259946,0.06245872926585468,-25.267466997423533,4.647952474185788e-130,1.3596290644724307,0.09490979172618623,14.325487810519556,2.443335307732983e-45,0.0026311571541391444,0.06124544022594445,0.04296086605684236,0.9657350544330315,0.06497561465302988,0.09158013599788709,0.709494629430655,0.47806242243867436
1.836,0.17583055733010622,0.17404325574665303,3698,0.009863923282736397,0.15324948710294478,0.06436513080210404,0.9486829814326002,-0.1822131135382415,0.17641026375474297,-1.0328940599032606,0.30172118729484854,0.5465909021761942,0.2651659781173086,2.0613161087143093,0.039342812954794214,-0.5195710819752786,0.23690451236429438,-2.193166676269637,0.028357583339000122,-0.13997044476878776,0.24279782749500883,-0.5764896919090642,0.5643194068989608,-1.5581462868086304,0.06271423281376307,-24.845178150161228,3.984896110461554e-126,1.3470267669998777,0.09529804471823906,14.134883574815577,3.2366420588025063e-44,-0.016946556099983977,0.06149598050197748,-0.2755717684579245,0.7828924301860501,0.06752538510301805,0.09195476817405247,0.7343326120425385,0.4627927181979391
1.89,0.17315302326008308,0.17135991515113236,3698,0.02570965945125568,0.15452021473194646,0.16638379318754795,0.8678640456774976,-0.14556147624026092,0.17787303795666926,-0.8183448031945145,0.4132131862372367,0.5243323320887193,0.26736470478866486,1.9611127523476644,0.04994099207774259,-0.5682054932578896,0.2388688981184487,-2.37873368083329,0.01742282738466305,-0.12595242710177476,0.2448110799599403,-0.5144882622240178,0.6069414850674488,-1.5478117973732786,0.06323425222703888,-24.477427072529473,9.7095831833886e-123,1.3526607736041085,0.09608824546019623,14.077276227969394,7.02444677266534e-44,-0.019055148405493227,0.06200589830316345,-0.30731186753117423,0.7586233502936872,0.06569372834842867,0.09271724684035117,0.7085383851134621,0.4786557526491888
1.944,0.1687604029159473,0.1669577689293189,3698,0.03742852633199683,0.15541481566353438,0.2408298473488383,0.8097003786142389,-0.11705028984785833,0.17890284098753131,-0.6542673621153741,0.5129803543327293,0.5008565654680135,0.26891262338554617,1.8625253034325726,0.0626085191831636,-0.6016373496990601,0.2402518391087576,-2.504194564882019,0.012315886806090455,-0.12441593855532221,0.24622842344846144,-0.5052866635494824,0.6133876942674327,-1.5307489066898505,0.06360034944641375,-24.068246794454762,5.162207321250901e-119,1.339723530196073,0.09664455218066295,13.862380237342862,1.2335535681878058e-42,-0.030759277826652522,0.06236488391861955,-0.49321470503802356,0.6218902467442522,0.07008188916261374,0.09325403703017542,0.7515158742128926,0.45239019102010103
1.998,0.16894517279767818,0.16714293950474834,3698,0.026041959461691105,0.15603186505007638,0.1669015457408862,0.8674566643383144,-0.08642707014406704,0.1796131457793278,-0.48118454676057565,0.6304138815983904,0.4973269971762611,0.2699802974588642,1.842086262802332,0.06554274632164389,-0.6210360740226045,0.24120572017411623,-2.574715365681646,0.010070898732570558,-0.10602098969528449,0.2472060335752013,-0.4288770308797191,0.6680377588487001,-1.5330119594445983,0.06385286434624626,-24.008507294704,1.7904764439857427e-118,1.349953589495477,0.0970282637424024,13.912993363247544,6.3033518143742655e-43,-0.037075078193333506,0.0626124936024161,-0.5921354678629642,0.5537961666729951,0.06486539366502354,0.09362428709994104,0.6928265696248425,0.48846200797749073
2.052,0.16801705042221882,0.16621280439440045,3698,0.05455266356699568,0.156909290119628,0.34767006800811223,0.7281078131833283,-0.056002303999812986,0.18062317713976325,-0.3100504868014769,0.7565400774508261,0.4060048819286706,0.27149849684204397,1.4954222091508726,0.13488982511338968,-0.6894625886946796,0.242562109433016,-2.8424166919816303,0.004501890639929276,-0.17081102097617695,0.24859616482264674,-0.6871023979715729,0.49206139426917295,-1.5215241940362538,0.06421193269374115,-23.69534960570591,1.1704942475646695e-115,1.3573193365795202,0.09757388966974313,13.910681855295698,6.49993416936221e-43,-0.029823273919448813,0.06296458688500468,-0.47365154597006287,0.6357764399182138,0.0811183530219842,0.09415077120364654,0.8615792731694842,0.38897507915831286
2.106,0.16846303225714443,0.16665975338971628,3698,0.024617523849398984,0.15776671967298214,0.15603749574324693,0.8760120036566739,-0.05187104265342275,0.18161019103793508,-0.28561746649221814,0.7751871597296348,0.394208358711085,0.27298209819353886,1.4440813566888153,0.14880101191855127,-0.69537661964488,0.24388758812833877,-2.851217747411394,0.004379409888791911,-0.1654772263243909,0.24995461656509563,-0.662029085913265,0.507993933570843,-1.5248591031139167,0.0645628182832918,-23.61822398184459,5.722781934800444e-115,1.3765672411948946,0.09810708140475619,14.031272987478346,1.3015673452442195e-43,-0.04027046114613816,0.06330865636341973,-0.6360972331329838,0.5247525100617678,0.07557127205370678,0.0946652573353443,0.7982999696076613,0.4247478225603962
2.16,0.1701938170480194,0.16839429157672214,3698,-0.013083445955709544,0.15861576373154523,-0.08248515562332806,0.9342653972737973,0.003682174892455018,0.1825875521315478,0.02016662608961504,0.9839115416229207,0.39329907329807334,0.27445119021146086,1.4330383227525514,0.15193162429908857,-0.7017017515133316,0.2452001038990087,-2.861751444454296,0.0042367937142232664,-0.16970327560495904,0.25129978291288374,-0.6753021178048086,0.49952616327550436,-1.5453955012876468,0.06491027227980731,-23.808180847338676,1.14047048480527e-116,1.3849261426313284,0.0986350586279775,14.040911638273197,1.1439577324316072e-43,-0.04353940618938768,0.06364936090904502,-0.6840509561691518,0.49398595635255504,0.08034312905328851,0.09517471189242403,0.8441646678594661,0.398632133343382
2.214,0.1712382079912107,0.16944094739590843,3698,-0.022302001510890623,0.15965951625546557,-0.13968476188544862,0.8889166919810034,-0.01910499659301427,0.18378904821169958,-0.10395068029846889,0.9172141386001003,0.37422922063372793,0.2762571842421738,1.3546406825954955,0.17561502163009618,-0.7499641911215095,0.2468136145696333,-3.0385851786548135,0.002393574073772081,-0.20270100541603422,0.2529534318094706,-0.8013372420608728,0.4229880461446195,-1.556225363459186,0.06533740675198417,-23.8182909426831,9.253325248711042e-117,1.402238594387268,0.09928411512127928,14.123493901057392,3.7733320943235044e-44,-0.038617045926646304,0.06406819810108585,-0.602749056024908,0.546712691917483,0.08366431488508513,0.09580099797783001,0.8733136047752497,0.38254900977823747
2.268,0.1708635827767213,0.16906550976566526,3698,-0.018267865682777416,0.1605722030079453,-0.11376729807881816,0.9094284534166169,-0.04493537806710125,0.1848396703950042,-0.24310462127028198,0.8079378674796458,0.2476641091852365,0.277836396545008,0.8914026825319706,0.37277131454280643,-0.8068909340434406,0.24822451397376846,-3.2506496684236037,0.0011617621966535324,-0.24484601523966118,0.2543994292145823,-0.9624471878556655,0.3358881010537581,-1.5554334805608057,0.06571090522537613,-23.67085760310194,1.9383046090569631e-115,1.3842106207886635,0.09985166849190251,13.86266891374896,1.2288464203772534e-42,-0.02761374807321746,0.06443444119785527,-0.4285557158542813,0.6682715998536162,0.0962902302562025,0.09634864025922588,0.9993937641167926,0.3176695277446567
2.322,0.17444126312934027,0.17265094870945275,3698,-0.015189833547894408,0.1614215026142188,-0.09410043458830009,0.9250344855541064,-0.0721694442575467,0.18581732565755568,-0.38838920968300006,0.6977504403124568,0.20393310268232417,0.27930593073444954,0.7301424002922939,0.46534950864462343,-0.8645016732450601,0.249537424789191,-3.4644169065036654,0.0005374346759893592,-0.2718075577318493,0.25574500043438714,-1.0628069259230077,0.28793908519614114,-1.5749302831231329,0.0660584637995898,-23.84146092015105,5.729687124595041e-117,1.4079559765945466,0.10037980462721934,14.026287277837163,1.3913910729529099e-43,-0.022212417236776062,0.06477524828970965,-0.34291520022324296,0.7316817946845675,0.10036865278779211,0.09685824815339607,1.0362427021066554,0.30015684955123617
2.376,0.17476023763146442,0.17297061494267396,3698,-0.059087731920854064,0.16250970532415157,-0.36359509607745666,0.7161812240776628,-0.07492185205435324,0.1870699897330244,-0.40050171682415453,0.6888102111350727,0.22879133955645534,0.2811888364552067,0.8136572647787236,0.4158938357418307,-0.8185086031231164,0.2512196498799474,-3.2581392558833056,0.0011316164363784666,-0.23847844343219268,0.2574690731137846,-0.9262411230524791,0.3543812756489788,-1.5910174086300286,0.06650378860549565,-23.923710844024793,1.042265632816736e-117,1.4131049326451592,0.1010565024255227,13.983315261544885,2.4709924841987024e-43,-0.007964468588695746,0.06521192246002692,-0.12213209315486352,0.9028010578515737,0.08041520498173085,0.09751120582268356,0.8246765518207165,0.40960856650955957
2.43,0.17632578942286292,0.17453956180437102,3698,-0.08864133992311274,0.16411631118989403,-0.5401129191878346,0.5891517648129709,-0.08357447956275833,0.18891940384776892,-0.44238166043601623,0.6582389823159877,0.25125234173588606,0.2839687297122225,0.8847887652647825,0.3763282340172368,-0.8000974745315463,0.2537032613189185,-3.153674376797944,0.0016252409742665403,-0.21691776781294175,0.26001446769367614,-0.8342526850024871,0.4041926256320467,-1.614188973253311,0.06716125934950178,-24.034525095087954,1.0419552800606512e-118,1.438927010521324,0.10205556872279038,14.099446297044565,5.214930346859737e-44,-0.0001292260914552995,0.0658566215377321,-0.0019622338413041777,0.998434471016316,0.07526760825653109,0.09847522255594793,0.764330420413809,0.44471924709328825
2.484,0.1790138261332167,0.17723342781634654,3698,-0.06053777425999743,0.1650129184533931,-0.3668668782262399,0.7137393602363864,-0.15022421211901715,0.1899515164298622,-0.7908555558938433,0.42907912580255003,0.22089509730862142,0.2855201198441392,0.773658603916265,0.4391822795751593,-0.8700940673398194,0.2550893038470664,-3.410939048473262,0.0006543529724294217,-0.26063678001643453,0.261434989874919,-0.9969468132063488,0.31885571464392853,-1.633903089052473,0.0675281776193673,-24.195871214861043,3.5947228957766574e-120,1.4555568190276895,0.10261312307880747,14.184899312632883,1.647916357599056e-44,0.018875295904223956,0.06621641225440204,0.2850546452396948,0.775618278678177,0.0841983704820614,0.09901321661137236,0.8503750647001063,0.3951717833431232
2.538,0.17973776786818496,0.17795893949815134,3698,-0.10120224138993045,0.16671074375482375,-0.6070529055929677,0.5438531622983427,-0.12431510976376468,0.19190593608174436,-0.647791893789108,0.5171598715731294,0.22059414207494488,0.28845784913274525,0.7647361399184176,0.4444775968786433,-0.8403098778595324,0.25771392910825897,-3.260630423691767,0.0011217508612155658,-0.23733943046190709,0.2641249061835883,-0.8985878457707311,0.36893088066882174,-1.6558284829477994,0.06822297806042518,-24.270832643530014,7.480469643591995e-121,1.470182200683343,0.10366891409356506,14.181514425399003,1.725059722281344e-44,0.01840484159485474,0.06689771588292517,0.2751191330218847,0.7832401198981435,0.08517169906112028,0.10003196802740955,0.8514448005040005,0.39457758011857225
2.592,0.18193207031189906,0.1801580005267257,3698,-0.09193945025918342,0.16755845245871318,-0.5487007603023639,0.5832440300133908,-0.11709229832175903,0.19288176000694854,-0.6070677617082134,0.5438433046208524,0.19093257870538424,0.2899246306004992,0.6585593583750365,0.5102198667378841,-0.8900782990822453,0.2590243805878583,-3.4362722808648516,0.0005962936671227808,-0.3049094989514753,0.26546795688831726,-1.1485736452921553,0.2508062985205254,-1.6672652878602545,0.06856988559022502,-24.31483257568584,2.9720985575248323e-121,1.5009557236326403,0.10419606092777943,14.405110042240326,8.228056838727193e-46,0.029428782155449137,0.06723788457719769,0.4376815591463341,0.661642762334327,0.11857542543689602,0.1005406213274556,1.1793782838351674,0.23832363262153017
2.646,0.182296148226754,0.18052286798436157,3698,-0.11484016751817329,0.16922941972832656,-0.6786064013132742,0.49742985280872287,-0.12568955501358486,0.19480526254082667,-0.6452061580587087,0.5188337201214015,0.19086721029394388,0.29281588771871325,0.651833518259419,0.5145491836196492,-0.8686661658104801,0.2616074866958646,-3.3204942900596723,0.000907318833569162,-0.31396883735316,0.26811532119959136,-1.1710216184155855,0.2416657216750997,-1.6826078540017277,0.06925369492852522,-24.29628997757159,4.385924489078166e-121,1.526383035272201,0.1052351503015361,14.504498077862493,2.0990419872953553e-46,0.03455949544954559,0.06790841061010087,0.5089133310448164,0.6108434107685583,0.13812324964568548,0.1015432570348137,1.360240489413595,0.1738369455176681
2.7,0.18311837535477615,0.18134687820184536,3698,-0.11686952572726303,0.1698999404662699,-0.6878726702700937,0.4915762159565529,-0.15295447427068837,0.19557711987274812,-0.7820673214239371,0.43422520336792847,0.17657619678194345,0.2939760827098081,0.6006481723081081,0.5481112447875827,-0.8919346108213175,0.26264402777313367,-3.395982838002133,0.0006910558187223191,-0.3136974607705732,0.2691776476160813,-1.1653919392964938,0.24393572549752038,-1.693058247752666,0.06952809189037337,-24.350707774666848,1.3990450057212836e-121,1.53055224324757,0.10565211297121281,14.486716831348199,2.6818050487316873e-46,0.04126562826332788,0.06817747728697032,0.6052677497824391,0.5450383375713639,0.14203444620454742,0.10194559168649223,1.3932377443189332,0.16363185020156323
2.754,0.18067769328214234,0.1789009032431772,3698,-0.13394451840673752,0.17207124587721767,-0.77842476076633,0.4363685709714408,-0.1768657050409506,0.19807657724437436,-0.8929157980286829,0.3719605092770183,0.17439416723481935,0.29773306965945184,0.585739996683244,0.5580860828532141,-0.8419709409776257,0.2660005939796423,-3.165297221261332,0.001561861920369248,-0.2956085187430441,0.2726177128754981,-1.0843334999220895,0.27828781706633143,-1.7017109950184013,0.07041665442735916,-24.166314188838136,6.668879355995502e-120,1.5302371809618158,0.10700233713222718,14.30096969817434,3.4124830882664945e-45,0.05832790373473196,0.0690487790951505,0.8447347585154985,0.39831372762184725,0.14092556563779723,0.10324844685079464,1.3649170514056272,0.1723623608422656
2.808,0.18029522137103804,0.17851760189989918,3698,-0.13617825383317805,0.17318497958161846,-0.7863167704390904,0.4317324356666239,-0.20698740835775248,0.19935863084377017,-1.038266602663221,0.2992139999230441,0.1719591450630541,0.299660151391812,0.5738472208078607,0.5661061748777345,-0.831098853287091,0.26772228679005616,-3.104331967472048,0.0019215481430042403,-0.29046775021193466,0.2743822350866219,-1.0586244773472109,0.2898401463388711,-1.7145505232840517,0.07087242727300272,-24.19206720096592,3.892426330646655e-120,1.5323057684302028,0.10769491135464464,14.228209570499061,9.169316928346579e-45,0.053851682636901786,0.0694956983473123,0.7748923158923039,0.4384529574665009,0.1338103031913736,0.10391672396239768,1.2876686070260734,0.1979421186051345
2.862,0.1781857449560852,0.17640355085460757,3698,-0.12762281738805745,0.17525516447586575,-0.7282114496867353,0.4665303779083997,-0.22406749110709506,0.2017416852351361,-1.110665308688869,0.2667848262928996,0.11033594579101769,0.30324217057337055,0.3638542277361832,0.7159877172912534,-0.8336981474874104,0.2709225333432217,-3.07725657662897,0.0021044880458430852,-0.2949357746187695,0.27766209203321374,-1.0622111663103422,0.2882093625742879,-1.7214590098180766,0.07171960829709416,-24.002627045689323,2.023401406002109e-118,1.5191105592495124,0.1089822538205576,13.939063526349635,4.456665342817416e-43,0.06609959334415841,0.07032642249718564,0.9398969974166341,0.34733193492661285,0.1447386393632305,0.10515890346737741,1.3763802644455263,0.16878747086968815
2.916,0.17999580455197972,0.1782175357627187,3698,-0.09672084762628862,0.17598338724787677,-0.5496021479007847,0.582625554353555,-0.27427647374734104,0.20257996517793536,-1.3539170742103313,0.1758457716501462,0.09064471908209498,0.30450220678802936,0.2976816491356161,0.7659629132065018,-0.8451514197139921,0.2720482745379048,-3.1066229739907287,0.0019067591866991558,-0.3184218041315941,0.2788158375387885,-1.1420506343628907,0.2535070940558968,-1.7386763071166342,0.07201761864171283,-24.14237432324078,1.0996658065789324e-119,1.5321955233463707,0.10943509844407877,14.000951661128363,1.952481398946158e-43,0.06988505503285197,0.07061864385619483,0.989611966709008,0.3224287218984757,0.14783882892480024,0.10559586125069682,1.400043781771084,0.16158430107161767
2.9699999999999998,0.18056085174040493,0.1787838083177764,3698,-0.09253647310324117,0.1773044842047067,-0.5219071221932734,0.6017663332722218,-0.33526945764861343,0.20410072108391372,-1.6426666984227418,0.1005371396471299,0.1293439769127341,0.30678808697835125,0.4216069084907504,0.6733365279105188,-0.8136968117880476,0.274090524964058,-2.9687155799885794,0.003009717018615788,-0.30226504531037535,0.28090889166309435,-1.0760251963575944,0.28198635361293556,-1.7610834715117316,0.07255825067700655,-24.27130553837639,7.406675082996861e-121,1.5499703773647158,0.11025662130362698,14.057843955660267,9.116997418041886e-44,0.06160404858907264,0.07114877386990158,0.8658483518172518,0.3866296355648827,0.13355929034962716,0.10638856318201968,1.2553914288805763,0.20941621271755673
3.024,0.17721157149418743,0.17542726479100335,3698,-0.11266127064268254,0.1789648728746522,-0.6295161102457855,0.5290502084935664,-0.3164093907384627,0.20601204626181602,-1.5358781026636918,0.12465403741691702,0.20539797657008196,0.3096610400566558,0.6632993822293635,0.5071802773680916,-0.7951756458974479,0.27665727788196115,-2.8742263785184727,0.004073353280121061,-0.28996956104118166,0.2835394959768908,-1.022677846139696,0.30652724737444653,-1.761963683109446,0.073237730938747,-24.058141350434237,6.371944669580206e-119,1.5648893474606715,0.11128913238545418,14.061474951935264,8.683665894567392e-44,0.050777814725478265,0.0718150549205134,0.7070636481679273,0.47957158535661726,0.13204599361862804,0.10738485137919389,1.229651966014755,0.21890587883838708
3.078,0.17373984006195553,0.17194800452942527,3698,-0.09258313932101554,0.18074837620882722,-0.5122211400341977,0.6085269131496327,-0.34308142243114165,0.20806509256909617,-1.6489138961030092,0.0992504229676796,0.2327962001344472,0.3127470171455338,0.7443594578749179,0.45670645106389474,-0.8350624785562137,0.2794143506504918,-2.9886170005661588,0.0028209118936855454,-0.3066307973274912,0.2863651546009677,-1.0707685359092047,0.2843435675193677,-1.757889223312261,0.07396759337051122,-23.765667412035626,2.7449620544549507e-116,1.5723232477031641,0.11239820220166287,13.988864740755636,2.2945571718960516e-43,0.04694010234597711,0.07253073944472954,0.6471752901643418,0.5175587692173533,0.13523855489488879,0.10845501245269584,1.2469553212570508,0.21249304339192449
3.132,0.17279157625742958,0.17099768431111884,3698,-0.07766350124794236,0.18188971808789148,-0.4269812613069989,0.6694178939514839,-0.3452993966722027,0.20937892679931977,-1.649160218512136,0.0991999593310934,0.24918320425835258,0.31472186901257476,0.7917568773982987,0.4285533568659996,-0.855367796288807,0.28117872224097573,-3.0420786803197,0.0023660372177210895,-0.33521323617131754,0.2881734172836331,-1.1632344139549338,0.24480964330929356,-1.75759762717148,0.07443466429960119,-23.612622475156336,6.420978502442758e-115,1.593238578990057,0.11310794454068158,14.086000638240014,6.247787782629981e-44,0.051891827992023895,0.0729887373099614,0.7109566476216019,0.47715604794759225,0.1425925944256954,0.10913985538353181,1.3065125835526012,0.19145974929465925
3.186,0.16972070071669876,0.16792014924088794,3698,-0.0965084061084916,0.18363588332434644,-0.5255421999306849,0.5992379119155731,-0.321194845388499,0.21138899205790987,-1.5194492497533074,0.12873514968530803,0.2984709964576181,0.31774324038309026,0.9393464864831227,0.3476143778110574,-0.8416241003736179,0.28387807498707635,-2.964737943963912,0.0030488085187802645,-0.36024363621591216,0.2909399200228806,-1.2382062804842362,0.21571837395633744,-1.7581355999500365,0.07514924687498542,-23.39525242182113,5.506961696289661e-113,1.6099802979928322,0.11419379569708603,14.098666991186766,5.269857498004062e-44,0.041340710262516144,0.07368943879591242,0.5610126897154404,0.5748229602103849,0.13709387817212562,0.11018761236169348,1.2441859409940899,0.21351018297456872
3.2399999999999998,0.16607845039569347,0.16427000030167505,3698,-0.03892950537493781,0.18569360017883865,-0.2096437644455458,0.8339572959145221,-0.33664111662804735,0.21375769409989262,-1.5748725118204596,0.11537162437149534,0.24106460923507503,0.32130368624639927,0.7502702880607756,0.4531397816795736,-0.8878352891408948,0.2870590475124187,-3.092866421855195,0.001997156583473157,-0.41154972103087817,0.29420002347454804,-1.3988772542245644,0.16193386177636063,-1.7509898373241979,0.07599132560762575,-23.04196990016036,7.158319107489364e-110,1.607020990093581,0.11547338492458632,13.916808545476508,5.991749035644987e-43,0.02870026766333591,0.07451515976865172,0.3851601171149876,0.7001409953898373,0.15444164756676312,0.11142231062985516,1.3860926657661783,0.1658023836070394
3.294,0.16246976460709173,0.16065348868322538,3698,-0.012674774233260463,0.1870587946898013,-0.06775823747971316,0.9459817610536487,-0.3303820195522566,0.21532921207563413,-1.5343111896782973,0.1250388678558847,0.2586310178303297,0.3236658679715271,0.7990679383378216,0.42430246254532356,-0.9169191319460653,0.28916946723398523,-3.170871187462293,0.0015322821158664753,-0.446705303242219,0.2963629426962429,-1.507291360985268,0.13182161717619206,-1.736211846884641,0.07655000366923043,-22.68075458737722,1.004796321263434e-106,1.617837139981108,0.11632232980534418,13.908225038893434,6.7155662291861165e-43,0.01939440271402748,0.07506298525645365,0.25837505193493515,0.796131882468677,0.16007142056905335,0.11224147255425189,1.4261343594871572,0.15391417858819145
3.348,0.1599296206260865,0.1581078361221584,3698,-0.008476632654699327,0.18847874812856447,-0.044973943953178615,0.9641305118448477,-0.32258881425636676,0.21696376476084736,-1.486832672782696,0.1371444700530289,0.27274600197981014,0.3261227984943532,0.8363291472998099,0.4030239286679861,-0.9237892078229475,0.29136453739930473,-3.1705615792114306,0.0015339115028438382,-0.4504020160436915,0.29861261815417234,-1.508315418242477,0.13155945187972112,-1.7286811614614042,0.07713109070728019,-22.412248363269143,2.076535352981267e-104,1.6289536666725293,0.11720532647217263,13.898290425045504,7.662560654972935e-43,0.010858802298257163,0.07563278441620705,0.1435726898338318,0.8858457493016159,0.16727231876719043,0.11309349164904797,1.4790622902179935,0.1392090490172327
3.402,0.15809367282108566,0.15626790686352776,3698,-0.011444565319717097,0.18956919043297193,-0.06037144165451125,0.9518630736339937,-0.303536461694807,0.2182190069033586,-1.390971693997455,0.16431789901677588,0.32080963391932926,0.32800957936190983,0.9780495878913448,0.3281139322765825,-0.8803813797889767,0.29305022462260694,-3.004199641623687,0.002680701873411998,-0.450277621366567,0.3003402390912717,-1.4992250879501037,0.13390081660973385,-1.7224846153104014,0.07757733202163218,-22.20345261203482,1.2685491882361367e-102,1.6512613464686465,0.11788341696012498,14.00757959897955,1.7869718456308276e-43,0.007094106740548396,0.07607035729137972,0.093257176555319,0.9257043161279312,0.16679620075193907,0.11374779314919989,1.4663686752424026,0.14263310967948756
3.456,0.1546487240687795,0.1528154873630464,3698,-0.034616242325380034,0.19141519169974355,-0.18084375653777543,0.8565001507960807,-0.2895483562605122,0.22034399652987538,-1.314074178650262,0.18890294687136175,0.36721107299014427,0.3312036959672102,1.108716712589158,0.2676246854049492,-0.8072531643707628,0.29590391136698496,-2.7280922399487784,0.006400354773163148,-0.40447981553949164,0.30326491509246517,-1.3337507750151913,0.1823678873583951,-1.7144838972470329,0.07833277046000718,-21.887185748426493,6.08535858219244e-100,1.6608576272737252,0.11903135105502055,13.953110777563277,3.696406718365339e-43,-0.0007747360967649789,0.07681112099672091,-0.010086249057581813,0.9919530194414536,0.14342977781272828,0.11485545505230932,1.2487850729197423,0.21182293482259434
3.51,0.1518370051479997,0.14999767092224325,3698,-0.02581091782963504,0.19272372447552127,-0.13392703934026245,0.8934675741041505,-0.27769628380976175,0.22185028941522517,-1.251728291821214,0.21074824964213743,0.3470762744862479,0.3334678364870057,1.0408088472417714,0.29803248007071165,-0.7652799010838784,0.29792673914291135,-2.568684849454833,0.010247515395070276,-0.3938438384915693,0.3053380634022629,-1.2898615852315336,0.19717957407103476,-1.7130323064391415,0.07886826085998115,-21.720173460910658,1.5422490676198553e-98,1.640469375799716,0.11984506089078382,13.688251844560323,1.2220459704331904e-41,0.00016593525822751427,0.07733620925369739,0.0021456347528383806,0.998288148485991,0.13396118429824871,0.11564061805885145,1.1584267409403988,0.24676491861384908
3.564,0.1490644778503014,0.14721913109584295,3698,-0.03423910306866458,0.19379627717411746,-0.17667575233089874,0.859772786560524,-0.272023533025371,0.2230849382745921,-1.2193720254235232,0.22278098043713063,0.39003148427868567,0.33532366315750267,1.1631493006071765,0.24484416396223138,-0.7426051547163849,0.29958477127632566,-2.478781386492553,0.013227590856266406,-0.38081126566981255,0.30703734129229676,-1.2402767170501379,0.2149519406585557,-1.6934433940946156,0.07930718121734331,-21.352964108681302,1.7606068053595868e-95,1.659538263228585,0.12051202674473693,13.770727354405409,4.137780908287629e-42,-8.250853851162802e-05,0.07776660338477796,-0.0010609764978854437,0.9991535207588571,0.13536940042527254,0.1162841852029791,1.164125630574608,0.24444838489019322
3.618,0.14644496509490335,0.14459393764051454,3698,-0.024615103673125065,0.1949517054469219,-0.1262625716286788,0.8995309634009063,-0.2916489829442299,0.2244149877919402,-1.2995967239702535,0.19382042774306762,0.41083467769578874,0.33732288856369774,1.2179270711367975,0.2233295799572207,-0.7509341988304027,0.3013709186671928,-2.4917274770618048,0.012755945532545603,-0.3827265900298557,0.3088679214773696,-1.2391270294409569,0.21537728873756737,-1.6864110669536025,0.07978001671630706,-21.138264146401205,1.0341626364822833e-93,1.6607307878306605,0.12123052869402219,13.698948653620366,1.0622601136483985e-41,-0.012144128130704769,0.0782302538405089,-0.15523569890829553,0.8766439986589944,0.13722300981842692,0.11697748043662712,1.1730720246857076,0.24084266176023988
3.672,0.1450508013937959,0.14319675054292869,3698,0.008215212227322587,0.19678642920228087,0.041746843319556345,0.9667027701373466,-0.2757093330303405,0.22652699552337588,-1.2171146860149362,0.22363843895706795,0.3747658960111927,0.34049749180943667,1.1006421633817343,0.2711242400474515,-0.8072261148497251,0.3042071717914498,-2.653540710746693,0.007999377236844142,-0.42684266321607645,0.3117747301739325,-1.3690739559872285,0.17105950688433008,-1.6786143041219805,0.08053084006271888,-20.844365994625726,2.590576021458276e-91,1.6808272830730429,0.12237144987939859,13.735452875074683,6.58006616045708e-42,-0.011858061820592973,0.07896649210413376,-0.15016574124827087,0.8806420633627904,0.15860987048300662,0.11807837545935651,1.34325925357604,0.1792706684233306
3.726,0.14383249789639707,0.1419758050211386,3698,-0.00939803870935674,0.19801460352551478,-0.04746134144669675,0.962148109772819,-0.2442182823497167,0.22794078528798992,-1.0714110774039896,0.28405472278349836,0.374654254234893,0.34262258894271524,1.0934896481607443,0.27425026942822456,-0.7692893787371048,0.30610577546474377,-2.513148853755322,0.012008176623792369,-0.372797141980024,0.3137205641411681,-1.1883095486602293,0.23478797191807224,-1.6714285426595814,0.08103344540189,-20.626403509933905,1.4975516688677473e-89,1.689700621555755,0.12313518888949208,13.72232126977269,7.818273983134665e-42,-0.01894621840938115,0.07945933410747362,-0.23843917926313388,0.8115537263761512,0.14720970225131172,0.11881532073274874,1.2389791261215417,0.21543205230103502
3.78,0.14274171362058197,0.14088265526031218,3698,0.017893770833988656,0.19882978425270362,0.08999542448452535,0.9282957364494079,-0.2606125972960607,0.22887916524481527,-1.1386470979885936,0.2549243132064319,0.36264348733643154,0.344033087593991,1.054094796150548,0.2919085514754224,-0.7840778998838303,0.3073659427665353,-2.5509589410801743,0.010782731696494059,-0.38879249437059454,0.31501207978222406,-1.2342145565953433,0.21720158217710392,-1.65367414388348,0.08136704151941483,-20.323636118549302,3.9686016442266076e-87,1.7103570419812828,0.12364210823298655,13.833127454914877,1.8165779620557535e-42,-0.02444560306156094,0.07978644996966973,-0.30638790259315674,0.7593266086883679,0.14380669964549658,0.11930445616938645,1.2053757609969091,0.22813558656548438
3.834,0.1405021358908941,0.13863822076135424,3698,0.04843003579442231,0.19918814788662148,0.24313713596046305,0.8079126819095385,-0.28447572751417444,0.2292916887995407,-1.2406717792674928,0.2148059200351017,0.323336478060531,0.3446531604262457,0.9381503354289525,0.3482285737525864,-0.8035148155666098,0.3079199280590627,-2.6094927360871756,0.009104289213569405,-0.4281352433289573,0.31557984619641133,-1.356662183878794,0.17497158655769593,-1.6313097324279173,0.08151369454119241,-20.01270757766409,1.1417168777064438e-84,1.704529567807789,0.12386495631069368,13.761192984497352,4.691011513418878e-42,-0.021173429227705848,0.07993025419022955,-0.2648988101215626,0.791102214646306,0.1467118608257604,0.11951948621941717,1.2275141524322044,0.2197077288088796
3.888,0.13903291216310387,0.13716581086120772,3698,0.08317584033618797,0.19967071521207158,0.4165650443423632,0.6770208172238528,-0.27677348504745886,0.22984718709693394,-1.2041630291117489,0.22860382758092151,0.2184717380836653,0.3454881416015789,0.6323566912337314,0.5271930164447707,-0.8237154656761774,0.3086659167020257,-2.6686311027704455,0.00764943854931196,-0.3905230061361822,0.31634439229998584,-1.2344868935304332,0.21710015704956798,-1.6127171467040329,0.08171117539524748,-19.73680024676077,1.6372691407512598e-82,1.675464453514961,0.12416504033335284,13.49385019339379,1.5334818390072357e-40,-0.016033385057457814,0.08012389888945674,-0.20010739966084698,0.8414076163176982,0.13745001429414785,0.11980904259822794,1.147242406026712,0.25135584817057144
3.942,0.13660853855897415,0.13473617973774132,3698,0.10952563419869939,0.20088914992814746,0.5452043290435232,0.5856459545479314,-0.29453953951952466,0.2312497652960146,-1.27368578792932,0.20285503836027513,0.17964737492360516,0.3475963863948768,0.5168275101672719,0.6053075562669543,-0.8481981634625694,0.31054946416255186,-2.73128200607229,0.0063388571096913305,-0.40107185458244,0.31827479551111704,-1.2601433108718498,0.20769737558229542,-1.602021036034664,0.08220979499846368,-19.486984927581954,1.3994450465882343e-80,1.664159498270452,0.12492272277819427,13.321511581405726,1.4054581785508263e-39,-0.027655460527952622,0.08061283258156367,-0.34306523716271803,0.7315689303800097,0.13338921958253794,0.12054014378473119,1.1065958227223747,0.26854086872017896
3.996,0.13599937780972127,0.1341256979567742,3698,0.14976392139250813,0.2010635081616473,0.7448587899506046,0.4564045387738588,-0.3116657485129335,0.23145047449603207,-1.346576407724222,0.1781994217929512,0.08645456851899228,0.34789807661520183,0.24850545125208243,0.8037571855322394,-0.8773543633555652,0.3108190001529479,-2.8227179256217814,0.004787354833577167,-0.4317239786313237,0.31855103656810135,-1.3552741290139476,0.1754132087175168,-1.590654218990956,0.08228114755601815,-19.33194013741746,2.1623303313277197e-79,1.647477575340806,0.1250311472763585,13.176537296737411,8.88360149349979e-39,-0.03772932308813903,0.08068279908344476,-0.4676253614989007,0.6400801470716715,0.13351219100174694,0.1206447644999049,1.1066554902334962,0.2685150640876354
4.05,0.13354260505563775,0.13166359742225353,3698,0.1424241432958496,0.20211219104351663,0.7046786369516145,0.48105473334267523,-0.3108121485075789,0.23265764606497424,-1.3359206274303077,0.18165762392821003,0.11842091992723582,0.3497126015924956,0.3386235422686495,0.7349126167700561,-0.825306153427442,0.3124401325394279,-2.641485735905882,0.008289157501041075,-0.3680407486306413,0.32021249678087216,-1.1493641014344889,0.2504803871402266,-1.5680651577103204,0.08271029967681566,-18.95852347092706,1.4681859021556143e-76,1.6559550836679557,0.12568326970796245,13.175620649556077,8.987256927750315e-39,-0.045545704440268016,0.08110361473037003,-0.561574284841499,0.5744402183069935,0.11256705863035091,0.12127400896338301,0.9282043167579209,0.3533623222426119
4.104,0.13270552096036237,0.1308246980185579,3698,0.17922990263677835,0.2027172695036057,0.8841373163502995,0.37667970876573575,-0.3201815751799732,0.23335417075001233,-1.3720842192401923,0.17012064815445993,0.08552815363061475,0.35075956249749,0.24383698343570256,0.8073706350217508,-0.885660592436197,0.3133755080518643,-2.8261959523959295,0.004735791393758889,-0.3819333389214251,0.32117114100442484,-1.189189469909948,0.23444165496410796,-1.5552216872948916,0.08295791571869596,-18.747116219367555,5.623541165470081e-75,1.6590870687766939,0.1260595371607134,13.161138824915108,1.0793953715682024e-38,-0.05722203575821472,0.0813464207187438,-0.7034364296870611,0.4818282033841529,0.1388516397249409,0.12163707608077719,1.1415239842885718,0.2537260294252378
4.158,0.13276595245036082,0.13088526056085237,3698,0.20177329028726448,0.20269389506444116,0.995458152418039,0.3195787771124397,-0.35816306365391637,0.2333272637041482,-1.5350244886429394,0.12486356843421825,0.10766280361513025,0.35071911795088057,0.3069772878198468,0.7588779862610712,-0.8608113260632663,0.31333937409659474,-2.7472172258756715,0.006039527100626239,-0.37482036248218703,0.32113410816891363,-1.1671770545314823,0.24321431347086653,-1.550673491016923,0.08294835020531403,-18.694446449853324,1.3873580110875267e-74,1.6710157889425983,0.1260450017884203,13.257295134539115,3.1877978686462835e-39,-0.08156477043890338,0.0813370410197818,-1.0027998242407932,0.31602322509382236,0.12735774528624658,0.12162305064307291,1.0471513797166894,0.29509836849211946
4.212,0.13188930182274894,0.13000670882046705,3698,0.24792979107215773,0.2038225119676227,1.2164004293673973,0.22391024307099777,-0.35342338572528925,0.2346264498177994,-1.506323715845943,0.13206971259990496,0.05471200597658409,0.3526719519257886,0.15513568821627452,0.87672283495136,-0.8848983086196722,0.31508407446818365,-2.808451395435496,0.005004223516971142,-0.39921931814416284,0.3229222102849262,-1.2362708585201274,0.21643660642868273,-1.5375754777799697,0.08341021369707326,-18.433899274782952,1.171820983128834e-72,1.6759398408183415,0.1267468311135449,13.222735638392152,4.946125624455594e-39,-0.09528001627246374,0.0817899326045062,-1.1649357474493665,0.24412032559120006,0.14015897471710814,0.12230025816690404,1.1460235392621345,0.25185974577657294
4.266,0.1291894483094207,0.12730100037948733,3698,0.25123278608802013,0.20543585386079594,1.222925703408405,0.22143587747161264,-0.3287902374887653,0.2364836179837854,-1.3903298684787078,0.16451260563508607,0.015850513286414916,0.35546350046032654,0.04459111347828523,0.9644356394693653,-0.8679077620402356,0.3175780989618666,-2.732895514134462,0.006307952259330553,-0.39301915428650464,0.3254782769581283,-1.2075127039494105,0.22731216773750884,-1.5196575431463606,0.08407044102317646,-18.076002988106403,4.7745527447052167e-70,1.667144266636367,0.12775008620292838,13.050044161912679,4.3736271852296085e-38,-0.10676483904638392,0.08243733471645558,-1.295102994457586,0.19536574611826496,0.1452605177641967,0.12326831673973683,1.1784091939122785,0.2387095200177374
4.32,0.12640918585564143,0.12451470862247405,3698,0.236570761251591,0.20617641495804837,1.1474191230831474,0.25128284916219584,-0.3254340967325686,0.23733610095754598,-1.3711950917689566,0.17039755155445138,0.06518244635143268,0.35674488554957423,0.18271445223669436,0.8550321156014921,-0.8153901951538842,0.31872291366198174,-2.5583042831323946,0.010558001006913783,-0.35621082787045644,0.3266515704479749,-1.090491704607278,0.2755678279898392,-1.4963684840709597,0.08437350057622219,-17.73505275769796,1.3359710290398837e-67,1.6719199219195724,0.12821060340201787,13.040418479874797,4.934846745863811e-38,-0.11061481373153276,0.0827345072007365,-1.3369852250784673,0.18130989820630145,0.1424990769401063,0.12371267792686971,1.1518550833112011,0.24945527085977845
4.374,0.12615033103676976,0.12425529244861433,3698,0.251991353835196,0.20706411768701938,1.2169725814884298,0.22369249677021863,-0.3430326066246932,0.2383579632522523,-1.4391489251888956,0.1501931739073853,0.0758424959728571,0.35828086825891203,0.2116844707377717,0.8323648978204322,-0.8435615393250246,0.3200951908950538,-2.6353458699777663,0.008440330774469922,-0.33275850792356704,0.3280579849041014,-1.0143283298555885,0.310492631212573,-1.4900642319468829,0.08473677484660655,-17.584622905984432,1.559486697971372e-66,1.6847965962735232,0.12876262048188683,13.084516220377212,2.8365068783339923e-38,-0.12123075650155542,0.08309072470426186,-1.4590167185692784,0.14464564475664485,0.1377483578596139,0.12424532896664232,1.108680374588544,0.2676403645970131
4.428,0.12500216318092905,0.1231046346651925,3698,0.31626015000731633,0.20861378624815255,1.5160079096168415,0.12960303109084836,-0.3645506184394846,0.24014183506004697,-1.518063765725491,0.12908401398894753,-0.03046687740227114,0.36096224349571454,-0.08440461004235988,0.9327393220139479,-0.9270818918502793,0.3224907843925701,-2.874754680498828,0.004066559807136459,-0.3683700516652721,0.33051317197906827,-1.1145397003681334,0.2651203282599637,-1.4807787585156686,0.085370945157805,-17.345230930482316,7.508189192165118e-65,1.6696934848092881,0.12972628037158104,12.870896167119778,4.082823413229277e-37,-0.12315759741539459,0.08371257597059568,-1.4711958864896726,0.14132344230799224,0.15158896355868423,0.12517518143127013,1.211014530399679,0.225967410829724
4.482,0.12595095872571282,0.12405548777689368,3698,0.3343107517076621,0.20880843933915294,1.6010404213819374,0.10945359035707848,-0.3635727667619373,0.24036590630343707,-1.5125804335285566,0.13047192672732605,-0.012794052728228401,0.36129904969483734,-0.03541125485670276,0.9717537261508589,-0.9583923819436478,0.3227916936907048,-2.9690738661384763,0.0030062183990792095,-0.38979557790343083,0.3308215667965878,-1.1782653158858423,0.23876684920661465,-1.4819938840316205,0.08545060297263811,-17.343281761348898,7.747385411183452e-65,1.6917856186117493,0.1298473252071715,13.029037108870007,5.691464324133998e-38,-0.12524243507123814,0.0837906863963798,-1.4947059208796418,0.13507673954181912,0.16200521955604547,0.12529197973314815,1.293021467943045,0.1960846030396245
4.536,0.12571937954853663,0.12382340639494183,3698,0.3183052289155645,0.2098155993680942,1.5170713229817547,0.12933436196834167,-0.3477054941954255,0.24152527962146594,-1.4396236068554484,0.15005876604364052,0.013580559793944886,0.3630417281157803,0.037407710304898645,0.9701619490908024,-0.9519468816632625,0.3243486369473492,-2.9349495364698877,0.003356610078778435,-0.37863876997556684,0.3324172410894648,-1.13904672553871,0.254757624850551,-1.4769527659482253,0.08586276271117811,-17.20131893398705,7.5449750839903e-64,1.7116479437985452,0.13047362669300938,13.118727417808898,1.8437738842872072e-38,-0.13592979925908136,0.08419483974575145,-1.6144671059361508,0.1065116681637281,0.15282075533759143,0.12589630910955418,1.2138620775975868,0.22487810252655516
4.59,0.12533958015910807,0.12344278336899506,3698,0.35125361232487134,0.2102935597084263,1.6703013293031288,0.09494459356384567,-0.3602809206332891,0.2420754746746191,-1.4882999656101201,0.1367572781454019,-0.038949304569260025,0.3638687378731461,-0.10704218448917352,0.914761334253349,-1.0027635481755932,0.3250875037683506,-3.0845957982135728,0.002053381862859767,-0.40507990376250075,0.33317448820627543,-1.2158190921019953,0.22413164024703403,-1.468135364458553,0.08605835825036055,-17.059764958418807,7.18579395962423e-63,1.7066032828089115,0.13077084586644724,13.050334510735059,4.3577234381105374e-38,-0.13864573469160943,0.08438663575319934,-1.6429821316386934,0.10047185352064686,0.17062525907776027,0.12618310114470213,1.3522037224469028,0.17639304071656872
4.644,0.12452754948756528,0.12262899172012176,3698,0.368774686858592,0.21109982782196707,1.7469208320226648,0.08073428875349022,-0.3555751102055917,0.24300359504393046,-1.4632504105188666,0.14348406611642645,-0.06504044204224661,0.36526381512262635,-0.1780642903825862,0.8586822629324989,-1.0395461561525887,0.3263338932857585,-3.185529231075905,0.0014569412383758022,-0.41181246364038093,0.3344518833222192,-1.2313055604582457,0.21828709330992244,-1.4505727736039096,0.08638830706218882,-16.791309182152137,4.942453069712714e-61,1.7120149727120264,0.13127222290980062,13.041715412165916,4.855245561928137e-38,-0.13596390313716492,0.0847101751602602,-1.605048069844497,0.108568822265508,0.17802337720112207,0.1266668887179484,1.4054452509489685,0.1599731278508905
4.6979999999999995,0.12633620778264965,0.12444157228854869,3698,0.40620569982620797,0.21087985365661496,1.9262423260576174,0.054150872050754945,-0.38005324089445586,0.24275037592220558,-1.5656133979222007,0.11752492261946323,-0.09430879553830306,0.36488319613447306,-0.2584629726372676,0.7960640407561725,-1.119157533119645,0.3259938407781735,-3.4330634298124347,0.0006033728387717564,-0.4816846707888549,0.33410337155580366,-1.441723465841773,0.14946528396127234,-1.4445422790444444,0.08629828711315214,-16.738944970604074,1.120637137211506e-60,1.736972877859581,0.13113543218871654,13.245641157913061,3.6971980271825884e-39,-0.12917800420362485,0.08462190388941188,-1.5265315274924693,0.126963272550448,0.19754778626513242,0.12653489693277756,1.561211895324662,0.11855954032777279
4.752,0.12530205635911829,0.12340517819454067,3698,0.4056734698054833,0.21043118529040916,1.927820105397528,0.05395418360357627,-0.3718919918843121,0.24223389977395193,-1.5352598964527864,0.12480575701152012,-0.057958608997294346,0.3641068699723154,-0.1591802126713544,0.8735356069421215,-1.1151991650002977,0.3253002556803136,-3.4282148431394144,0.0006142180757664698,-0.5056722445998522,0.3333925326052803,-1.5167473627807442,0.12941616394976202,-1.4230241004693167,0.08611467871806824,-16.52475654154352,3.117568731054243e-59,1.7477184514709647,0.1308564282009406,13.355999972635674,9.039868413146327e-40,-0.1355441208512877,0.08444186217037165,-1.6051768325266331,0.10854048948447341,0.20517976670274235,0.12626568105231087,1.6249844375189961,0.1042512996580183
4.806,0.12475949419662358,0.12286143942665162,3698,0.42611550674898657,0.21107973731797164,2.0187418847650163,0.04358627003100168,-0.39290165804780824,0.24298046823825037,-1.6170092225789736,0.10596179003109517,-0.06299177285354837,0.3652290527345523,-0.1724719662412252,0.8630759599828914,-1.1417400444520835,0.32630283588294323,-3.499019680177305,0.00047249250689274515,-0.5499117882547802,0.33442005332516284,-1.644374441026988,0.1001840870451721,-1.4158203246586754,0.086380085432422,-16.39058722355998,2.4573438442360967e-58,1.7591119661508112,0.13125972964940308,13.401764355674269,5.02525798947231e-40,-0.13189683222088852,0.0847021132393668,-1.5571846696215266,0.1195124271790877,0.20354530650646277,0.12665483375011571,1.6070867607631028,0.10812091811521594
4.86,0.12398698491228921,0.12208725487143768,3698,0.42646028120120655,0.21067231444823745,2.024282508682405,0.04301301612103995,-0.4152724093199973,0.24251147106724358,-1.712382542122515,0.08691023302630461,-0.02440101167450769,0.36452409322178175,-0.06693936595203807,0.9466336013014807,-1.1539574128944938,0.3256730111565766,-3.543300713793861,0.0004000487545749795,-0.552168187252153,0.33377456087025636,-1.654314774057301,0.0981486463513195,-1.395380057236698,0.08621335591711211,-16.185195929250852,5.635617176928581e-57,1.7703976666427472,0.13100637413355015,13.513828455690051,1.1842046188303744e-40,-0.13119150469708035,0.08453862252023374,-1.5518528784364871,0.12078321067122022,0.21698710627083115,0.1264103665336607,1.7165293655963854,0.08614914614674865
4.914,0.1252983536413116,0.12340146744698544,3698,0.4436254616775125,0.2108658836660179,2.1038275797148542,0.03546101181638524,-0.40238246595278465,0.24273429463036922,-1.6577075215742563,0.0974615404325838,-0.02456781426492993,0.364859024006455,-0.06733508738568375,0.946318593604939,-1.1779762705730066,0.32597224492246984,-3.61373180975325,0.0003058487473034938,-0.6143065873005255,0.3340812384744394,-1.8387940313730793,0.06602582088507462,-1.397850370793526,0.08629257017889498,-16.198965541246626,4.5729338302628274e-57,1.79613883272825,0.13112674496363147,13.697730643938552,1.079350657035575e-41,-0.12981667675548672,0.08461629800918605,-1.5341805279804803,0.12507099989461823,0.2357038292992915,0.12652651447570687,1.8628809169049443,0.06255844532281973
4.968,0.12290215815384209,0.12100007554750736,3698,0.4752202920327138,0.21148219805916033,2.2470935917725567,0.024692928410308016,-0.4093761254500342,0.24344375334834234,-1.6816045588331863,0.09273018869533395,-0.03532734601027393,0.3659254263284125,-0.09654247414490452,0.9230949861701462,-1.1977225865770713,0.32692498978009155,-3.6636005934655778,0.00025218888456607954,-0.6787414396197144,0.33505768412876225,-2.0257450336786635,0.04286276565421179,-1.3801457931706949,0.08654478429764138,-15.947186238562365,2.0370490826803855e-55,1.7902995859691626,0.13150999947043923,13.613410335170638,3.248556775559225e-41,-0.14179043554205004,0.08486361275470498,-1.670803668845561,0.09484528877766375,0.24322585658383947,0.12689632352508837,1.91672894712156,0.05534955046533413
5.022,0.12120261521782016,0.11929684696673393,3698,0.4837709390151576,0.212271876574752,2.2790156982703107,0.022723017470682415,-0.4039380653406186,0.24435277691410087,-1.6530938196893008,0.0983968615713223,-0.05617622688576689,0.36729179877078444,-0.15294713106519636,0.8784483328040169,-1.2429372616432126,0.3281457338569389,-3.7877599292060085,0.00015443425217384266,-0.7312972670864001,0.33630879583967027,-2.1744815364122503,0.02973233671406786,-1.355086216624717,0.08686794415423246,-15.59938168006815,3.547291568310005e-53,1.7948124901230875,0.13200106028841987,13.59695510173521,4.0250190480430026e-41,-0.13823016873783175,0.08518049508505195,-1.6227913279889978,0.10471946649096714,0.246952815251241,0.1273701567900864,1.9388593174006525,0.0525946427662442
5.076,0.12096229643182421,0.11905600702316466,3698,0.5063979290261671,0.21250931136576726,2.3829446614438647,0.01722511663353602,-0.41741611780269955,0.24462609550654363,-1.7063433765656202,0.08802833344453766,-0.0901205258854735,0.3677026296961522,-0.24509078425667988,0.8063997708854409,-1.249943393775008,0.32851277830483316,-3.804854715925729,0.00014418764098288382,-0.74475805254786,0.33668497100684397,-2.212032364618737,0.027025482944349245,-1.350230487834804,0.08696510950886634,-15.526117260821067,1.0386558656336658e-52,1.78783142257449,0.13214870888261476,13.528935981982142,9.73740835513129e-41,-0.15065835614613113,0.08527577295876486,-1.7667193262379697,0.07735792446283307,0.2596867661723658,0.127512625528984,2.0365572828185408,0.041765696766319256
5.13,0.11931874600941272,0.1174088923818919,3698,0.5259166499944481,0.21289567044055208,2.4703022325731254,0.013544797210495934,-0.4298518059601281,0.2450708454863008,-1.7539899742344358,0.07951525560987632,-0.08935004096736811,0.36837114274573257,-0.2425543985377861,0.8083640949573436,-1.2548597143609042,0.3291100410424757,-3.8128879641169897,0.00013959693338105726,-0.7723929944348873,0.3372970914502078,-2.289948576532297,0.022080496399705482,-1.3364132263275226,0.08712321909490031,-15.339346275437938,1.5748901456664894e-51,1.7829988398593426,0.1323889658980357,13.467881010813134,2.144714341289248e-40,-0.15890142386206593,0.0854308111946434,-1.8600013465871108,0.06296487066921987,0.24738877037789495,0.12774445377079674,1.9365910853692947,0.0528716251990136
5.184,0.11738840333731293,0.11547436355056828,3698,0.5234554710019709,0.21315840246673007,2.455711175090422,0.0141064133113052,-0.42405217173514953,0.24537328451504445,-1.7281920995321307,0.08403747098691428,-0.07968822260643875,0.3688257452114324,-0.21605927363003583,0.8289534904114053,-1.2680319132999927,0.32951619184742015,-3.8481626841789454,0.00012102091759486484,-0.7696949992741116,0.3377133457971247,-2.279137051742374,0.02271579731139203,-1.3364448025468385,0.08723073682803498,-15.32080148745597,2.0597388398464586e-51,1.760057806627538,0.13255234555334774,13.278209444578826,2.4424349533850583e-39,-0.1902500619634465,0.08553624034722669,-2.2242041641197163,0.02619501413933725,0.2533772110598681,0.12790210168868418,1.9810246095610875,0.047662659387622146
5.2379999999999995,0.11757763945667443,0.11566401004915305,3698,0.5110239778725351,0.21385307701342557,2.389603109804463,0.01691651114692026,-0.37473535545004044,0.24617294604946732,-1.5222442655203026,0.1280335970654165,-0.06941970180323692,0.37002773328414923,-0.18760675365359333,0.8511952493481476,-1.2590302809148979,0.3305900716877242,-3.8084334308266206,0.0001421252416035939,-0.7166929094589606,0.3388139398280884,-2.1152993581745934,0.03447129954663126,-1.3277515053776336,0.08751501824440273,-15.17169889252184,1.7640542650944752e-50,1.7717937219273332,0.13298432824553866,13.3233272318821,1.3732172238786657e-39,-0.18301815001824884,0.08581499946862009,-2.132705834079425,0.0330147052976522,0.2535961516012545,0.12831892942563372,1.9762957245386328,0.048195673529758225
5.292,0.117092938571982,0.11517825803757598,3698,0.529160442164783,0.21439251707925355,2.468185221078264,0.01362503632368031,-0.34276872451427576,0.24679391233191017,-1.3888864651300241,0.1649511169097567,-0.10918818344327351,0.37096112076488413,-0.29433861752988716,0.7685157268994913,-1.3136629299696134,0.3314239784639269,-3.9636930799579915,7.519671603399723e-05,-0.7340128733395185,0.3396685911455105,-2.160967756436081,0.03076199033075904,-1.3245809620777176,0.08773577310966815,-15.09738747525499,5.109569800275372e-50,1.7632934518778896,0.13331977852656668,13.226045462763182,4.7425695732599436e-39,-0.17789642429255764,0.08603146607087278,-2.0678064947307355,0.03872778353415362,0.27040608255950954,0.12864261133240373,2.1019946638116562,0.03562137038363245
5.346,0.11724033365375175,0.11532597276170253,3698,0.5479335371347304,0.21549350745960394,2.5426916272057296,0.011040750218320922,-0.3505903972072543,0.24806129669358556,-1.4133216341294728,0.15764554683779836,-0.10020950402790971,0.37286615285746955,-0.2687546275250557,0.7881335395153791,-1.3341407131526077,0.3331259716914767,-4.004913535796653,6.326235965132075e-05,-0.7593579595696764,0.3414129237204209,-2.2241629030760004,0.026197791637114467,-1.3341172877998828,0.08818633100936688,-15.128390902873338,3.2804084405245154e-50,1.7763779912154898,0.1340044283252998,13.256114095746735,3.236068408440124e-39,-0.18823805744788322,0.08647327167977124,-2.1768351513860655,0.029556073077515926,0.26814724436210624,0.1293032420274936,2.0737859326457597,0.038168423419470576
5.4,0.11614295681628362,0.11422621614253203,3698,0.5661177019822875,0.2169788117100471,2.609092093004921,0.009114935637050754,-0.37413773319515187,0.2497710767361165,-1.4979225700757535,0.13423892653093816,-0.18523402567463942,0.3754361592034352,-0.49338355172728005,0.6217709718299416,-1.3578999274308343,0.3354220660263796,-4.048332131267837,5.264283725936799e-05,-0.7423829366481336,0.34376613645864335,-2.1595580771739153,0.030871141442580845,-1.339033389430245,0.08879416153671468,-15.080196335618085,6.530567208421612e-50,1.746185555465257,0.1349280633309024,12.941603935890262,1.6963255615036353e-37,-0.19722847394807794,0.08706929482445817,-2.2651897473812492,0.023558789919551924,0.25521154200019236,0.1301944737738399,1.9602332925706116,0.05004369180759377
